,Temporada,rodada,game_id,data,partida,team_id,clube,possession,opponent_possession,place,Defesa,Transição defensiva,Transição ofensiva,Ataque,Criação de chances,PPDA,Intensidade defensiva,Duelos defensivos vencidos (%),Altura defensiva (m),Velocidade do passe adversário,Entradas do adversário no último terço (%),Entradas do adversário na área (%),xT adversário,Perdas de posse na linha baixa,Altura da perda de posse (m),Recuperações de posse em 5s (%),Tempo médio ação defensiva (s),Tempo médio para recuperação de posse,Entradas do adversário no último terço em 10s da recuperação da posse,Entradas do adversário na área em 10s da recuperação da posse,xG do adversário em 10s da recuperação da posse,Recuperações de posse,Altura da recuperação de posse (m),Posse mantida em 5s,Posse mantida em 5s (%),Entradas no último terço em 10s,Entradas na área em 10s,xG em 10s da recuperação da posse,xT em 10s da recuperação da posse,Field tilt (%),Bola longa (%),Velocidade do passe,Entradas no último terço (%),Entradas na área (%),xT (Ameaça esperada),Toques na área,"Finalizações (pEntrada na área, %)",Finalizações (exceto pênaltis),Grandes oportunidades,xG (exceto pênaltis),Gols (exceto pênaltis),xG (pFinalização),Bola em jogo (minutos),xG (Total),Diferença de gols,Gols sofridos,Gols marcados
0,2025,38,1890233,2025-12-07,Fluminense 2 x 0 Bahia,1221,Bahia,46.26,53.74,Fora,0.44891485717042573,-0.4641064290185918,0.054066469700359304,-0.5096274529774637,-0.563940927734883,0.41346129385630614,0.8362903527969409,0.680025264843482,0.21602017124641082,0.2697759545408228,0.11071496095160409,0.7342137549944117,-0.227127305899126,0.06692495005588038,-0.5687878466088683,-0.39184171077910424,0.7718139239232498,0.6148704440956445,-0.6803629570581372,-0.674199862463242,-1.614046614352011,0.1902693830425267,-0.17370724873480367,0.005328579991823546,0.15692318121491317,0.6803629570581372,-0.674199862463242,-0.25461057759191597,0.29634500930771407,0.26049539337409333,-0.07305308195887389,0.2989679662296803,-0.389725528312358,-0.8093906137866392,-1.099889063184951,-0.6338924003097546,0.6540977713303334,0.18336823698841392,-0.7440916048338273,-0.5250680816209252,-1.1990875469596172,-0.5542208132008273,-0.4294824494530175,-0.63676501319844,-0.7726674092862558,-0.09832102880166928,-1.212626021887255
1,2025,38,1890233,2025-12-07,Fluminense 2 x 0 Bahia,1232,Fluminense,53.74,46.26,Casa,0.38458848951649255,0.4553698180446526,0.24001338176736295,-0.25544778863814066,0.44068448571480323,0.3940843278816653,-0.6395161521388367,0.8704170409047822,0.4318341759081216,-0.2989679662296803,0.389725528312358,0.8093906137866392,0.7995797586153288,0.9592576174676188,0.8683847493058867,-0.5077094284128225,-0.13160442238677142,0.7148858939545818,-0.6803629570581372,0.674199862463242,0.25461057759191597,-0.48926412782364076,-0.36040243175493736,0.7513297788471625,0.5726242329112294,0.6803629570581372,0.674199862463242,1.614046614352011,0.18385425181421414,-0.26049539337409333,-0.420645014012305,-0.2697759545408228,-0.11071496095160409,-0.7342137549944117,0.08363295476754644,-0.45657984078255043,1.0335997327106217,-0.2241167340969502,1.381884408977108,0.5521587394800636,0.2116036847575795,1.2640552175004929,0.12508599316924307,0.4699425083855287,0.7726674092862558,1.212626021887255,0.09832102880166928
2,2025,38,1890234,2025-12-07,Botafogo RJ 4 x 2 Fortaleza,1227,Botafogo RJ,73.11,26.89,Casa,0.19241011559810164,0.7908299933202494,-0.16465462641427792,0.9436762882182599,0.8679987328389048,0.17661559448064398,-0.475537651590417,-0.19203706658015215,-0.14715337835775177,0.5774747278811845,0.05644517096152643,0.7831776301288234,1.0195750412112448,0.7807910839852711,0.78783796728324,-0.5360142565776308,-1.0551947700604734,-1.1305876657363652,0.9204910595492446,0.674199862463242,0.6134171710193902,-1.440611043036275,0.018179880458221415,0.7513297788471625,1.1312059019496474,-0.9204910595492446,0.0,1.2157773388418145,0.6036646847944683,1.3400158252669685,-0.7952931205395652,0.7257251012118779,0.9609195706738988,0.16981982658330802,1.3039499303488642,0.16401411756266393,-0.2946571321203871,0.387110722531096,0.8503904055243742,1.1024581260898498,1.622294916474776,1.2430610354586091,1.942838110653319,1.0353020578828578,0.7726674092862558,-0.09832102880166928,1.4092680794905936
3,2025,38,1890234,2025-12-07,Botafogo RJ 4 x 2 Fortaleza,2065,Fortaleza,26.89,73.11,Fora,-0.653802386566321,0.05376530643702937,-1.2461753847379657,-0.8596312768624571,-1.201219632121695,-0.6505096331277421,-0.8854839029614663,-1.4301502531692643,-0.8233607193294826,-0.7257251012118779,-0.9609195706738988,-0.16981982658330802,0.16822469042524507,-0.20077485016764116,-0.5046549836334859,-0.5174218694497665,-0.9718366512846198,-1.6479933561778917,0.9204910595492446,-0.0,-1.2157773388418145,-1.9842378517292092,-0.9101734444310738,-1.9129602170647622,-0.7203183894999057,-0.9204910595492446,-0.674199862463242,-0.6134171710193902,-1.0749898731902634,-1.3400158252669678,2.3543118531042926,-0.5774747278811845,-0.05644517096152643,-0.7831776301288234,-1.2588864810925107,-1.165830078891367,0.38302494177298446,-1.2428291618103606,-1.275585608286561,-1.491960227099723,-0.49374193110101877,-1.4754830276076014,-1.7265564180306379,-0.6568455131569539,-0.7726674092862558,-1.4092680794905936,0.09832102880166928
4,2025,38,1890235,2025-12-07,Corinthians 1 x 1 Juventude,1220,Juventude,44.27,55.73,Fora,0.7250776987810894,-0.3444733132211875,0.19654708402087953,-0.2557530756004833,-0.11282848439583622,0.19380099879668283,0.8362903527969409,-0.08671552896860248,1.1266587760838227,-1.1143961155915987,1.3351770976027375,0.1231929526998066,-1.1091039752632699,-0.20077485016764116,-0.49675544565897173,-1.1681554189250167,0.9937251871188274,0.4879881535392788,-0.6803629570581372,-0.0,-0.5033071678249572,0.8698028939086941,0.9104153893266111,0.5381865791742084,0.11177398165963191,0.1467449515223433,-0.674199862463242,-0.7171518135173605,-0.6116674473433377,-0.0350694629306952,0.5647763805977974,0.11118160543345973,-0.3416166828068246,-0.7235204949075864,0.07719433824317304,-0.5452361205461524,1.63160282337047,0.5908532080737781,-0.2125976013810935,0.04583848267683038,-0.49374193110101877,-0.11711559516514568,-0.7067666707641478,-0.050234324903634955,0.0,0.557152496542793,-0.557152496542793
5,2025,38,1890235,2025-12-07,Corinthians 1 x 1 Juventude,1237,Corinthians,55.73,44.27,Casa,0.4899502127410231,-0.712211488203289,0.16775654755878122,-0.40639880815256524,0.7410422936952056,0.6225890714356359,0.2623656008774718,0.07711797398269718,0.39311327338714086,-0.11118160543345973,0.3416166828068246,0.7235204949075864,-2.3592588906848717,-1.985440184991118,-1.3908606787629365,0.412197486943448,-0.27223228446317316,-0.2016342960887607,-0.1467449515223433,0.674199862463242,0.7171518135173605,0.3261760852157602,-0.038721355871611046,0.6447581790106854,-0.18946930453854408,0.6803629570581372,0.0,0.5033071678249572,-0.6060365800602844,0.0350694629306952,0.04755787231340244,1.1143961155915987,-1.3351770976027375,-0.1231929526998066,-0.202294645238412,-0.45657984078255043,1.1716004459398177,0.18336823698841392,1.9133784124298419,1.41552377232095,-0.49374193110101877,1.8690515446196252,0.10968131420751383,1.3569354396801931,0.0,0.557152496542793,-0.557152496542793
6,2025,38,1890236,2025-12-07,Santos FC 3 x 0 Cruzeiro,1230,Cruzeiro,48.34,51.66,Fora,-0.5920497802887821,-0.46767131985649435,-0.4629444041664945,-1.1957677060618108,-1.252463597089829,-0.06056369038709646,0.6723118522485211,0.7622398954154077,-1.1527877439814895,-0.43389225018969396,-0.3842255237579066,-1.3488117073735606,-0.5819744640997941,-0.46847465039116265,-0.7074929608896784,-0.5268527904566542,0.1978743869354725,0.4712078002602846,0.6536820567813476,-1.348399724926484,0.5170535444435591,0.8698028939086941,-1.108635937613121,-0.4209578193540844,-0.39431435726468933,-0.9204910595492446,-0.674199862463242,-0.84900135834269,-0.5231846399279694,-0.7742448330121784,-0.9896376429662376,-0.032400027465858156,-1.0754294650464131,-1.7325991113936294,-1.2007974147950224,-1.343142638418571,-1.2434120355711076,-1.0390866762676785,-1.275585608286561,-1.3713092088490157,-1.1990875469596172,-1.2833582798471135,-0.22614068715818836,-1.5061654052345612,-1.1590011139293837,-0.7537945541461315,-1.212626021887255
7,2025,38,1890236,2025-12-07,Santos FC 3 x 0 Cruzeiro,1241,Santos FC,51.66,48.34,Casa,1.3195875515504505,0.9554765347379639,0.6556246307812098,0.9037296775658628,1.0388594943613572,0.6001121880121717,1.7381721058132493,0.07711797398269718,1.2405580458128616,0.032400027465858156,1.0754294650464131,1.7325991113936294,1.2894453255515508,1.1377241509499665,1.0894910659894024,2.5193346947680673,0.6224662680687076,0.6942042803646272,0.9204910595492446,0.674199862463242,0.84900135834269,1.413429702601628,1.4859851384617448,1.1776161781930703,0.44454999552777735,-0.6536820567813476,1.348399724926484,-0.5170535444435591,-0.838000902714321,0.774244833012178,-0.4595283371754442,0.43389225018969396,0.3842255237579066,1.3488117073735606,1.107636646119806,1.5825145937802967,0.729998163606391,1.2020806647018243,0.8503904055243742,1.0696324790603433,0.9169493006161779,0.5200594948815593,0.0234151120218285,1.0015780642384313,1.1590011139293837,1.212626021887255,0.7537945541461315
8,2025,38,1890238,2025-12-07,Atletico MG 5 x 0 Vasco da Gama,1235,Atletico MG,62.54,37.46,Casa,0.7668304714794963,1.0943359048435746,0.655577301714051,1.5276138658767584,1.0723294059836757,-0.07284570168634664,-0.06559140021936766,-0.8649246679872781,1.2161819285890239,-1.9668696374903698,1.8536505388264943,0.22345333202368922,1.4299501513292425,0.6915578172440973,0.8832770121186783,-1.1681554189250167,-0.36841975673458827,1.0299345610102344,1.4541090650850386,1.348399724926484,0.84900135834269,1.1416162982551612,0.9604796906947758,0.5381865791742084,1.7371957600742578,2.014407970897622,-0.674199862463242,-0.41823916251476506,-0.047026866274218815,2.318954912028185,-1.103141872239434,1.3055500421934358,2.776437866520542,0.20034787999115716,0.8147148049671493,0.8732643556714803,-0.73740942039739,1.2020806647018243,1.381884408977108,0.937931829612906,1.622294916474776,0.39887965462585767,1.8843003305987471,0.8662731345004183,1.9316685232156394,1.212626021887255,2.064741604835056
9,2025,38,1890238,2025-12-07,Atletico MG 5 x 0 Vasco da Gama,1226,Vasco da Gama,37.46,62.54,Fora,-1.9701572908999077,-1.2815492963634643,-1.333651169537915,-1.5070998140558525,-1.6395731006974372,-4.050579761136807,-2.115322657074614,1.422893176796949,-1.9125093338865633,-1.3055500421934358,-2.776437866520542,-0.20034787999115716,0.6355503014933281,-1.985440184991118,-1.800548892028359,0.5337630950871762,-1.8144304553283515,-0.3411105641393646,-2.014407970897622,0.674199862463242,0.41823916251476506,-1.1687976386898082,-2.1948935992354253,-0.9538158185364694,-0.44435869713154286,-1.4541090650850386,-1.348399724926484,-0.84900135834269,-0.8818911707542639,-2.318954912028185,-0.14794620662588712,1.9668696374903698,-1.8536505388264943,-0.22345333202368922,-1.6323404733450404,-1.343142638418571,-2.5084185735054016,-2.465284075066453,-1.275585608286561,-1.707385210231371,-1.1990875469596172,-1.808102670353185,-0.4202396420759797,-1.851438871572481,-1.9316685232156394,-2.064741604835056,-1.212626021887255
10,2025,38,1890239,2025-12-07,Internacional 3 x 1 Red Bull Bragantino,1219,Internacional,47.8,52.2,Casa,0.7605058935734624,0.6958071814116278,0.2562289134535585,-0.13197797566054992,0.14761373334239686,0.5262645110237396,1.2462366041679902,-0.3415676446706249,0.07322934470710801,0.7237027711467655,0.5670085180492831,1.1476864783516636,0.9058639757565237,0.15615821679705422,0.23195257853327939,0.9060577700273433,1.8016637496181127,-0.061979126299435666,1.7209180678529354,0.674199862463242,0.84900135834269,1.0057095960819276,0.6216042617053035,-1.9129602170647622,-2.3302518426028587,0.6803629570581372,0.0,1.0948623660645869,1.1426568829407453,0.29030530517318176,1.403854833884818,-2.1274769816947754,-0.00760235997045637,-0.8575886805123014,0.04697383266737629,-0.10195472172814223,1.1716004459398177,0.18336823698841392,0.31889640207164033,0.08446359879537667,0.2116036847575795,0.20691876870989612,-1.0518314795068877,0.962720646121516,0.7726674092862558,0.557152496542793,0.7537945541461315
11,2025,38,1890239,2025-12-07,Internacional 3 x 1 Red Bull Bragantino,5438,Red Bull Bragantino,52.2,47.8,Fora,0.18526927686326855,-0.4908148023495432,-0.8018070598332948,-0.8383939913513765,-1.1580801740660398,0.5068652316382574,-0.5575269018646268,-0.19203706658015215,-0.5064985943853211,2.1274769816947754,0.00760235997045637,0.8575886805123014,-0.5667100760135239,-1.0931075175793796,-0.1897887347606561,0.29063187879972013,-2.3092091738497373,-3.011321792043668,-0.6803629570581372,-0.0,-1.0948623660645869,-2.1201445539024424,-0.44029825748796736,0.8579013786836395,0.28144596241477227,-1.7209180678529354,-0.674199862463242,-0.84900135834269,-0.7131829959768206,-0.29030530517318176,0.29677396274192913,-0.7237027711467655,-0.5670085180492831,-1.1476864783516636,-1.3485756638313775,-0.7225486800733566,-1.2434120355711076,-1.4465716473530426,-1.275585608286561,-1.5133407085397648,-0.49374193110101877,-1.442404811044401,-0.7930328729498324,-1.6520839118392783,-0.7726674092862558,-0.7537945541461315,-0.557152496542793
12,2025,38,1890240,2025-12-07,Vitoria 1 x 0 Sao Paulo,1238,Vitoria,36.45,63.55,Casa,0.9105072624948617,1.033383218563204,1.2629209742125351,0.37318090283853345,0.49066156906221486,0.33340077575749083,1.41021510471641,0.6154280551083984,1.5226813461589814,0.2656832460641633,1.0293544969654687,0.5539820550694561,1.1330036184796675,0.8700243507264449,0.9946177390506421,1.6683754377619713,-0.4104746018054541,-0.6872512136075748,0.9204910595492446,1.348399724926484,0.84900135834269,0.46208278738899367,1.9886046870178666,-0.20781461968113044,-0.6640270100207815,0.6803629570581372,2.0225995873897262,0.6844518070725142,2.631690446101618,0.6549297137057171,1.3974981789356733,-2.0584521886294507,0.27971139227798536,0.3942222191680879,0.16386028620234347,1.3165457544894905,-0.0988823107734133,1.6095656357871884,-0.2125976013810935,0.6072566654764389,-0.49374193110101877,-0.10941313858491027,-1.3630059945338224,0.5265483112948389,0.3863337046431279,1.212626021887255,-0.557152496542793
13,2025,38,1890240,2025-12-07,Vitoria 1 x 0 Sao Paulo,1224,Sao Paulo,63.55,36.45,Fora,-0.21707863393326868,-1.4091839731092346,-0.7443106324765184,-0.8133320557110247,-0.9637556796602187,0.5308833870679021,0.4263441014258915,-0.6765161395932835,-1.068966617239644,2.0584521886294507,-0.27971139227798536,-0.3942222191680879,-1.1034243706846192,-1.5392738512852489,-1.394499496703826,-1.1681554189250167,0.5843657107437555,0.5766990121293083,-0.6803629570581372,-2.0225995873897262,-0.6844518070725142,-0.08154402130394028,-1.1713674545945818,-0.5275294191905614,-1.24110328563639,-0.9204910595492446,-1.348399724926484,-0.84900135834269,-0.4165321152942988,-0.6549297137057171,-0.4566956920299967,-0.2656832460641633,-1.0293544969654687,-0.5539820550694561,-1.0150619571034571,-1.165830078891367,0.02159450236318641,-1.0390866762676785,-0.7440916048338273,-1.043803957079412,-1.1990875469596172,-0.5676692808575096,0.4947982882507501,-1.1696972460763773,-0.3863337046431279,0.557152496542793,-1.212626021887255
14,2025,38,1890241,2025-12-07,Ceara 1 x 3 Palmeiras,7334,Ceara,42.3,57.7,Casa,-0.2805816799300237,-0.13477731543707572,0.501274814481059,0.9497920429118497,0.38498674080268996,-0.04302411635623759,0.2623656008774718,1.132205732989071,-0.2566230247358984,0.39036193170507455,-0.5631705415236157,-0.35553215148105693,-0.1925930814927859,1.2269574176911404,1.2037048677763171,-1.1681554189250167,0.9272707266683287,0.46662733312071586,-0.9471719598260342,-2.0225995873897262,-0.6941428226973596,-0.08154402130394028,0.46493359200684337,0.005328579991823546,-0.32398112582035726,1.747598968129725,0.674199862463242,-0.84900135834269,0.1971319055986608,0.1765865182906026,-0.20984854808859874,-0.5544188884281003,0.4450444816247533,1.3073078165820187,1.8702293551500242,1.1392331949622865,0.02159450236318641,0.9983381791591422,-0.2125976013810935,0.5569323554978727,-0.49374193110101877,0.16476305350770945,-0.45721087158413026,0.47484676499015305,-0.7726674092862558,-0.7537945541461315,-0.557152496542793
15,2025,38,1890241,2025-12-07,Ceara 1 x 3 Palmeiras,1234,Palmeiras,57.7,42.3,Fora,-0.4807138021446033,-0.5018338023061995,0.7828023028637693,0.3992931989414905,0.24007360697634683,0.5284815715249376,0.5903226019743113,0.22784479669789431,-0.781365018618537,0.5544188884281003,-0.4450444816247533,-1.3073078165820187,-1.4527861659110801,0.06692495005588038,0.3475386713122888,0.8741467978896149,0.7812185902560104,0.5124828329259501,-1.747598968129725,-0.674199862463242,0.84900135834269,-0.21745072347717379,-0.7037361335664556,0.7513297788471625,0.37032708790812596,0.9471719598260342,2.0225995873897262,0.6941428226973596,1.8968993481633225,-0.17658651829060307,0.40336775008296666,-0.39036193170507455,0.5631705415236157,0.35553215148105693,0.8550566210518926,0.16401411756266393,-0.12722979621731895,0.18336823698841392,-0.2125976013810935,0.1758908330629876,0.9169493006161779,0.3210865619543338,0.7813253169389182,0.08337719641453012,0.7726674092862558,0.557152496542793,0.7537945541461315
16,2025,38,1890242,2025-12-07,Sport Recife 0 x 4 Gremio,1231,Sport Recife,44.37,55.63,Casa,-0.7544313666964194,0.7052135610747877,-0.12521747479735304,-0.19804650773998256,-0.927591259633243,-0.4778791409771716,-1.705376405703565,2.149611786316645,-0.2557141550392285,-1.24628669173498,-0.7829275808850119,-0.6478571073386241,0.23714205711395406,0.8700243507264449,0.6229479743281164,-0.46577634965014353,-0.09450352190278341,0.46895046725016915,0.6536820567813476,0.674199862463242,0.3947465025959555,-0.08154402130394028,-0.46741918460722043,0.43161497933773146,0.8393337411810924,-0.12006405124555368,0.0,-0.6525737273793586,-0.5138925709651354,-0.4091437341914437,-1.7705049703453448,0.21410063663824308,0.4362301399049208,-0.4382970020034373,-0.38097543466997014,-0.6338924003097546,-0.20840668635213982,-0.42785921963963225,-1.275585608286561,-1.0687924485633238,-1.1990875469596172,-1.0110362276628528,0.4855554808737123,-1.1953696030364622,-1.5453348185725115,-1.4092680794905936,-1.212626021887255
17,2025,38,1890242,2025-12-07,Sport Recife 0 x 4 Gremio,1244,Gremio,55.63,44.37,Fora,0.06867946981199004,0.6049410511881007,-0.22326455449617696,0.5805249840225847,0.5927241205424595,0.4812975177937969,0.016397850054842206,-1.5094801598614729,0.012750216019624103,-0.21410063663824308,-0.4362301399049208,0.4382970020034373,0.79511989537461,1.1377241509499665,1.1619760025568826,-0.39184171077910424,1.2847957238920116,1.1047858672347912,0.12006405124555368,-0.0,0.6525737273793586,1.2775230004283946,-0.31683775132966263,-0.20781461968113044,0.7700189524473994,-0.6536820567813476,-0.674199862463242,-0.3947465025959555,-0.7645760371500735,0.4091437341914432,-1.1006672160779545,1.24628669173498,0.7829275808850119,0.6478571073386241,0.4821715136752597,0.7846080759078783,-1.0201755877003498,-0.020374248554268136,0.31889640207164033,0.31805488566528495,1.622294916474776,0.6944832528693292,1.588530494533542,0.22943188353512822,1.5453348185725115,1.212626021887255,1.4092680794905936
18,2025,38,1890237,2025-12-06,Mirassol 3 x 3 Flamengo,6332,Mirassol,60.82,39.18,Casa,-0.3318117018632458,-0.0062613999942051635,0.29086694279266323,1.1995050077498064,1.1295075590354442,0.44136117137559033,-1.131451653784096,-1.8069673099572545,1.9088449256601234,0.6868943841176154,0.8726996054902577,-2.520407253146241,-0.11084023753576981,0.24539148353822807,0.6910895873979848,1.2237300602272543,-0.10981196725225717,0.7303462903704387,0.3868730540134507,-1.348399724926484,-2.7233629874398715,0.0543626808692932,1.4374797154822088,1.6039025775389784,1.5580950158259155,0.4135539542902403,-0.674199862463242,-0.7171518135173605,-1.0898974089614992,1.202693407146039,-0.3531846569400186,0.26967105496046284,1.0107573278147877,1.1827961442073922,1.4017731518310068,2.114452272361909,-0.40007434361491134,0.7945956936164601,0.8503904055243742,1.141172554255191,0.9169493006161779,0.895721679569194,0.676573499999158,1.0750759922160322,0.0,-0.7537945541461315,0.7537945541461315
19,2025,38,1890237,2025-12-06,Mirassol 3 x 3 Flamengo,1239,Flamengo,39.18,60.82,Fora,-0.9716946572580917,-0.5762394297619002,0.03834594311376305,0.09416048468656146,0.6729711130436831,-0.3938155969734154,-0.7215054024130466,-0.9145058596699085,-1.23689361799932,-0.26967105496046284,-1.0107573278147877,-1.1827961442073922,-0.7096362477658597,-0.7361744506146842,-1.829429176605918,-0.41815742969930464,-0.4274766621562615,-0.7911049221629557,-0.4135539542902403,0.674199862463242,0.7171518135173605,0.0543626808692932,-0.0014895559267286917,-1.9129602170647622,-1.6656698005997017,-0.3868730540134507,1.348399724926484,2.7233629874398715,1.1286360798917427,-1.2026934071460391,1.4120055273387717,-0.6868943841176154,-0.8726996054902577,2.520407253146241,-0.0683723017636981,0.42998295685347004,1.063364592426723,0.387110722531096,0.8503904055243742,0.714345519989435,0.9169493006161779,0.790723580626939,-0.9378368551900896,0.6365678897585592,0.0,-0.7537945541461315,0.7537945541461315
20,2025,37,1890198,2025-12-04,Atletico MG 0 x 3 Palmeiras,1234,Palmeiras,34.31,65.69,Fora,-0.7102791935984891,-0.8120955985891227,-0.549166542465981,-0.41456268965023124,0.7362857987444517,-0.14626628176839773,-0.06466792260266031,-0.6044899631668363,-0.7267001191673469,-0.636777520574343,-1.1070243145471383,-0.8438466314307569,0.9060375578364801,-0.8519274425148337,-1.3372711394523298,-0.1687753597496466,0.07087414338850644,-0.7155374516298523,-1.799318730164366,0.7401349177750387,0.7601557319980798,-0.8574029741841693,-0.3761821440291954,-2.0535969447386795,-2.1665474170886694,-0.41522739926869984,0.03895446935658103,2.1592338620073717,0.3684557380682773,-1.1384431650005815,1.2713611173122457,-1.4978724823359397,-0.9219883709305124,1.4444879154048513,-1.0423071380746822,-0.18669026331215655,1.5849677661568713,-0.1381447409988844,1.3390777426632823,0.9002133609937775,1.4316582658130823,1.2433816099129074,-1.4466180828523194,0.6741680135324727,1.2909944487358056,1.1281521496355322,1.2893167424406085
21,2025,37,1890198,2025-12-04,Atletico MG 0 x 3 Palmeiras,1235,Atletico MG,65.69,34.31,Casa,0.1836416435382624,0.5549036790527409,0.4015886518511378,0.9027144609282248,0.930887110197701,0.7720447394493372,0.5820113034239387,-0.1368869629769903,1.1988802587309524,1.4978724823359397,0.9219883709305131,-1.4444879154048513,-0.07511775192659366,0.8425138796141171,1.0008279066847279,3.246764496496945,0.8267482968056645,1.8818043650278269,0.41522739926869984,-0.03895446935658102,-2.1592338620073717,1.064362312780349,0.8495353541569819,0.15026319107843997,0.020105435270562032,1.799318730164366,-0.7401349177750388,-0.7601557319980798,-0.7138127592982709,1.1384431650005815,-1.052611372789012,0.636777520574343,1.107024314547139,0.8438466314307569,0.5215437327344224,1.549963348893952,0.5956141665923209,2.762894819977688,0.7925153987190855,1.5438184320772077,-1.0947974973864747,-0.45667910090810787,0.27049080936549397,1.2414538139428906,-1.2909944487358056,-1.2893167424406085,-1.1281521496355322
22,2025,37,1890223,2025-12-04,Flamengo 1 x 0 Ceara,7334,Ceara,30.68,69.32,Fora,-2.125501875839996,-1.4766153189799787,-1.5833226358535466,-1.552722744111917,-1.470261702504395,-4.026305596608216,-1.7172926113373022,0.5782705667251284,-2.0350114079391575,-2.28588790586365,-2.0424673427364173,-1.5853790807814903,0.8212164234430933,-1.0401987005291615,-0.9161740692483008,-0.7386283949589393,-3.211479939408464,-2.2206897880387544,-2.3529552625226327,-1.5971332436198202,0.8145679913388391,-1.5965434691705225,-2.509375839246164,-0.6511404946732399,0.47041115643723863,-1.799318730164366,-1.5192243049066587,-0.8758339024620734,-1.4243329769603286,-1.515844871754199,1.6299864659506185,-0.38029348985079436,-1.224422684234742,-2.3012737571947723,-1.1693496632639533,-1.489180472466738,-0.8334521438898074,-1.6577368919866131,-1.3937339770577017,-1.6016843654196125,-1.0947974973864747,-1.5408888612237162,-0.818857842686667,-1.531052420613924,-0.4303314829119352,0.322329185610152,-1.1281521496355322
23,2025,37,1890223,2025-12-04,Flamengo 1 x 0 Ceara,1239,Flamengo,69.32,30.68,Casa,1.206811229011592,1.6564368266085792,1.0355835422822997,1.5587995590742645,0.6505056847913693,0.3133899436830094,-0.13652116993894908,0.025757558828173908,0.9413984506264717,0.38029348985079436,1.2244226842347428,2.3012737571947723,1.4260521771486283,1.5955989116714284,1.711605359691864,-0.044654508387019204,1.013561141576985,1.0340038189817355,1.799318730164366,1.5192243049066583,0.8758339024620734,-0.1182624791978161,1.4859049716144066,0.6511404946732399,1.6975544479160565,2.3529552625226327,1.5971332436198205,-0.8145679913388391,0.24462976046151405,1.5158448717541995,-1.3759376867503108,2.28588790586365,2.042467342736418,1.5853790807814903,1.0915069410249505,1.2894653070630357,-0.11483594204736537,0.2762894819977688,1.3390777426632823,0.6833542684064493,-0.2526455763199557,0.40313220811012584,2.3357692465491318,0.48302426802470594,0.4303314829119352,1.1281521496355322,-0.322329185610152
24,2025,37,1890228,2025-12-04,Cruzeiro 2 x 2 Botafogo RJ,1230,Cruzeiro,43.05,56.95,Casa,-0.33297891924816525,0.16651637039101216,-0.13344684872751267,0.22611342982492372,0.09798420553396733,0.24804665673158377,-0.4239341592841042,-0.7100777374032532,-0.47317263244228575,0.02759560999709022,-0.08142647119676123,-0.7400320885216535,1.1001367533153692,0.1835644765639696,-0.17059019109117307,-0.6085689532797263,1.2847268240925223,0.18921428151826222,0.6920456654478331,-0.03895446935658102,-1.2723017101363732,-0.7095748751868987,0.5683661469335153,-0.9516668768301199,-0.5020319642526605,-0.6920456654478331,0.8180438564882009,-0.5964877941440224,0.1661963216780593,-0.06696724500003413,0.1592866847468632,0.13705564708578902,0.21792512136247627,0.019921687707717958,0.7335741552295347,-0.09985758270185112,0.5485020904225808,-0.4144342229966533,-0.3006092891693081,0.1822549716789773,0.5895063447465633,0.8018088358668601,-0.6104836453207575,0.04134577852708025,0.0,-0.4834937784152282,0.4834937784152282
25,2025,37,1890228,2025-12-04,Cruzeiro 2 x 2 Botafogo RJ,1227,Botafogo RJ,56.95,43.05,Fora,-0.1657227796960119,-0.10886286942341697,-0.1375294064066355,-0.07051189527309801,0.34919527966286984,0.20598660995825238,-0.9269068906381256,-0.1368869629769903,0.013154753367719327,-0.13705564708578902,-0.21792512136247552,-0.019921687707717958,-0.2734815319808911,-0.4753849264861779,0.1659316398328776,0.9335644266309424,-1.7829133801128196,-1.699736575986344,0.6920456654478331,-0.8180438564882007,0.5964877941440224,-0.5617467761896281,-0.20610924332859892,1.0518423375490797,1.433828526048889,-0.6920456654478331,0.03895446935658103,1.2723017101363732,-0.45607156037941377,0.06696724500003413,0.9064080264136557,-0.02759560999709022,0.08142647119676198,0.7400320885216535,-1.1704733858108416,0.07380777851875973,-1.4939449764655808,-0.8288684459933066,0.7925153987190855,0.29520948798637325,-0.2526455763199557,2.1925058516363576,0.2652155132296485,0.9362209395047774,0.0,-0.4834937784152282,0.4834937784152282
26,2025,37,1890197,2025-12-03,Red Bull Bragantino 4 x 0 Vitoria,1238,Vitoria,40.93,59.07,Fora,-0.5011127850776887,-1.3044694693774135,-0.6559778224311802,-1.2870965313711185,-1.197439671489998,-0.3466700340413295,-0.7832003959655481,-0.8967418382854908,-1.0093087232539704,-1.1191917220185879,-0.6010627118276192,-0.11856694809318866,-0.8912811900583195,-1.4167412165578173,-0.9583212195259168,0.15153942454445987,-0.2011877262241903,-0.4394386732943587,-1.2456821978060995,-1.5971332436198202,-1.4155161752126746,-1.00523107318144,-0.9625090694170828,0.15026319107843997,-0.3183139680635187,-0.41522739926869984,-0.7401349177750388,-0.8758339024620734,-0.9630276660232598,-0.9640870045950871,0.5120378414392468,0.6797082796528091,-0.765806529831811,-2.084344296470516,-1.3341482945870602,-1.4023477918564324,-0.384317017738281,-0.8288684459933066,-1.3937339770577017,-1.2842525371146147,-1.0947974973864747,-1.1607304351877803,-0.8742484521130484,-1.2512619452334093,-1.7213259316477407,-2.095139706465989,-1.1281521496355322
27,2025,37,1890197,2025-12-03,Red Bull Bragantino 4 x 0 Vitoria,5438,Red Bull Bragantino,59.07,40.93,Casa,1.1881644042104602,0.6074479469919272,0.9946560751627067,0.6081829116085753,1.2278224967541898,0.6330816437374481,0.5101580560876499,0.003393937079963985,1.3551539725731168,-0.6797082796528091,0.7658065298318117,2.084344296470516,1.2945943677375487,0.5601069925926253,0.714322478331345,0.7907742988614358,0.03052545889974283,0.6754161754897613,0.41522739926869984,0.7401349177750387,0.8758339024620734,0.32522181779399584,1.8347375148418328,-0.05008773035947999,-0.4760271402335404,1.2456821978060995,1.5971332436198205,1.4155161752126746,1.0152494072739717,0.964087004595087,-0.16418456884897603,1.1191917220185879,0.6010627118276199,0.11856694809318866,0.7490149819184055,1.0289672652321193,0.28938567148900807,0.967013186992191,0.7925153987190855,1.7461949042003837,2.2738101868796012,0.6212005771472545,0.21246255187119048,1.4198323012027438,1.7213259316477407,1.1281521496355322,2.095139706465989
28,2025,37,1890226,2025-12-03,Sao Paulo 3 x 0 Internacional,1224,Sao Paulo,57.51,42.49,Casa,0.4396919266222235,-0.8002121940489707,0.28465833581660344,-0.2931621545472262,0.6552953006815967,0.5510450199999907,1.5879567661319816,1.3675748637207772,-0.9898965925796794,1.2271137703725168,-0.06076225165947913,1.0156885877103161,-0.9024124340123505,-1.4167412165578173,-0.49947089247538495,-1.208287489911653,1.1368055815398075,0.8143384113034247,-1.2456821978060995,-0.03895446935658102,0.7004100873121125,1.6556747087694317,-0.7110854934948467,0.5509650339542799,-0.581149224128665,-0.41522739926869984,0.03895446935658103,0.10380467039709239,0.5886686955828746,-0.3996167844491838,0.4844203167271842,-0.45968239227827673,-0.4053609109731638,-0.7243121549011245,0.3566412321345671,-0.5340209857533782,1.4122234868678225,-0.1381447409988844,1.3390777426632823,0.8442000490370972,1.4316582658130823,1.1740129962914265,-0.2860529329662396,0.6247968107023062,1.2909944487358056,1.1281521496355322,1.2893167424406085
29,2025,37,1890226,2025-12-03,Sao Paulo 3 x 0 Internacional,1219,Internacional,42.49,57.51,Fora,0.8039494693274296,0.5218033617328423,0.978170793389646,-0.06235557937932418,-0.5656404565455353,0.45091386509088466,2.3064892394948693,-1.0720929633566836,0.7304535171528175,0.45968239227827673,0.4053609109731645,0.7243121549011245,-1.159364448869759,0.7483782506069532,0.9625622664122973,-0.3515467232946148,0.789094368088674,0.253766402817834,0.41522739926869984,-0.03895446935658102,-0.10380467039709239,0.7687061147858077,1.2641331702319392,0.35061411251635993,-0.5119079808302865,1.2456821978060995,0.03895446935658103,-0.7004100873121125,2.200934695641089,0.39961678444918414,0.3053386352571907,-1.2271137703725168,0.06076225165947987,-1.0156885877103161,0.3058872340843555,0.334305820349676,-2.1166953614655957,0.2762894819977688,-0.847171633113505,-0.9855495400907368,-1.0947974973864747,-1.2503253635841638,-1.079985001411035,-0.9879794194036593,-1.2909944487358056,-1.2893167424406085,-1.1281521496355322
30,2025,37,1890229,2025-12-03,Gremio 1 x 2 Fluminense,1244,Gremio,54.38,45.62,Casa,0.8215951498503441,1.1636750141670575,0.2528643499200568,0.3977609261565552,-0.30678708036411195,0.3770101824998131,1.5879567661319816,2.2323015713182324,0.976676867541799,0.12848627835029025,0.8618262699483833,0.5694269779200555,-1.5011819437437535,1.030785137628445,1.1358266825061605,0.5839748034711163,-0.26623542027646857,1.058644572772881,0.9688639316269663,1.5192243049066583,0.8758339024620734,2.0991590057612437,0.4858961234504809,1.6528951018628397,0.874057329144557,0.13840913308956662,-1.5192243049066587,-0.7691624701532702,-1.3399489597371315,1.0379922975005305,-0.532213883812137,0.5897606585839543,0.6074439069498703,-0.034869321049863844,-0.019523178774316197,0.5079711815702869,-0.9516455981402088,0.4144342229966533,-0.847171633113505,-0.7186244498212606,-0.2526455763199557,-1.041979168011661,0.9035263456669921,-0.7527065474416017,-0.4303314829119352,-0.4834937784152282,-0.322329185610152
31,2025,37,1890229,2025-12-03,Gremio 1 x 2 Fluminense,1232,Fluminense,45.62,54.38,Fora,-0.14028957444891615,-0.0911912120849383,-0.43833680131244845,-0.6625413183417967,-0.15802807127275384,0.17055559229593525,0.9412775401053826,1.94470058625523,-0.8757121224931763,-0.5897606585839543,-0.6074439069498695,0.034869321049863844,1.1087745432906468,-0.8519274425148337,-0.8936525776420111,1.0847539736810077,-0.1890713637603458,0.6460906910578639,-0.13840913308956662,1.5192243049066583,0.7691624701532702,1.507846609772161,-1.020197997950398,0.7513159553921999,0.45241096785049645,-0.9688639316269663,-1.5192243049066587,-0.8758339024620734,-1.3808971385550286,-1.0379922975005305,0.10714643466609768,-0.12848627835029025,-0.8618262699483826,-0.5694269779200555,-0.1809197279982186,-0.36035562453276737,-0.1918305351019129,-0.967013186992191,-0.3006092891693081,-0.5171865023107168,0.5895063447465633,0.8596652169408915,0.2230131441428821,-0.5751552936980815,0.4303314829119352,0.322329185610152,0.4834937784152282
32,2025,37,1890230,2025-12-03,Bahia 2 x 0 Sport Recife,1231,Sport Recife,43.03,56.97,Fora,-1.1927581796873605,-0.8988557029540939,-0.45164306722472425,-0.6033190774304146,-1.1146927203979016,-0.86278922144265,-0.9269068906381256,0.1748483704829071,-0.8379025631805089,-1.2687906177971395,-1.6034468181772947,-1.2045921473311139,0.26562533595079024,-1.1343343295363253,-1.0023643717497968,-1.208287489911653,-0.19032110177548406,0.33502703202579304,0.13840913308956662,-1.5971332436198202,-0.24313686832280082,0.02956561979945455,-0.9302714163729828,-0.45078957323531993,-0.304432094311609,-0.6920456654478331,0.03895446935658103,-0.7583790327964552,-0.7052718374482453,-1.13540731656058,-0.9921351565097334,-1.9124961273298833,-0.7176434134942692,-0.2931697909070365,-0.26705578875977265,-0.7945190275842945,-1.0580197069655701,-0.8288684459933066,-1.3937339770577017,-1.3321254888577478,-1.0947974973864747,-1.2623658758576446,0.26785316129757125,-1.2934580791170283,-0.8606629658238704,-0.4834937784152282,-1.1281521496355322
33,2025,37,1890230,2025-12-03,Bahia 2 x 0 Sport Recife,1221,Bahia,56.97,43.03,Casa,0.3032739713171236,0.5375667819628072,0.7103737325942894,1.3996854482712673,1.488369311168685,0.19786137364976802,-0.6394939012929706,-0.09947872296180234,0.4418576026186902,1.9124961273298833,0.7176434134942699,0.2931697909070365,-0.7993505847170376,0.936649508621281,0.5605264231386957,-0.5795503144104396,-0.654342680543955,-0.7761441944081622,0.6920456654478331,-0.03895446935658102,0.7583790327964552,0.9165342137830784,0.20556940869116566,0.7513159553921999,1.0499706949528136,-0.13840913308956662,1.5971332436198205,0.24313686832280082,0.9300987071690386,1.1354073165605796,-1.8951377233634634,1.2687906177971395,1.6034468181772954,1.2045921473311139,1.65529551101608,2.5051228356073114,1.3145854159653176,1.7958816329854974,1.885640086607479,1.7662196057621642,0.5895063447465633,0.05461420858847718,1.4310559592515744,2.2327973488073214,0.8606629658238704,1.1281521496355322,0.4834937784152282
34,2025,37,1890231,2025-12-03,Fortaleza 2 x 1 Corinthians,1237,Corinthians,72.77,27.23,Fora,0.5381483213639703,0.9717098960449703,0.018814428226317015,1.276707176803078,0.3275619380184154,0.6519602580819998,-1.1424666326469919,-0.6824237965318107,1.011072364338461,1.2593539384890988,1.1351132225878562,0.42735185317050284,-1.3936963836849738,1.5955989116714284,1.361331210238067,-0.182453150935989,0.34899151681153806,0.1698589666426498,0.9688639316269663,-0.03895446935658102,-1.2195797909789183,-0.4139186771923574,0.02863171514015354,0.9516668768301199,0.6543261267800466,0.13840913308956662,0.03895446935658103,-0.14472002994656089,-0.6308569478661615,1.2630275113591363,-0.7395519120753374,0.11666433165835341,1.3883983099927772,0.34114541252025793,2.114257473340141,0.5079711815702869,0.6262370161026531,0.967013186992191,0.24595305477488866,0.5785941996436982,-0.2526455763199557,-0.246395063701851,1.58140189912318,0.3906867428416205,-0.4303314829119352,-0.4834937784152282,-0.322329185610152
35,2025,37,1890231,2025-12-03,Fortaleza 2 x 1 Corinthians,2065,Fortaleza,27.23,72.77,Casa,-0.623503252501418,-0.05917745051968716,-0.5832643185876909,-0.9875437400829359,-0.17358934660703237,-0.25982840805639235,0.07903857206991725,0.2675264425926066,-0.6040111821198318,-0.11666433165835341,-1.3883983099927766,-0.34114541252025793,-0.2996799036779668,0.6542426215997892,-0.7135888212323902,0.009890787621948113,0.47114179704965253,0.6339086821455359,-0.13840913308956662,-0.03895446935658102,0.14472002994656089,-0.4139186771923574,-0.6208328353798371,-2.5544742483334795,-2.302288700402653,-0.9688639316269663,0.03895446935658103,1.2195797909789183,1.019549311649914,-1.2630275113591358,2.179309420610985,-1.2593539384890988,-1.1351132225878555,-0.42735185317050284,-1.1246823732142492,-0.7945190275842945,1.4122234868678225,-0.4144342229966533,-0.3006092891693081,-0.19472713945003386,0.5895063447465633,0.2415693036068923,-1.488820451939086,-0.29093345335067494,0.4303314829119352,0.322329185610152,0.4834937784152282
36,2025,37,1890232,2025-12-03,Juventude 0 x 3 Santos FC,1241,Santos FC,46.18,53.82,Fora,-0.14683035724783663,0.42036673277055875,-0.04231652389197597,-0.09813072208564974,0.04881377702363429,0.479781337511573,-0.8550536433018369,-0.5109693631288676,0.23822232960856893,0.2914356858222591,0.3517632835664356,-0.7802867072006933,-0.20071527321772603,-0.09884241045752219,-0.4309606288147341,-0.07838300060512443,0.08672309367140217,-0.9791649918918924,0.6920456654478331,1.5192243049066583,0.6454387867440554,-1.3008872711759814,0.18196948073034305,-0.8514914161111599,0.1650701647584443,0.13840913308956662,0.8180438564882009,0.35537661150682587,0.7600570736271746,-0.37948105500019363,-0.61952027453279,0.9489375795985638,-0.4309120692482454,0.28484524653558707,0.13302498937025298,-0.5340209857533782,-0.384317017738281,-0.5525789639955376,0.24595305477488866,-0.029301081753173,0.5895063447465633,0.7508581415927321,-0.9639284864224271,0.6501911262429803,1.2909944487358056,1.1281521496355322,1.2893167424406085
37,2025,37,1890232,2025-12-03,Juventude 0 x 3 Santos FC,1220,Juventude,53.82,46.18,Casa,0.09717880476999805,-0.22555400658402086,-0.544417544319132,-0.02745987992588758,-0.604316075220648,0.11771585390106355,-0.28022766461152665,0.1748483704829071,0.5627024953819657,-0.9489375795985638,0.4309120692482461,-0.28484524653558707,-1.2783794483595696,-0.09884241045752219,0.15307937369920607,-0.7148481876195614,0.4593503987097017,-0.6457560453785655,-0.13840913308956662,-0.8180438564882007,-0.35537661150682587,-0.4139186771923574,0.07646763104247557,0.45078957323531993,0.8271986943567154,-0.6920456654478331,-1.5192243049066587,-0.6454387867440554,-1.1685738226457383,0.37948105500019397,0.6200196503786217,-0.2914356858222591,-0.3517632835664349,0.7802867072006933,-0.9178439983380027,-0.09985758270185112,0.28938567148900807,-0.1381447409988844,-0.847171633113505,-0.7469425466680281,-1.0947974973864747,-0.7965070833551989,-0.5735565723698366,-0.7776666587856216,-1.2909944487358056,-1.2893167424406085,-1.1281521496355322
38,2025,37,1890224,2025-12-02,Vasco da Gama 0 x 2 Mirassol,1226,Vasco da Gama,51.77,48.23,Casa,0.8540378529435886,0.21521900201190097,0.24378776346736974,0.7264431897188435,-0.5698113697211324,0.4991936667915721,0.36645156141507235,0.35532672143337474,1.4610147468640806,0.040509178265471936,1.6640557115674814,0.14866603154638044,1.610566792682218,0.7483782506069532,1.068950747018418,0.2910088516681638,-0.17160927094607856,-0.99152864903307,-0.13840913308956662,-0.8180438564882007,-1.8448123662086784,-0.7095748751868987,0.9513365269089095,0.15026319107843997,0.11020410758677808,0.6920456654478331,0.03895446935658103,-0.7969384229511197,0.3397016031993534,1.098497790790035,-0.4421036997074267,-0.5579353097415952,0.7689352179330626,0.23599890534325274,0.8023408448090237,-0.18669026331215655,-0.8334521438898074,0.1381447409988844,-0.847171633113505,-0.6732060054583805,-1.0947974973864747,-0.8735346130550584,0.4551261741200978,-0.7126738632360223,-0.8606629658238704,-0.4834937784152282,-1.1281521496355322
39,2025,37,1890224,2025-12-02,Vasco da Gama 0 x 2 Mirassol,6332,Mirassol,48.23,51.77,Fora,-0.4975158556091056,-1.0386117891727489,0.19892383851040754,-1.0370007701861348,-0.3521544084533694,-0.026727201465245386,-0.06466792260266031,-2.2745006781305745,-1.3788720156286787,0.5579353097415952,-0.7689352179330619,-0.23599890534325274,0.24165694284416164,-1.510876845564981,-1.9125701763216012,-1.208287489911653,0.1486182624135942,0.7759229698774331,-0.6920456654478331,-0.03895446935658102,0.7969384229511197,-0.26609057819508675,-0.595984004523066,-0.05008773035947999,-0.5924391617909712,0.13840913308956662,0.8180438564882009,1.8448123662086784,1.1492523545623106,-1.0984977907900348,-0.3619183151135212,-0.040509178265471936,-1.6640557115674808,-0.14866603154638044,-1.2367835468406427,-1.315515111246127,0.28938567148900807,-0.690723704994422,-0.3006092891693081,-0.4564596228418172,0.5895063447465633,0.2866566151912602,0.1966366634636528,-0.5216294624488804,0.8606629658238704,1.1281521496355322,0.4834937784152282
40,2025,36,1890211,2025-11-30,Fortaleza 1 x 0 Atletico MG,1235,Atletico MG,66.34,33.66,Fora,-0.2144874087878645,0.04402304721202571,-0.5891674185401293,0.2093142071088072,-0.8650482215775197,0.323841219433435,-0.3417430630867044,-1.747320421555208,-0.5295637337061766,0.30547580880073194,-0.09121305693515323,-0.3804269379757524,-0.8064474455135967,0.9299999735262162,1.1561619721551848,1.5734958466582938,-0.1664565321189105,-0.15046266313957116,-1.255416086125321,-0.6546536707079771,-2.1880904645146853,-0.3028912664076913,-1.2434103185894176,1.388661820995457,1.0910265980115856,-0.559643315501649,-1.5275252316519468,-0.9006729775222699,-1.2901962000855283,0.7268627446867106,-1.2113043590983952,1.7026626404735212,1.3927991757671234,-0.39976503321686696,-0.8826400588017381,0.2967848999684245,-0.36299113418764123,-1.1322822019878194,-1.1581938954837583,-1.2507622529550757,-0.9169493006161776,-1.0648431510326868,1.7411776138224277,-1.160408578852199,-0.3834824944236852,0.3764734830828952,-1.0039292882210538
41,2025,36,1890211,2025-11-30,Fortaleza 1 x 0 Atletico MG,2065,Fortaleza,33.66,66.34,Casa,-0.24011538447531874,0.5638758766141784,0.4302588900404629,-0.027374785045002327,0.010753626327365734,-1.3595832178565161,2.3067656758352544,0.8052528574826101,-0.5137210208055517,-1.7026626404735212,-1.3927991757671234,0.399765033216867,0.973199288650863,-0.14050359312266586,0.3088385524257836,-0.18185132825709552,1.0079835475769596,0.7116680576421839,0.559643315501649,1.5275252316519468,0.9006729775222699,1.2115650656307653,-0.7482253378837116,-1.0968807379847396,-1.1749793320094044,1.255416086125321,0.6546536707079771,2.1880904645146853,1.3050245936471654,-0.7268627446867106,0.7687619865511093,-0.30547580880073194,0.09121305693515323,0.38042693797575233,0.14572360959579575,0.8567564093428106,-0.5179526322121497,0.14954670592291938,-0.24980652647688897,-0.255608348820354,-0.21160368475757949,-0.3010750863565505,-0.7627313277537736,-0.35792862996601077,0.3834824944236852,1.0039292882210538,-0.3764734830828952
42,2025,36,1890215,2025-11-30,Corinthians 2 x 2 Botafogo RJ,1237,Corinthians,59.98,40.02,Casa,0.12874341563622468,-0.09207464373030116,-0.42091817657584335,-0.20229397242653624,0.34111177319284347,0.21640776406341683,-1.4524080181184935,0.8903386334505373,1.4018726949012408,0.8629682104729344,0.5676512907037559,-0.21222765673685762,-0.5698216674984037,-0.5419424306159967,-0.5811119234631724,1.0030080148107925,-1.077789378901949,0.21978210832671585,-0.04537648504067436,0.8001322641986388,0.5266154255950815,-1.2115650656307653,1.5777776079196093,0.8483264820867187,1.1998847467904215,-1.1646631160439724,-0.8001322641986388,-0.9006729775222699,-1.7752527035880112,0.5074876708376025,-0.2545229127523091,0.12685600694943308,-0.8075901596717295,-1.0575120153606807,0.5484386144886628,-0.7111638169054706,1.6859442285808577,-0.06409144539553709,0.6585808425299803,0.7129457733775784,0.4937419311010187,1.0846866443102952,0.5407496340456283,0.4231015797789954,0.0,-0.2509823220552634,0.2509823220552634
43,2025,36,1890215,2025-11-30,Corinthians 2 x 2 Botafogo RJ,1227,Botafogo RJ,40.02,59.98,Fora,0.5497988065687576,0.5030184013431216,-0.303775940289765,-0.4141894520274604,-0.3548051876001237,-0.1088205578533681,-0.42717882885838043,0.5135301970211452,0.46301054215450704,-0.12685600694943308,0.8075901596717295,1.057512015360681,-1.9556655633691291,0.2609352443706649,-0.21365701924078973,-0.6306616854797801,-1.62188839205166,-0.09129765258564433,1.1646631160439724,0.8001322641986388,0.9006729775222699,-0.3028912664076913,-0.27136523264652895,-0.8807466024212443,0.16394486042804615,0.04537648504067436,-0.8001322641986388,-0.5266154255950815,0.387103238894839,-0.5074876708376029,0.41964526640901667,-0.8629682104729344,-0.5676512907037559,0.2122276567368576,-0.7938465033053402,-0.8231581187803478,-0.6814284982599821,-1.3459203533062758,-0.24980652647688897,-0.5657124539608531,0.4937419311010187,0.6229205128432509,-0.7515904648324112,-0.6079927913068839,0.0,-0.2509823220552634,0.2509823220552634
44,2025,36,1890221,2025-11-30,Ceara 1 x 1 Cruzeiro,1230,Cruzeiro,63.55,36.45,Fora,0.4073281051131806,1.3621412712197705,0.1265537812883763,0.5680876828467653,-0.7678890106197231,1.272634037235823,-0.7689218919450849,1.183411861784509,1.3110573596472537,1.0298670816568554,0.7073573556176098,-0.15616122965722634,0.913637939816996,1.1976258651884366,1.9836339391768727,-1.2789433125792136,-0.35583176621872337,-0.833353052296985,1.467173016315134,0.8001322641986388,0.9006729775222699,-0.7572281660192284,1.785500564836507,0.09185700761448491,-0.063584740901194,1.255416086125321,-0.8001322641986388,0.23745475623281123,-0.8160905406281881,1.2671029743206381,-0.6035092740226118,0.8266962327618578,2.225691429712431,-0.9402488999000135,-0.28019477274599447,-0.37518091128083886,-1.3916403163122342,-0.27772959671399355,-1.1581938954837583,-0.9493785602392437,-0.9169493006161776,-0.9817473125111694,0.2761541396632707,-0.9173764515391659,0.0,0.3764734830828952,-0.3764734830828952
45,2025,36,1890221,2025-11-30,Ceara 1 x 1 Cruzeiro,7334,Ceara,36.45,63.55,Casa,-0.7891815554341362,-0.9180314314989892,-1.099623074224559,-0.7156548049998194,-0.599262795379029,-0.6361100057730625,-0.6834861261734088,-0.3085973006429834,-1.707019841731611,-0.8266962327618578,-2.225691429712431,0.9402488999000136,0.9742872191540515,-1.746258943095989,-1.4705829609732863,0.5289406615854035,-0.4311528823682322,-0.7562563873919105,-1.255416086125321,0.8001322641986388,-0.23745475623281123,-0.6057825328153826,-0.9618294264475066,-1.5291490091117304,-0.8713875187833594,-1.467173016315134,-0.8001322641986388,-0.9006729775222699,-1.2336721964589625,-1.2671029743206386,1.534330103944443,-1.0298670816568554,-0.7073573556176098,0.15616122965722634,-1.0443201197182554,-0.7111638169054706,0.013343932443307465,-0.7050058993509065,-0.7040002109803236,-0.7484398293894005,-0.21160368475757949,-0.43677023503882956,-1.2668553749454228,-0.7553419141759802,0.0,0.3764734830828952,-0.3764734830828952
46,2025,36,1890216,2025-11-29,Santos FC 3 x 0 Sport Recife,1231,Sport Recife,45.87,54.13,Fora,-0.6557485590689949,-0.8254601478144188,0.42293902930665034,-0.26577894983589534,-0.8813438021840183,0.02518972714696907,0.1708715315433522,0.28164808229536514,-1.2809099019861228,0.1270804325283146,-1.1679857646885692,-0.5356878129655017,1.4883036053242154,-0.2743165389537761,0.21495847252503075,-0.1529804865644082,1.5814125666456198,0.538844539197026,-1.8604358866676445,-1.382046638161285,-1.2920246388606351,0.0,-0.9811671132629869,-0.23234419573075812,-0.10691876746979939,1.255416086125321,2.1094396056145928,-0.7426603983725146,0.38628979309373285,-0.4753229593056421,-0.6829829862937127,0.36359516676354114,-0.5357587950769565,0.6870759677174109,-0.7391100126783936,-0.15119230753108442,-0.5887921741662104,-0.7050058993509065,-1.1581938954837583,-1.2100503539970735,-0.9169493006161776,-1.1968265148539854,-0.5287732064051632,-1.1275790009757154,-1.1504474832710556,-0.878438127193422,-1.0039292882210538
47,2025,36,1890216,2025-11-29,Santos FC 3 x 0 Sport Recife,1241,Santos FC,54.13,45.87,Casa,0.41617886972830437,-0.4959507411003015,1.6884587925151244,0.6259801289124709,0.11193684066142975,1.116416333578287,1.2815364865751413,0.6505514466318334,1.0638523412498768,-0.36359516676354114,0.5357587950769565,-0.6870759677174109,0.9708836773243629,0.5285611360328855,0.8524915913058222,2.2377625001793566,2.150523098935012,1.8053195647705738,-1.255416086125321,-2.1094396056145928,0.7426603983725146,2.271684498057685,1.4672257586619915,0.740259414304971,0.12618480056953688,1.8604358866676445,1.382046638161285,1.2920246388606351,2.4091005592371704,0.4753229593056421,-0.6256273372409227,-0.1270804325283146,1.1679857646885692,0.5356878129655017,0.3249239786901709,0.9687507112176879,-0.11755522116745712,0.5768230085598323,-0.7040002109803236,-0.21592169091889507,0.4937419311010187,-0.47742344754950533,-0.021863943483173432,-0.3259257939504924,1.1504474832710556,1.0039292882210538,0.878438127193422
48,2025,36,1890220,2025-11-29,Vitoria 2 x 0 Mirassol,1238,Vitoria,23.07,76.93,Casa,-0.9642822730912189,-0.10012479012571313,-0.11953671564398523,-0.8768138269550325,0.10594599707398568,-0.4833531985296353,0.7689218919450849,-1.747320421555208,-0.5604944467728492,-1.0201899639432512,-1.7628416236765556,-1.3292433962464412,-0.1114574488403442,-0.006690647291555608,-1.3287010257294385,0.22234045544052697,1.57028870949626,-2.609766669795415,0.8621532157728107,0.07273929674533086,0.5569514302602859,-1.2115650656307653,-0.5286510228933851,-1.7452831446752257,-1.1513589163350668,0.04537648504067436,1.382046638161285,1.2891717753454155,1.3408558161335054,-1.7275436466184146,2.0545350822879063,-0.5546014429534117,-1.444694920440728,0.30567170186957715,-0.6406884426305642,-0.935152420655225,1.819752252271861,0.14954670592291938,0.20438715802654567,0.6690629369969885,-0.21160368475757949,0.8154252215777175,-1.804402010901159,1.146760900003061,0.7669649888473704,1.0039292882210538,0.2509823220552634
49,2025,36,1890220,2025-11-29,Vitoria 2 x 0 Mirassol,6332,Mirassol,76.93,23.07,Fora,0.3880443537411327,0.562832239936797,-0.12476228347392454,1.6929795701300394,0.98564317556956,1.3413117893081763,-1.7087153154335217,-1.1611739648872643,0.7149339373987516,0.5546014429534117,1.444694920440728,-0.3056717018695772,-0.6529272687173212,2.000503540175098,1.678248542774049,-1.2789433125792136,-1.3645623575125934,-0.46605646728792993,-0.04537648504067436,-1.382046638161285,-1.2891717753454155,-1.3630106988346111,-0.5031087306825665,1.7128630243407001,2.0070280938334997,-0.8621532157728107,-0.07273929674533086,-0.5569514302602859,0.33957521685107184,1.7275436466184142,-1.3337762568598726,1.0201899639432512,1.7628416236765556,1.329243396246441,1.952289613978747,2.424676635591092,0.4060413932756017,2.285928219107484,0.6585808425299803,1.1015001064393353,-0.9169493006161776,-0.06122963319929495,1.7857410655078771,0.7364270463619953,-0.7669649888473704,-0.2509823220552634,-1.0039292882210538
50,2025,36,1890214,2025-11-28,Vasco da Gama 5 x 1 Internacional,1226,Vasco da Gama,37.91,62.09,Casa,0.4917226733602138,-0.5396557350636568,0.3434704219490803,-1.0602774452708161,0.8093958114129738,-0.010621424643037104,1.1961007208034653,1.693104432800112,-0.6645444109923376,1.643227568940895,0.18739461207653735,1.2201543501605796,-0.7942960607702955,-1.6124459972648786,-1.9059525226900362,-1.2789433125792136,-0.018650921015313196,0.8449126238575907,0.559643315501649,0.8001322641986388,0.764257564134256,1.2115650656307653,-0.04058202655803242,-0.8807466024212443,-1.5444026331560439,-0.2571334152304873,1.382046638161285,-0.6033199346126171,0.6456728721121954,-1.3321551359487072,1.4434440893537603,-1.6849334634577293,-1.8063896142214781,-0.8065403475149844,-0.2960246833980952,-0.4871752131557161,0.013343932443307465,0.36318485724137584,0.6585808425299803,0.9963995138854355,2.6097787786768136,1.0000382968250898,-1.2111510603386106,0.6516752127108019,1.5339299776947408,0.3764734830828952,2.133349737469739
51,2025,36,1890214,2025-11-28,Vasco da Gama 5 x 1 Internacional,1219,Internacional,62.09,37.91,Fora,1.289784463548167,-0.5508816125783278,-0.1126966569778012,0.21492653228404152,-0.3187565309322732,1.3176298058349512,1.3669722523468175,-0.8377828163808136,1.1096890045224415,1.6849334634577293,1.8063896142214781,0.8065403475149845,-2.057060058117629,-1.211007159771548,0.13239393238903444,1.2882519307345428,-0.3269031748828083,-0.280212082900581,0.2571334152304873,-1.382046638161285,0.6033199346126171,0.3028912664076913,0.24487519280461814,0.9563935498684664,-0.13839603264594585,-0.559643315501649,-0.8001322641986388,-0.764257564134256,-0.8205643712472952,1.3321551359487072,0.009671365856411002,-1.643227568940895,-0.18739461207653735,-1.2201543501605794,0.9350999554245756,-0.26318660940596167,-0.9902162452392226,-0.06409144539553709,-0.24980652647688897,-0.5700446776359565,-0.21160368475757949,-0.5751223860575071,0.14803421606760314,-0.6114862435446895,-1.5339299776947408,-2.133349737469739,-0.3764734830828952
52,2025,36,1890222,2025-11-28,Juventude 1 x 1 Bahia,1221,Bahia,52.27,47.73,Fora,0.12287720871176763,-0.2627060192918801,-0.1911028905802894,-0.3578791393783116,0.19571535102753113,0.7837645175545925,-0.3417430630867044,1.0159414455936675,0.2610944846638425,0.6340548000720113,0.449488447194393,-0.35239372443593675,-0.5794257661083064,-0.5419424306159967,-0.8387543585273419,-0.708455480731712,0.16328681761610694,-1.1031961015410288,0.2571334152304873,0.07273929674533086,-1.9531103575847906,-0.7572281660192284,0.4143932395959384,0.740259414304971,0.5334604701199857,-1.1646631160439724,-0.8001322641986388,-0.029172833354716834,0.4207535488791937,-0.366392443967955,-0.591828914176014,1.2888691539996093,-0.5268585637392457,-0.506885212327982,-0.031380337478063666,-0.4871752131557161,-0.5887921741662104,0.14954670592291938,0.20438715802654567,0.7009999009020015,-0.21160368475757949,0.8539877146294115,0.2789393553936117,0.4134685741767744,0.0,0.3764734830828952,-0.3764734830828952
53,2025,36,1890222,2025-11-28,Juventude 1 x 1 Bahia,1220,Juventude,47.73,52.27,Casa,0.4232023863156335,0.7599950777812559,0.10143320043095634,0.24181413841589455,0.3326818899842315,0.4479705617609364,0.25630729731502827,0.011118948448621794,0.14381654214002426,-1.2888691539996093,0.5268585637392457,0.506885212327982,-0.01193369288131849,0.796187027695106,0.27899790318730616,0.9437365517617011,-0.5933507266609712,-0.12114306353046997,1.1646631160439724,0.8001322641986388,0.029172833354716834,0.908673799223074,-0.2589649409761009,-0.12427712794901044,-0.9206161273776656,-0.2571334152304873,-0.07273929674533086,1.9531103575847906,0.4130401842635936,0.3663924439679555,-0.04060473337528628,-0.6340548000720113,-0.449488447194393,0.3523937244359367,0.6979588324540791,0.07279629621867004,1.3514241693533466,0.7904611598782888,0.6585808425299803,0.4637209409498124,-0.21160368475757949,0.11299717181291277,-0.03579002213487625,0.2221297200929311,0.0,0.3764734830828952,-0.3764734830828952
54,2025,36,1890213,2025-11-27,Fluminense 6 x 0 Sao Paulo,1232,Fluminense,57.36,42.64,Casa,-0.2746687049186957,-0.3215620160622772,0.11629859868832511,1.0514867443470495,1.9954152694641865,-2.66037638425979,-1.2815364865751413,-0.993703548696424,-0.5871574886581061,-1.0472853382886826,-0.4461789601848544,1.5435367702305525,1.656942806559014,-0.2743165389537761,-0.4342745364576659,0.03756706860732828,0.8805777621515561,1.2919232189176135,-0.6503962855829977,0.07273929674533086,0.5106603476215656,0.454336899611537,-0.5564953960560302,0.30799114317798026,1.051200446019329,-0.2571334152304873,0.6546536707079771,1.409120581156522,0.09443868991897371,0.2852302967481415,-1.1521383896109925,1.2378739056298425,0.3807308160931618,2.0075462259888894,1.5324396385580048,1.3047336168423196,0.1718008026037067,0.14954670592291938,2.9295492650471537,2.346534150011066,2.6097787786768136,2.8408986569570605,1.4013812947208741,2.4994531897931958,2.3008949665421112,1.0039292882210538,2.760805542607898
55,2025,36,1890213,2025-11-27,Fluminense 6 x 0 Sao Paulo,1224,Sao Paulo,42.64,57.36,Fora,-0.5683519361680711,0.3003651373937212,0.4600141226160422,-0.6425719001550407,-1.4394448594445601,0.005781341043472106,0.0854357657716761,-0.2702313507519905,1.0197667166089333,-1.2378739056298425,-0.3807308160931618,-2.0075462259888894,-0.3041908066560087,0.9299999735262162,0.6689808315261584,-1.2789433125792136,-1.2775969791537276,0.37530959333265096,0.2571334152304873,-0.6546536707079771,-1.409120581156522,0.7572281660192284,1.039328007851367,0.5241252787414756,1.2089199335110543,0.6503962855829977,-0.07273929674533086,-0.5106603476215656,-0.1382537057534848,-0.2852302967481415,-0.8671985549934697,1.0472853382886826,0.4461789601848544,-1.5435367702305522,-1.1876994938263234,-1.2711353262798566,-1.4919963340804872,-1.9868348072616453,-1.1581938954837583,-1.6430680280914165,-0.9169493006161776,-1.6102456957114346,0.18424202056203126,-1.4767591624866956,-2.3008949665421112,-2.760805542607898,-1.0039292882210538
56,2025,36,1890217,2025-11-26,Red Bull Bragantino 0 x 1 Fortaleza,2065,Fortaleza,30.9,69.1,Fora,-1.0723517436948837,-0.6574946739750784,-1.5100110286399124,-1.2928044318207772,-1.0381952160907346,-1.4601154756150112,0.25630729731502827,-1.517958764598187,-2.245784881267496,-0.19050660378747272,-0.1726176118532454,-1.8687357295441542,-0.3039118696597432,-1.6124459972648786,-0.7423856100689298,-0.7927320922546384,-0.5207775476492639,-1.2683574653940484,-0.347886385311836,0.07273929674533086,0.9006729775222699,-1.5144563320384568,-1.2217098081661677,-1.7452831446752257,-1.800251845048944,-1.7696829165862957,-1.5275252316519468,-0.5278342768845007,-1.2814087387213817,-1.3878605478462038,1.7591725672661072,-1.5838186902730926,-0.6789308617756804,-1.5482581535635735,-1.5561681640976515,-1.2711353262798566,-1.2769477245770882,-1.3459203533062758,-1.1581938954837583,-1.2268595294358247,-0.21160368475757949,-0.8739038005906508,-1.537021300788461,-1.1411337146645861,0.3834824944236852,1.0039292882210538,-0.3764734830828952
57,2025,36,1890217,2025-11-26,Red Bull Bragantino 0 x 1 Fortaleza,5438,Red Bull Bragantino,69.1,30.9,Casa,0.853278095103583,1.1973637269215407,0.16214071509612493,1.367982385983679,0.7498759478483603,0.7160264208425853,0.42717882885838043,0.4248693884495239,0.2452051790625842,1.5838186902730926,0.6789308617756804,1.5482581535635738,0.7324823698914166,0.6623740818639957,0.8298726775839246,0.2864196406608817,0.1476661172114772,-0.12151260485221219,1.7696829165862957,1.5275252316519468,0.5278342768845007,-0.454336899611537,0.7015277364875018,0.8483264820867187,0.3318249207252254,0.347886385311836,-0.07273929674533086,-0.9006729775222699,-0.3978201169524392,1.3878605478462045,0.2850055560854484,0.19050660378747272,0.1726176118532454,1.868735729544154,2.0427156546911123,1.9766994280915828,0.013343932443307465,0.7904611598782888,1.112774527033415,0.8022238751445752,-0.9169493006161776,0.4536034644327413,0.693936499214361,0.49509435018864306,-0.3834824944236852,0.3764734830828952,-1.0039292882210538
58,2025,36,1890219,2025-11-26,Gremio 3 x 2 Palmeiras,1234,Palmeiras,55.42,44.58,Fora,0.11037934101741137,-0.0031803327773854695,0.5093007949367702,0.32809681157082016,0.6016537327883474,-0.26439339998909817,-0.6834861261734088,0.7515144726607608,0.782523118926535,-0.1754728979263702,0.24872633443576597,0.1926965388382594,-0.017952050760758696,0.9299999735262162,0.05981875138405505,0.10126918382603176,-0.17293896491806093,1.2129478082363512,-0.347886385311836,-0.6546536707079771,0.363485503371345,0.3028912664076913,1.4373072807082692,0.1999240753962326,0.45482934951988835,1.255416086125321,-0.07273929674533086,-0.14132294939889525,-0.06699464227156224,0.6941498026399399,-0.35913047015586314,0.44601958863235514,0.32078251604278707,0.38042693797575233,-0.0829720103751986,0.07279629621867004,0.8988382068690689,1.6450137651521146,0.6585808425299803,0.7169916204262538,0.4937419311010187,-0.09166332422689123,0.8443381486527538,0.4263641014043769,-0.3834824944236852,-0.878438127193422,0.2509823220552634
59,2025,36,1890219,2025-11-26,Gremio 3 x 2 Palmeiras,1244,Gremio,44.58,55.42,Casa,-0.402150153205197,-0.526492634404073,0.11072583807829785,-0.44502949368487643,0.024616208477166834,-0.5835998532831346,-0.42717882885838043,0.3628068224493878,-0.4276261953557487,-0.44601958863235514,-0.32078251604278707,-0.3804269379757524,0.45535279217194263,-0.2743165389537761,-0.6489772092825256,-0.6403375306603687,0.4261610038192285,0.8009066964350983,-1.255416086125321,0.07273929674533086,0.14132294939889525,1.0601194324269196,-1.3524260347033474,-0.12427712794901044,-0.3964083058011433,0.347886385311836,0.6546536707079771,-0.363485503371345,0.0783987026754123,-0.6941498026399394,-0.5519418291747533,0.1754728979263702,-0.24872633443576597,-0.19269653883825938,-0.6445452988255408,-0.4871752131557161,1.6344796040843177,0.5768230085598323,0.20438715802654567,0.12546690731104762,-0.21160368475757949,-0.11370709625996933,0.025484723932616485,1.467457606951639,0.3834824944236852,-0.2509823220552634,0.878438127193422
60,2025,35,1890218,2025-11-26,Atletico MG 1 x 1 Flamengo,1239,Flamengo,73.46,26.54,Fora,0.8717941939508623,0.6165048442622016,0.046521287347600415,1.5234585108424423,1.0194652403656639,1.1299461713048364,-0.6319521763362224,1.5558445544533968,1.4235982286706728,-0.6201897695289814,1.954447337374703,0.09749232084404402,-2.262604219460425,1.0752705654319887,1.305057334162223,1.801409149780209,-2.8127377006537153,-1.0424000238078373,-0.4463036991443369,0.5319951765989315,0.8791898151988496,0.44076206083463454,-0.4487987814100096,2.0840836005628165,1.3040374017480707,-0.5100613704506705,-0.5319951765989315,-0.9043924706450492,-0.754862608852237,1.9245563854679975,-1.5991614848014195,2.1346928649485566,1.780352471537919,0.24868672887444618,2.140238457489406,0.7133959845331942,0.16140662066864092,0.43278181733058807,2.197401062294143,1.4762901168409062,-0.14126448280440324,1.3145189407435272,1.8004509134354865,1.3959059674830745,0.0,0.2621112169983114,-0.2621112169983114
61,2025,35,1890218,2025-11-26,Atletico MG 1 x 1 Flamengo,1235,Atletico MG,26.54,73.46,Casa,-1.2276291545978595,-0.7710543849517377,-0.35618525906659976,-1.0800341104256357,-0.24993643096852453,-3.081027189470096,-0.04065189438420124,0.7868628728425356,-1.5202013747018264,-2.1346928649485566,-1.780352471537919,-0.24868672887444618,-0.2429963441612471,-1.729783083521025,-2.396491003335527,1.5954690397018365,-0.6799269922972964,0.9519385246016211,0.5100613704506705,0.5319951765989315,0.9043924706450492,0.44076206083463454,-0.8422900308630753,-1.6597791549392482,-1.5104161400122318,0.4463036991443369,-0.5319951765989315,-0.8791898151988496,0.009887048022685063,-1.9245563854679975,2.374590341115762,0.6201897695289814,-1.954447337374703,-0.09749232084404402,-0.3436403980157979,-1.1691767524294017,1.94682856821177,-0.8037376607568067,0.1690308509457033,-0.22442444586295243,-0.14126448280440324,0.8413809524682732,-1.8388193012218033,-0.2706811652082629,0.0,0.2621112169983114,-0.2621112169983114
62,2025,35,1890209,2025-11-25,Internacional 1 x 1 Santos FC,1241,Santos FC,46.53,53.47,Fora,-0.658558436029307,-0.23298322732741547,-0.7573376747600274,-0.9163652686997132,-0.9628735138851784,-0.006711493107237483,0.6245609228118225,-1.2291770783601306,-0.9399635111480572,0.3222257016587891,-0.3328166468009959,-1.7192163259884843,-1.2350340175854193,-0.26046926740277976,-0.3666165737612373,-0.34952088881612664,0.27410778482384707,-1.005714701053453,-0.12751534261266775,-0.17733172553297716,-1.8528558749421502,-1.8390417021031316,-0.2677928066616,0.212152222811784,0.6766512561382445,-1.1476380835140088,-0.5319951765989315,-0.7443621307948141,-0.9697105024942766,-0.688974228417451,1.0564777505654517,-1.0284996696749347,-0.6409044448159709,-1.2060703475006982,-1.1295120540647334,-0.5746800986517399,-1.8986956264965085,-1.5103202196638896,-1.1832159566199232,-1.3641752572259853,-0.14126448280440324,-0.8734354889083253,0.07387346305126516,-1.3875611392776663,0.0,0.2621112169983114,-0.2621112169983114
63,2025,35,1890209,2025-11-25,Internacional 1 x 1 Santos FC,1219,Internacional,53.47,46.53,Casa,0.7446259384240811,0.5455749021797234,0.6208762464760627,1.2450903573376677,1.265355838642409,0.3486529556658885,0.920211063787833,1.7455932810846475,0.16013723601438118,1.0284996696749347,0.6409044448159709,1.2060703475006982,0.547993520154029,0.1402526824476508,0.3624136661583024,-1.076332914735997,1.0503092137718288,0.5492380862911932,1.1476380835140088,0.5319951765989315,0.7443621307948141,0.44076206083463454,0.39472986741752414,0.9609247739121969,-0.4978383956314226,0.12751534261266775,0.17733172553297716,1.8528558749421502,1.6239937085463756,0.688974228417451,-0.7304118295246492,-0.3222257016587891,0.3328166468009959,1.7192163259884843,2.2393542281437404,2.001472067718128,0.3445268204166539,2.0225925748715246,1.52127765851133,1.6852169153775323,-0.14126448280440324,0.1413176545288634,0.6665791549742068,1.6006403313506734,0.0,0.2621112169983114,-0.2621112169983114
64,2025,35,1890207,2025-11-24,Mirassol 3 x 0 Ceara,6332,Mirassol,40.37,59.63,Casa,-0.6757040492820031,-0.7182591037089339,-0.8608994733306261,-0.8061758732843473,-0.4436312513898334,-0.18522014644443577,-1.0754273878002383,-0.602547210977087,-0.9776967158693689,3.150606486773673,-1.2081406596861426,-0.0493865045365154,0.10538493109759411,-0.26046926740277976,-0.0044513944970565,-0.964950537839721,-0.4144276197493285,0.39386460207780644,-1.7214571252710134,-0.8866586276648858,0.10395741802704972,-0.16718560928210308,-0.8195976357726644,-1.5349837297558462,-0.9344467619195307,-0.5100613704506705,-1.24132207873084,-0.3825799399101412,-0.8922464159916319,-1.2959540761205086,-1.31031083483475,0.5803116211361391,-0.05781467626911328,-0.6922908699058137,-1.1786438708419538,-0.7728456499109605,-0.6969693156501715,-0.9803833004835775,-1.1832159566199232,-0.8686181506884955,1.7422619545876412,-0.26056339653308114,0.27716865206831287,-0.9019481414350996,1.6269784336399213,1.1358152736593494,1.4852968963237645
65,2025,35,1890207,2025-11-24,Mirassol 3 x 0 Ceara,7334,Ceara,59.63,40.37,Fora,-0.10162837621634613,0.9347738973885673,0.8458686116284917,0.7915718786383319,-0.21175500081893944,-1.9405552375935515,-2.0362903459722723,0.22760346803463713,1.5268952830496432,-0.5803116211361391,0.05781467626911328,0.6922908699058137,0.9837938432371827,0.808122598865035,1.1795895415077233,-0.024388244048944845,-0.4418746866398194,0.14866067305391853,0.5100613704506705,1.24132207873084,0.3825799399101412,-0.927120196928025,1.6380164781894118,0.5865384983619905,1.4125984241221974,1.7214571252710134,0.8866586276648858,-0.10395741802704972,1.1696611372116734,1.2959540761205086,-0.2805646300526912,-3.150606486773673,1.2081406596861426,0.0493865045365154,0.612806274210161,0.6143132089035839,0.19372195003593726,0.2561361776038174,-0.50709255283711,-0.2362869766090034,-1.0830277015004255,-0.4769204705306733,2.270034166939653,-0.282305656193448,-1.6269784336399213,-1.4852968963237645,-1.1358152736593494
66,2025,35,1890203,2025-11-23,Flamengo 3 x 0 Red Bull Bragantino,5438,Red Bull Bragantino,44.28,55.72,Fora,-0.503812182107835,-0.059623727173391095,-1.3230518257705197,-0.6897512667395471,-1.1706004135016448,-0.039768651132644446,-0.7797772468242277,0.12543107677165602,-1.0578629307214735,-1.2612986355486933,-1.0463160522619983,0.2013460357595912,0.9294751310820183,-0.3940432506862566,-0.17718130292500103,-0.20233246179314562,0.449075929390943,-1.5038028297874437,0.5100613704506705,-0.17733172553297716,-0.6984011355217058,-1.6870547845739472,-1.3499078462865413,-0.9110066038388354,0.018406233316610458,-1.785214796577347,-1.24132207873084,-1.0214366509231885,-0.963804844615607,-1.3251856553198478,0.8378923916273555,-0.01547084794260098,-0.7669494206700861,0.4737031111914653,-1.1405731021597203,-0.9710112011701811,-1.7064194167610944,-1.3336745799371188,-1.1832159566199232,-1.3466754127685217,-1.0830277015004255,-1.0806350462655039,-0.4930624161793749,-1.370412455873356,-1.6269784336399213,-1.4852968963237645,-1.1358152736593494
67,2025,35,1890203,2025-11-23,Flamengo 3 x 0 Red Bull Bragantino,1239,Flamengo,55.72,44.28,Casa,0.26753530885487564,1.5939005973956306,0.344339885757354,0.5250923207847911,0.2307900127076628,0.6948348605430682,-0.48412710584821705,-0.30369296653286637,1.1360028653898193,0.01547084794260098,0.7669494206700861,-0.4737031111914653,1.0649618788375523,1.743140481849373,1.605925032424962,1.1437294434008904,0.239964026952235,1.4805019159080048,1.785214796577347,1.24132207873084,1.0214366509231885,0.13678822577626576,2.041319589547442,0.212152222811784,0.22960876689698245,-0.5100613704506705,0.17733172553297716,0.6984011355217058,0.008508921326325374,1.3251856553198482,-1.2703975097283677,1.2612986355486933,1.0463160522619983,-0.2013460357595912,-0.0697863886830913,0.41614765764436323,0.02406647085763065,1.6693012954179829,-0.50709255283711,-0.09272786828163343,0.8004987358916189,-0.9951319384414029,0.38597452788025377,0.8735754784097265,1.6269784336399213,1.1358152736593494,1.4852968963237645
68,2025,35,1890205,2025-11-23,Palmeiras 0 x 0 Fluminense,1232,Fluminense,42.71,57.29,Fora,-0.4953419267852844,-0.9152940519389796,-0.606172239567951,-0.33857580638511764,-0.06218519052142457,-0.3835630945968779,0.32891078183581196,0.5401307824861105,-1.739938851964986,0.6114886985828734,-0.9048787969542815,0.05133511421491222,-0.6986774760135429,-1.4626351169540714,-1.0090791421297653,0.4000118153444542,0.4268728891758416,-0.010461156710313526,-1.7214571252710134,0.5319951765989315,0.055759130170040645,-0.16718560928210308,-1.3378544033449948,-0.41182490310522674,-1.8624853340386769,-0.19127301391900137,-0.5319951765989315,-1.0214366509231885,-0.9969003311574479,-0.5322247303096187,-0.029149314870735573,-0.054616713328345334,-1.2284755721002658,0.6035202548358988,-0.19712317796648465,0.01981655512592199,0.9854475195346996,0.9627187365109001,0.1690308509457033,-0.016251198217423293,-1.0830277015004255,-0.6560743370683572,-1.1888473588715238,-0.06668523108453203,0.0,1.1358152736593494,-1.1358152736593494
69,2025,35,1890205,2025-11-23,Palmeiras 0 x 0 Fluminense,1234,Palmeiras,57.29,42.71,Casa,0.4268756841486634,0.7931447507942864,0.6522695308718094,0.36736464682054415,-0.18682807668253815,0.37431574939613876,0.6245609228118225,-1.5987280257911562,0.7965414950621883,0.054616713328345334,1.2284755721002658,-0.6035202548358988,0.2783250004188114,1.2088445487154655,1.240466263943747,-1.1553024306307114,0.6237623217123592,0.5157267009652093,0.19127301391900137,0.5319951765989315,1.0214366509231885,0.592748978363819,1.6156806222421967,0.9609247739121969,-0.5542543505913122,1.7214571252710134,-0.5319951765989315,-0.055759130170040645,-0.44519913795943866,0.5322247303096187,0.5406696169737244,-0.6114886985828734,0.9048787969542815,-0.05133511421491222,0.0836901742331889,1.2088098626812458,-1.6457006136867534,0.2561361776038174,-0.50709255283711,-0.4598213414738214,-1.0830277015004255,-0.7435303133529828,-0.26399741447002567,-0.5013544633053006,0.0,1.1358152736593494,-1.1358152736593494
70,2025,35,1890206,2025-11-23,Sao Paulo 2 x 1 Juventude,1220,Juventude,50.95,49.05,Fora,1.060484070564374,0.16816751417501824,0.5012180608028337,-0.2405060905172015,-0.29523865450187736,1.0345889846930856,1.733248951471862,-0.013894911314227949,0.89530296525381,-0.5633250212471023,2.043062816744403,-0.13617853771593705,-1.5638889304255368,0.4074006490146045,0.3230783083680147,0.4000118153444542,1.0726233494593005,1.3761841064259293,0.8288497269823396,-0.8866586276648858,-2.103052582226702,1.8086443185972942,0.1954581260278348,1.70969732501261,0.6160112541510122,-0.5100613704506705,0.17733172553297716,-0.057324213193470565,-0.3737617599030434,0.8161549379134304,0.47245166420437057,-0.6797730792867199,-0.45526577011553165,-0.6232517526040013,-0.6996617772627035,0.21798210638514262,0.5047569951961656,0.2561361776038174,-0.50709255283711,-0.2762007949277808,-1.0830277015004255,-0.5245257541068378,-0.35276010263239843,-0.32141854290907557,-0.5423261445466404,-0.6115928396627265,-0.2621112169983114
71,2025,35,1890206,2025-11-23,Sao Paulo 2 x 1 Juventude,1224,Sao Paulo,49.05,50.95,Casa,0.6006944712373965,-0.9655897244511524,0.1898282119256085,-0.6707376024547597,0.4665590415214767,0.8784857384619966,0.8462985285438304,1.3344710400502702,0.3537598411556977,0.6797730792867199,0.45526577011553165,0.6232517526040013,1.371698527317927,-2.5312269832218863,-1.6638615595004167,1.095328772368646,1.1422491234006062,-1.6141523285584656,0.5100613704506705,-0.17733172553297716,0.057324213193470565,-0.927120196928025,0.880910166741755,-0.16223405273842245,-0.876164146279198,-0.8288497269823396,0.8866586276648858,2.103052582226702,1.2896044537957974,-0.8161549379134309,-0.015365899257125724,0.5633250212471023,-2.043062816744403,0.13617853771593705,0.04008880712285831,-0.37651454739251927,0.6008951000638724,-0.8037376607568067,0.1690308509457033,0.6699193579726764,0.8004987358916189,2.7080805400209966,-0.4844724786152742,0.6057162670010726,0.5423261445466404,0.2621112169983114,0.6115928396627265
72,2025,35,1890208,2025-11-23,Cruzeiro 3 x 0 Corinthians,1237,Corinthians,56.15,43.85,Fora,-0.5635652207390727,-0.7680793655482379,-0.9115072671559639,-0.31745369937724166,-0.980253038343131,0.3024701613656875,-2.1841154164602776,-0.013894911314227949,-0.3293016469848108,-0.4253384046273375,-0.44548211380601477,-0.4504255544000493,-0.027967618899409134,0.2738266657311276,-0.028701472856270983,-1.905512831630497,-1.9541169160979948,-1.5733876906194044,-1.7214571252710134,-1.5959855297967944,-0.9680322169290053,-1.8390417021031316,0.35392336747424313,-0.6614157534720311,1.3563563850284697,-1.1476380835140088,-1.24132207873084,-1.0214366509231885,-0.9335493525900149,-0.13724033926222903,0.5807341289176308,-0.5746005914456681,0.9944693333785356,-1.0918363998226868,-1.0352073918025866,-1.0700939767997915,-0.3879539785753993,-1.5103202196638896,-0.50709255283711,-1.2490174636392917,-1.0830277015004255,-0.39271430569035315,-0.19814122647858715,-1.2747141623484006,-1.6269784336399213,-1.4852968963237645,-1.1358152736593494
73,2025,35,1890208,2025-11-23,Cruzeiro 3 x 0 Corinthians,1230,Cruzeiro,43.85,56.15,Casa,0.22721745957253198,1.1042910291956176,1.1552583044502323,0.2535775623845475,0.9734045727888689,1.1209048973149818,0.0332606408598014,-0.013894911314227949,0.33088950911986664,0.5746005914456681,-0.9944693333785356,1.0918363998226868,0.7456023057991615,1.2088445487154655,0.8193594058221562,-0.9208616803182782,-0.426882320380525,0.29200191463044245,1.1476380835140088,1.24132207873084,1.0214366509231885,1.2006966484805566,-0.21865012172990614,-0.16223405273842245,0.6548418765116362,1.7214571252710134,1.5959855297967944,0.9680322169290053,2.7942946976213583,0.13724033926222903,-0.12782252051729745,0.4253384046273375,0.44548211380601477,0.4504255544000493,-0.01883775793010303,-0.07926622050368833,0.02406647085763065,0.6094274570573588,1.52127765851133,1.2666602654764454,1.7422619545876412,0.8759861767064647,-1.0084586700254112,1.1904826586142585,1.6269784336399213,1.1358152736593494,1.4852968963237645
74,2025,35,1890210,2025-11-23,Bahia 1 x 0 Vasco da Gama,1226,Vasco da Gama,44.09,55.91,Fora,-0.9617588475068884,-1.0478406971600214,-0.9247793078328931,-1.1888116849181274,-1.1631071221462719,-0.6458165482651075,0.0332606408598014,-1.8975822702353768,-1.3136041182609381,0.03818467746511944,-0.4646221931427753,-1.8851695093618555,-0.12970930589083618,-0.26046926740277976,-0.8604890336325962,-1.0422570277403327,-0.7589910070849535,-1.3172237755477891,-0.765092055676006,-2.3053124319287033,-1.1761419058998046,-0.3191725268112875,-1.4788714299782546,-1.0358020290222376,-0.2350553742355352,-0.8288497269823396,-1.24132207873084,-0.5955026853647489,-0.6446580554723984,-1.0105879527491386,-0.2377801057494658,0.0833667002778826,-0.7968387983994479,-1.888968903137232,-1.0588510853866908,-1.1691767524294017,-0.9373145778194392,-0.9803833004835775,-1.1832159566199232,-1.2933929260056245,-1.0830277015004255,-1.2738226880131072,-0.183824663871753,-1.3181991634231145,-0.5423261445466404,0.2621112169983114,-1.1358152736593494
75,2025,35,1890210,2025-11-23,Bahia 1 x 0 Vasco da Gama,1221,Bahia,55.91,44.09,Casa,1.145788836305948,0.6595961445311034,0.8176608036716009,1.1116901186680967,1.0713554416899171,0.3486529556658885,1.0680361342758384,-0.9412486880138704,1.133659853895354,-0.0833667002778826,0.7968387983994479,1.888968903137232,1.598912533579707,0.006678699164173937,0.5615340732470598,-0.31012868773221836,0.32175244621669735,0.9005472553452278,0.8288497269823396,1.24132207873084,0.5955026853647489,1.352683566009741,0.5469141083824635,0.212152222811784,0.019588805508469573,0.765092055676006,2.3053124319287033,1.1761419058998046,-0.2761895627790923,1.0105879527491386,-1.241550020454539,-0.03818467746511944,0.4646221931427753,1.8851695093618555,1.0863808194186173,2.298720394606959,0.02406647085763065,1.1393643762376708,0.8451542547285166,1.471356860873832,-0.14126448280440324,0.569938893215709,0.8126080935639174,1.3910717048164885,0.5423261445466404,1.1358152736593494,-0.2621112169983114
76,2025,35,1890212,2025-11-23,Sport Recife 1 x 3 Vitoria,1238,Vitoria,35.71,64.29,Fora,0.10365551578231005,-0.3680336102558361,-0.06772034012879187,-0.6939792285379578,-0.24448520745848776,0.1786960453830892,1.0680361342758384,1.2237842828487064,-0.12442574665614523,0.037743617825843394,-0.422135423626011,0.2688509504546966,0.505539000254143,-0.12689528411930293,-0.4028153756950581,1.2453708525686031,0.9623418280206916,-0.7304152238950842,-0.765092055676006,-0.17733172553297716,1.0214366509231885,0.8967228134221877,0.635160307708336,-1.0358020290222376,-1.6775501113337745,0.12751534261266775,-0.5319951765989315,0.028146187988121078,-0.49792329889477355,-0.6244435436431407,1.6431477044269687,0.28149534908147517,-0.2963224874602031,-1.1341412206374144,-0.7210096624110731,-0.8719284255405708,0.7451022573654328,0.2561361776038174,-0.50709255283711,-0.39216735063103325,0.8004987358916189,-0.6628392756424915,-1.535308173956915,-0.4350580529102768,1.0846522890932808,0.2621112169983114,1.4852968963237645
77,2025,35,1890212,2025-11-23,Sport Recife 1 x 3 Vitoria,1231,Sport Recife,64.29,35.71,Casa,0.49943354409261453,0.2762653592978601,0.1919936046375865,0.13314615889591663,-0.431449349946832,0.5124803417623912,0.5506483875678199,0.22760346803463713,-0.5359204918552413,-0.28149534908147517,0.2963224874602031,1.1341412206374144,-0.19319322867092517,0.1402526824476508,0.5603289207575258,-0.4399855366541713,0.1694600468927674,0.6227833002794345,-0.12751534261266775,0.5319951765989315,-0.028146187988121078,0.13678822577626576,-1.0523147142920812,0.8361293487287947,0.5655637142974579,0.765092055676006,0.17733172553297716,-1.0214366509231885,0.28893498640355647,0.6244435436431403,-0.7921647742938002,-0.037743617825843394,0.422135423626011,-0.2688509504546966,-0.2451433812307881,-0.4755973230221296,-0.19779069422169313,-0.2738007415764947,-0.50709255283711,-0.6039135435881797,-0.14126448280440324,-0.5645929956465774,0.3544780901452182,-0.6425552357518904,-1.0846522890932808,-1.4852968963237645,-0.2621112169983114
78,2025,35,1890204,2025-11-22,Botafogo RJ 3 x 2 Gremio,1244,Gremio,57.35,42.65,Fora,-0.9943162127717239,-0.7092138901848732,0.09837297588996707,0.0639480195098848,0.19948831407137663,-0.7133082459003138,-0.7797772468242277,-0.05202623436931214,-0.17040827700147612,-0.534125428007186,-0.5695114053872863,-2.0055454061957856,-0.6406930360339994,0.1402526824476508,-0.29724230118267453,0.6151941157287831,-0.2827652779007572,0.6355695540244485,-1.083880412207675,-1.5959855297967944,0.5129743055781888,-0.015198691752918657,-0.15674083181595774,0.5865384983619905,1.4125984241221974,-0.5100613704506705,0.17733172553297716,1.4951588090676184,0.5083685254643817,-0.07974043427489166,0.4099096164535024,0.02906628958121888,0.0713562273677707,-0.31624801821934545,0.5804243031660056,-0.7728456499109605,1.7545523584763558,-0.2738007415764947,0.1690308509457033,0.4474213102164756,0.8004987358916189,1.0313166266303813,1.0932127206578703,0.3876829817154478,-0.5423261445466404,-1.4852968963237645,0.6115928396627265
79,2025,35,1890204,2025-11-22,Botafogo RJ 3 x 2 Gremio,1227,Botafogo RJ,42.65,57.35,Casa,0.234209383102662,-0.1362472565194266,0.34344586415422734,0.927451057457428,1.1759247883773079,0.07194174495321376,0.18108571134780668,-1.1006376183841216,0.9525363875529014,-0.02906628958121888,-0.0713562273677707,0.31624801821934545,-1.1369224946367693,-0.12689528411930293,-0.7508233868760967,0.09504823770226489,1.0392035609872805,0.9305410963765632,0.5100613704506705,-0.17733172553297716,-1.4951588090676184,0.44076206083463454,-0.32929403157611625,-0.7862111786554332,-0.11805192779967927,1.083880412207675,1.5959855297967944,-0.5129743055781888,0.05555239231780961,0.07974043427489208,-0.2811942901999226,0.534125428007186,0.5695114053872863,2.0055454061957856,1.0550069839717477,0.8124787601628045,0.16140662066864092,0.6094274570573588,1.52127765851133,1.4068079031618794,1.7422619545876412,1.0222462258854772,-0.1866879763931197,1.3278180203296877,0.5423261445466404,-0.6115928396627265,1.4852968963237645
80,2025,34,1890201,2025-11-21,Ceara 1 x 2 Internacional,1219,Internacional,72.94,27.06,Fora,1.1084509576159713,0.7784995639621708,0.021601312806541928,0.8960540572651702,0.011166535720603442,1.3185806268354325,1.243411968051199,-0.30494265738882226,0.1834486799733412,1.7566891004885863,1.3729219125901284,1.1017184906364548,-0.12483321657615315,0.5544881245376718,0.9535959333543619,1.3248032345087124,1.5518072532730454,-0.6802929943401381,1.1751393027860064,0.43077489517064294,0.639217428562487,-0.889460083706025,1.0535698237220048,0.387678459084713,0.9065780654252259,0.44574249416020917,-0.43077489517064294,-0.8247736770114983,-0.43714792125100743,1.3647464675099945,-1.2013305956917066,1.0099704299233185,1.2531135868009124,1.0687059850355947,-0.10234981028582153,0.3222245842166432,-1.5560140594763416,0.2944889959516599,0.0,-0.47481819657718866,0.6115928396627265,-0.7026938823816703,0.8899638779685611,-0.6616547659026187,0.8770580193070292,0.5134360308102703,0.4200840252084029
81,2025,34,1890201,2025-11-21,Ceara 1 x 2 Internacional,7334,Ceara,27.06,72.94,Casa,-0.9070662710946984,-0.15073544853548088,-1.1026330046214958,-1.2049192145585725,-1.1398300853486492,-0.29326550319093986,0.6977139256462841,0.9308520459399329,-1.9833514190334405,-1.0099704299233172,-1.2531135868009124,-1.0687059850355953,1.0668194335168677,-0.034348821874015216,-0.553625373278342,-1.2556864036838837,-1.0204067727989947,-1.524515204260256,-0.44574249416020917,0.43077489517064294,0.8247736770114983,-0.889460083706025,-2.468814199728786,-0.799805109282877,-0.9041299736290501,-1.1751393027860064,-0.43077489517064294,-0.639217428562487,-0.8518044370546378,-1.3647464675099943,1.4465900425585236,-1.7566891004885854,-1.3729219125901284,-1.101718490636455,-0.9802899874977123,-0.8055614605416079,-0.27088651471503433,-0.6871409905538727,-1.4907119849998598,-1.4100904837612225,-1.1358152736593494,-1.3372962221656555,-1.5543721725401314,-1.532431295862499,-0.8770580193070292,-0.4200840252084029,-0.5134360308102703
82,2025,34,1890141,2025-11-20,Fluminense 2 x 1 Flamengo,1232,Fluminense,27.62,72.38,Casa,-0.8013010469205384,-0.35076946309364215,-0.5148058207105687,-1.2763417445613936,0.0694862380439773,-2.756909447539049,0.07405902004066722,1.04854677959029,-1.1322176195025226,-0.9555537372658075,-1.0583619831086688,0.0829442920406099,0.619151517007774,-1.0157437325601604,-1.1828074192979496,-1.2556864036838837,0.6543346756917219,0.6240675195103214,0.3646984043128987,0.43077489517064294,0.8247736770114983,0.177892016741205,0.05641793880523796,-1.707880779211034,-1.9253699948965914,0.04052204492365525,-1.148733053788381,2.9002636382269373,-0.5070530917340947,-1.086669513869952,1.2336872875325129,-0.300666246005188,-1.5205129241820219,-1.464255255001643,-1.0339292851919568,-1.0472298987040904,-0.5064932312546071,-0.8507459883047948,0.0,0.28712976517031413,0.6115928396627265,1.7309692227754552,-1.419529160726713,0.047749769260240896,0.8770580193070292,0.5134360308102703,0.4200840252084029
83,2025,34,1890141,2025-11-20,Fluminense 2 x 1 Flamengo,1239,Flamengo,72.38,27.62,Fora,1.1769964591537516,0.7096632845601005,0.1535513322207536,0.5710483658548803,-0.7580786017098813,1.1136960674544276,0.619757062445582,0.2567822077606114,0.37829191058988315,0.30066624600518904,1.5205129241820219,1.4642552550016428,0.28954908267250834,0.7507671066749009,0.9796750227007757,0.45919595081119596,0.6014282901968759,0.4318391627923392,-0.04052204492365525,1.148733053788381,-2.9002636382269373,0.533676050223615,0.2558534419405028,1.016346230573437,0.879930614598218,-0.3646984043128987,-0.43077489517064294,-0.8247736770114983,-0.08909442992949168,1.0866695138699523,-1.0192421101343783,0.9555537372658087,1.0583619831086688,-0.08294429204061035,0.22210625848151003,0.40278073027080397,-0.766900654798346,-0.35993099505202847,-1.4907119849998598,-1.0549575537054061,-1.1358152736593494,-0.998085633672287,1.135132990356594,-0.10388950959344882,-0.8770580193070292,-0.4200840252084029,-0.5134360308102703
84,2025,34,1890143,2025-11-20,Corinthians 3 x 1 Sao Paulo,1224,Sao Paulo,51.73,48.27,Fora,0.14729973033180588,-0.6072731064529162,-0.9038296133139184,-0.7691727915288362,-0.883486500295555,0.11921973458146373,-1.6409919703747793,0.5777678449888601,-0.34303857991832293,1.2838840475151558,0.605023694803822,0.714780213285148,0.5571424443519284,-0.9176042414915458,-1.1837828759493685,-1.2556864036838837,-0.4319503060510702,-3.0537813314819213,-0.04052204492365525,-0.2871832634470952,0.6047229038388319,-1.956812184153255,-1.4510572511304793,-0.3108412870138693,0.6254145849866457,-1.3777495274042835,-0.43077489517064294,0.02500740249628731,0.10425746498901942,-0.26821606875918963,-0.3181023471171616,-0.35052592144142974,-1.10213739792216,-0.6867695299078653,-1.0195681695261294,-0.9666737526499296,-0.27088651471503433,-1.341560981557561,-0.7453559924999299,-1.304414574063243,-0.2621112169983114,-0.543459267406281,0.009806764495521298,-1.434042726877718,-1.7541160386140584,-1.353604081227076,-0.5134360308102703
85,2025,34,1890143,2025-11-20,Corinthians 3 x 1 Sao Paulo,1237,Corinthians,48.27,51.73,Casa,0.5768790134538039,0.574841403888459,-0.26540215191255645,-0.48370943280701745,0.13210285181594034,0.3348011377768857,-1.3291645175719708,-0.5521015980545735,1.2959153930810583,0.3505259214414308,1.10213739792216,0.6867695299078649,1.1034718123815332,0.6526276156062863,-0.16178642262737683,-1.2556864036838837,0.03884057028588252,-0.7794543181802903,1.3777495274042835,0.43077489517064294,-0.02500740249628731,-1.06735210044723,0.419987059178428,-0.8696570838927351,-0.4123423421358824,0.04052204492365525,0.2871832634470952,-0.6047229038388319,-0.40309609468455215,0.26821606875919,0.208575760520771,-1.283884047515155,-0.605023694803822,-0.7147802132851483,-0.8832498918982894,-0.4833368763249648,-0.5064932312546071,-0.35993099505202847,0.7453559924999299,-0.003595170953887353,0.6115928396627265,0.3875177305796516,-0.1912319076626661,0.8749716198634702,1.7541160386140584,0.5134360308102703,1.353604081227076
86,2025,34,1890196,2025-11-20,Santos FC 1 x 1 Mirassol,1241,Santos FC,51.53,48.47,Casa,0.24072077634334,0.44695202919648125,1.1172804610814557,0.2137081836950798,0.09205211480412545,0.4252501176664477,0.07405902004066722,-0.30494265738882226,-0.24680828196149085,-0.35593493765733913,0.1172038565698702,0.5729761286876525,0.961646385038743,-0.034348821874015216,0.3087254805586604,1.6024508538079156,1.0325918296368586,0.6206204081624931,0.3646984043128987,1.148733053788381,0.7812010317819559,0.533676050223615,0.18970159068656936,0.6670863575241459,0.689764426226832,0.8509629433967631,1.7230995806825715,1.7213186444540356,2.7391562439750694,0.08993127011337575,-0.4067360983153814,-0.5182966957004413,0.3790391003436114,-0.10523429740337592,0.49109666172670796,0.8055614605416079,0.3181302766338984,0.45809399370258197,-0.7453559924999299,0.29322514395309934,-0.2621112169983114,-0.0709867242877713,0.3505918307148876,0.053424814760889214,0.0,0.5134360308102703,-0.5134360308102703
87,2025,34,1890196,2025-11-20,Santos FC 1 x 1 Mirassol,6332,Mirassol,48.47,51.53,Fora,-0.23040654045300651,-0.736221783734909,-0.41012567598896316,-0.362904312282898,-0.6443935011315274,-0.08438047910625208,-0.6275527487656518,-0.4000037884141108,-0.40005501891011414,0.5182966957004425,-0.3790391003436114,0.10523429740337546,0.47246167128018113,-0.32876729507985875,-0.04205731578044218,1.4323236361000702,-1.1194230185670146,1.0266883501081792,-0.8509629433967631,-1.7230995806825715,-1.7213186444540356,0.0,-0.2977637633186805,0.24797450986499653,0.1771920859018252,-0.3646984043128987,-1.148733053788381,-0.7812010317819559,-0.8975333443788155,-0.08993127011337539,-0.6901115270102456,0.3559349376573403,-0.1172038565698702,-0.5729761286876529,-0.6715059937606935,-0.4833368763249648,0.6352931642833236,0.1308839982007378,-0.7453559924999299,-0.7974446182055854,-1.1358152736593494,-0.9490123302494675,0.1520048496805804,0.1358655044992473,0.0,0.5134360308102703,-0.5134360308102703
88,2025,34,1890199,2025-11-20,Gremio 2 x 0 Vasco da Gama,1226,Vasco da Gama,58.65,41.35,Fora,-0.6228513844778838,-0.14955121112346548,-0.8825403096083314,-0.5363241860881365,-1.1267914056913857,0.11003882308891426,-1.7969056967761834,-1.211192106496576,-0.6387572557107808,-0.24135554715603263,-0.2610281360953487,-0.7815324213206858,0.5927358663178245,0.45634863346905735,0.1937202136438464,-0.6614947106790098,0.45140813427306953,-0.30685237694524475,-0.2431322695419322,-1.0051414220648334,0.6148347519764924,-1.06735210044723,-0.7744842960830783,-0.17113733779415286,0.04442744693239724,-1.1751393027860064,-1.148733053788381,-0.8247736770114983,-0.9583957667511394,0.04109762343890801,-1.1121284062315957,3.1487570096178508,-0.21934523816240864,-1.0954968485763845,-0.8715522810526608,-1.2888983368665727,-0.7126491082267334,-1.505165979308483,-0.7453559924999299,-1.4187153385938944,-1.1358152736593494,-0.5916358424695294,0.9610629205610903,-1.540461386420634,-1.7541160386140584,-0.4200840252084029,-1.4469560868289435
89,2025,34,1890199,2025-11-20,Gremio 2 x 0 Vasco da Gama,1244,Gremio,41.35,58.65,Casa,0.2706569904487154,0.9393740677672404,0.21801719166286984,0.11348506130181918,0.5042345662474251,-0.8236199586968824,-0.8614233383677581,0.9308520459399329,0.7565760302677221,-3.148757009617849,0.21934523816240864,1.0954968485763843,1.345487472401049,1.2414645620179734,0.19215935247660101,1.0405120031824096,-0.8675581954384397,0.18697754746584322,1.1751393027860064,1.148733053788381,0.8247736770114983,0.0,0.3304199122384764,-0.3806932616237276,0.0050897761266413665,0.2431322695419322,1.0051414220648334,-0.6148347519764924,0.11010280775570461,-0.04109762343890801,-0.23422730900437783,0.24135554715603377,0.2610281360953487,0.7815324213206852,-0.5475226887698492,0.2416684381624824,1.4031612080661422,1.6033289779590365,0.0,0.7977904823001443,0.6115928396627265,-0.3332816128384987,-0.20594205440594832,0.5231956616943866,1.7541160386140584,1.4469560868289435,0.4200840252084029
90,2025,34,1890200,2025-11-20,Bahia 2 x 3 Fortaleza,1221,Bahia,74.95,25.05,Casa,0.36755810888139684,1.122493047767415,0.7027318258933319,1.9820864239680356,1.0695797317702087,0.7980671314129192,-0.003897843160034884,-1.5407373607175774,1.3340902695232737,0.8769087156453773,1.0159830302923514,-0.7366824708104321,-2.6334829328459675,1.4377435441552024,2.0541451228126397,-0.6981732102472119,-2.715666289014791,-0.6857475260496102,0.5673086289311756,0.43077489517064294,-0.1949212595206744,0.889460083706025,1.456043914916433,0.9464942559635788,0.8428364692121942,1.256183392633317,-0.43077489517064294,-0.43747602726441637,0.09898420331128135,1.466611701558243,-1.2513273424532743,0.4659378630541665,1.5543482968229194,2.0379938427581927,2.869391854732788,2.819465111895628,-0.9777066643337532,1.4397239802081145,0.7453559924999299,1.2719784394634397,-0.2621112169983114,0.0700319840547381,1.2577175465506112,2.062582519285999,-0.8770580193070292,-1.353604081227076,0.4200840252084029
91,2025,34,1890200,2025-11-20,Bahia 2 x 3 Fortaleza,2065,Fortaleza,25.05,74.95,Fora,-1.0134958731158437,-1.0494832192403973,-0.5935400186190852,-0.34538579223506477,0.997474765932747,-0.30310219407581435,1.5552394208540075,-1.1170363195762902,-0.770586461089516,-0.46593786305416535,-1.5543482968229194,-2.0379938427581936,-1.109796093377411,-1.506441187903233,-1.8660831915956821,-0.6284840610676279,0.9124230441230835,0.40434712957841634,-1.256183392633317,0.43077489517064294,0.43747602726441637,0.0,-0.5584551340869914,-1.9872886776504668,-1.961793764161181,-0.5673086289311756,-0.43077489517064294,0.1949212595206744,-0.01741277587523394,-1.4666117015582432,2.4393960799528216,-0.8769087156453763,-1.0159830302923514,0.7366824708104316,0.36436909209990387,-0.3222245842166432,0.3181302766338984,-0.5235359928029506,2.23606797749979,1.1222418176542754,1.4852968963237645,2.2332274554043328,-1.5739857015311742,0.8252730479400109,0.8770580193070292,-0.4200840252084029,1.353604081227076
92,2025,34,1890202,2025-11-20,Juventude 3 x 3 Cruzeiro,1220,Juventude,32.93,67.07,Casa,-0.3009236940832237,-0.06339540294159443,-0.41050306249099394,-0.5368008966247162,0.42247751324296545,0.5012868974637168,-0.47163902236424754,0.8602352057497186,-0.23948686427061996,0.05276150219666627,-1.1804280127578295,0.2706108054453728,-0.31319567843517726,-0.5250462772170877,-0.7266188586511084,1.497884856582606,1.2218447731745405,-0.27568362431969295,0.5673086289311756,0.43077489517064294,-1.261672097986263,-0.71156806696482,0.180413145818722,-0.4505452362335858,-0.7676144718435755,-1.1751393027860064,-0.43077489517064294,-0.3161138348704546,0.1245959803903694,-0.9248487407955759,0.8438161417543926,-0.4493790740852064,-0.7653961206886127,-0.3226306460031851,-0.13432807901149105,-0.7250053144874472,-0.3690559799398558,-0.35993099505202847,0.7453559924999299,0.537371155880488,1.4852968963237645,1.1004638799815725,-1.2160387974446454,0.28073467947394726,0.0,-1.353604081227076,1.353604081227076
93,2025,34,1890202,2025-11-20,Juventude 3 x 3 Cruzeiro,1230,Cruzeiro,67.07,32.93,Fora,0.5035748768191041,0.9571686663726837,-0.12350934405212464,0.6696063902828369,1.0174105346961484,1.2509200912297342,-1.0952939279698646,1.2532332728952607,1.173125187826867,0.44937907408520744,0.7653961206886127,0.32263064600318464,-0.8747380984904128,1.0451855798807443,1.1775748876533414,0.41685317662613197,-1.4231578727799477,0.24117221609352144,1.1751393027860064,0.43077489517064294,0.3161138348704546,-0.533676050223615,0.5921195435727162,0.9464942559635788,1.2214519655151619,-0.5673086289311756,-0.43077489517064294,1.261672097986263,-0.7479102895236094,0.9248487407955762,-0.5777673768614499,-0.052761502196665165,1.1804280127578295,-0.27061080544537325,0.843759613023315,0.40278073027080397,0.9691488354932452,0.45809399370258197,1.4907119849998598,1.3818560367946668,1.4852968963237645,0.94175679825466,0.6300846188372454,1.0669844425457091,0.0,-1.353604081227076,1.353604081227076
94,2025,34,1890225,2025-11-19,Palmeiras 0 x 0 Vitoria,1238,Vitoria,23.24,76.76,Fora,-0.4648039025475466,-0.9289108647959523,-0.8423562860482532,-1.3274071608968498,-1.4849828159927725,-1.1515264267108316,1.7891100104561137,-0.03629163492604932,-0.6446284845168578,-0.1672116627801528,-1.3942379373025375,-0.1519773375130287,0.29202590909732323,-2.3896966075207633,-1.421106737436387,-0.785284646721692,0.28888629868894555,-0.2013780641209449,-1.05357316801504,1.148733053788381,0.8247736770114983,-0.35578403348241,-0.5643049125185718,-1.6380288046011757,-2.0635291196933094,-1.1751393027860064,-0.43077489517064294,-0.684066080566746,-0.8901057677307121,-1.4471518553087286,1.6053069482502804,-0.2568112686492661,-0.9639820332956458,-1.8108504323962273,-1.087644322586797,-1.3694544829207336,-2.155740247031618,-1.6687709770594052,-1.4907119849998598,-1.733760114416509,-1.1358152736593494,-1.4575896803298751,-1.6818601109819087,-1.8337808832473628,0.0,1.4469560868289435,-1.4469560868289435
95,2025,34,1890225,2025-11-19,Palmeiras 0 x 0 Vitoria,1234,Palmeiras,76.76,23.24,Casa,1.2424336160603897,0.7813636526453491,0.17950335369136697,0.929562379915573,0.3114202914978198,0.881694434037701,1.0095413784490925,1.8814633561928213,1.183643260159415,0.2568112686492672,0.9639820332956458,1.8108504323962271,-0.6557970734142508,0.6526276156062863,0.866912797018461,0.17037365952781405,0.43211002150200334,0.13826491238818844,1.1751393027860064,0.43077489517064294,0.684066080566746,-0.533676050223615,0.9037094014284368,1.5053100528424446,0.9885315462705516,1.05357316801504,-1.148733053788381,-0.8247736770114983,-0.7031633961257232,1.4471518553087286,-0.101434362477226,0.16721166278015392,1.3942379373025375,0.15197733751302822,0.7248823895379979,0.9666737526499296,0.8559282165611846,1.1125139847062704,0.7453559924999299,0.31091947866475195,-1.1358152736593494,-0.4460898596295474,1.3435267358864227,0.06989895987487749,0.0,1.4469560868289435,-1.4469560868289435
96,2025,34,1890142,2025-11-18,Botafogo RJ 3 x 2 Sport Recife,1227,Botafogo RJ,63.04,36.96,Casa,0.01915227130424621,-0.10325455138348166,1.8799912389701408,1.36719704731283,1.25857402488495,0.3172651110636031,0.30792960964277355,0.9308520459399329,0.6551112270923602,-0.39550914094963024,0.14322241640178993,-0.6484063777426301,-0.000532405411550299,0.7507671066749009,0.6923190532527689,-0.645435475732932,0.5344802384872791,1.4395050796655153,-0.8509629433967631,-1.0051414220648334,-0.7666682262503298,2.312596217635665,0.9008957773306547,1.1560501797931535,0.5551504272240827,1.864014066488148,2.4410577393003097,0.9863466093320619,2.6053334532729124,0.771024578061359,-0.6312462120956058,0.48777881218372865,1.0666993294893674,1.7812829054460801,1.8497813762545137,1.5305667750290552,0.9831492346085,2.094143971211803,0.7453559924999299,1.6005447429169672,1.4852968963237645,-0.060516792358145506,1.022355198658099,1.270592520394296,0.8770580193070292,-0.4200840252084029,1.353604081227076
97,2025,34,1890142,2025-11-18,Botafogo RJ 3 x 2 Sport Recife,1231,Sport Recife,36.96,63.04,Fora,-1.2851466554971842,-1.5839854457746534,0.526294707893883,-0.103365300158721,0.4283450582373433,-1.6590521991292817,-0.39368215916354543,-1.3576566639281324,-1.1779055293312963,-0.48777881218372743,-1.0666993294893674,-1.7812829054460808,0.02812947262572979,-1.4083016968346183,-0.6225682804755379,0.8205696270457911,-0.007540151575632222,0.6098680480736703,-1.864014066488148,-2.4410577393003097,-0.9863466093320619,0.889460083706025,-0.8336276373018014,0.387678459084713,0.22832502456421552,0.8509629433967631,1.0051414220648334,0.7666682262503298,0.8581529764127643,-0.771024578061359,0.3376006893014816,0.3955091409496314,-0.14322241640178993,0.6484063777426295,-0.1476205839143646,0.0,1.3489096614945304,0.1308839982007378,0.7453559924999299,0.5988319284919646,0.6115928396627265,0.5231236428614913,-0.6398913833327672,0.33795715792929787,-0.8770580193070292,-1.353604081227076,0.4200840252084029
98,2025,34,1889959,2025-11-16,Santos FC 1 x 0 Palmeiras,1234,Palmeiras,47.67,52.33,Fora,-0.5380624710838746,-0.9251914765512981,0.07030521227958715,-0.305538959706644,-0.06138018159922036,-0.6911487198275738,0.22997274644207147,-1.5407373607175774,-1.102127956793714,0.44927107443707825,-0.774012453705905,-0.32472736982735884,0.35140480276486374,-0.13248831294262972,-0.6991221047095814,-0.6614947106790098,-0.1235431208426142,1.2609219654983082,-1.864014066488148,-1.0051414220648334,0.43548933461222594,1.245244117188435,-1.1039027614061627,-0.10128536318429462,0.12310278854391066,-0.5673086289311756,1.0051414220648334,-0.043981776746989866,-0.05605751205411248,-1.0862216489789491,-0.2876266285420891,-0.9328154944236117,-1.0955402115182893,0.6969582289299208,0.26264779274074185,-0.40278073027080397,1.692502789781407,-0.5235359928029506,0.0,0.45598474619463336,-1.1358152736593494,1.2753347026901884,0.2083937455298285,0.20496062267438256,-0.8770580193070292,0.5134360308102703,-1.4469560868289435
99,2025,34,1889959,2025-11-16,Santos FC 1 x 0 Palmeiras,1241,Santos FC,52.33,47.67,Casa,0.5103350388612715,0.33841625746788895,1.1799686508663623,0.5091218818526251,-0.21538113512526244,0.5921847556653858,0.619757062445582,-0.30494265738882226,1.7187615125247409,0.9328154944236127,1.0955402115182893,-0.6969582289299213,-1.9676503709054105,0.7507671066749009,1.0407307163303126,0.33814543167036665,-0.01090940226479493,0.5234331003613099,0.5673086289311756,-1.0051414220648334,0.043981776746989866,1.42313613392964,1.7132784059363906,1.1560501797931535,0.7469844448316961,1.864014066488148,1.0051414220648334,-0.43548933461222594,-0.08180830301399095,1.0862216489789491,-0.2836926339362941,-0.4492710744370772,0.774012453705905,0.32472736982735834,-0.14847394510171194,0.40278073027080397,-0.43152745781019713,0.45809399370258197,-0.7453559924999299,-0.46007768720781034,-0.2621112169983114,-0.7717775688133584,0.5222102093865111,-0.6479307522924703,0.8770580193070292,1.4469560868289435,-0.5134360308102703
100,2025,33,1890227,2025-11-16,Red Bull Bragantino 2 x 0 Atletico MG,1235,Atletico MG,48.87,51.13,Fora,0.2156288886864909,-1.1096927762472064,-0.25256998889861476,-0.5458038105615274,-0.6809941599003005,0.34037572087620693,0.12371122975767712,1.4836328719180638,-0.2676238521482179,-0.49758525382574403,-0.09278698461713551,0.7242330142451425,-3.1472148747419064,-1.178168074124331,-1.1192805663549101,-1.2527993238928954,0.22930769222046826,0.6831165479716447,-0.6331130843152796,-1.5082093801943046,-3.5478411247728436,0.5443848353041848,-0.9681598820010666,0.40400647026507447,0.7531392283859628,-0.8565647611324377,-0.6989262981388241,0.9149642680554654,0.05983970231138064,-0.09832337875614586,0.59868664642811,-1.022191839816715,-0.547334509981382,-0.8972128111098165,-0.6403445423987654,-0.6454812187832945,0.8904371120087433,-0.5654140912898757,-0.5738904611414065,-0.7071204097537487,-0.9662823901213162,-0.6664547980843085,-0.35602557489882786,-0.8173576636388835,-1.2909944487358056,-0.4423258684646914,-1.03209369308428
101,2025,33,1890227,2025-11-16,Red Bull Bragantino 2 x 0 Atletico MG,5438,Red Bull Bragantino,51.13,48.87,Casa,0.750101171726796,0.31702133770812857,1.449183264911525,0.21286911866464092,1.1077101941272935,0.7541985838964177,0.7255496447950271,-0.4954521681657765,0.895779086804329,1.022191839816715,0.547334509981382,0.8972128111098165,0.9088747964404194,-0.011665030436874729,-0.2757406780018727,-0.46255399524627194,1.0072459304771644,1.8132953646413075,0.8565647611324377,0.6989262981388241,-0.9149642680554654,1.0820488701725157,1.0390432975016282,0.40400647026507447,0.14428233229712853,0.6331130843152796,1.5082093801943046,3.5478411247728436,4.028678487020348,0.09832337875614586,0.007176374776029492,0.49758525382574403,0.09278698461713551,-0.7242330142451425,1.3845991255304249,-0.009091284771595824,2.487697295786523,0.7915797278058261,2.1589212585795776,1.6231374904445048,0.5203059023730163,1.5391236677409084,-0.2337068466806633,1.4822308758778784,1.2909944487358056,1.0320936930842797,0.44232586846469146
102,2025,33,1890193,2025-11-15,Sport Recife 1 x 5 Flamengo,1239,Flamengo,79.21,20.79,Fora,0.6121546368732343,1.1718871823257015,0.11234775306056664,2.375700127176862,2.2858719427952665,0.40943828146035427,-1.481191210341923,-0.7673045088366343,1.5496626278204775,0.1214351969583403,1.9778813155178097,-0.1497701699132101,-1.227992958781552,1.388138621988073,1.7347920180973222,0.6670504174762583,-0.973123237754775,0.09186189445779154,1.6014036838562964,-0.03678559463888552,0.023158954432710103,-0.7997752518666428,0.22673735433016673,0.8431439379445032,1.0994328140348324,1.3779520070391382,-0.6989262981388241,-0.7067405257675834,-0.2750452309449414,2.2073366087778994,-1.4142425691919818,0.8291746437437699,2.284068859337095,1.5402297810742267,3.4711652595182283,2.5364684512751987,0.02525451246244651,3.2040131839759627,2.1589212585795776,2.4472221415349003,2.7501883411145154,0.41789540292735117,1.6791498605608421,2.2954694530662296,2.581988897471611,0.29488391230979416,2.6539552107881486
103,2025,33,1890193,2025-11-15,Sport Recife 1 x 5 Flamengo,1231,Sport Recife,20.79,79.21,Casa,-2.0001508273982975,-1.019642650739586,-1.339175246006219,-1.2794328513475661,-0.6226249349490622,-2.5326267994243215,-1.7486749503585228,0.5353212902112235,-2.1151575147789137,-0.8291746437437699,-2.284068859337095,-1.5402297810742267,-0.5488288133299741,-1.178168074124331,-2.2213768199336985,-1.0047562181623633,-3.4135533299511667,-0.3127704822243018,-1.3779520070391382,0.6989262981388241,0.7067405257675834,-2.14393533903747,-0.8598212146388918,-2.8456107905626977,-2.4442871498337864,-1.6014036838562964,0.03678559463888552,-0.023158954432710103,-0.6210660425808442,-2.207336608777899,1.861576462014046,-0.1214351969583403,-1.9778813155178097,0.1497701699132101,-1.0822836510077658,-1.281871152794993,0.464501063001336,-1.16852245533241,-0.5738904611414065,-0.6713772644866366,-0.22298824387414992,0.3837602335950886,-1.7796073692676762,-0.7820849467368013,-2.581988897471611,-2.653955210788148,-0.2948839123097942
104,2025,33,1890084,2025-11-12,Atletico MG 3 x 3 Fortaleza,2065,Fortaleza,42.4,57.6,Fora,-0.8166858289717072,-0.619177744741157,0.24902280696598914,-0.10409231193224347,0.2590782717320694,-0.8440471931419196,0.4580659047784271,-1.0077892717377772,-1.2584039313850943,-1.344796449472237,-0.936460467622751,-1.0549877535057897,1.154399453591868,-0.011665030436874729,-0.3237234840181692,-1.2325298734246108,0.11842819461099198,-0.37301854363848735,-0.6331130843152796,-1.5082093801943046,-1.0952742493666607,1.0820488701725157,-1.850749692291102,0.31617897672918877,0.24293905246705239,1.3779520070391382,0.03678559463888552,-0.6037940920530517,0.5319210855073088,-0.6805284204468217,0.4435854926094052,-0.4079746555016152,-0.34471505046155243,0.3357282942022217,0.2731459289771786,-0.6454812187832945,-1.4030646903388373,-0.5654140912898757,0.519234226746987,0.30773780471884515,0.5203059023730163,1.6547930675493407,-0.2753472647974856,0.9811031003988315,0.0,-1.1795356492391769,1.179535649239177
105,2025,33,1890084,2025-11-12,Atletico MG 3 x 3 Fortaleza,1235,Atletico MG,57.6,42.4,Casa,0.0827695260619103,0.1324984218958813,0.4731921526098874,0.71709982129939,0.6728883990597727,0.45808234587179714,-0.5449981202838229,1.591133779965803,0.687467018292859,0.4079746555016152,0.34471505046155243,-0.3357282942022217,-1.2514152044469649,1.0381877088818359,0.906543580379713,-0.5020599305992195,-0.04899818679481631,-1.157044210834978,-1.3779520070391382,-0.03678559463888552,0.6037940920530517,-0.66535924314956,0.04755420578803515,1.194453912088046,1.2458974960754057,0.6331130843152796,1.5082093801943046,1.0952742493666607,0.12118157642321892,0.6805284204468217,0.25538751643973107,1.344796449472237,0.936460467622751,1.0549877535057897,0.19642264362219747,1.0818628878198875,-0.035510820616056156,0.33924845477392546,0.519234226746987,0.4336860823759475,1.2636000486201826,0.4526190181087632,0.7058050870801303,0.30843426475006275,0.0,-1.1795356492391769,1.179535649239177
106,2025,33,1890127,2025-11-09,Flamengo 3 x 2 Santos FC,1239,Flamengo,65.43,34.57,Casa,-0.20174153510006723,0.7408656008358905,0.5981192575428703,0.6597767228154364,0.5519422527146185,0.7935987747096738,-1.0799656003170228,-1.0963889212276718,1.2600403695319724,-0.2060522845528544,0.4000687865994871,-1.5052843675662106,-1.1681621926396315,1.1548380132505816,1.3521376550152087,-0.2560192890996117,-0.23176879863664782,-0.7952837552068122,1.228984222494367,-0.7724974874165952,-0.07882098751189448,-1.0686072693008082,1.4730807661276584,0.40400647026507447,0.8902384735192523,0.26069362295335025,2.243921272972014,0.8064336670724598,0.27562068223993297,0.8716196032467068,-1.873063579591175,1.425662156396035,1.0914925274407483,0.15988594750763577,0.5161088130666543,1.2636885832518014,-1.0150662651296605,-0.2638599092686087,0.519234226746987,0.06120076591983922,1.2636000486201826,0.572374025052252,1.4423199825214172,0.7378108240630834,0.6454972243679028,-0.4423258684646914,1.179535649239177
107,2025,33,1890127,2025-11-09,Flamengo 3 x 2 Santos FC,1241,Santos FC,34.57,65.43,Fora,-0.9586431633816925,-0.7472161669468382,-0.5265604865424585,-0.009500644181203749,1.1033652271908745,-2.1130717438756266,-0.41125625027552287,-0.7272237150197772,-1.8498941625776806,-1.425662156396035,-1.0914925274407483,-0.15988594750763577,0.5260932496089282,0.1049852739318709,-0.5892350457938594,-2.0230384416877056,-0.7407276792080232,-1.211534075290012,-0.26069362295335025,-2.243921272972014,-0.8064336670724598,-0.9341912605837255,-1.4693299132128246,-0.21078598448612562,0.8416041699697128,-1.228984222494367,0.7724974874165952,0.07882098751189448,-0.0885690258943034,-0.8716196032467068,-0.5448668053099021,0.2060522845528544,-0.4000687865994871,1.5052843675662106,-0.2715985544448317,0.4454729538081889,-0.9116000184072125,0.49002554578455904,1.0657965706911838,1.8740858186575822,0.5203059023730163,2.3141845751343806,-0.6579186062457866,1.729876383064266,-0.6454972243679028,-1.1795356492391769,0.44232586846469146
108,2025,33,1890132,2025-11-09,Corinthians 0 x 1 Ceara,7334,Ceara,21.26,78.74,Fora,-0.898574120044997,-1.0215017846721925,-0.45580224306454054,-1.3924063019236372,-0.7534295799481487,-1.668913151118829,2.062968344878027,-0.3765167691222767,-1.5115279500291001,-1.3246532288555701,-1.5739968206903874,-0.9245956877840906,0.35391185022271904,-2.6946220309180244,-1.45719832159429,-0.5210721619878257,0.16684987328434128,-1.0767710162762976,-0.6331130843152796,0.6989262981388241,0.6183793065553588,0.947632861455433,-1.4322081713104655,-1.703853374596183,-1.9063219268786158,-0.11172583840857907,-0.6989262981388241,-0.6325040520767968,0.26426736261137557,-1.5714734985160752,2.1378484889283276,-1.9271354860302738,-1.5154052610205706,-1.6218579060834508,-0.860888542074453,-1.281871152794993,1.7423092100235598,-1.16852245533241,-0.5738904611414065,-0.8545409749951347,-0.22298824387414992,-0.27457973747224024,-1.5922254877419775,-0.9628379739038256,0.6454972243679028,1.0320936930842797,-0.2948839123097942
109,2025,33,1890132,2025-11-09,Corinthians 0 x 1 Ceara,1237,Corinthians,78.74,21.26,Casa,1.071271172033344,0.9088596003131698,0.39221319589941417,1.2642751266115542,-0.18686591068680317,0.9285585285178617,-0.6787399902921228,-2.017825275922577,0.7258731260402947,1.9271354860302738,1.5154052610205706,1.6218579060834508,0.7887440565028911,1.1548380132505816,1.6699482514546948,0.6471238333343033,-0.7339849185051613,0.7124521912409839,0.11172583840857907,0.6989262981388241,0.6325040520767968,0.006720800435853756,0.7941176787262851,1.6335913797674748,0.8856334087185246,0.6331130843152796,-0.6989262981388241,-0.6183793065553588,-0.015337469709584299,1.5714734985160757,-1.6698565563491663,1.3246532288555701,1.5739968206903874,0.9245956877840906,0.987034499455663,1.2636885832518014,-1.6651791820357038,0.18847136376329193,-0.5738904611414065,-0.4547183911881653,-0.9662823901213162,-0.7736332915904801,2.2438980312702386,-0.5682775986405281,-0.6454972243679028,0.29488391230979416,-1.03209369308428
110,2025,33,1890134,2025-11-09,Sao Paulo 0 x 1 Red Bull Bragantino,1224,Sao Paulo,66.67,33.33,Casa,0.23727481235628745,0.28298010822923364,0.08726981063068812,-0.3911502684136029,-0.9592788992090346,0.7292279641652104,-0.9462237303087229,0.024691976984463748,0.36735584731447385,0.43235627165057056,0.30737596307036436,0.41671337537461106,0.14106135445161855,0.1049852739318709,0.5795754538534407,-0.18389605838173026,-0.13392013494860874,-0.19006356498367,0.4841452997705084,-0.03678559463888552,0.5019092742875786,-0.3965272257153945,0.7715246834432271,1.3701088991598176,0.7906539472035292,1.0055325456772088,-1.4346381909165338,-0.6183793065553588,-0.7923818478641963,0.6776369979121722,-0.5163137084041479,0.013297268741627915,0.3736474099225786,-1.8088630918830984,-0.8070223896060641,-0.9182197619311653,-0.5293497180159493,-0.4146370002792422,-1.1204528050856033,-0.9954356115140713,-0.9662823901213162,-1.405374229327152,1.0909789546607325,-1.1018782455367473,-0.6454972243679028,0.29488391230979416,-1.03209369308428
111,2025,33,1890134,2025-11-09,Sao Paulo 0 x 1 Red Bull Bragantino,5438,Red Bull Bragantino,33.33,66.67,Fora,0.3721815643900267,0.18410337365635124,-0.11697619442583923,-0.49959373895380427,-1.0449791392226746,-0.4524624746298043,0.5249368397825771,1.447159349544724,-0.5103479166387421,-0.013297268741627915,-0.3736474099225786,1.8088630918830984,0.9630211972765391,0.1049852739318709,0.20232257545420912,0.28767891169672516,0.6531977792333715,1.1019000957480218,-1.0055325456772088,1.4346381909165338,0.6183793065553588,1.0820488701725157,-0.7205517445438977,-0.3864409715578971,0.0759054320864246,-0.4841452997705084,0.03678559463888552,-0.5019092742875786,-0.22955361549413347,-0.6776369979121722,0.6854530916948199,-0.43235627165057056,-0.30737596307036436,-0.41671337537461106,-0.5966486194580694,-0.9182197619311653,-0.17440301050977597,-1.0177453643217764,-1.1204528050856033,-1.0661220001125247,-0.9662823901213162,-1.190615284670267,-0.9598116375927452,-0.37467484238774396,0.6454972243679028,1.0320936930842797,-0.2948839123097942
112,2025,33,1890135,2025-11-09,Mirassol 2 x 1 Palmeiras,1234,Palmeiras,42.24,57.76,Fora,0.7746868957216378,0.3652344636871432,0.17841059827115102,-0.7486062675220955,-0.5377526868394785,0.5498654879814538,2.062968344878027,-0.15641792721419062,0.626351310155132,-0.25489426728618736,0.7692510608840534,0.3734007501815781,0.06589003191050713,-0.12831533480562035,0.033762130282931194,0.5890768273555638,0.7555467119213398,1.6391078502933556,0.8565647611324377,0.6989262981388241,0.71480572559988,2.2917929486262607,0.7222959993437821,-0.9134059327732115,-1.735419119231369,-0.4841452997705084,0.03678559463888552,-0.04962880600683343,-0.5828597204383023,-0.14666266069109138,0.7098063954909098,-0.43921638886299297,-0.9750867023010237,-1.3296623032715016,-0.543013403824765,-0.28182982791946665,0.464501063001336,0.03769427275265839,-1.1204528050856033,-0.6538269868611956,-0.22298824387414992,-1.007211763423165,-0.7281868118179234,-0.764765654614943,-0.6454972243679028,-0.4423258684646914,-0.2948839123097942
113,2025,33,1890135,2025-11-09,Mirassol 2 x 1 Palmeiras,6332,Mirassol,57.76,42.24,Casa,0.9790216505261629,-0.08242270671845132,0.002881478558827403,-0.23305449651064147,0.3195688746768453,0.7694268785052223,1.126775254819927,-0.4647591619610025,0.2607749830828905,0.43921638886299297,0.9750867023010237,1.3296623032715016,-0.1377977504951551,-0.9448674653868397,0.1678169333814116,2.8318020583523107,1.0972144099496937,1.039071349883935,0.4841452997705084,-0.03678559463888552,0.04962880600683343,0.27555281787001923,1.7391368248817545,0.4918339638009602,-0.8159764106901363,-0.8565647611324377,-0.6989262981388241,-0.71480572559988,-0.9337436759285077,0.14666266069109138,-0.7026901002186325,0.25489426728618736,-0.7692510608840534,-0.3734007501815781,0.06377116433197431,0.35456010609223193,-0.17440301050977597,0.33924845477392546,0.519234226746987,0.14515287849014147,0.5203059023730163,0.02559165168545229,0.10982660278311714,0.023698549930942052,0.6454972243679028,0.29488391230979416,0.44232586846469146
114,2025,33,1890136,2025-11-09,Cruzeiro 0 x 0 Fluminense,1230,Cruzeiro,49.03,50.97,Casa,0.686692646815588,1.1426759869644845,0.6252330050426753,0.2301266830819476,-0.3215919466736077,0.45605550985465365,0.5918077747867271,1.1432133297668907,0.6391245276351156,-0.7586143966389245,0.5964693180887861,0.942733810284731,0.6779363759151937,1.0381877088818359,0.49647436420327157,0.5517608949406599,0.6635269141561466,1.0580036523279968,1.6014036838562964,1.4346381909165338,0.71480572559988,0.6788008440212675,0.3100201560203644,0.1405239896574173,0.2141119527440795,1.7503714684010676,0.7724974874165952,0.4039187676624301,0.09918408473933961,0.6909717104536784,0.2941359932739791,-0.08676456391247113,0.2884929192714601,0.02632339248971412,-0.08528128988706245,-0.5545683710673375,0.038565013993928164,0.03769427275265839,-0.027328117197209744,-0.22230392510207939,-0.9662823901213162,-0.2834067569864389,-0.251924529606773,-0.3389220227688617,0.0,1.0320936930842797,-1.03209369308428
115,2025,33,1890136,2025-11-09,Cruzeiro 0 x 0 Fluminense,1232,Fluminense,50.97,49.03,Fora,-0.12244673091733176,-1.1271016745664653,-0.8673185291975086,-0.7252802375656068,-1.0831780449771682,0.6497759922931872,-0.47812718527967285,-0.3285252923152507,-0.3816625874308606,0.08676456391247113,-0.2884929192714601,-0.02632339248971412,0.4280039717412224,-1.0615177697555853,-0.9240199726926124,0.31768822797444496,0.6002625331782019,-0.38393423233568247,-1.7503714684010676,-0.7724974874165952,-0.4039187676624301,-0.26211121699831175,-0.9820350800202863,-0.2986134780220114,-0.10493392121692618,-1.6014036838562964,-1.4346381909165338,-0.71480572559988,-0.6251095253716126,-0.6909717104536784,-0.005254773288230116,0.7586143966389245,-0.5964693180887861,-0.942733810284731,-0.6709461114352314,-1.1000454573630791,-0.6307630630177132,-1.0177453643217764,-1.1204528050856033,-1.0759858244640244,-0.9662823901213162,-1.2216368832862408,-0.14261843205011562,-1.1813683082201898,0.0,1.0320936930842797,-1.03209369308428
116,2025,33,1890138,2025-11-09,Vitoria 0 x 0 Botafogo RJ,1238,Vitoria,42.64,57.36,Casa,-0.2587025397930655,0.6031318876675695,0.038865205737664325,-0.20837893045640693,-0.5375055899563475,-0.41701036019660886,-0.5449981202838229,-0.24625418921749065,0.7176570058200948,-0.41018117641166074,0.07884401363129931,-0.8325851575369235,0.28727819374353575,0.22163557830061653,-0.10031097967930974,0.44594722357237077,-0.8124757805601417,-1.7518120243482673,0.8565647611324377,1.4346381909165338,0.29128879350243625,-0.66535924314956,0.7786811901480053,-0.2986134780220114,-0.1806271327958235,0.6331130843152796,0.03678559463888552,-0.6928981812257672,-0.2514159135046131,-0.5164222210696663,0.5627920993247673,-2.57149326553312,-0.22996998019584208,0.35208572180171804,-0.43920924236183734,-0.46365552335138055,-0.3873710350134801,-0.7161911823005094,-0.5738904611414065,-0.5010023888929649,-0.9662823901213162,0.01344127204630449,-0.44711398952937553,-0.613952436037677,0.0,1.0320936930842797,-1.03209369308428
117,2025,33,1890138,2025-11-09,Vitoria 0 x 0 Botafogo RJ,1227,Botafogo RJ,57.36,42.64,Fora,0.11569927164843544,-0.2581627605804496,-0.5034710938175335,0.19393155111750843,-0.5527521289214817,0.6985592737239893,0.05684029475352712,1.7978662954422244,0.3871053874989701,2.57149326553312,0.22996998019584208,-0.35208572180171804,0.42166829771837,-0.12831533480562035,-0.2344370285620131,-0.28162826232552596,0.3552131587573031,0.277040582319772,-0.6331130843152796,-0.03678559463888552,0.6928981812257672,0.006720800435853756,0.22848357324863444,-0.2986134780220114,-0.06631493571748912,-0.8565647611324377,-1.4346381909165338,-0.29128879350243625,-0.6662145065187063,0.5164222210696663,-0.6633329983189573,0.41018117641166074,-0.07884401363129931,0.8325851575369235,-0.49443716050525693,-0.28182982791946665,-0.8133070840208879,-0.5654140912898757,-0.5738904611414065,-0.5824256615848467,-0.9662823901213162,-0.3812450870970344,0.43774489545308914,-0.694304067810396,0.0,1.0320936930842797,-1.03209369308428
118,2025,33,1890139,2025-11-09,Fortaleza 2 x 2 Gremio,2065,Fortaleza,50.86,49.14,Casa,-0.33057536330705817,0.6656705603031082,0.32847655644201235,0.28198724600052033,0.06709207745236215,0.35818659176369755,0.25745309976597713,0.03795507602931394,0.25849616336382647,0.609712389756792,-0.021402442878468594,-1.469020259208837,0.32582296564110386,1.0381877088818359,0.8047153658370448,0.5890768273555638,1.109866878490614,0.045809587081194154,0.8565647611324377,-0.03678559463888552,0.8165470114992452,0.006720800435853756,0.5019358229166383,0.1405239896574173,0.41805878071612995,0.6331130843152796,0.7724974874165952,0.13758669072072627,-0.08393184608970983,0.4480996946645835,-0.365095891954839,0.5533689320982733,1.0800535299715388,-0.2358194701566515,-0.16438477047738925,0.4454729538081889,0.624227081379114,1.0931339098270931,-0.5738904611414065,-0.2312393542225782,0.5203059023730163,-0.9287486090071155,-0.09317043553638966,-0.3477398494992915,0.0,-0.4423258684646914,0.44232586846469146
119,2025,33,1890139,2025-11-09,Fortaleza 2 x 2 Gremio,1244,Gremio,49.14,50.86,Fora,-0.30996212792569733,-0.5300102583743113,-0.47334130372056354,0.20153346260047283,0.9134357815350054,0.13278178876738758,-0.07690157525477288,-0.3765167691222767,-0.4810695383718482,-0.5533689320982733,-1.0800535299715388,0.2358194701566515,0.4387059996702673,-0.011665030436874729,-0.7027654313284958,0.7931483327495693,0.3318919900796983,-1.209427210827503,-0.6331130843152796,-0.7724974874165952,-0.13758669072072627,-1.0686072693008082,-0.3497558544576747,-0.3864409715578971,-0.3480164918538823,-0.8565647611324377,0.03678559463888552,-0.8165470114992452,-0.21546456051344864,-0.4480996946645838,0.1982684216469032,-0.609712389756792,0.021402442878468594,1.469020259208837,-0.23618915702083057,0.9909500401039305,1.0025255459580618,0.9423568188164596,1.0657965706911838,1.1238758110362148,0.5203059023730163,0.7591235271045996,-0.19206642856384157,0.989540158644598,0.0,-0.4423258684646914,0.44232586846469146
120,2025,32,1890130,2025-11-08,Vasco da Gama 1 x 3 Juventude,1226,Vasco da Gama,69.53,30.47,Casa,0.40139577874247245,1.6334061639688162,-0.44174423659023504,1.2699750679579418,0.07785494554816601,1.0913496472660602,-1.3954000559242339,-1.311208322985987,1.0399580261487433,0.26351578025157774,1.5237019843783817,-0.5127861074548377,-0.8319143803643408,2.1570373538238865,2.858071867159896,-0.017086627069025098,-0.32886966892911845,-0.9598464319730672,0.7993204826634049,0.7191949522280763,0.7089147447642511,-1.6881813832255643,-0.04461631213215656,1.6121532079753536,2.729067411719789,-1.0953651058720735,-0.7191949522280763,-0.4924925250252036,-0.715260874058893,2.2044658819190097,-1.9511748261191235,1.188216283317053,2.630027245026791,-0.3883875063959303,0.6337946512818966,0.13906560518810385,0.21278120247371404,0.13494906633937143,0.2817180849095055,0.16472738678347046,-0.3452845365668931,0.023780673130806868,2.1956453342829407,0.06366698304024142,-1.4509525002200234,-1.5144491031126976,-0.4396787718714283
121,2025,32,1890130,2025-11-08,Vasco da Gama 1 x 3 Juventude,1220,Juventude,30.47,69.53,Fora,-1.1738274308132783,0.14254107502428182,-1.030598867946902,-0.870760994861941,0.407885450410689,-1.3463392462854804,-0.8666168768371557,0.33541315802426075,-1.5470601960575148,-1.1882162833170513,-2.630027245026791,0.3883875063959303,0.34729467938937886,0.5374188628981013,-1.7818146209011236,-0.5453569993285399,-0.8667090393254475,-2.298211051878971,1.0953651058720735,0.7191949522280763,0.4924925250252036,-1.006087895053619,-2.341996431457569,-1.5335115880741177,-0.8134245402968874,-0.7993204826634049,-0.7191949522280763,-0.7089147447642511,0.21651814179537576,-2.2044658819190097,0.4972005749080329,-0.26351578025157596,-1.5237019843783817,0.5127861074548377,-0.2676622206052106,-1.0198144380460956,0.3742681370511436,-0.5847792874706096,0.8451542547285166,0.4876989538686576,1.627769958101067,1.4084969810429797,-1.4202390222671903,0.3734607320754173,1.4509525002200234,0.4396787718714283,1.5144491031126976
122,2025,32,1890137,2025-11-08,Internacional 2 x 2 Bahia,1221,Bahia,66.04,33.96,Fora,-0.12416301591438826,0.4159557090387478,-0.026241159251280902,0.32048172195323904,0.811359013016418,0.9752300867361268,-0.4553410708805395,-0.9726129633657643,-0.6150213564830068,0.2933870779748617,0.6963206784965372,-1.0679163579323117,0.7535037391428867,0.8318949521573349,0.27233905207694353,-0.06470799513837619,0.22217629976653747,-0.8894076425126821,0.7993204826634049,-0.2397316507426921,-2.669978998221186,-1.517658011182578,0.24903937428162462,1.2189451084691698,1.3883097898062422,0.0888133869626005,-0.2397316507426921,-0.7089147447642511,0.0431448367041897,-0.26946514631159085,-1.107729439259137,0.5033495441806536,0.41751256157308636,0.247779330449432,0.8861001421020286,0.37084161383494374,1.3330968111046317,0.49481324324436193,1.4085904245475276,1.1849253247161706,0.6412427107670869,0.7321183352755283,0.6689386059617739,1.0422390189704664,0.0,-0.5373851656206347,0.5373851656206347
123,2025,32,1890137,2025-11-08,Internacional 2 x 2 Bahia,1219,Internacional,33.96,66.04,Casa,-0.21248039802094165,-0.029720834361699713,-0.362995498799434,0.1231214632962051,0.913018539075932,-0.4681630551999031,0.19094948133700043,-1.2090922621481417,0.18051734575650663,-0.5033495441806518,-0.41751256157308636,-0.247779330449432,-1.8489022235335832,0.09570472900925073,-0.36550633023614115,-1.7552665616003311,1.0307084138183824,-0.9451963010659551,-0.0888133869626005,0.2397316507426921,0.7089147447642511,-1.1766112670966054,-0.21739187431395873,-0.8781647555638111,-0.5470418682597178,-0.7993204826634049,0.2397316507426921,2.669978998221186,0.6537837360984843,0.26946514631159085,1.463283389392034,-0.2933870779748599,-0.6963206784965372,1.0679163579323117,-0.14857497256254495,0.4867296181583637,1.3330968111046317,0.49481324324436193,1.4085904245475276,1.43935951195368,0.6412427107670869,0.9778059521845374,-1.7160841059849283,1.2862918359363504,0.0,-0.5373851656206347,0.5373851656206347
124,2025,32,1890140,2025-11-08,Sport Recife 2 x 4 Atletico MG,1231,Sport Recife,34.45,65.55,Casa,-0.8660657458583785,-1.2325612514512365,-0.4779660681269265,-1.0681831179283259,-0.686539291453411,-2.9055618743124825,0.19094948133700043,-0.2020166276783626,-1.5405025171369344,-1.4587946713858704,-1.6599806172794598,0.6642569800237166,0.5296800597826993,-1.9656278958053848,-1.197682167838116,-0.2502571060915175,-0.451229928827671,-0.8205810136456291,-0.0888133869626005,-1.6781215551988446,-1.1705337446535715,0.3580990812902715,-1.6771240364189475,-0.48495665605762717,-0.7051528735979095,0.0888133869626005,-0.7191949522280763,-0.6071794520061232,-0.43343323230978004,-1.6128352062377462,1.1626395562437244,-0.9300610753564733,-0.5163503617387454,-0.8043811571044968,-1.3391657466323152,-0.7880384293992557,-0.7561404049908637,-1.1245755528280952,-0.8451542547285166,-1.1486417875916517,0.6412427107670869,-0.6606929584843887,-0.8906397983280299,-1.196114378114642,-1.4509525002200234,-2.4915130406047603,0.5373851656206347
125,2025,32,1890140,2025-11-08,Sport Recife 2 x 4 Atletico MG,1235,Atletico MG,65.55,34.45,Fora,0.16896038520291068,0.8595957123500463,0.9444605269339795,0.8871750761224836,1.2817223839554028,-0.6409921685467804,-0.8666168768371557,1.155700725675632,-0.19683398299152832,0.9300610753564751,0.5163503617387454,0.8043811571044968,1.3613786222695443,1.4208471306758022,1.3871541534589071,-0.9099872783693537,-2.134928812914116,-0.1998196287966957,-0.0888133869626005,0.7191949522280763,0.6071794520061232,0.017052337204298874,1.5525203386719977,2.0053613074815377,1.836382039441266,0.0888133869626005,1.6781215551988446,1.1705337446535715,0.32489423608459894,1.6128352062377467,-0.9777748625600431,1.4587946713858722,1.6599806172794598,-0.6642569800237166,0.9401414609964446,1.1820576440988833,1.6661636136705797,1.214541597054343,1.4085904245475276,1.1648806615512943,2.6142972054350473,0.13210330580691546,2.133554390786625,1.0230122139422813,1.4509525002200234,-0.5373851656206347,2.4915130406047603
126,2025,32,1890095,2025-11-07,Palmeiras 2 x 0 Santos FC,1241,Santos FC,45.16,54.84,Fora,-0.820361180614009,-1.0350681209879462,0.6593805392379402,-0.621236501824806,-1.0346760012870888,-0.7273356606176917,1.3660232126416183,-1.972920397215221,-1.6162722843594413,0.6385155977955854,-0.9290084733785179,-1.3710466920746167,-1.3402487744198495,-0.7877235387684502,0.07802779129816863,0.42257065048889325,0.5806637908273342,1.3211273866566033,-1.2729918797972744,-2.157584856684229,-2.054787900606131,2.5749029178490934,-0.4727776312867436,-0.35388728955556586,-0.9888472755408765,0.6809026333799374,1.1986582537134605,0.09306985014924961,0.3284843513274589,-0.6657683790706295,-0.15380754646791608,-0.574012429544683,-0.38531817827765563,-0.4190396701323508,-1.0148197798185885,-0.20859840778215596,-0.30894581693028944,-0.7647113759231048,-1.4085904245475276,-1.3034644216273175,-1.3318117839008732,-1.266436156486262,-0.5217465457910976,-1.344619971552095,-1.4509525002200234,-0.5373851656206347,-1.4167427093634912
127,2025,32,1890095,2025-11-07,Palmeiras 2 x 0 Santos FC,1234,Palmeiras,54.84,45.16,Casa,0.40595600587582337,-0.4842970974681752,0.9898807218919927,1.0896993446725811,1.4470024101475016,-0.042343956855129844,1.3660232126416183,-0.19112278067087676,-0.08881437064032772,0.5740124295446848,0.38531817827765563,0.4190396701323508,0.7721032635817608,-0.49324744950921656,0.4356199467299136,-0.9839492156520642,0.709936792634786,0.8632883229000783,-0.6809026333799374,-1.1986582537134605,-0.09306985014924961,0.3580990812902715,-0.31895219335947217,1.0878757419671083,-0.31226392002356873,1.2729918797972744,2.157584856684229,2.054787900606131,1.3816849649725458,0.6657683790706295,1.0561018470125325,-0.6385155977955836,0.9290084733785179,1.3710466920746167,1.3929738341665607,2.9203777089501823,-0.4053239609088612,3.1937945700317907,0.8451542547285166,1.2965622179008152,0.6412427107670869,-0.626430186663599,0.2744784943381239,1.1493209270852711,1.4509525002200234,1.4167427093634912,0.5373851656206347
128,2025,32,1890087,2025-11-06,Fluminense 1 x 0 Mirassol,1232,Fluminense,46.46,53.54,Casa,0.4989401398029599,0.7204812824504117,0.2615555015217383,1.4077276450960527,1.2331165417625625,0.37646558751306763,0.425964227597924,0.6236223034152824,1.070083505798522,-0.6762595056941368,0.7301267504859577,0.10077890623079164,0.49200106041521446,1.1263710414165684,0.05361997521688105,1.5503792067493842,1.8225547330705796,1.5520883686416003,0.5032758594547364,1.1986582537134605,0.4678183872952863,0.3580990812902715,0.5661824551381949,-0.8781647555638111,0.1310231151076198,1.2729918797972744,0.2397316507426921,-0.6259596253331682,0.01049269772580822,0.7302615901579487,0.202653593069547,-0.3257420557290233,0.872972549648737,1.6747388989400778,2.3529375416374476,1.0661696397754634,0.33389640340678656,0.49481324324436193,1.9720265943665387,2.2774998587108897,-0.3452845365668931,1.7871339228705148,-0.18937737766376175,2.090234556290656,0.7254762501100117,1.4167427093634912,-0.4396787718714283
129,2025,32,1890087,2025-11-06,Fluminense 1 x 0 Mirassol,6332,Mirassol,53.54,46.46,Fora,-1.0206570484086521,-0.655192404214509,-0.4531219254344832,-0.4607315533761429,-0.6327205229380263,-0.4757243289088291,-0.8078631902719249,0.7566419089803701,-0.6389895845593033,0.3257420557290251,-0.872972549648737,-1.6747388989400778,-1.6111703295416913,-0.49324744950921656,-0.6147986368088529,0.618017579778952,-1.1049552745881956,0.38746292778858404,-1.2729918797972744,-0.2397316507426921,0.6259596253331682,-0.4945177789246601,-0.7209829991564976,0.9568063754650471,0.5456360985679043,-0.5032758594547364,-1.1986582537134605,-0.4678183872952863,-0.7581030368225917,-0.7302615901579482,-0.0835830593009735,0.6762595056941386,-0.7301267504859577,-0.10077890623079164,-0.281758966629874,-0.5562624207524158,-0.029449199392430514,-0.5847792874706096,-0.8451542547285166,-0.4514201019482679,-1.3318117839008732,-0.0424396266361906,0.4278796488584323,-0.527340585259007,-0.7254762501100117,0.4396787718714283,-1.4167427093634912
130,2025,32,1890099,2025-11-06,Sao Paulo 2 x 2 Flamengo,1239,Flamengo,55.49,44.51,Fora,0.41127457900339576,0.05806609917702629,-3.720004681319796e-05,-0.016717761558123025,0.1806303145869467,0.3579060975002492,-1.1603853096633103,-0.0858155929318497,1.1962440969489923,-0.8782162912917271,0.16382570302347416,1.0320829448607645,0.7592076058565004,-1.082199628027684,-0.6835147116410761,1.721093307462281,0.4333878105067442,0.2298291259795825,0.7993204826634049,1.1986582537134605,0.537445562590523,0.017052337204298874,1.0241355554856564,-0.7470953890617498,-0.7175267783635066,-0.5032758594547364,0.7191949522280763,-0.34854181136364015,-0.5102347966824244,-0.05696413938572224,-0.9928053668308624,0.3677115064393749,0.18643359703470422,-0.4190396701323508,0.22269916625087674,0.37084161383494374,1.9270271233725826,0.13494906633937143,0.2817180849095055,0.3474236901529582,-0.3452845365668931,0.225398769370296,0.9099975630651164,1.182301265245238,0.0,-0.5373851656206347,0.5373851656206347
131,2025,32,1890099,2025-11-06,Sao Paulo 2 x 2 Flamengo,1224,Sao Paulo,44.51,55.49,Casa,-0.18208404463097216,-0.2092443514103298,-0.4839471045074512,-0.6044927023706133,-0.36870610942099596,-0.9308184902648057,-1.0428779365328484,-1.265256095608956,0.08470242759565776,-0.3677115064393731,-0.18643359703470422,0.4190396701323508,0.7356148247146782,-0.34600940487959975,-0.27504890798837955,0.03329540001883868,-1.2652026494769257,0.17644170093649375,0.5032758594547364,-0.7191949522280763,0.34854181136364015,0.017052337204298874,0.3767850965639503,-0.35388728955556586,0.4558105441155051,-0.7993204826634049,-1.1986582537134605,-0.537445562590523,-0.945654034880525,0.05696413938572224,-1.2523688308616723,0.8782162912917288,-0.16382570302347416,-1.0320829448607645,-1.2790263009839367,-0.5562624207524158,-0.4331665358360046,0.3148811547918667,-0.8451542547285166,-0.7002202839758128,0.6412427107670869,-1.0147350014647019,-0.10902439196264761,-0.7659892745122548,0.0,-0.5373851656206347,0.5373851656206347
132,2025,32,1890119,2025-11-06,Ceara 1 x 1 Fortaleza,2065,Fortaleza,41.34,58.66,Fora,-0.08259913786704458,0.6418452582500194,-0.3722556865857299,-0.9617132967812065,-0.5447731020687085,0.16863796497369854,0.6609789738588476,0.2072131033854442,-0.42189682848773025,-0.11239969948803674,-0.20876006703841254,-0.247779330449432,-0.6769541991724257,0.684656907527718,0.3642086905808784,-0.10978955691069471,0.5824525341388427,0.8020285185260417,0.7993204826634049,0.7191949522280763,0.5125380444965468,0.6991458253762441,0.4585423588246415,-1.5335115880741177,-1.3965866061079866,0.0888133869626005,-1.1986582537134605,-0.7089147447642511,-0.7478658488902875,-0.5101763898155423,1.4292190286512991,-2.0226172366855013,-0.6297806086822644,-1.4707494658886517,-1.2361467227383676,-1.3674784510163553,-1.5866446399605016,-1.1245755528280952,-0.2817180849095055,-0.5705687294484119,-0.3452845365668931,0.6151948106782648,-0.9782976009110634,-0.6416277354833778,0.0,0.4396787718714283,-0.4396787718714283
133,2025,32,1890119,2025-11-06,Ceara 1 x 1 Fortaleza,7334,Ceara,58.66,41.34,Casa,1.0406113057362085,0.6144875369445056,-0.3573145137151052,0.36092506641939764,-0.322721584616974,1.5733808462100851,0.9547474066850021,-0.0858155929318497,0.5502638723419156,2.022617236685503,0.6297806086822644,1.4707494658886517,1.303423856733874,0.8318949521573349,0.5162103288698277,-0.13144057013029553,0.2684833643863172,0.9235777945771219,-0.0888133869626005,1.1986582537134605,0.7089147447642511,1.2107159415052031,-0.7044262210070164,-0.6160260225596885,-0.6872432745950697,-0.7993204826634049,-0.7191949522280763,-0.5125380444965468,-0.5156353453376482,0.5101763898155417,-0.1482035973673123,0.1123996994880385,0.20876006703841254,0.247779330449432,0.4769844783742043,-0.09271040345873603,-0.9378132063904719,-0.04498302211312381,-0.2817180849095055,-0.5584498903228545,-0.3452845365668931,-0.6653543932746767,0.38770315600787525,-0.6300033666866337,0.0,0.4396787718714283,-0.4396787718714283
134,2025,32,1890103,2025-11-05,Red Bull Bragantino 2 x 1 Corinthians,1237,Corinthians,41.84,58.16,Fora,-0.7917921027902535,-1.2579401687635587,-0.9075681120241262,-1.0486591655460904,-0.8446403806366214,-0.28007637169037214,-1.3954000559242339,1.1778706599364794,-1.104409236236508,-0.43997114103452156,-0.7853840904034197,-0.6184181794080413,-0.7652194826637493,-1.082199628027684,-1.4779109135158166,-0.9214099713859885,-0.3728941344130932,-1.2842371325177542,-1.2729918797972744,-1.1986582537134605,0.12806315144739744,-1.3471346391395917,-1.0671598338920278,-0.35388728955556586,-0.01427652418538005,-1.0953651058720735,-0.7191949522280763,-0.7089147447642511,-0.8626668514574215,-0.9932208918536195,1.335742843298501,-0.4217021509687813,-1.0331275004478653,-1.262347979758754,-0.9059402901241228,-1.4833664553397754,-0.5485143462484544,-0.9446434643756001,-0.8451542547285166,-0.9145986435025547,-0.3452845365668931,-0.3999280467397291,-1.1207415301084929,-0.9716206132371372,-0.7254762501100117,-0.5373851656206347,-0.4396787718714283
135,2025,32,1890103,2025-11-05,Red Bull Bragantino 2 x 1 Corinthians,5438,Red Bull Bragantino,58.16,41.84,Casa,0.7489481248436219,0.7333828057351528,0.6725587840660464,0.8471784247790527,-0.14218775475937073,0.7284906969953234,-1.1016316230980794,1.2621164101277023,0.8254320319650277,0.42170215096878305,1.0331275004478653,1.262347979758754,1.4496406268712898,0.3901808182684844,0.728790346571977,2.041988064606522,-1.6002442922744593,0.3788247137487392,1.0953651058720735,0.7191949522280763,0.7089147447642511,0.6991458253762441,1.0437381739224325,-0.48495665605762717,0.019729774372555912,1.2729918797972744,1.1986582537134605,-0.12806315144739744,0.30577522764449433,0.9932208918536195,-0.6302673581322356,0.43997114103452334,0.7853840904034197,0.6184181794080413,0.99169053745113,0.6026176224817836,0.33389640340678656,0.8546774201493524,-0.8451542547285166,-0.34919428879476255,-0.3452845365668931,-0.9094047441214117,0.09551048073109723,0.5141065467714596,0.7254762501100117,0.4396787718714283,0.5373851656206347
136,2025,32,1890115,2025-11-05,Vitoria 1 x 0 Internacional,1219,Internacional,47.05,52.95,Fora,0.3230599624983566,-0.7247648269650327,-0.3680819475478431,-0.16400830276539624,-1.059683792887888,0.7253839997540474,1.7772990185982347,-0.21542443937988298,-0.7982241624341607,2.537576880252426,-0.16658784592029585,0.48591711828454165,-1.1529634959432025,-1.3766757172869175,-0.7851679847272997,-1.0619475989502034,-0.1801123549885813,0.12701317477780222,-0.9769472565886059,0.2397316507426921,0.2561247415748785,0.3580990812902715,-0.404629848496943,-0.48495665605762717,-1.0634647171170521,-1.391409729080742,-0.2397316507426921,-0.25966325478125646,-0.04586288219932601,0.48178625351108395,-0.5932985953404568,1.1329887273208934,-1.06790808135546,0.13827239780257009,-0.20818378101977894,-0.20859840778215596,-1.8461772133885135,-0.7647113759231048,-1.4085904245475276,-1.361285960464276,-1.3318117839008732,-1.3656963051818058,-0.30990685621543296,-1.4000822881050556,-0.7254762501100117,0.4396787718714283,-1.4167427093634912
137,2025,32,1890115,2025-11-05,Vitoria 1 x 0 Internacional,1238,Vitoria,52.95,47.05,Casa,0.6372826272458731,0.3595086848586351,0.40318904835150177,-0.37666682616745883,-0.39309646181497526,0.1498256613950007,0.8959937201197712,0.33541315802426075,1.642120034835274,-1.1329887273208916,1.06790808135546,-0.13827239780257009,0.03374318826884979,-0.6404854941388334,0.4473788537499396,1.3690568650255606,0.8820960768572841,0.7397642046708759,1.391409729080742,0.2397316507426921,0.25966325478125646,-0.15347103483868743,1.5157865223079652,1.0878757419671083,0.19754584153092106,0.9769472565886059,-0.2397316507426921,-0.2561247415748785,-0.7682725451732894,-0.48178625351108395,1.2460161179894125,-2.5375768802524243,0.16658784592029585,-0.48591711828454165,-0.7055517787945056,-0.44037441642899583,0.6972420062060026,-0.4048471990181143,-0.2817180849095055,-0.5277335152448867,-0.3452845365668931,-0.3449064573311896,0.1831682833141304,-0.6005402746935716,0.7254762501100117,1.4167427093634912,-0.4396787718714283
138,2025,32,1890123,2025-11-05,Sport Recife 0 x 2 Juventude,1220,Juventude,44.0,56.0,Fora,0.03800240600386645,0.2997730816660465,1.6359870874383102,-0.13563524717650635,0.14514515400250627,0.7299506111124642,0.6609789738588476,-0.46024114933727994,1.4461773229091037,-0.60453538665542,1.1886739872846102,-2.3229357041074623,0.3431544662731959,0.09570472900925073,-0.11908321402787746,-0.13144057013029553,1.435034674277965,1.0451203762802341,0.5032758594547364,0.7191949522280763,0.6049792921466587,0.8696691974192304,1.195031784632336,0.5635982759588632,0.17914783640211815,2.4571703726319485,1.1986582537134605,1.6880943334875476,3.531794640274023,-0.0884374766718977,0.10401380018465474,0.6446875277512188,0.07846678686751661,-1.1546915998064473,0.6221213009048031,-1.0198144380460956,-0.7561404049908637,-1.1245755528280952,0.2817180849095055,0.18524757993809746,0.6412427107670869,2.283386696280641,-0.5180941373501373,0.08334991558340588,1.4509525002200234,1.4167427093634912,0.5373851656206347
139,2025,32,1890123,2025-11-05,Sport Recife 0 x 2 Juventude,1231,Sport Recife,56.0,44.0,Casa,0.5995987899624351,-0.850254353841189,-0.2851398888651877,0.022521660059649617,-0.4679897506220647,0.9407339532253589,0.6022252872936167,2.117534796684724,0.5325258550866934,-0.6446875277512171,-0.07846678686751661,1.1546915998064473,-0.653373107661017,0.09570472900925073,0.15910648197140237,-0.8737610233737403,0.3376516654528271,-1.1492674130930138,-2.4571703726319485,-1.1986582537134605,-1.6880943334875476,-0.15347103483868743,-0.01170427830751283,0.17039017645267932,-0.23682407297592653,-0.5032758594547364,-0.7191949522280763,-0.6049792921466587,-0.49358338481479264,0.0884374766718977,-0.6058572685100025,0.6045353866554217,-1.1886739872846102,2.3229357041074623,-1.1326125532561513,0.6026176224817836,-0.6031527827596149,0.13494906633937143,-0.8451542547285166,-0.6627475626552412,-1.3318117839008732,-0.8893955702565219,0.49727540923666713,-0.7300455072970179,-1.4509525002200234,-0.5373851656206347,-1.4167427093634912
140,2025,31,1890091,2025-11-05,Botafogo RJ 3 x 0 Vasco da Gama,1227,Botafogo RJ,52.64,47.36,Casa,0.05478149369274646,0.6465259418690502,0.08358366013306062,0.8519002386905817,1.2897601634338138,-0.04198510245104108,-0.5281586065020786,-0.08520103882620629,0.19421990438656986,-1.2390244508272565,-0.3905741405876563,0.7402563660375,0.19029669355391443,0.2893216642615298,-0.6422528626618477,-1.3457373643871886,0.8608901576297427,0.7077387531028357,1.6456629931216449,1.2933719727548738,0.7574359384729988,-0.22969002346382686,0.24223776683740939,-0.36032816694522835,0.3351678082304076,-0.3158343118112248,1.0582134322539878,-0.27771996519954084,0.10690326392724657,0.6322685724351577,-0.03844537115282566,0.40600278960238073,0.4333517896999753,1.7633178502559819,0.578662742371212,1.3082203149974103,0.7599999952137583,1.2955440487281529,1.7857705277982263,2.0583857506593066,0.14797908710009702,0.9278479199117161,0.338762329587262,2.5214203918535647,1.4142135623730951,0.9045340337332911,1.6798489197903976
141,2025,31,1890091,2025-11-05,Botafogo RJ 3 x 0 Vasco da Gama,1226,Vasco da Gama,47.36,52.64,Fora,-1.1041010853999307,0.1621037566323248,-1.276503371280724,-0.37157286439706205,-0.45850003288557584,-0.42355733833282067,-1.800163627397137,0.8275745522461418,-1.1145304848686184,-0.40600278960238073,-0.4333517896999756,-1.7633178502559819,-1.013184766775791,1.012625824915354,0.37816832205670836,-0.19125496922322774,-1.1656051590422716,-1.6401217560931334,0.3158343118112248,-1.0582134322539878,0.27771996519954084,-1.6515806449065635,-1.5660761394418796,-0.6117199113256204,0.26686938768399254,-1.6456629931216449,-1.2933719727548738,-0.7574359384729988,-0.8906085661337624,-0.632268572435158,-0.8734224692846844,1.2390244508272565,0.390574140587656,-0.7402563660375,-0.5043406597032464,-0.5040329352154523,2.423687952334863,-0.3038930484670977,-0.5952568425994088,-0.35888634086759436,-0.838548160233883,-0.1623713639954771,-0.02184714324455569,-0.44149404622733257,-1.4142135623730951,-1.6798489197903976,-0.9045340337332911
142,2025,31,1890107,2025-11-05,Atletico MG 3 x 0 Bahia,1221,Bahia,37.89,62.11,Fora,-1.0934045285680347,-0.9784524765513299,-0.37115145457802373,-0.11888498435239706,-0.583967906961987,-1.068828539289628,-1.191813400012544,0.438191059101705,-1.3307841115982861,-0.2776848468522905,-1.7972223313616222,-0.2512700745760678,1.0298018057840115,-0.43398249639229447,-0.9562149767178264,-0.17168747100010986,-1.0318262430266807,0.00618644830069726,-0.6815371991715902,-1.8420752339236084,-0.5208896995426954,-0.5578186284121507,-0.08423762065665497,-0.6955171594524178,0.6214245919362433,-0.3158343118112248,0.2743516305843673,-0.6621021198553378,-0.8478526377200618,-0.9318215725250973,-0.2961644262781774,0.2513531580124875,-0.33116158033301807,1.612336845754819,-0.8248936303062918,-0.1642354508005406,0.28924042113993614,-0.3038930484670977,-0.5952568425994088,-0.7639488385579891,-0.838548160233883,-0.922681342350155,-0.7351695311089538,-0.7633069934684468,-1.4142135623730951,-1.6798489197903976,-0.9045340337332911
143,2025,31,1890107,2025-11-05,Atletico MG 3 x 0 Bahia,1235,Atletico MG,62.11,37.89,Casa,-0.4289175407835428,0.8358495550161962,0.48094673301740554,0.6724377782241562,0.5927090280700993,0.3040718969468501,-0.8046814371314391,-0.35127327589992646,0.16637233150707112,-0.2513531580124875,0.3311615803330176,-1.612336845754819,0.08796731909059308,1.5292716539537998,1.7726438848841277,2.1177098211046936,0.07850847302600701,0.5288013670264631,0.3158343118112248,-0.2743516305843673,0.6621021198553378,-0.010937620164944284,0.350203177962581,-0.025139174438038966,0.44831278202718094,0.6815371991715902,1.8420752339236084,0.5208896995426954,0.04794158164963707,0.9318215725250973,-0.5762758181116363,0.2776848468522905,1.7972223313616222,0.2512700745760678,-0.2905628655661625,1.3082203149974103,-0.026768693868144587,1.455487758447678,-0.5952568425994088,0.2648227628956076,2.121033581768057,-1.0084597206655632,0.8783604458684483,0.054028659645493936,1.4142135623730951,0.9045340337332911,1.6798489197903976
144,2025,31,1890111,2025-11-05,Gremio 0 x 1 Cruzeiro,1230,Cruzeiro,37.64,62.36,Fora,-0.4435768167757025,-0.25510180521081616,-0.7195101006412982,-0.5072321703283253,-0.30387040514882613,0.026384821442159433,-0.6940723048796948,-0.7171226018762923,-0.9482523853110363,1.3086639989340443,-1.0372421110867553,0.27684821905600115,-1.2609712944320013,-1.2606158228538078,-0.9175930512135396,0.45345597872547766,0.05221927894111936,-0.418642759368708,0.6482914821388298,0.5095101710852533,0.7574359384729988,-1.432828241607681,-1.0764826119057804,-0.9469089038328098,-0.9773138878121589,-0.9807486524664348,-0.5095101710852533,0.8009560782282334,0.6294179770501696,-0.3602719864606583,0.13423158127522722,-0.030333983604945648,-0.8073123118515505,-0.6336460872091354,-0.2276982957919573,-1.183627904045276,1.599015042555005,-0.7837241776256728,0.19841894753313627,-0.5072409952002216,0.14797908710009702,0.48175469613543503,-1.037870913413034,-0.5593584469554664,0.47140452079103173,0.9045340337332911,-0.04307304922539485
145,2025,31,1890111,2025-11-05,Gremio 0 x 1 Cruzeiro,1244,Gremio,62.36,37.64,Casa,0.7913354646825856,0.7633126020755362,-0.025341594118768924,0.235997648992872,0.4445327763918605,1.2216043667088528,-0.25163577587271796,-0.22932350057447157,1.7228909963967154,0.030333983604945648,0.80731231185155,0.6336460872091354,0.5902036554426862,0.4959799958769081,1.0670115888735485,0.477129575345381,0.08594835521113288,0.002408776074190008,0.9807486524664348,0.5095101710852533,-0.8009560782282334,-0.4484424267627094,1.0843882166417356,1.0642250512103266,0.5725981840131744,-0.6482914821388298,-0.5095101710852533,-0.7574359384729988,-0.6944187525778833,0.3602719864606583,0.6730816455897187,-1.3086639989340443,1.0372421110867551,-0.27684821905600115,-0.17667528251992423,1.0816886587208026,-0.8750036867845702,0.4958255001305276,0.9920947376656813,0.5566809433890811,-0.838548160233883,0.15476185628917835,0.4203600935127096,0.28590335003666273,-0.47140452079103173,0.04307304922539485,-0.9045340337332911
146,2025,31,1890047,2025-11-02,Flamengo 3 x 0 Sport Recife,1239,Flamengo,69.92,30.08,Casa,1.4200270573070313,0.664623331935636,-0.04629316194128676,0.9060225820430933,1.7243184923026051,1.1196563145130745,1.0756738111482127,1.0389541628102648,0.6646479172891248,0.8664615646082062,1.2879580177003325,2.1743641542340333,2.0825620573404335,0.8059674932999756,0.9082338905316799,-0.31187253289707456,0.9156361257122396,1.0120734039344286,-0.3490800288439852,1.2933719727548738,0.7574359384729988,1.1922005979789099,-0.5087927411443087,1.399414043717516,0.5804440343537541,-0.3158343118112248,-1.2933719727548738,-0.512804171260631,-0.7513745876337393,1.4256189897902218,-0.8171707281512297,-0.19214714844104366,0.4058055762564364,0.9158760830559048,0.8767896790698102,1.6480177994123222,0.11460380495126003,1.615431468167203,1.7857705277982263,2.295455350484642,2.121033581768057,0.805635363409851,1.6469587383275044,1.6673200936882493,1.4142135623730951,0.9045340337332911,1.6798489197903976
147,2025,31,1890047,2025-11-02,Flamengo 3 x 0 Sport Recife,1231,Sport Recife,30.08,69.92,Fora,-0.7158690304873634,0.009039956844459518,-0.46249022815987767,-1.6452391974273566,-1.4774829566988714,-2.4349324387130538,-0.6940723048796948,-1.0219970401899305,0.7337707483902909,0.19214714844104366,-0.4058055762564367,-0.9158760830559048,-0.2756421533530987,-1.0539574912384295,-0.519088965949831,-0.5009941484135588,-1.6969597076960174,-1.5479052836996054,0.3158343118112248,1.2933719727548738,0.512804171260631,-1.432828241607681,1.9230864515983748,-1.2820978963399992,-1.143810433194856,0.3490800288439852,-1.2933719727548738,-0.7574359384729988,-1.038809738699072,-1.4256189897902218,0.9223959232527504,-0.8664615646082062,-1.2879580177003331,-2.1743641542340333,-1.693015627984838,-1.9764887010134033,1.1042112966870894,-1.5834427262232982,-1.3889326327319538,-1.6459442424440003,-0.838548160233883,-1.317395198277162,-1.1484227226023502,-1.4640322938753543,-1.4142135623730951,-1.6798489197903976,-0.9045340337332911
148,2025,31,1890051,2025-11-02,Vasco da Gama 0 x 2 Sao Paulo,1224,Sao Paulo,35.92,64.08,Fora,-0.28632226898691393,-0.3049251623076276,0.35312615538492015,-0.22341212723067616,0.4113285557307459,-0.016623951194930767,0.9097601127705964,-1.0475671543710745,-1.3249101605221725,-0.21620413061874844,-1.3354225433854467,0.57291453518307,-0.1506707464692629,-1.467274154469186,-1.3616327793274228,-0.39684772452639894,1.2152735702791668,0.7060949782285426,0.3158343118112248,1.2933719727548738,0.703465835819293,0.31719098478337954,-0.7719885422660318,0.31004981806915044,0.10195247700581114,1.0139943694991953,1.0582134322539878,1.6646516043254656,0.19129686996983972,-1.191360463971652,0.476575866045441,0.3320185855750655,-0.9751779243796581,0.9074170454522743,0.36547283397633135,-0.7305645914920602,-0.5705090739427757,-0.6237804679061478,0.9920947376656813,0.5152240381856809,0.14797908710009702,2.4157419485761955,-0.5930314907226899,1.295413487752656,0.9428090415820635,0.9045340337332911,0.8183879352825013
149,2025,31,1890051,2025-11-02,Vasco da Gama 0 x 2 Sao Paulo,1226,Vasco da Gama,64.08,35.92,Casa,0.3217791054582787,0.17270627201435673,0.09750058739803967,0.6715584514419343,-0.014226444611890265,0.6031195167211323,0.4120190176377474,-0.22932350057447157,1.2457427789915982,-0.3320185855750655,0.9751779243796574,-0.9074170454522743,-1.8440857848891095,1.3226133223384215,1.4404195674721882,0.5783999608860794,-0.05126740616954803,0.8088481132449347,-1.0139943694991953,-1.0582134322539878,-1.6646516043254656,1.0828243963294686,0.5293851186588203,1.2318195474639213,0.6540361242571617,-0.3158343118112248,-1.2933719727548738,-0.703465835819293,-0.6498192534978741,1.1913604639716524,-1.047044302437378,0.21620413061874844,1.3354225433854465,-0.57291453518307,0.732365333593708,0.8551570024441947,0.11460380495126003,1.615431468167203,-0.5952568425994088,-0.045369356721019036,-0.838548160233883,-1.3912507870181834,1.496924140142004,-0.19241192864390666,-0.9428090415820635,-0.8183879352825013,-0.9045340337332911
150,2025,31,1890055,2025-11-02,Corinthians 2 x 0 Gremio,1237,Corinthians,49.92,50.08,Casa,-0.15546470107963448,-0.40993362075397244,-0.24217484155969984,0.5948013005150702,0.18562787384365353,-0.05916523717292206,-1.0258997016349276,-0.8634623322668392,-0.7674276419137337,1.073845295471351,0.2732865461082465,0.03182781950256462,0.2321624079287555,0.3926508300692189,0.3722796589956793,-0.3561810256752222,-0.21110481517477792,-0.37165147944519,-1.3464515398268002,-1.0582134322539878,0.5542927188817285,-0.4484424267627094,-1.536334914049521,-0.025139174438038966,0.40329299245330663,0.01662285851638019,0.2743516305843673,0.4796452503180155,0.2658929767913232,0.18606529434536473,-1.4216252506275981,2.520659227734282,0.45759245753028976,0.945098212959356,0.7904492372252702,0.062296205476067235,-0.04165000953334492,-0.3038930484670977,0.19841894753313627,0.2065420913028654,0.14797908710009702,0.8989485100384602,0.19399210326791905,1.0501726973736565,0.9428090415820635,0.9045340337332911,0.8183879352825013
151,2025,31,1890055,2025-11-02,Corinthians 2 x 0 Gremio,1244,Gremio,50.08,49.92,Fora,-0.5988191258610803,0.0446114879572681,0.6957317513853217,-0.2887433383949424,-0.2149340144060186,-0.7561878458892417,-0.6940723048796948,2.346865503175773,0.1151707154125383,-2.520659227734282,-0.4575924575302901,-0.945098212959356,-0.44147084117480323,0.2893216642615298,0.1800987766682901,-1.3457373643871886,0.09897664205129644,0.6172360091559406,-0.01662285851638019,-0.2743516305843673,-0.4796452503180155,0.6453195897317034,0.4994254372562344,0.8966305549567318,1.0918813929832265,1.3464515398268002,1.0582134322539878,-0.5542927188817285,-0.2716500457135277,-0.18606529434536434,0.14109579986117868,-1.073845295471351,-0.273286546108247,-0.03182781950256462,-0.6637936936235936,-0.39076710707714846,-0.47916069009023793,0.01599437097195245,0.19841894753313627,-0.13275034642722158,-0.838548160233883,-0.23372377830707952,0.20452084700023485,-0.26183413877329753,-0.9428090415820635,-0.8183879352825013,-0.9045340337332911
152,2025,31,1890072,2025-11-02,Internacional 0 x 0 Atletico MG,1235,Atletico MG,20.84,79.16,Fora,-1.053579278215265,-1.3461384621174042,-1.2248993530222667,-1.5495941478182098,-1.1165254375203424,-1.948980056579845,0.5779327160153638,-0.22932350057447157,-2.0608210246039955,-1.3465238004821598,-1.7950449565158988,-0.1916111419045509,-0.4750239537548991,-1.6739324860845646,-1.5438513123330846,0.32339380934383927,-0.31718734423325073,-0.6110277033915277,-2.6762802211372203,0.5095101710852533,-3.234712670099599,-0.4484424267627094,-1.797733134287088,-1.7848813851007832,-2.1398894430875948,-1.9781201634492498,-0.5095101710852533,-0.7574359384729988,-0.8307088374485163,-1.8084240889005592,2.834487051601686,-2.436579723490665,-1.6489041375946591,-1.0663583953948514,-1.6746899693827697,-1.4101595603218837,-1.6666896801732338,-1.263555306784248,-1.3889326327319538,-1.2389154857520979,-0.838548160233883,-0.4197979400465197,-2.093377472577697,-1.140657198551111,0.0,0.9045340337332911,-0.9045340337332911
153,2025,31,1890072,2025-11-02,Internacional 0 x 0 Atletico MG,1219,Internacional,79.16,20.84,Casa,1.336132872840357,1.3106095139425706,1.2794853694323713,1.623328831520182,0.19511133356656452,1.6497861859311205,1.2968920756517013,2.261936195359831,0.9649775854934581,2.436579723490665,1.6489041375946585,1.0663583953948514,2.1107707163786418,1.3226133223384215,1.4321943988973587,-0.24623032137389264,1.0735927152865987,1.3075059953961714,1.9781201634492498,0.5095101710852533,0.7574359384729988,0.7546957913811447,0.28115938877706337,0.9804278030835292,0.8614535720622555,2.6762802211372203,-0.5095101710852533,3.234712670099599,3.493859183300523,1.8084240889005596,-1.0510142786813306,1.3465238004821598,1.7950449565158988,0.1916111419045509,2.698235138759718,0.8551570024441947,-0.42518209963191966,1.1356003390086278,-0.5952568425994088,0.7119228624244432,-0.838548160233883,-0.31937020414651957,1.1705330844402129,0.40923952602183583,0.0,0.9045340337332911,-0.9045340337332911
154,2025,31,1890076,2025-11-02,Bahia 2 x 1 Red Bull Bragantino,1221,Bahia,74.53,25.47,Casa,0.8780877557150286,-0.38244990228681364,0.6593056716692307,0.913915592754217,0.9962597815020323,1.081595708359984,0.24610531926013107,-0.9753691849184332,0.6163234363199142,-0.07746068154727066,1.1939674615443878,0.8689808513101389,-0.01570649714841811,0.08266333264615142,0.24623515064658255,-0.43430389452090384,0.4468653065473525,-0.05512823690907378,-0.01662285851638019,-1.8420752339236084,-0.7282920323077477,0.4265671864328208,0.6567137646198143,0.8966305549567318,0.2994737712137659,0.01662285851638019,1.0582134322539878,0.13339620538205657,0.9010862332356495,1.2229097322483289,-0.7552398549647912,0.060823774663973845,-0.08963584695405263,1.3444673216398522,1.1779211640827394,1.0816886587208026,0.36200567788521737,0.4958255001305276,1.7857705277982263,0.8693971973327784,1.134506334434077,0.5690966776000816,1.0915675064478443,0.5343493056747038,0.47140452079103173,0.04307304922539485,0.8183879352825013
155,2025,31,1890076,2025-11-02,Bahia 2 x 1 Red Bull Bragantino,5438,Red Bull Bragantino,25.47,74.53,Fora,-0.3853621710077053,-0.6715484520874957,0.10305744463253193,-1.0252155995083998,-0.1895492335777308,-0.4111826914743229,0.46732358376361954,0.04638903494394937,-0.1229863568040364,-0.060823774663973845,0.08963584695405222,-1.3444673216398522,-0.5439702128617654,-0.6406408280076727,-0.9707166895719419,-1.3457373643871886,0.22315976888625244,-0.03570682602893369,-0.01662285851638019,-1.0582134322539878,-0.13339620538205657,-0.667194830061592,0.5383503263512617,-2.2876648738615675,-2.5283957045973615,0.01662285851638019,1.8420752339236084,0.7282920323077477,1.1761559529271008,-1.2229097322483289,1.3128595159852239,0.07746068154727066,-1.1939674615443885,-0.8689808513101389,-0.8150043529307426,-1.2968937321835798,-0.30951369150695296,-1.103611597064723,0.19841894753313627,-0.4586375965507527,0.14797908710009702,1.6925373303586035,-1.7722507887420638,-0.5207441514961135,-0.47140452079103173,-0.8183879352825013,-0.04307304922539485
156,2025,31,1890079,2025-11-02,Ceara 2 x 0 Fluminense,1232,Fluminense,56.43,43.57,Fora,-0.2959770603436167,0.28669611093618735,-0.21539210903354603,0.08449556195259236,-1.1864511815873304,-0.4153900714062125,-0.6387677387538228,-1.4976011639592068,-0.4649635013552188,0.4098036023303645,-0.798211326115017,0.48678615230974087,0.33407029749368644,-0.02066583316153776,0.009648623682204023,-1.3457373643871886,-0.6567573345914408,-0.6513438926963498,0.6482914821388298,0.5095101710852533,0.7574359384729988,-0.22969002346382686,-0.6844880538453018,0.4776443143227451,1.1710723495271251,0.01662285851638019,-0.5095101710852533,-0.5961983255810624,-0.3629315786460197,-0.12330164242503816,-0.6485817741441999,-0.14282816822413044,-0.06027635520824581,0.4826262440525673,0.038934001391086125,-0.1642354508005406,-2.0059836773398043,-1.5834427262232982,-1.3889326327319538,-1.6715533489584777,-0.838548160233883,-1.4616015318483384,0.6125096666274733,-1.4843781468995825,-0.9428090415820635,-0.8183879352825013,-0.9045340337332911
157,2025,31,1890079,2025-11-02,Ceara 2 x 0 Fluminense,7334,Ceara,43.57,56.43,Casa,0.040316680845253305,0.5553156823278959,-0.12406371746205654,-0.1002339150054618,0.08211933902754685,0.249699602442435,-0.3069403419985901,0.3471663464185906,1.3099030957952793,0.14282816822413044,0.06027635520824539,-0.4826262440525673,0.6530460819642467,1.115954990723043,0.6124204260196673,0.818917126545238,-2.50666725587506,-2.526604489617995,-0.01662285851638019,0.5095101710852533,0.5961983255810624,-0.667194830061592,1.5917054883922017,-0.19273367069163366,0.6322646103935476,-0.6482914821388298,-0.5095101710852533,-0.7574359384729988,-0.3183576391872323,0.12330164242503816,0.20981408570501478,-0.4098036023303645,0.7982113261150168,-0.48678615230974087,-0.8356624762521613,-0.05096962266223668,-0.38019994091665466,0.01599437097195245,0.19841894753313627,-0.27294980237286914,1.134506334434077,-0.4592869499654112,-0.2692726209539778,-0.37321941975271583,0.9428090415820635,0.9045340337332911,0.8183879352825013
158,2025,31,1890083,2025-11-02,Juventude 0 x 2 Palmeiras,1234,Palmeiras,48.86,51.14,Fora,0.7396402689830546,-0.7711926601939214,0.34647828934619307,-0.5923534193287083,0.09419442695483984,0.624767745088631,1.4628057740293177,-0.4829790332514182,-0.33763353145667446,0.20734683253294478,0.6213580622547644,1.0663583953948514,-1.510513314861774,-1.363944988661497,-1.548798624027852,1.070621137118776,1.3453675280397763,0.955599659253259,-0.6815371991715902,0.5095101710852533,0.5172263695700249,1.629705404576675,-0.33167831720811086,0.31004981806915044,-0.3507421662531405,0.3490800288439852,0.2743516305843673,0.04844565832879972,-0.15263882878890847,-0.578524293842596,1.193699966778048,-0.059745128278223474,-1.1614289886101843,-0.49567984401948656,-0.13378055084256654,-0.05096962266223668,0.708368299992758,0.01599437097195245,-0.5952568425994088,0.08966635883671509,1.134506334434077,0.12411653662666332,-0.2613760631547408,-0.08512912202954928,0.9428090415820635,0.9045340337332911,0.8183879352825013
159,2025,31,1890083,2025-11-02,Juventude 0 x 2 Palmeiras,1220,Juventude,51.14,48.86,Casa,0.9792929079844515,-0.3316516700421025,0.6086042693984746,-0.13197622234316075,-0.47045415742518915,0.6961471143497798,2.181765133665655,0.4234664732264961,0.7382896884511931,0.059745128278223474,1.1614289886101836,0.49567984401948656,0.2203585307439553,-0.743969993815362,0.04079497307530428,2.152694136109662,1.2409373441983527,1.2056389235330671,-0.3490800288439852,-0.2743516305843673,-0.04844565832879972,2.176586412823881,0.6611569377091807,0.6452388105763398,-0.900092443195861,0.6815371991715902,-0.5095101710852533,-0.5172263695700249,-0.003383572804891447,0.578524293842596,-0.3732571622604372,-0.20734683253294478,-0.621358062254765,-1.0663583953948514,0.5812872744343776,-0.2775012789388445,-0.6950750519235097,-0.3038930484670977,-0.5952568425994088,-0.4719010016588756,-0.838548160233883,-0.37450202232578017,-0.12187020870155607,-0.5312816253739355,-0.9428090415820635,-0.8183879352825013,-0.9045340337332911
160,2025,30,1890059,2025-11-01,Santos FC 1 x 1 Fortaleza,2065,Fortaleza,32.2,67.8,Fora,0.0466185293373827,-0.17344026551166797,0.1878361381348419,-0.8435156827610458,-0.5258507168874648,0.36570129092369824,2.398125519752679,-0.937564710213884,-0.16683781553532148,-0.759204723845492,-0.6089081463411787,-0.38991408704134806,-1.5393637757912277,-0.11762162437099499,-0.46802268404648495,0.03635983296154311,1.372788313096389,0.5683386731877573,-0.035377456883861125,-0.07273929674533086,-3.694458888497458,0.5365433699886594,-1.0120099466401788,-1.023214385873113,-1.1425257689688701,0.7429265945610861,1.5275252316519468,0.9392291387036967,0.3552459651206512,-1.3882308056095156,2.2661022886492272,-1.9812625452680186,-0.8878301418289585,0.12733286161319587,-1.2253346452189051,-0.7856742013183862,0.5802494000973698,0.4914447775071275,-1.2048289933537484,-0.7843845896857494,0.16489491297879386,-1.006549517569343,-1.6318266154356433,-0.7903782821703612,0.0,0.0466760028009337,-0.0466760028009337
161,2025,30,1890059,2025-11-01,Santos FC 1 x 1 Fortaleza,1241,Santos FC,67.8,32.2,Casa,0.625056500542504,0.08134773599057604,0.7844685979564189,1.1977439667861822,0.37459592164201727,1.5744028045534835,1.1359541935670583,-1.1503625744248291,0.2664478754627722,1.9812625452680186,0.8878301418289585,-0.12733286161319587,0.8905980411628317,1.058594619338954,1.5372481508363829,0.6772035618254804,0.9437003956977653,0.7134547654991532,-0.7429265945610861,-1.5275252316519468,-0.9392291387036967,0.11295649894498061,-0.3594740339412788,1.3972927635041446,0.08063359286997358,0.035377456883861125,0.07273929674533086,3.694458888497458,3.447919605601475,1.3882308056095152,-1.3548777270603287,0.759204723845492,0.6089081463411787,0.38991408704134806,2.403922828152687,1.8856180831641267,-1.1068663922354036,1.1255670710647112,-0.40160966445124946,0.436290425215894,-0.9344045068798317,-0.12179958299911613,1.0312709418115344,0.1588894242743747,0.0,0.0466760028009337,-0.0466760028009337
162,2025,30,1890063,2025-11-01,Mirassol 0 x 0 Botafogo RJ,6332,Mirassol,67.21,32.79,Casa,-0.24814754232611838,1.1707852249332757,-0.3072250949422737,0.876805981163013,-0.34207890630791776,0.1766110279598062,-2.427823668604106,-1.3143942614207655,1.3219851168904793,0.1261503184428589,1.7422011396948653,-2.1563696035580064,0.8244627642811724,1.9407568021214157,2.142951713563655,0.27273661819824113,-1.1207462196155789,-0.6873309059832976,0.6721716807933639,-0.07273929674533086,0.3355090481924773,-2.0049778562734133,1.3146964137854815,0.9572005545264614,1.7575415048872849,-1.0259462496319764,-0.6546536707079771,-0.6198059078266993,-0.4296697613522182,1.6490932953233928,-1.1549624910961354,0.07850880833490453,1.9590752970047705,-0.13524836381495633,0.03430369613884462,0.31426968052735443,-1.3177558662770004,-0.4597386628292479,-0.40160966445124946,-0.43107820619068826,-0.9344045068798317,-0.2049385400718172,1.7513942608630675,-0.5156267420483864,0.0,0.9801960588196069,-0.9801960588196069
163,2025,30,1890063,2025-11-01,Mirassol 0 x 0 Botafogo RJ,1227,Botafogo RJ,32.79,67.21,Fora,-0.9442020024048043,0.27080792189292086,-0.8920433817551064,-0.5419343586589143,-0.9487295464184696,-1.091084538901371,-0.34895324900426006,-0.6582675134370181,-1.5378666304533206,-0.07850880833490453,-1.9590752970047705,0.13524836381495633,0.1054226308483746,0.17643243655649224,-0.7738006693247623,-0.5640915410305293,0.8700552063883431,-0.10362574157985531,1.0259462496319764,0.6546536707079771,0.6198059078266993,-0.8754128668236032,-1.656632703999983,-2.0134218560729003,-1.0853311240801031,-0.6721716807933639,0.07273929674533086,-0.3355090481924773,-0.20736047958611928,-1.6490932953233934,0.2867469447009134,-0.1261503184428589,-1.7422011396948653,2.1563696035580064,-0.9328126031754043,-0.7856742013183862,-0.6850874441522108,-0.4597386628292479,-1.2048289933537484,-1.1770810201255588,-0.9344045068798317,-1.1585824453452016,-1.214019218061405,-1.0957618079261244,0.0,0.9801960588196069,-0.9801960588196069
164,2025,30,1890068,2025-11-01,Cruzeiro 3 x 1 Vitoria,1230,Cruzeiro,48.18,51.82,Casa,-0.36556954272019493,0.5646030696840028,0.2751118434464714,-0.03751696365267161,0.4764835262651791,-0.17775329649890156,-0.6459347375185237,1.628527181741631,0.47249714924059333,-0.7016818318041828,0.3147391899291412,-1.3772194946511989,0.42151493835961584,-0.2646486548347386,0.13491187555357145,-0.8680675817760228,-0.5788604210973349,0.7289446550908573,1.7334953873092014,0.6546536707079771,0.6198059078266993,-0.028239124736245652,1.0172450475259835,-0.14302996791774675,-0.21117684128146566,-0.3183971119547514,0.8001322641986388,1.1727434427664352,0.32295995356294976,0.3937527375910629,-0.33774224114464496,-0.6862572404991063,0.20113495195813302,-0.8239860042822396,0.07903046012235719,-0.9428090415820634,0.5802494000973698,0.1743836307283357,1.2048289933537484,0.6617406651596517,1.2641943328374192,0.631194219994157,-0.38859484763912894,1.5368480820820134,1.3187609467915742,0.0466760028009337,1.8203641092364127
165,2025,30,1890068,2025-11-01,Cruzeiro 3 x 1 Vitoria,1238,Vitoria,51.82,48.18,Fora,-0.13243356355847724,-0.34863687370790364,-0.525753818250498,0.17906199690615535,-0.030758095942356373,-0.6221155432072312,-0.6459347375185237,1.310112730514224,-1.126616313692064,0.6862572404991063,-0.20113495195813302,0.8239860042822396,0.5685815204461993,-0.5587027157622259,-0.35410962682550134,0.7356807103017075,0.16288055456218647,0.4365587633661956,0.3183971119547514,-0.8001322641986388,-1.1727434427664352,0.818934617351112,-1.4641883707730299,0.8471775022820405,0.5725192076262288,-1.7334953873092014,-0.6546536707079771,-0.6198059078266993,-0.9682976003459329,-0.39375273759106233,-0.17416995530152804,0.7016818318041828,-0.3147391899291412,1.3772194946511989,0.04752042049362602,0.31426968052735443,0.10574808350377721,-0.4597386628292479,-0.40160966445124946,-0.031826385994731914,0.16489491297879386,0.3054403189446843,-0.11345339083170411,-0.20514536492128974,-1.3187609467915742,-1.8203641092364127,-0.0466760028009337
166,2025,30,1890184,2025-10-29,Fluminense 1 x 0 Ceara,7334,Ceara,41.34,58.66,Fora,-0.6973524503795293,-0.5350807927008665,0.028651019139312662,-0.9817790718273945,-1.4002366449561525,-2.2676207912568462,-0.7201801096470897,0.6468541700523929,-1.08066816952204,-1.2116506258996709,-0.45366075567917663,-0.06263893650770967,-0.10074004046658348,-0.41167568529848225,-0.9129815941985666,-1.7495980999379541,-0.9754463543282046,0.018263176715393337,-0.7429265945610861,-0.07273929674533086,0.14796214976980696,-0.16943474841747191,-0.3991442529543383,-0.6931452291398508,0.16974932762657133,0.035377456883861125,1.5275252316519468,-0.19357157707884945,-0.12927234318827102,-1.3882308056095156,0.16906969064214866,0.15933138582590795,-0.7505754923319502,-0.3686538975288689,-1.4196560918392431,-1.4142135623730951,-0.36875323308981534,-1.7279832499444152,-1.2048289933537484,-1.6239650197650746,-0.9344045068798317,-1.4343504964854636,-0.4327533530526667,-1.443284731067821,-0.6593804733957871,0.0466760028009337,-0.9801960588196069
167,2025,30,1890184,2025-10-29,Fluminense 1 x 0 Ceara,1232,Fluminense,58.66,41.34,Casa,0.3592203095946779,0.13219087337611213,0.4317906857657543,0.39208236851794975,0.07409504587946739,-0.010169582296613775,-1.0171615981613533,1.9662394784979713,1.2032173752312085,-0.15933138582590795,0.7505754923319502,0.3686538975288689,1.520490455632508,0.7645405584114667,1.3271256236287896,0.6214150178768956,-0.28837379270041674,0.750168886958388,-0.035377456883861125,-1.5275252316519468,0.19357157707884945,0.6777389936698857,0.4021097080411772,1.177246659015303,0.6404103702217434,0.7429265945610861,0.07273929674533086,-0.14796214976980696,-0.482017137438257,1.3882308056095152,-1.0352254942748844,1.2116506258996709,0.45366075567917663,0.06263893650770967,-0.33620102372460237,0.9428090415820634,-0.08963481156417298,0.1743836307283357,-0.40160966445124946,-0.1935657043818136,0.16489491297879386,-0.2799481278392366,1.0788262553338057,-0.3309232418606412,0.6593804733957871,0.9801960588196069,-0.0466760028009337
168,2025,30,1890012,2025-10-26,Botafogo RJ 2 x 2 Santos FC,1227,Botafogo RJ,52.86,47.14,Casa,0.22014388963960277,0.28756581632391964,0.4094508320937626,1.3132696496604417,1.715569733724379,0.8462324866047847,0.616236588667097,-0.7566865256345803,-0.472339862453116,1.7437170118488186,-1.0164325468289312,1.3101880843748224,1.3750876258720734,0.47048649748397947,0.4341189526022784,-0.7384307408698565,0.11545678159292237,0.1480206305685731,0.3183971119547514,-0.07273929674533086,0.4672304694392751,0.11295649894498061,-0.13487905694905625,-0.03300691567332593,0.2068110876169797,1.4504757322383113,0.8001322641986388,-0.5216811149066768,0.2610264698030271,0.5110608614899972,0.12916042918314488,0.3697891025148733,0.9843446815440775,1.711290576292692,2.046382479315,1.7284832429004495,-0.32356263150947323,2.0767505114010865,2.811267651158746,1.7194817582112227,1.2641943328374192,0.44762353437502084,0.5998763120023614,1.1567734464196036,0.0,-0.8868440532177395,0.8868440532177395
169,2025,30,1890012,2025-10-26,Botafogo RJ 2 x 2 Santos FC,1241,Santos FC,47.14,52.86,Fora,-1.105004759108574,-0.26593573801021814,-0.32478121670087423,-0.3955425102682962,-0.38919947592104454,-0.7753863949408848,-0.34895324900426006,-0.08415660895123887,-1.09801671923643,-0.3697891025148733,-0.9843446815440775,-1.711290576292692,-0.3124329988983463,0.47048649748397947,0.7163785469120981,-1.7495980999379541,-0.8102184284247125,-0.82230426004789,-1.4504757322383113,-0.8001322641986388,0.5216811149066768,-1.5813909852297345,0.3256402200127337,-0.36307607240658835,0.16459290884529748,-0.3183971119547514,0.07273929674533086,-0.4672304694392751,-0.08420264737223589,-0.5110608614899972,-0.3127236400148642,-1.7437170118488186,1.0164325468289312,-1.3101880843748224,-0.7773536420372964,-0.15713484026367722,-0.9381548130021264,-1.0938609563868316,-0.40160966445124946,-0.6537862421348113,0.16489491297879386,-0.06876776534309323,0.09714871190978223,0.5138180414824086,0.0,-0.8868440532177395,0.8868440532177395
170,2025,30,1890016,2025-10-26,Palmeiras 0 x 0 Cruzeiro,1234,Palmeiras,53.1,46.9,Casa,0.5828353234181876,-0.18668359449946315,-0.6134993722684663,0.06273132997793988,-0.225582208200105,1.068623790202514,0.9874634493099266,-0.4942358264410818,0.11294217410709768,0.7270470592062902,0.21332803383164325,0.7654433048425205,-0.32256080899733575,-0.9997838071534567,-0.7398451832832073,-0.8566191334882055,0.5533980390840939,-1.8715748970112205,-0.38915202572247365,1.382046638161285,0.6198059078266993,-1.4401953615485081,0.2351892951407019,-0.9131913336286924,-1.1127776283491964,0.38915202572247365,-1.382046638161285,-0.6198059078266993,-0.5699042211354879,-0.13230938763140515,2.567673812227091,-1.0198509646129648,0.010533361073071046,0.3622739580489104,0.010427388421183246,0.7856742013183862,0.32718203124745354,0.4914447775071275,-0.40160966445124946,-0.6305427850376267,-0.9344045068798317,-0.8552711653469455,-0.9524649936889142,-0.6707419700718379,0.0,0.9801960588196069,-0.9801960588196069
171,2025,30,1890016,2025-10-26,Palmeiras 0 x 0 Cruzeiro,1230,Cruzeiro,46.9,53.1,Fora,-0.15932380361616674,0.17628346852507865,-0.6809550700652715,-0.10551257914479985,-0.34496140767646216,-0.14064133210808358,0.09651898376713548,-0.9043150439309237,-0.31198971075584425,1.0198509646129648,-0.010533361073071046,-0.3622739580489104,-1.7308964280845305,-0.11762162437099499,-0.17013911396750175,-0.8792261959299712,-0.6946977863915165,-1.6606614188153583,-0.38915202572247365,1.382046638161285,0.6198059078266993,-1.0166084905048294,-0.44894256113965353,-1.133237438117534,-1.7179881279795473,0.38915202572247365,-1.382046638161285,-0.6198059078266993,-0.4940473181908008,0.13230938763140515,1.502526923407567,-0.7270470592062902,-0.21332803383164325,-0.7654433048425205,0.4244116344635593,-0.6285393610547089,-0.8797546509598381,-0.4597386628292479,-0.40160966445124946,0.010936128554907885,-0.9344045068798317,0.36010527544709875,-1.3125266532146806,-0.1718907528314232,0.0,0.9801960588196069,-0.9801960588196069
172,2025,30,1890020,2025-10-26,Sao Paulo 2 x 0 Bahia,1221,Bahia,44.13,55.87,Fora,-0.37394300948859993,0.3482235723335439,-0.08444334304020645,-0.11202474298657156,-0.38084425853888176,-0.5964982805798106,-0.2004625047471282,-0.3215708927611477,0.20052875335786527,-1.400916806826361,-0.2644937670574114,-0.7169020281405557,0.6376923459689808,1.058594619338954,0.4225725938483306,0.16038468941289705,-2.042860352138605,0.10743322921141893,-0.7429265945610861,0.6546536707079771,0.6198059078266993,1.2425214883947906,-0.4286204758374272,1.7273619202374069,2.05311313108281,-0.6721716807933639,-1.382046638161285,-0.4672304694392751,-0.9937046720813597,-0.7368960131471162,-0.10871507941094169,-0.4153751703985742,0.06995271625889005,-0.4853566643858249,0.7042009893277648,-1.0999438818457405,0.2351575334838478,-0.7767998096080397,0.40160966445124946,-0.19698436791839324,-0.9344045068798317,0.3462475773616979,0.5013688768490862,-0.3335817929531584,-1.3187609467915742,-0.8868440532177395,-0.9801960588196069
173,2025,30,1890020,2025-10-26,Sao Paulo 2 x 0 Bahia,1224,Sao Paulo,55.87,44.13,Casa,-0.010689045017060084,0.24961036682013452,0.0952213637255276,0.6210795136065046,1.0204370014914408,-0.32512838634150193,-0.4974439932613919,1.3283384735137729,-0.19225434131066022,0.4153751703985742,-0.06995271625889005,0.4853566643858249,-0.38085664021244375,-0.5587027157622259,-0.497074135911885,0.03635983296154311,-0.9529472216736207,0.6747929287358349,0.6721716807933639,1.382046638161285,0.4672304694392751,0.6777389936698857,-0.5538092940333446,0.2970622410599365,0.5802795921357087,0.7429265945610861,-0.6546536707079771,-0.6198059078266993,0.06206331780357892,0.7368960131471162,-0.7953520814435799,1.400916806826361,0.2644937670574114,0.7169020281405557,0.7660262460809351,1.2570787221094177,1.845586244346949,0.8085059242859194,1.2048289933537484,1.0082342022344564,1.2641943328374192,0.546963194791388,1.710632563558263,0.6036660853822429,1.3187609467915742,0.9801960588196069,0.8868440532177395
174,2025,30,1890023,2025-10-26,Red Bull Bragantino 0 x 3 Vasco da Gama,5438,Red Bull Bragantino,57.17,42.83,Casa,0.7547398210949803,0.6448218318303963,0.47001395249510325,0.2530173539539905,-0.6492534337109794,-0.16827457963225634,-0.4974439932613919,1.0747629187374452,1.94508398202302,-2.2249070720552258,1.6281373335333293,0.3190552216146623,-0.13606439465035539,0.7645405584114667,1.2153143848620853,0.6489849378514869,0.5042593377998977,0.19515170591496567,0.6721716807933639,-0.07273929674533086,0.176368749436507,0.25415212262620684,1.8893175499755557,1.7273619202374069,1.6470460050428974,-0.6721716807933639,0.07273929674533086,-0.21159722612862292,-0.4513154938205166,1.1212982635237096,-0.5810651659809475,-0.3121577715449164,1.060318420450702,-1.231239565602025,0.06169229744357566,0.31426968052735443,-1.9504242884017906,-0.1426775160504561,-1.2048289933537484,-0.9900467419053162,-0.9344045068798317,-1.033454218614171,1.3471740959237635,-0.9503131027873678,-1.978141420187361,-1.8203641092364127,-0.9801960588196069
175,2025,30,1890023,2025-10-26,Red Bull Bragantino 0 x 3 Vasco da Gama,1226,Vasco da Gama,42.83,57.17,Fora,-0.3795469892564456,-0.9353139229017392,-0.14894557696627153,-0.9033983085216539,0.9878388141144513,-1.8585193712924375,0.022273611638569564,0.42434162073616516,-1.3949292363599506,0.3121577715449164,-1.060318420450702,1.231239565602025,0.5483965563854806,-2.4700541117908927,-1.8706339638640967,1.7318895160939776,0.4682100100759885,0.8666132929198913,0.6721716807933639,-0.07273929674533086,0.21159722612862292,1.6661083594384694,-1.6557696030703002,-0.6931452291398508,-0.7256235230026286,-0.6721716807933639,0.07273929674533086,-0.176368749436507,0.3885653950220856,-1.121298263523709,-0.48347049751147325,2.2249070720552258,-1.6281373335333293,-0.3190552216146623,-0.5451024154149151,0.15713484026367722,1.0020283481805632,-1.0938609563868316,0.40160966445124946,1.400015735740331,2.3634937526960447,3.2130491766538,-0.004755531352227123,0.9083381342063841,1.978141420187361,0.9801960588196069,1.8203641092364127
176,2025,30,1890032,2025-10-26,Gremio 3 x 1 Juventude,1244,Gremio,48.28,51.72,Casa,0.29829511139516807,-0.0045279006153698675,0.7407330763035205,0.5160150764496106,1.5046460431151711,0.9976985906470291,-0.051971760489996355,0.1022430353623256,0.284764743292905,0.44940252739890946,-0.6751218771964413,1.122553771424807,1.0812991844080042,0.17643243655649224,-0.4600456840034751,1.8693166588320795,0.08064409043047653,1.1089778975667894,-0.38915202572247365,0.6546536707079771,0.5452361619646078,0.818934617351112,0.03660827548357888,-0.36307607240658835,-0.5372157772294226,1.4504757322383113,1.5275252316519468,0.32255385459416186,0.9739306735027617,-0.2710302433859187,0.08242769771078613,0.9036588171474802,0.4979734951397878,1.3020383437917697,0.5350787102528036,1.0999438818457405,1.4238072962637567,2.3938116581798785,1.2048289933537484,2.2464495294004703,1.2641943328374192,0.6642395480205779,-0.6535458801203534,2.769209628420155,1.3187609467915742,0.0466760028009337,1.8203641092364127
177,2025,30,1890032,2025-10-26,Gremio 3 x 1 Juventude,1220,Juventude,51.72,48.28,Fora,-0.1520795754420292,-0.7211616164085365,-0.32395863019189747,-0.3254772258623082,-0.7285237859881726,1.3361684040079442,0.6904819607956628,-0.7566865256345803,0.8827794569771781,-0.9036588171474802,-0.4979734951397878,-1.3020383437917697,-1.4929384823057603,0.32345946702023587,-0.23010496876412379,0.24342741938467324,2.1300650501486347,-2.4151914424927474,-1.4504757322383113,-1.5275252316519468,-0.32255385459416186,-0.5930216194611507,0.7100793314924038,-0.6931452291398508,0.22174982779772895,0.38915202572247365,-0.6546536707079771,-0.5452361619646078,-1.1021626190572837,0.2710302433859187,-0.3698932109852892,-0.44940252739890946,0.6751218771964413,-1.122553771424807,-1.1255072526067857,-0.9428090415820634,-0.6850874441522108,-0.7767998096080397,-0.40160966445124946,-1.2264988578827083,0.16489491297879386,-1.1160498837885409,-0.4123725044002645,-1.13419198543653,-1.3187609467915742,-1.8203641092364127,-0.0466760028009337
178,2025,30,1890036,2025-10-25,Vitoria 0 x 1 Corinthians,1238,Vitoria,39.4,60.6,Casa,1.5224820742810197,0.9820331431252006,1.2370596765260973,0.25637788854386606,-0.2035576618871381,0.7611417891113731,1.4329356820813222,-1.2398344036953397,1.6176202715299663,0.09894365817611629,2.105251247703096,1.275601114245787,0.033454317691920164,0.32345946702023587,0.13535651117146752,-0.8680675817760228,1.185822887267581,1.4430802282703437,2.087269956147814,1.382046638161285,0.6198059078266993,1.383717112076017,1.7253705504847652,-0.14302996791774675,-0.7524371076256718,1.8042503010769237,1.5275252316519468,0.6562370887545417,1.1245248317846785,1.0576429665378382,-0.13864576274278786,-0.24948490685752886,-0.15988743767957822,-0.3686538975288689,0.49640992284607316,-0.7856742013183862,1.6648238380255818,-0.1426775160504561,0.40160966445124946,0.03211163471289532,-0.9344045068798317,0.15442224887105793,-1.251384107257475,-0.155423450791151,-0.6593804733957871,0.0466760028009337,-0.9801960588196069
179,2025,30,1890036,2025-10-25,Vitoria 0 x 1 Corinthians,1237,Corinthians,60.6,39.4,Fora,0.1589007240144736,-1.7374923204794044,-0.75873168140594,-1.4214836818819945,0.015910056203039827,0.9066119130453149,0.022273611638569564,0.1366552773894446,-0.9263480987943385,0.24948490685752886,0.15988743767957822,0.3686538975288689,-1.9911468116505702,-2.028973020399662,-1.5892207287890845,1.2399401790459867,-0.9231300897743079,-0.19911016807520548,-1.8042503010769237,-1.5275252316519468,-0.6562370887545417,-0.5930216194611507,0.45721390739623835,0.07701613657109488,-0.809370657236306,-2.087269956147814,-1.382046638161285,-0.6198059078266993,-1.024281918632724,-1.0576429665378386,-0.1568644395534773,-0.09894365817611629,-2.105251247703096,-1.275601114245787,-1.247439399041256,-1.2570787221094177,0.5802494000973698,-0.1426775160504561,0.40160966445124946,0.424499841792645,0.16489491297879386,0.6104266489434476,0.25000507680279627,0.14972038259890894,0.6593804733957871,0.9801960588196069,-0.0466760028009337
180,2025,29,1890009,2025-10-25,Fluminense 1 x 0 Internacional,1219,Internacional,42.52,57.48,Fora,-0.9268551106841298,-0.5864214392234642,-0.7978481847097432,-0.47644405106652965,-0.36729496567224706,-0.35344571205646996,-0.7029071913681262,0.579380092728449,-1.522116749882484,-0.35626834863541507,-0.7637386916691725,-1.179791831363669,-1.439779580404415,-0.1432082875315512,-0.2859349103663271,-0.8527302220218802,-0.36652821005104136,-2.0120947769925404,-0.8507459883047949,-1.0657965706911838,-2.2223124509186203,-0.9217976907429085,-1.793658842638338,-0.46006897571858646,-0.07368528239532104,-1.1125139847062706,-0.027328117197209744,-0.5633025597915833,-0.471721497255146,-0.841701867625017,0.007163383856257439,-0.7539572595239672,-0.5149307506614915,0.10621027816471541,-0.6553538641443254,-0.3475797802430249,0.7777006995939869,-1.00227531579703,-0.3505902242092288,-0.22126697747046703,-0.8949569080679685,0.6883214842593639,-0.20859554230938118,-0.3390515725694108,-0.6454972243679028,-0.22941573387056172,-0.9176629354822472
181,2025,29,1890009,2025-10-25,Fluminense 1 x 0 Internacional,1232,Fluminense,57.48,42.52,Casa,0.27100528198011453,0.8908748121403047,1.021013636901669,1.3591941622425896,1.63452468723292,0.36176265356746873,0.03376410089541199,1.0983038999003398,0.7173917972702325,0.7539572595239691,0.5149307506614914,-0.10621027816471544,0.9388369748564342,1.0024580127208584,1.42119913393688,-0.31899359920208287,-0.8381658958825547,0.36625089963847773,1.1125139847062706,0.027328117197209744,0.5633025597915833,0.6876903407129643,0.3633753396044834,1.0283894751356644,0.715443583282774,0.8507459883047949,1.0657965706911838,2.2223124509186203,2.1300841069609224,0.841701867625017,-0.6475823147330062,0.35626834863541695,0.7637386916691727,1.1797918313636688,2.6515442583124993,1.9334125276018266,0.5432361440029775,2.1000054235747303,1.98667793718563,2.3368757349400293,0.4818998735750599,0.6651311474584878,0.7733017065723445,1.4505072184159782,0.6454972243679028,0.9176629354822472,0.22941573387056172
182,2025,29,1890027,2025-10-25,Atletico MG 1 x 0 Ceara,7334,Ceara,50.22,49.78,Fora,-0.3128382899140903,0.41884971817176775,0.37183709614144805,0.7343014338891222,0.30365175519715876,-1.6777666638104072,-0.7029071913681262,1.7037150082675454,-0.7912001863725973,-0.661665326505942,-0.8155066852857985,1.1824341818171114,1.2221399656501797,0.8878913826956174,0.7371530216529976,-0.6973916495596172,0.05753951377720959,1.1674334155074986,-0.5235359928029506,0.5738904611414065,0.14173558948762233,0.6876903407129643,-1.166340315683662,0.013531440462311565,0.8141575721067285,0.5235359928029506,1.0657965706911838,1.8777812871581858,1.1068085478629397,0.1873788681498551,-0.29524483571241494,-0.3592148827216519,1.82601792068234,0.2266366835158462,0.6971722632084475,-0.021723736265188982,0.924241046838368,0.9068205238163609,0.4284991629223909,0.9333831951154172,-0.8949569080679685,0.2978262728618835,0.6211767806892605,0.4686884948003299,-0.6454972243679028,-0.22941573387056172,-0.9176629354822472
183,2025,29,1890027,2025-10-25,Atletico MG 1 x 0 Ceara,1235,Atletico MG,49.78,50.22,Casa,-0.996741608380272,-0.024522585882701564,-0.189549792839141,-0.3863950498732333,-0.6961173896884064,-0.8334352996705322,-1.8693034041187282,-2.1936190018463417,-0.15435049961686118,0.35921488272165386,-1.8260179206823397,-0.22663668351584626,0.3276806148659462,1.0024580127208584,0.4887842072424698,-0.8369374671548834,-1.888743282487847,-0.8225189477951232,-0.5235359928029506,-1.0657965706911838,-1.8777812871581858,-1.3607489720490558,1.0415016727550803,-0.25709736878391587,0.21848606233307624,0.5235359928029506,-0.5738904611414065,-0.14173558948762233,-0.5105996206184988,-0.1873788681498551,-0.4729325583201965,0.6616653265059439,0.8155066852857986,-1.1824341818171111,-0.9912738348117656,-1.3251479121765326,-0.5411624256054435,-1.4795492757003779,-0.3505902242092288,-1.0185883888046354,0.4818998735750599,-0.2531607037918655,0.5889078570170909,-0.8968209002819517,0.6454972243679028,0.9176629354822472,0.22941573387056172
184,2025,29,1890040,2025-10-25,Fortaleza 1 x 0 Flamengo,2065,Fortaleza,18.47,81.53,Casa,-0.7930701646687124,-1.2775299267601388,-0.9292507568472752,-1.5040356209714285,-0.5122063019917897,-1.5426736455480272,1.4457174110671935,-1.3017187082696549,-1.4149403690595805,-0.900033255666611,-1.9783965990357857,0.006783429491372719,0.48941238018662747,-1.4034412178092017,-1.1357159392316862,-0.8603228926310134,-0.2369662510619284,0.008254249319454548,-1.5051659793084833,-1.0657965706911838,0.6846040761347454,-0.3365293156680457,-0.47984029303924025,-1.67789861732661,-1.918970684215079,-1.4397239802081148,-1.1204528050856033,-0.35072166056160925,-0.5210595297560378,-1.9824665217357946,3.4056599941498717,-2.532465631857658,-1.3453633225487693,-1.6861770161736434,-1.0021356234275074,-1.6510039561543686,-0.7853963376794123,-1.7181862556520517,-0.3505902242092288,-0.6418857682709679,0.4818998735750599,1.1920020181473947,-1.9119337275760375,-0.6332971012019408,0.6454972243679028,0.9176629354822472,0.22941573387056172
185,2025,29,1890040,2025-10-25,Fortaleza 1 x 0 Flamengo,1239,Flamengo,81.53,18.47,Fora,1.2239709683470945,1.4783666210643265,0.7507079406891641,1.295679028812502,0.4868855476823068,1.2548776076354253,0.27932119831659136,0.6442455686249352,0.8246176945257644,2.5324656318576597,1.3453633225487691,1.6861770161736436,-0.027981305311287435,1.5752911628470632,1.7779985361165254,1.2114441701814567,1.0298090166813176,0.012044977202685282,1.4397239802081148,1.1204528050856033,0.35072166056160925,0.24873905940681712,0.32279809274445775,1.5019898913165626,0.6310160130680406,1.5051659793084833,1.0657965706911838,-0.6846040761347454,-0.14024194933251932,1.9824665217357942,-1.0418401838041602,0.9000332556666129,1.9783965990357861,-0.006783429491372717,1.2286364239698002,2.476505934231553,-0.7004454117406405,1.3840944837197087,-0.3505902242092288,0.3857550835924421,-0.8949569080679685,-0.40419893094020676,1.7943826484845617,0.08559309655993348,-0.6454972243679028,-0.22941573387056172,-0.9176629354822472
186,2025,29,1890044,2025-10-25,Sport Recife 1 x 2 Mirassol,6332,Mirassol,67.49,32.51,Fora,0.22701245037969728,0.27224106138931636,-0.19169022622195842,0.44330026218052043,0.1503663508006744,0.8674233260912381,0.1565426496060017,0.2238211878143758,-0.06110426476787844,0.6073731907943869,-0.07867557614248767,0.40744520588398464,0.5002601122576886,0.6587581226451356,0.05264165907182972,0.7615695194231501,-0.9134065603761102,0.5078227400525038,-0.19632599730110642,0.5738904611414065,-0.7786246366889809,0.39505615317553283,0.02667987952119656,-0.25709736878391587,0.3354016487501564,-1.1125139847062706,-0.027328117197209744,-0.30971275309137075,-0.17493791934108363,0.6513031003277719,-0.6497257324270715,-0.12386396431592099,0.5617510737185871,0.31910695905332154,0.24103991562240093,0.7386070330164282,0.6102260170289797,0.42954656391301316,-1.1296796113408485,-0.2762295451979865,1.8587566552180885,-0.5789328303359663,1.520096797271122,-0.377500852890926,0.6454972243679028,-0.22941573387056172,1.3764944032233706
187,2025,29,1890044,2025-10-25,Sport Recife 1 x 2 Mirassol,1231,Sport Recife,32.51,67.49,Casa,-0.7103785622247536,0.6411384392940778,-0.2662444127207364,-0.3814945133953895,-0.06658480552607174,-1.810608131768414,-1.13263211185519,0.046800395894140215,-0.402668399325253,0.12386396431592289,-0.561751073718587,-0.31910695905332165,0.836799901888855,0.5441914926198945,0.8805201626529358,1.7739765065918431,-0.6960324939290873,0.08181526989319063,1.1125139847062706,0.027328117197209744,0.30971275309137075,-0.19021222189933001,0.21142314250995434,-0.7983549872763708,-0.7165397077215772,0.19632599730110642,-0.5738904611414065,0.7786246366889809,-0.44275794581837186,-0.6513031003277719,0.5800064106848666,-0.607373190794385,0.07867557614248769,-0.4074452058839846,-0.545905323512289,-0.5648171428949155,-0.7853963376794123,-0.2863643759420085,0.4284991629223909,-0.25866502211471565,0.4818998735750599,-0.13089330271474797,-0.8217050920806,-0.3652135217187278,-0.6454972243679028,-1.3764944032233706,0.22941573387056172
188,2025,29,1890013,2025-10-22,Bahia 1 x 0 Internacional,1219,Internacional,40.37,59.63,Fora,-0.04741235876513447,-0.9316361553000652,0.2084271575094219,-0.5622058054415936,-0.9368985655934272,-0.08479482346650968,1.4457174110671935,-0.20711380251644787,-0.09596461447419888,-0.5081284101701129,-0.8260328439878456,0.1057881044922928,0.047011949750628425,-2.2054076279858883,-1.5714914615528284,-0.9325812297763582,1.1744276968124532,0.7506895298767041,-0.5235359928029506,0.5738904611414065,0.6846040761347454,1.272958715787827,0.03807525835975434,-1.4749270103919394,-1.8568674394154052,-0.13088399820073782,1.6123589146353807,-0.12868856711504859,-0.06701893513375341,-1.0565017707608637,0.12254609820619018,1.1861537620684566,-1.397291640400058,1.0456591239906277,-0.8406889345960807,-0.5648171428949155,-0.03390737745181639,-0.7636383358453562,-1.1296796113408485,-1.1692801320530704,-0.8949569080679685,-1.1190491033983236,-0.5727733951810072,-1.002237901667712,-0.6454972243679028,-0.22941573387056172,-0.9176629354822472
189,2025,29,1890013,2025-10-22,Bahia 1 x 0 Internacional,1221,Bahia,59.63,40.37,Casa,0.2897192250370543,0.23378692260420475,0.3657092795645795,0.42554588078535954,0.7032225269082331,0.24355626258788624,0.7090461188036553,-0.11251831683407232,0.42911864446514875,-1.1861537620684548,1.3972916404000575,-1.0456591239906279,0.22300585240477586,1.1170246427460995,1.2995979641053623,-1.4449585295342582,0.6643746761438178,0.7605618913772809,0.13088399820073782,-1.6123589146353807,0.12868856711504859,1.4192758095565428,0.6396821981336133,1.0283894751356644,0.7862276133566937,0.5235359928029506,-0.5738904611414065,-0.6846040761347454,-0.8427373370998881,1.056501770760864,-0.3825238597364834,0.5081284101701148,0.8260328439878458,-0.10578810449229277,-0.07456298711497879,0.30413230771264693,0.36393971913926393,1.1454575037680348,0.4284991629223909,1.3191249360866806,0.4818998735750599,0.4761674102417814,0.5842980107782094,1.659852589315377,0.6454972243679028,0.9176629354822472,0.22941573387056172
190,2025,29,1890261,2025-10-21,Santos FC 0 x 1 Vitoria,1238,Vitoria,22.43,77.57,Fora,0.017863990515664514,-0.49477035882402487,-0.43561111533366953,-0.2901051503398688,-0.28201297857587854,0.4274328707783478,1.5071066854224884,-0.20711380251644787,-1.441827743231725,0.5295817965252542,-0.8288497033588165,0.6694133104247599,0.24832121303724747,-1.1743079577587199,-1.0744802943181884,-0.8819760643681706,0.07354041747043559,-1.4789372882677954,-0.8507459883047949,1.1204528050856033,0.6052578013136851,-1.799700253355203,-1.5880107704515714,-1.8132130219497236,-2.053375947153963,0.19632599730110642,1.6123589146353807,-0.2650980422446335,0.7785724418179933,-1.3930959967559715,1.7637511289637404,-2.148360572314792,-1.3123967815588409,1.5397145961479959,0.005357580807341214,-0.021723736265188982,1.0289127234414979,-0.7636383358453562,-0.3505902242092288,-0.13953620698477057,-0.8949569080679685,0.5029403047507469,-1.8957992657399527,0.6394404524207108,0.6454972243679028,0.9176629354822472,0.22941573387056172
191,2025,29,1890261,2025-10-21,Santos FC 0 x 1 Vitoria,1241,Santos FC,77.57,22.43,Casa,0.3371883343142704,0.11036213818335472,0.13323321445116734,0.5421343260417449,-0.23577124830034354,1.498083860340543,0.8932139418695398,0.896500197111271,0.6490797879725451,2.148360572314794,1.3123967815588407,-1.539714596147996,-2.3241278265198497,1.1170246427460995,1.1331088219238066,1.435141239631201,0.5249814478795212,-0.02877394468422059,-0.19632599730110642,-1.6123589146353807,0.2650980422446335,-0.3365293156680457,0.4021090273031764,1.4343326890050057,0.9987001528638905,0.8507459883047949,-1.1204528050856033,-0.6052578013136851,-0.4308062971523237,1.393095996755971,-0.4756525060866132,-0.5295817965252523,0.8288497033588167,-0.6694133104247598,0.6160049144769516,0.41275098903859225,-1.2738641618273492,0.19090958396133928,-0.3505902242092288,-0.36079870872594605,-0.8949569080679685,-0.5511683273432046,0.8124853996028362,-0.43666154369348653,-0.6454972243679028,-0.22941573387056172,-0.9176629354822472
192,2025,29,1890259,2025-10-20,Juventude 1 x 0 Red Bull Bragantino,5438,Red Bull Bragantino,56.12,43.88,Fora,0.10580996862445224,0.021357403932535823,-0.3041711291230932,-0.5613578300282405,-0.9835650186040297,1.048595866514193,0.21793192396129654,-1.4578763354278628,-0.10520132768169171,0.8375795095395604,0.5915930588555247,-0.7550382580157051,-0.8199364277775822,-0.716041437657756,-0.449865749898442,0.1836693161247811,0.6470788142683749,-0.4297508490776296,0.13088399820073782,1.1204528050856033,0.6846040761347454,-1.3607489720490558,0.055168326617594084,0.5547890589547665,-0.0010289162459312655,-0.13088399820073782,-0.027328117197209744,-0.5723826645643658,-0.9160230728639165,-0.29032615144167273,-0.3936725937439903,0.6170242310793715,-0.9213095005520066,0.06481370132526414,-1.0986093694445465,-0.3475797802430249,-0.6077716743528893,-0.7636383358453562,-1.1296796113408485,-1.375185811289254,-0.8949569080679685,-1.4433790874539982,-0.017286923395805526,-1.1462800290296047,-0.6454972243679028,-0.22941573387056172,-0.9176629354822472
193,2025,29,1890259,2025-10-20,Juventude 1 x 0 Red Bull Bragantino,1220,Juventude,43.88,56.12,Casa,0.3219795653380487,-0.16972517552324048,-0.3615516525832099,0.06510134515476074,0.21570444184500415,0.21004180690785137,0.21793192396129654,-1.3589529517077308,0.05975746090604755,-0.6170242310793697,0.9213095005520063,-0.06481370132526415,0.2705029954036886,-0.25777491755679216,-0.5793378999341173,-1.4449585295342582,0.5433577091066443,0.3623370761079521,0.13088399820073782,0.027328117197209744,0.5723826645643658,-0.3365293156680457,0.3432770714389884,-0.054125761849245294,-0.43091241596315394,-0.13088399820073782,-1.1204528050856033,-0.6846040761347454,-0.8705951061346161,0.29032615144167273,0.5171782760297879,-0.8375795095395585,-0.5915930588555248,0.755038258015705,-0.19336596998281,0.7386070330164282,1.290591914949321,1.6227314636713825,-0.3505902242092288,-0.3170421780971834,0.4818998735750599,-1.0198607047199968,-0.6672752430780747,-0.4060514906773519,0.6454972243679028,0.9176629354822472,0.22941573387056172
194,2025,29,1890262,2025-10-20,Vasco da Gama 2 x 0 Fluminense,1232,Fluminense,56.41,43.59,Fora,1.2293248408324025,0.5740348674111936,0.10164695643172744,-0.23350384908708055,-0.5028074170179516,0.7021220079118536,0.03376410089541199,0.5601606924628229,1.6185043144779891,-0.9698592970870744,0.8383490972223113,2.2130046285366944,1.4103876254097747,-0.25777491755679216,-0.33347239359399583,0.2439888659640047,0.061560045415862776,0.7373575834896714,1.766933975709959,1.1204528050856033,0.5883087754411385,-0.043895128130614296,1.0396024429486526,0.4194746543316527,0.6982482432940856,1.1779559838066391,-1.1204528050856033,-0.461230379730814,-0.8628034092803624,0.1506203342065818,-0.26743031111154486,-0.36943393013138226,0.00040413964008453087,-0.6980660718589072,-0.3869737983360812,-0.3475797802430249,-0.3946220783610623,-0.047727395990334605,-0.3505902242092288,-0.6789717180655469,-0.8949569080679685,-0.7947452337922184,0.469051854806176,-0.6592407231722704,-1.2909944487358056,-1.3764944032233706,-0.9176629354822472
195,2025,29,1890262,2025-10-20,Vasco da Gama 2 x 0 Fluminense,1226,Vasco da Gama,43.59,56.41,Casa,0.267202686701693,-0.6423036175709378,-0.4163460553614656,-1.2020268374115033,-0.04506993057572009,-0.06357829175222558,-0.0890144478151777,-0.11251831683407232,0.5868735423377491,0.36943393013138415,-0.0004041396400845308,0.6980660718589075,0.366673441842111,-1.288874587783961,-1.2228367037787544,0.8935840180787212,0.44253587675127826,1.3395210697785507,-1.1779559838066391,1.1204528050856033,0.461230379730814,0.9803245282503957,0.34151374358651,-0.054125761849245294,0.2081035971300156,-1.766933975709959,-1.1204528050856033,-0.5883087754411385,-0.8784020613608919,-0.15062033420658222,-0.259297430725188,0.9698592970870763,-0.8383490972223115,-2.213004628536694,-1.6061332896804248,-1.433766593502478,-2.739267634271161,-0.2863643759420085,0.4284991629223909,-0.3481202851654404,1.8587566552180885,-0.24617875208743067,-0.3192318520425335,-0.4277923026505739,1.2909944487358056,0.9176629354822472,1.3764944032233706
196,2025,29,1890258,2025-10-19,Internacional 2 x 0 Sport Recife,1231,Sport Recife,68.04,31.96,Fora,-0.1511309675134713,-0.6978319492619329,0.2831777048985541,0.42816411497247275,-0.0625676970505443,0.84543807945977,-0.27318227088106223,0.025075116885747047,0.662063466328603,-0.5662852668290583,0.6301954239485106,-1.682551660063331,-2.0935871414392797,-0.601474807632515,-0.0539580819768854,1.0606227714796486,0.6226364148903505,0.48728846853320124,-0.5235359928029506,-1.6123589146353807,-2.6086222861524067,1.1266416220191113,0.0467472133249475,1.2990182843818918,0.6887276595715341,-0.7853039892044262,-0.027328117197209744,-0.6846040761347454,0.039291216067010123,0.45057912743500883,0.07112807820012843,0.7765592436741025,-0.05503508845108615,0.5612910140324235,0.7558214068735449,0.8472257143423735,1.053541353230469,0.19090958396133928,-0.3505902242092288,-0.07379786485730624,-0.8949569080679685,-0.23819948304570115,0.7456426291390565,-0.23588897511329662,-1.2909944487358056,-1.3764944032233706,-0.9176629354822472
197,2025,29,1890258,2025-10-19,Internacional 2 x 0 Sport Recife,1219,Internacional,31.96,68.04,Casa,0.09907173195626567,-0.1116567480236384,1.0952949992781411,0.5440344886651731,0.988626206568212,0.34399306538099544,1.0159924905801296,0.8388419963143945,0.5221282662688772,-0.7765592436741005,0.055035088451086144,-0.5612910140324238,-0.25700103439404104,-0.37234154758203314,-0.8869175509141564,1.2374873339041594,1.907771683183274,0.8733708330874305,0.7853039892044262,0.027328117197209744,0.6846040761347454,1.7119099970939742,0.6784155815159674,-0.7983549872763708,-0.7461603157557842,0.5235359928029506,1.6123589146353807,2.6086222861524067,2.843904496896945,-0.4505791274350093,0.24338227899731693,0.5662852668290602,-0.6301954239485107,1.6825516600633306,1.5743608459808822,0.08689494506075632,0.7087405361848667,0.19090958396133928,1.2075885500540107,1.3986019260011782,1.8587566552180885,1.3674238826464935,-1.2388961766993614,0.7941340868498814,1.2909944487358056,0.9176629354822472,1.3764944032233706
198,2025,29,1890260,2025-10-19,Mirassol 3 x 0 Sao Paulo,1224,Sao Paulo,62.01,37.99,Fora,0.2812614845789345,1.1321231438341837,0.8129654953505655,0.2806500387024552,-0.8474075290198637,0.342061588404205,-1.3781892092763695,-0.9773913287872233,1.868382835977172,-0.800787429166816,0.973940294062243,-0.40629321884579805,-0.8010532564382006,0.6587581226451356,0.982347671896037,0.22339194650670885,-0.36394770545898886,-0.13087035691832527,1.766933975709959,1.1204528050856033,0.5583182286433873,-0.6291635032054771,1.8380818880700038,1.0283894751356644,1.742554509180568,1.5051659793084833,0.519234226746987,-0.2041673343939534,0.6160849060477311,1.2390109484349867,-1.050640815143881,0.919066166841623,0.9010317247399338,-0.9179953758399294,-0.09944714252517049,-0.2389610989170796,-0.6077716743528893,-0.5250013558936824,-1.1296796113408485,-1.1538015056619373,-0.8949569080679685,-1.199075784948651,0.561248779583803,-0.9914097677265336,-1.9364916731037083,-2.5235730725761796,-0.9176629354822472
199,2025,29,1890260,2025-10-19,Mirassol 3 x 0 Sao Paulo,6332,Mirassol,37.99,62.01,Casa,-0.7329834664551351,-0.8367371716551252,-1.2517501554761454,-0.5205363738318297,1.0553223313817668,-1.779086427507192,-1.8079141297634334,1.3119784087358235,-1.9485436561178788,-0.9190661668416211,-0.9010317247399335,0.9179953758399295,0.8824335447306912,-0.1432082875315512,-1.1793401930334795,-0.7540255041031506,-2.445822913133003,-2.551801840128969,-1.5051659793084833,-0.519234226746987,0.2041673343939534,-1.21443187828034,-2.3606006566215814,-0.663040582653257,-0.039525946071353554,-1.766933975709959,-1.1204528050856033,-0.5583182286433873,-0.38504103450613275,-1.2390109484349867,-0.7742725075436088,0.800787429166818,-0.9739402940622433,0.406293218845798,-0.27548747167588705,-0.6734358242208608,1.1684749589123362,-0.5250013558936824,2.76576732431725,1.6594292370234847,0.4818998735750599,2.7890297242061624,-0.8170952458417184,2.8192307440315774,1.9364916731037083,0.9176629354822472,2.5235730725761796
200,2025,28,1890253,2025-10-20,Bahia 4 x 0 Gremio,1221,Bahia,62.99,37.01,Casa,0.07962049350511195,1.1379601883439219,0.8830752237930147,1.772983273310502,2.3037499807649846,1.098887519533425,-1.1612500440546256,1.4632575265799381,1.2129423873231748,-2.2256864052680987,0.6869558009063135,-0.9329229838012622,0.3735878969019331,1.4600176563853724,1.7860332647379817,0.6892698203665034,0.7217080901780379,1.3906070610881618,0.05167040652742149,1.2541194257249118,0.7312145224872039,0.23171135122761113,1.1968400579024139,0.5484573647732194,1.1163418606532056,0.63726834717153,0.13934660285832348,1.1540895407529015,2.544827618824991,0.8606603144971806,-1.0024157570526948,0.6461247994448218,1.3160575994216737,1.4771507360870328,3.4380644432361205,2.4475976264750217,0.6927813245786248,1.5894704449448809,2.6520695321479186,3.0682477398173225,2.882338615601586,1.0923783555489766,1.2967541700487675,2.4937961675858853,2.0795009796401454,1.0611908999450224,2.334619979879049
201,2025,28,1890253,2025-10-20,Bahia 4 x 0 Gremio,1244,Gremio,37.01,62.99,Fora,-1.3327933633794815,-0.5013077322009806,-0.9678385393316181,-0.14778089091002639,-0.8210550479184759,-1.2572222705759795,-1.505324131181922,-1.3757217408457898,-0.9486850686936175,-0.6461247994448241,-1.3160575994216737,-1.477150736087034,-2.178309680005621,-0.3650044140963433,-0.8636115646777254,-0.5529961706357329,0.39373325319636315,-0.5269058521599862,-0.63726834717153,-0.13934660285832348,-1.1540895407529015,-0.5157446204743616,-1.509769750712507,-1.664616212381875,-0.7635503198891994,-0.05167040652742149,-1.2541194257249118,-0.7312145224872039,-0.8111108201686317,-0.8606603144971812,-0.5910926041556829,2.2256864052680965,-0.6869558009063135,0.9329229838012612,0.023569567962127946,-0.6566725339323228,0.2873195536431011,-0.09250886187509902,-1.2290078319709867,-0.890734157758208,-1.0259171343666662,-1.1007059019637873,-0.9343989846049983,-0.9741892495227441,-2.0795009796401454,-2.334619979879049,-1.0611908999450224
202,2025,28,1890254,2025-10-19,Ceara 0 x 2 Botafogo RJ,7334,Ceara,53.26,46.74,Casa,-0.2040081856658978,0.5555242787508251,0.2899419507759316,0.2071727559985183,-0.14207885211540974,0.5666073018276034,0.9892130004909774,-0.9454243462506902,0.181465135078432,0.1803247959540432,-0.7611101638329673,-0.6910439827853644,-1.156443821243744,1.179245030157416,1.1305282811767863,-0.6810740630029426,0.6832098914836785,1.1399211781604155,0.05167040652742149,-0.13934660285832348,0.38782019824182223,2.025605683312346,0.006880271385271376,0.4522367744621283,-0.23678287283164443,-0.05167040652742149,0.13934660285832348,-0.7025511636674584,-0.8327472208350578,0.8548966164634441,0.2850591524216917,-0.3574290232658942,0.9855492974849401,-0.5371987366590029,-0.47455615329530804,0.41788252159329636,-0.22107678452682916,1.253074583580885,-0.5821616046178357,-0.18396128899952652,-1.0259171343666662,-0.9769151265523539,0.08337816023706171,-0.3550709849092657,-1.0397504898200727,-0.6367145399670133,-1.0611908999450224
203,2025,28,1890254,2025-10-19,Ceara 0 x 2 Botafogo RJ,1227,Botafogo RJ,46.74,53.26,Fora,-0.19888699871448506,-0.2109596218384377,-0.12873759542863636,0.322637132221527,-0.05131290279777728,0.07237852117265274,0.5591203915818568,-1.5171051704984653,-1.1143626412547867,0.3574290232658919,-0.9855492974849401,0.537198736659002,0.40222031620392074,-0.6457770403242996,-0.11038525069854924,2.650742437738456,0.8417069916818065,0.4442660146237538,0.05167040652742149,-0.13934660285832348,0.7025511636674584,-0.8147270091551508,-0.5242668574259478,-0.2213073577155092,-0.04851652575437379,-0.05167040652742149,0.13934660285832348,-0.38782019824182223,0.7001994553938877,-0.8548966164634441,1.2601473331976485,-0.18032479595404555,0.7611101638329673,0.6910439827853635,0.6932909987312212,0.2984875154237831,-0.6616869442741018,-0.597102653921093,-0.5821616046178357,-0.3028330277948588,0.9282107406174598,0.11058130679236326,-0.4304832646831968,-0.4592001442017132,1.0397504898200727,1.0611908999450224,0.6367145399670133
204,2025,28,1890256,2025-10-19,Cruzeiro 1 x 0 Fortaleza,2065,Fortaleza,44.42,55.58,Fora,0.6802567194872371,0.20649691631933162,0.30641683034740624,0.03481311175205793,0.02684955435555489,0.29191356229530635,0.5591203915818568,0.9482683840700671,0.08307279896170941,0.45111822726255973,-0.21734904940534008,2.069712890878854,0.7524367211157034,-0.3650044140963433,0.23746588456347842,-0.7044080919767257,0.34164861289160264,0.9933768150036528,0.39613978337689726,0.5573864114332941,0.6680280575804871,0.6801849342487948,0.03918532015465235,0.25979559383994616,0.25113840521213054,1.3262071008704817,0.13934660285832348,0.5257359521334586,-0.6062185698877606,0.38589083382030476,1.0545589281591499,-0.6122270722851348,0.20963114971669025,-0.5183510222941279,0.06208148576536456,-0.059697503084756624,-0.0007717046531925874,0.748480791534891,0.7115308500884661,0.0985089662111186,-1.0259171343666662,-0.5437127921376401,-0.13211211472949858,-0.10763294372060149,-0.5198752449100363,0.21223817998900446,-1.0611908999450224
205,2025,28,1890256,2025-10-19,Cruzeiro 1 x 0 Fortaleza,1230,Cruzeiro,55.58,44.42,Casa,-0.04827140005541218,-0.31714291271733785,-0.16686374270783252,-0.7457243643193188,0.015815781154483205,0.30127753693379256,-0.5591203915818568,-1.6924206232677834,-0.7988123590667597,0.6122270722851325,-0.20963114971669025,0.518351022294127,0.4771476951957815,0.05615452524559105,0.14082752761386252,-0.7704307320963446,-0.8592276990782395,0.4957825988864474,-1.3262071008704817,-0.13934660285832348,-0.5257359521334586,0.3812025455680057,-0.5565927808691388,1.0295603163286746,1.124765047077746,-0.39613978337689726,-0.5573864114332941,-0.6680280575804871,-0.9018263424643452,-0.38589083382030476,-0.33450530401516615,-0.45111822726256207,0.21734904940534008,-2.0697128908788547,-0.7446427819834558,-1.0148575524408625,2.496019200581353,-0.597102653921093,0.7115308500884661,0.23306788020734104,-0.04885319687460319,0.9328801266483309,0.8690888551151336,0.010237853255420995,0.5198752449100363,1.0611908999450224,-0.21223817998900446
206,2025,28,1890257,2025-10-19,Flamengo 3 x 2 Palmeiras,1239,Flamengo,44.38,55.62,Casa,0.48063411960433366,-0.43996207822515954,0.2704345969247122,-0.43633089062430397,0.41890701495126903,0.37996358912556216,1.9354167400910427,0.6036462742916702,0.047145125569793375,0.4926333711584858,0.09971839675898263,0.4523840220170638,0.28981873687803306,0.6176997777015035,-0.20746711198905288,0.2331133977218633,1.356023702033533,0.8754251430432206,-0.63726834717153,-1.5328126314415589,0.2421007812096458,1.4276409059507675,0.5698730373441432,0.3560161841510372,-1.16316156969323,1.3262071008704817,-1.2541194257249118,2.606504624964678,-0.8030102210432453,0.02713294925299017,-0.320322086419459,1.40903755077401,-0.6369666540822929,-0.33364342151835086,-0.8018464361495624,-0.6566725339323228,-0.865045479542073,-1.101696445967087,0.7115308500884661,0.4021133007867862,0.9282107406174598,2.616681659585851,-0.815050524623519,1.1279418079879555,0.5198752449100363,-0.6367145399670133,1.4856672599230312
207,2025,28,1890257,2025-10-19,Flamengo 3 x 2 Palmeiras,1234,Palmeiras,55.62,44.38,Fora,0.6143243278394617,-0.3736136264143632,0.9927140342425305,-0.2222474614387442,0.20544919234824455,0.3032404819278851,1.5913426529637462,0.5931734276507308,0.5289766538028848,-1.4090375507740125,0.6369666540822929,0.33364342151834997,1.4862703674685442,-0.9265496665522558,-0.4958171639596269,0.4538931062818691,1.262960687025678,0.9929551670592243,-1.3262071008704817,1.2541194257249118,-2.606504624964678,1.5771321002911622,0.4172511763471979,1.414442677573039,0.8504283446046863,0.63726834717153,1.5328126314415589,-0.2421007812096458,0.37737727263069476,-0.02713294925299017,0.5533108471752612,-0.49263337115848815,-0.09971839675898263,-0.4523840220170647,-0.30975447772593934,0.5372775277628096,1.247623747964079,1.084876652898887,-0.5821616046178357,0.0031962767984753614,0.9282107406174598,-0.7756031199452216,0.02038869524683658,-0.19112486803348466,-0.5198752449100363,-1.4856672599230312,0.6367145399670133
208,2025,28,1890255,2025-10-18,Corinthians 1 x 0 Atletico MG,1237,Corinthians,61.09,38.91,Casa,0.34370406243783724,0.15578409715232822,0.049831246022213525,0.06252032541760447,-0.04473734749571332,0.43672074152618284,-0.8171759569273291,0.6743379891180079,0.07280821419747106,0.6603348776949753,0.8300281866440271,0.4523840220170638,-0.45422748292563314,-0.3650044140963433,0.0346146078954648,-0.7259699162183227,-0.871210901495992,0.669287663717008,0.39613978337689726,0.5573864114332941,0.2174934127165516,-0.9642182034955453,-0.4015347366407797,1.2220014969508568,1.187414482710824,-1.085078537075849,0.13934660285832348,1.3300314885957054,1.3884708535362749,0.6501996241081842,-0.23900852689519972,0.6725269887915949,-0.10331130670643568,-0.3215681062133969,0.024761090482066248,-0.059697503084756624,-0.5357983272034523,-0.09250886187509902,0.06468462273531515,-0.04172894160499664,-0.04885319687460319,-0.09860332196235898,1.1641447700693464,-0.2304784206170599,0.5198752449100363,1.0611908999450224,-0.21223817998900446
209,2025,28,1890255,2025-10-18,Corinthians 1 x 0 Atletico MG,1235,Atletico MG,38.91,61.09,Fora,0.08857658103968802,0.22776235739187733,-0.4169209820369529,-0.6410881996926261,-1.0953353397214463,-0.5620256714681395,-0.2150463044545603,-1.5171051704984653,0.4854176546507389,-0.6725269887915972,0.10331130670643568,0.32156810621339593,-0.15672844108568199,0.19654083835956918,-0.23122334300958533,-0.0030146328235974846,-0.1442155690557888,-2.3359245414723535,1.085078537075849,-0.13934660285832348,-1.3300314885957054,-1.5621829808571237,0.9845408298576606,-1.375954441448602,-0.7293004533159807,-0.39613978337689726,-0.5573864114332941,-0.2174934127165516,0.405596895036539,-0.6501996241081847,-1.0467149128164142,-0.6603348776949777,-0.8300281866440271,-0.4523840220170647,-0.6317409660012279,-1.0148575524408625,-1.4988462477939193,-0.933498515285089,-1.2290078319709867,-1.238794657272089,-1.0259171343666662,-1.1241334806457774,-0.7520610596332938,-1.2790829741757639,-0.5198752449100363,0.21223817998900446,-1.0611908999450224
210,2025,28,1889958,2025-10-17,Fluminense 1 x 0 Juventude,1232,Fluminense,63.77,36.23,Casa,0.7607662839353505,0.15059358850986826,0.4731341537927447,0.34789041362498263,-0.3098584559762366,0.2410805571149525,-1.0752315222728015,-0.32177253798038913,0.7435511300760612,1.0382560254644113,1.7038339144140284,0.8723202920734903,-1.6916866579903178,0.05615452524559105,0.9939539231595921,-0.7327978272281618,-0.9046247094155637,-0.7308470417521293,1.085078537075849,-1.5328126314415589,-1.8072914440497383,-0.3662534261339671,0.17684521131427872,1.318222087261948,1.3080726550412007,0.63726834717153,0.8360796171499411,-0.7279621026756876,0.23664308599273778,1.4670504975409857,-1.0881465363650615,1.3444084816289896,0.7151535793232773,-0.5581119539679742,-0.2325304683963583,0.2984875154237831,-0.9370682941161468,-0.09250886187509902,-0.5821616046178357,-0.6513187875320933,-0.04885319687460319,-0.8181178145988551,1.1210467150760342,-0.7644663879243377,0.5198752449100363,1.0611908999450224,-0.21223817998900446
211,2025,28,1889958,2025-10-17,Fluminense 1 x 0 Juventude,1220,Juventude,36.23,63.77,Fora,-0.13789576218650076,-0.8577062708568453,-0.22447946528146187,-1.2115674187168202,-0.7687093159822748,-0.1414816284234008,0.2150463044545603,0.16862033689882164,-0.7544392353804812,-1.344408481628992,-0.7151535793232773,0.5581119539679733,1.2514274668763634,-0.6457770403242996,-1.3117000787816102,-0.6890622891381115,0.3403718680946918,0.49593765256368644,-0.63726834717153,-0.8360796171499411,0.7279621026756876,-0.3662534261339671,-0.4690215604159514,-0.8948514898931467,-0.8030292980771637,-1.085078537075849,1.5328126314415589,1.8072914440497383,-0.0644844096114159,-1.4670504975409857,0.718948188815266,-1.0382560254644138,-1.7038339144140284,-0.8723202920734912,-0.8030649708387757,-1.3730425709494023,1.871821474272716,-0.765300584603091,-0.5821616046178357,-0.6271389259415883,-1.0259171343666662,-0.19322733838459477,-1.1399435545731014,-0.7432853344229491,-0.5198752449100363,0.21223817998900446,-1.0611908999450224
212,2025,28,1889996,2025-10-17,Vitoria 2 x 1 Bahia,1238,Vitoria,30.87,69.13,Casa,0.10601582712634972,-0.02314814038423063,-1.3130745721342247,-0.3883615466726112,0.19935279205226944,-0.17482584890612535,0.5591203915818568,0.04821137208473012,-0.24837652123973025,0.7014594789926891,-0.3781386262522193,0.6711167071462734,0.1186451919653542,0.05615452524559105,-0.41333452789375347,-1.2722027970054486,-0.9740605437475113,-2.0612607537244365,-0.29279897032205426,0.5573864114332941,0.8816062680113114,-1.412691786516729,-1.406650195262669,-1.9532779833151483,-1.659021491810307,-1.085078537075849,-1.2541194257249118,-0.8816062680113114,-0.7666295049100414,-0.6761626999683212,2.873932474664972,-1.7765029934725949,-0.9458486893840807,-0.15553252077028037,0.22409772343223758,-0.41788252159329636,-0.34124319173063056,-0.933498515285089,0.7115308500884661,0.28283275652062934,-0.04885319687460319,1.794392145870571,-1.776468674474324,1.0234545436452873,0.5198752449100363,0.21223817998900446,0.6367145399670133
213,2025,28,1889996,2025-10-17,Vitoria 2 x 1 Bahia,1221,Bahia,69.13,30.87,Fora,0.3292180278232409,0.9872101529099022,0.13511211999409237,0.09521818290211158,-0.47635217691589166,0.7086694503548256,-0.2150463044545603,1.196110169979073,-0.5025956600732685,1.7765029934725927,0.9458486893840807,0.15553252077027946,-1.3241134306091482,1.179245030157416,0.4303976186814325,0.659994109659459,0.07974296065451043,-0.553254198157992,1.085078537075849,1.2541194257249118,0.8816062680113114,-0.21676223179357254,0.37472212889236994,0.6446779550843104,1.0546095145082643,0.29279897032205426,-0.5573864114332941,-0.8816062680113114,0.2726223088926863,0.6761626999683217,-0.2350353374408691,-0.7014594789926915,0.3781386262522193,-0.6711167071462744,-0.0023118874658202763,-0.41788252159329636,-1.2491671572704652,-0.428904723239095,-0.5821616046178357,-0.6983611855099906,-0.04885319687460319,-0.6449662751110873,1.1210467150760342,-0.805674545575444,-0.5198752449100363,-0.6367145399670133,-0.21223817998900446
214,2025,28,1889969,2025-10-16,Santos FC 3 x 1 Corinthians,1241,Santos FC,34.61,65.39,Casa,1.2131537158818242,0.7043607420896645,1.070968448584978,0.1342655854211704,-0.15043095477093213,0.33400964471028693,1.6773611747455703,1.3188800948875585,1.7635372065164132,1.1577762973143286,1.3752499809417995,0.9908588382321605,0.0808488272867266,0.19654083835956918,0.2817041671983278,1.5667707281381658,1.0962702619582465,-0.335019485920253,1.085078537075849,1.2541194257249118,0.8816062680113114,1.278149711610373,1.9621719705413168,-1.375954441448602,-2.109570076216687,2.0151458545694334,1.5328126314415589,0.023718496323438188,1.0134849647957886,0.9471865921043839,-0.6278793138532482,-0.5019550107459797,0.12765453951021613,-0.0672793717509664,-0.47049941817895213,0.17909250925426987,0.19634336681269227,0.748480791534891,-1.2290078319709867,-0.47135423580214825,0.9282107406174598,-1.0294968776090376,-1.3952166495334877,0.3628024975346091,1.0397504898200727,0.21223817998900446,1.4856672599230312
215,2025,28,1889969,2025-10-16,Santos FC 3 x 1 Corinthians,1237,Corinthians,65.39,34.61,Fora,-0.07528072242366499,-1.9105921198318105,-0.5596241279566275,-1.1579095534607968,-0.788947680809549,0.7500460214832463,-0.9031944787091533,0.361274680601369,-0.2756128334932664,0.5019550107459774,-0.12765453951021613,0.06727937175096547,-0.0030060064866915684,-2.611185423919993,-1.4832245693962565,1.4248220518809853,-1.9184021201741854,-0.45379911066993855,-2.0151458545694334,-1.5328126314415589,-0.023718496323438188,0.08222015688721658,0.0028148608858222565,0.5484573647732194,-0.12258853116182478,-1.085078537075849,-1.2541194257249118,-0.8816062680113114,-1.6520391874852631,-0.9471865921043839,0.03364169183861906,-1.157776297314331,-1.3752499809417995,-0.9908588382321615,-1.3183428025648423,-1.253647564779889,-0.9370682941161468,-1.438092307331083,-0.5821616046178357,-1.1033191972048324,-0.04885319687460319,-0.1040405555998095,1.021589665091468,-1.1604093019932646,-1.0397504898200727,-1.4856672599230312,-0.21223817998900446
216,2025,28,1889990,2025-10-16,Gremio 2 x 0 Sao Paulo,1244,Gremio,37.65,62.35,Casa,-0.9517496294055547,-0.40804640964569994,-0.39763775512674054,-0.29986835406926393,0.2693164860699486,-0.7940065108700044,-0.47310186980003266,1.196110169979073,-0.2702797271249344,-1.5312185557653761,-1.2611178032983916,-1.228097357922359,0.6340959356097657,0.6176997777015035,-0.43206807511335626,-1.2722027970054486,0.9719131362693617,0.4848949234878136,-0.9817377240210059,-0.8360796171499411,0.8816062680113114,0.6801849342487948,-1.0598264946678029,-0.3175279480266002,0.28851109884952675,-0.740609160226373,-0.5573864114332941,-0.006383733163971605,-0.390661450655168,-1.0716739727809605,0.2592687651860874,-0.4046823365568307,0.1837069225573782,-0.024917860221695308,-0.2865885058317781,0.059697503084756624,0.8635020702356884,0.5802828608528929,0.06468462273531515,0.7545772955236053,-0.04885319687460319,0.14184710811159582,-0.5465164896651903,1.4366929024427442,1.0397504898200727,1.0611908999450224,0.6367145399670133
217,2025,28,1889990,2025-10-16,Gremio 2 x 0 Sao Paulo,1224,Sao Paulo,62.35,37.65,Fora,-0.03631390729934152,0.7582444148358936,0.32039362471570504,1.0653668723259215,-0.10395473035152514,0.8193059910414784,-0.9892130004909774,-0.6405279066518762,0.2548280949597262,0.40468233655682834,-0.1837069225573782,0.02491786022169438,0.5810627124641121,0.8984724039294598,0.8365096837544469,-0.03927715180022168,0.6755786423272389,0.4818069398290295,0.740609160226373,0.5573864114332941,0.006383733163971605,-0.3662534261339671,0.1946446892753474,0.4522367744621283,1.1806643751678672,0.9817377240210059,0.8360796171499411,-0.8816062680113114,-0.17608363048022552,1.0716739727809605,-1.9005444856359044,1.5312185557653737,1.2611178032983916,1.2280973579223582,0.7005783553019753,0.6566725339323228,-0.1791139121699462,0.07568906880689898,0.06468462273531515,-0.17631129483772398,-1.0259171343666662,-0.39130515371978314,1.7940394199715977,-0.3483697498744846,-1.0397504898200727,-0.6367145399670133,-1.0611908999450224
218,2025,28,1890000,2025-10-16,Fortaleza 0 x 2 Vasco da Gama,1226,Vasco da Gama,45.32,54.68,Fora,-2.0025982640162128,-1.4412544597806192,-1.4076315489950904,-0.5096689560317471,-0.07312329295114622,-3.6476443391821234,-0.8171759569273291,-0.5056698660600928,-2.5018138368066625,-0.3294837495144795,-1.9879868395827205,-1.5910588702863813,-1.011058229747501,-1.7688675452361247,-2.1705386921227396,-0.6890622891381115,-1.297537114735861,-0.4130386879710395,-0.29279897032205426,-1.5328126314415589,-0.6442137649794665,-1.2632005921763345,-1.8281170465927545,-0.7986308995820556,-0.7751276264179376,-2.118486667624276,-1.2541194257249118,-0.8816062680113114,-1.1832346622702083,-1.8168454560294058,0.030937214366782113,0.17621297898056618,-1.7615426405478443,2.105105834878307,-0.5653935624280454,-0.41788252159329636,-0.34124319173063056,-1.2698943766490849,0.06468462273531515,-0.5106717263429641,0.9282107406174598,1.073691975199934,-0.6426583046502711,-0.6412625012226104,1.0397504898200727,1.0611908999450224,0.6367145399670133
219,2025,28,1890000,2025-10-16,Fortaleza 0 x 2 Vasco da Gama,2065,Fortaleza,54.68,45.32,Casa,0.2915280744661106,1.5997966355918656,0.7907860998058555,1.7176799829618674,1.3864552961096226,0.2731053503785753,0.6451389133636809,-0.05614306408748349,2.0412334819971174,-0.17621297898056854,1.7615426405478443,-2.1051058348783083,1.5280118821280788,1.179245030157416,1.847335418860858,0.4538931062818691,-1.7955894400916017,-1.0542114856342877,2.118486667624276,1.2541194257249118,0.8816062680113114,-0.5157446204743616,1.8300098686870825,0.3560161841510372,0.04870298134290537,0.29279897032205426,1.5328126314415589,0.6442137649794665,1.2488235647077615,1.8168454560294056,0.3158602688242198,0.3294837495144771,1.9879868395827205,1.5910588702863804,1.4748287659489634,2.4475976264750217,0.11271879103928674,2.2622621676728727,2.005223304794768,2.053983210735733,-1.0259171343666662,0.038375080472690254,0.07343245523860496,1.6053216337418221,-1.0397504898200727,-0.6367145399670133,-1.0611908999450224
220,2025,27,1889977,2025-10-16,Mirassol 3 x 1 Internacional,6332,Mirassol,57.8,42.2,Casa,0.16234105381899344,0.24841874198703445,-0.023386669488585126,0.5974367930971813,0.3515612998354687,-1.051221404916265,-1.5329645078483167,1.8348968782328585,0.11330343392545278,0.09063261127382964,0.8164605249040713,0.8228463117544089,1.6615046131164533,0.17924082997774063,0.2269057568206026,0.30828502924100853,-0.6555520888062872,0.0806400665716981,0.028295591748714537,0.55923278940108,0.3140974788476195,-0.17474081133220798,0.21548030343106545,1.6810826592459696,1.5962426222500494,-0.5942074267230073,-0.55923278940108,-0.8642753873291538,-0.7087019521522505,0.5878818390336378,-0.11294614681848844,-0.15400213720964978,-0.39973534693604856,0.9966013466576559,1.2049993336334806,0.467065399339359,0.6792313667923968,0.6350085378843822,0.14002800840280097,0.37622598394128104,0.8001322641986387,-0.34443951645797405,1.364663153393601,0.20354594425985814,0.9428090415820635,0.7942929481958454,0.7186460007486223
221,2025,27,1889977,2025-10-16,Mirassol 3 x 1 Internacional,1219,Internacional,42.2,57.8,Fora,-0.06319535876386806,-0.10955693078317391,-0.1738096254310295,-0.9771757059120814,-0.8735847488263067,0.4177911072760248,0.13936040980439243,0.0583527374726022,0.3118317915641885,0.1540021372096521,0.39973534693604856,-0.9966013466576559,-1.0853819156205953,-0.8829270513718324,-0.7087408878849506,0.40083510966108593,-0.5175532249020045,-0.5177223368081834,0.5942074267230073,0.55923278940108,0.8642753873291538,0.26211121699831097,0.5166339594663771,-0.25397651686449885,0.08616743250051812,-0.028295591748714537,-0.55923278940108,-0.3140974788476195,-0.9800980310365719,-0.5878818390336378,0.32480905559600715,-0.09063261127382731,-0.8164605249040713,-0.8228463117544089,-1.6815141479562075,-1.1209569584144616,-1.9856117670879276,-1.3052953278734525,-0.9801960588196068,-1.08255925118084,-0.654653670707977,0.06793087420235294,0.0037977638777186595,-1.1517906054038467,-0.9428090415820635,-0.7186460007486223,-0.7942929481958454
222,2025,27,1889987,2025-10-16,Atletico MG 1 x 1 Cruzeiro,1235,Atletico MG,62.4,37.6,Casa,1.3827522110577422,1.1523208898889308,0.8633025709820581,1.2202656834469148,-0.13522276148043116,1.5816531801489502,0.617167529133738,-0.27434940653532,1.4229766316055033,0.6618605073820287,1.0957965120392577,1.9036898177584645,1.4032253856613954,1.3741796964960102,1.2327958944741861,1.3429250792201726,0.03271508598540968,-0.3711729716962978,1.4430751791844465,0.55923278940108,-1.6028590595092014,-0.029123468555368345,1.4104616625581448,0.22978827716311823,0.8864777964350218,1.103528078199871,1.30487650860252,-0.8642753873291538,1.1602843679240622,1.308240511171309,-0.9701356397163994,1.0629328823318536,1.7452744029503569,1.410126279081064,0.4174215405849294,1.3077831181502053,-0.23212191275974897,1.6933561010250193,-0.9801960588196068,-0.5120671501536356,-0.654653670707977,-2.0071867510638772,0.22216918684654666,-0.6217545334717912,0.0,0.7942929481958454,-0.7942929481958454
223,2025,27,1889987,2025-10-16,Atletico MG 1 x 1 Cruzeiro,1230,Cruzeiro,37.6,62.4,Fora,-1.5059501193506857,-1.2206981462436814,-1.0706840926543426,-1.53755998873415,-0.9513955178887502,-1.1319507402085183,-1.931137107289438,0.849392800148784,-1.1318865130614881,-1.0629328823318511,-1.7452744029503569,-1.410126279081064,0.7330772750744519,-1.2812400068779224,-1.1931479912944123,-0.879441002816647,-2.3898644691502824,-1.4029077700218486,-1.103528078199871,-1.30487650860252,0.8642753873291538,-2.213383610207963,-0.8731218507401023,-0.9796237079059245,-0.5948358948879221,-1.4430751791844465,-0.55923278940108,1.6028590595092014,-0.3556674184865394,-1.3082405111713091,1.1138160262532617,-0.6618605073820264,-1.0957965120392577,-1.9036898177584645,-1.8425131139675692,-1.401196198018077,-2.643170462460995,-1.6580778489203316,-0.9801960588196068,-1.3160975958471737,-0.654653670707977,0.560179203322362,-1.3285843965552726,-1.3687677495739028,0.0,0.7942929481958454,-0.7942929481958454
224,2025,27,1890005,2025-10-16,Sport Recife 1 x 1 Ceara,7334,Ceara,40.81,59.19,Fora,-0.659273287375168,-0.5160984631363241,0.2133815873730491,-0.4640712782039267,-0.5411167771060675,-0.09518701642101589,0.9357056086866349,0.035454209342502305,-0.9050167834044551,1.0066239590806496,-0.8559498436385807,-1.3129619182169412,0.4833358466432549,-0.08630114035965263,-0.24651582241136002,0.5875420427307548,1.3168854364480298,1.0566646752852897,-1.6694399131741637,-0.062136976600120054,0.80823636950177,0.9901979308825092,-0.2715226845241731,-0.09272158552195983,-0.553541960393087,0.8205721607127247,0.68350674260132,-0.028715449472685905,-0.8497430399121264,-0.6389034065486111,0.4866645343246561,-1.0622287185259152,-0.2959826604083311,-0.09106309626962089,-0.8303359495891437,0.467065399339359,-0.6199129382361727,0.28222601683750315,-0.9801960588196068,-0.8399896366034025,-0.654653670707977,-1.7034148508786349,-0.7146125696574094,-0.9264226372072694,0.0,0.7942929481958454,-0.7942929481958454
225,2025,27,1890005,2025-10-16,Sport Recife 1 x 1 Ceara,1231,Sport Recife,59.19,40.81,Casa,0.34682927019928317,-0.15116292005884363,0.6736663212838737,0.7990330673656287,1.05466480119014,1.130079202600578,0.13936040980439243,-2.3345434521228445,0.46092696156426133,1.0622287185259176,0.2959826604083311,0.09106309626962089,0.5780484193987447,0.04646984480904401,0.8529573782696261,-0.2553063979837523,1.2670881528659057,1.0167760514847908,-0.8205721607127247,-0.68350674260132,0.028715449472685905,1.2814326164361884,0.45165354410961667,0.7135530711907353,-0.2412841230266199,1.6694399131741637,0.062136976600120054,-0.80823636950177,-0.13621819380758138,0.6389034065486116,-0.489813398492988,-1.0066239590806474,0.8559498436385807,1.3129619182169412,0.3883171010583816,1.4946092778859488,-0.7644313328236602,0.6350085378843822,2.3804761428476167,1.3249468545197804,-0.654653670707977,0.8782047299815628,0.620934394007014,1.0849889698442012,0.0,0.7942929481958454,-0.7942929481958454
226,2025,27,1889962,2025-10-15,Botafogo RJ 0 x 3 Flamengo,1239,Flamengo,61.04,38.96,Fora,-0.035717697486003334,0.6651868784105757,-0.4524493231233484,-0.049944344538057475,0.15186024273079662,-0.1462612714454949,-1.294060948183644,1.1292992838649705,0.9334118769552031,-0.7175321968451384,-0.13968430238396615,0.2459187963968154,-1.3730514817442068,0.7103247706525272,0.5140266093785415,-1.5195790590555136,-2.0470777968608176,-1.5095540381501575,0.8771633442101537,0.55923278940108,0.7236573847376395,-1.776531581877444,1.2499805973694795,-0.4958589138783074,-0.25714327501905004,-0.5942074267230073,-0.55923278940108,0.21101185338527675,-0.5388458242297315,0.9032668885048871,-1.6873497321730062,0.9512953365337982,0.6331802878287837,-1.271116024696512,-0.4651085297893885,-0.7473046389429744,0.8638092461953627,-0.4233390252562549,0.7001400420140048,0.04669675873218297,0.8001322641986387,0.7067106947018873,1.367827956625033,-0.10261495753379365,1.4142135623730951,1.5507624226680792,0.7186460007486223
227,2025,27,1889962,2025-10-15,Botafogo RJ 0 x 3 Flamengo,1227,Botafogo RJ,38.96,61.04,Casa,0.21253773637924292,0.16749794364679252,-0.4913073824380489,-0.3194638941358526,-0.7583470605233328,-0.16850694696726803,0.2986294495808409,0.4450834347809579,0.02855511227836005,-0.9512953365337958,-0.6331802878287837,1.271116024696512,1.3493353586602652,0.17924082997774063,-0.6626892715146578,1.096157481092958,0.3695574425696908,-0.8424435025097061,0.5942074267230073,0.55923278940108,-0.21101185338527675,-0.17474081133220798,-0.2634049461878687,-0.17334905119322935,0.6567864607307156,-0.8771633442101537,-0.55923278940108,-0.7236573847376395,-0.8999533523037532,-0.9032668885048871,0.3061209230118764,0.7175321968451407,0.13968430238396615,-0.2459187963968154,-0.268354194025674,-0.6538915590751027,1.1826255833459416,0.4586172773609427,-0.9801960588196068,-0.6460200901198349,-1.3820466381612848,-1.548528262898399,-0.4582635079113948,-0.7462082989062211,-1.4142135623730951,-0.7186460007486223,-1.5507624226680792
228,2025,27,1889966,2025-10-15,Palmeiras 5 x 1 Red Bull Bragantino,5438,Red Bull Bragantino,39.34,60.66,Fora,-1.1792162043638745,-0.2855674009521511,-0.35278486050112795,-0.755168667625115,-1.1139445379227055,-2.508772965398322,-0.4180812294131773,-0.8629762767031841,-1.4031535764300787,-0.6648401600853571,-1.0932189183281902,-0.9130538645551343,0.03308468070744702,-0.7501560662031358,-0.9796419187552631,-1.5195790590555136,-0.2979187976392314,0.2651597978684706,0.028295591748714537,0.55923278940108,0.5310332321217417,-0.17474081133220798,-1.144265392789316,-0.7377413108921159,-0.5196749925340135,-0.5942074267230073,0.062136976600120054,-0.80823636950177,0.4721088021297596,-1.1880857450111855,0.48605286765730643,-0.664025059457415,-0.6054130981420788,-0.9706434729920848,-0.2565323543551114,-1.0275438785465898,-0.3886835068961934,-1.481686588396892,-0.9801960588196068,-1.350520582505538,-1.3820466381612848,-0.3976453216766891,-0.5785260307058215,-0.4274146563326262,-1.885618083164127,-2.23158494969309,-0.7942929481958454
229,2025,27,1889966,2025-10-15,Palmeiras 5 x 1 Red Bull Bragantino,1234,Palmeiras,60.66,39.34,Casa,0.9147378680319058,0.8541105422128997,0.31201264902497916,1.2213130196288997,1.8221425056973146,1.0834345851592042,1.2542436882395318,-0.6667673199805635,0.9767284517886895,0.6640250594574173,0.6054130981420788,0.9706434729920848,-0.6547521290897437,1.506950681664707,1.3774210370640048,-0.0950464832000078,0.7330953835681191,0.820429141530276,0.5942074267230073,-0.062136976600120054,0.80823636950177,0.8445805881056695,0.4859798684408822,1.439200262232161,1.0597537163523056,-0.028295591748714537,-0.55923278940108,-0.5310332321217417,-0.31015644347904364,1.1880857450111852,0.7431662400375285,0.6648401600853594,1.0932189183281902,0.9130538645551343,1.6908935506210887,1.9616746772253078,0.8638092461953627,2.222529882595338,1.2602520756252087,2.6307081421984466,2.254918199105254,0.47167293162515883,1.1019844851847214,2.2981531531097983,1.885618083164127,0.7942929481958454,2.23158494969309
230,2025,27,1890186,2025-10-11,Palmeiras 4 x 1 Juventude,1220,Juventude,32.46,67.54,Fora,-0.1407277088662439,-1.2556174687218606,-0.6396176175276383,-1.2761484377735681,-0.8269106494995918,-0.6856486419685648,1.7320508075688774,-0.09167210200046606,-0.7625640062604766,-0.8799882307827711,-1.1334987984179987,0.538256142490592,0.5357866127084456,-1.2812400068779224,-1.3882832122340363,-0.879441002816647,1.331471079993658,1.0664013975731281,-1.6694399131741637,-0.68350674260132,0.39618824568070243,0.4077285597751506,-1.2608989535148554,-0.8183687765633855,-1.3381267157949486,-0.028295591748714537,-1.18060255540228,-0.7372507457075528,-0.957268387711745,-1.585296933818021,0.19400357155643586,-0.22907288351702818,-2.088350939235372,-0.9228594283814076,-0.5080864496594716,-1.4946092778859488,1.5652051879266347,-0.9525128068265735,-0.9801960588196068,-0.7698520428444906,-0.654653670707977,0.03861455815008765,-1.2811123480837883,-0.8612587994892653,-1.4142135623730951,-1.4751154752208562,-0.7942929481958454
231,2025,27,1890186,2025-10-11,Palmeiras 4 x 1 Juventude,1234,Palmeiras,67.54,32.46,Casa,1.4349612629175739,0.6743913787408615,1.4501905186933415,0.7012615922664774,1.0036313937578827,0.9528566966812946,0.8560710887984107,-0.8117913314711962,2.178058359264346,0.2290728835170305,2.088350939235372,0.9228594283814076,-1.8883409245316967,0.7103247706525272,0.7783425971599244,0.11174050361772665,0.18960151118393978,1.3651525616012326,0.028295591748714537,1.18060255540228,0.7372507457075528,1.1358152736593488,1.7904780094676145,2.245474918944856,1.8310428720816787,1.6694399131741637,0.68350674260132,-0.39618824568070243,1.1764282543127453,1.5852969338180207,-0.6123396735340865,0.8799882307827734,1.1334987984179987,-0.538256142490592,0.6245067793204823,0.6538915590751027,0.45122339811814477,0.9877910589312613,1.2602520756252087,1.2439008228096626,1.5275252316519465,0.32654262421916525,1.3108614984592524,1.0096902580549154,1.4142135623730951,0.7942929481958454,1.4751154752208562
232,2025,27,1889964,2025-10-09,Mirassol 2 x 1 Fluminense,1232,Fluminense,56.31,43.69,Fora,0.31389945845826567,-0.9503533742024288,0.7521267394999916,-0.37357121668251286,-0.4561209570150929,-0.18953251528567863,-0.33844670952495304,-0.7950577916838154,-0.43702618953857725,1.1896763291832142,0.9313403006120828,0.5438825228484511,-0.46531148465093564,-1.4140109920466188,-0.883323601449052,1.4905939434962985,0.6142565906006943,-0.5347011655521232,-0.8205721607127247,-0.68350674260132,-0.42355489793030837,0.1164938742214713,0.6059692970583606,-0.33460398253576834,-0.5506930687612717,0.5376162432255782,3.16898580660612,1.6185940235132739,0.4182991984241883,0.1260776002829495,-0.8141383451964472,-0.1027952484128798,-0.6350689599438786,0.17825116482115194,-1.1635446718902744,-0.2802392396036154,0.4254367826133185,-0.24694776473281538,-0.42008402520840293,-0.5193218279297799,-0.654653670707977,-0.6751277090055936,0.3012892676323533,-0.6284947510921172,-0.47140452079103173,0.037823473723611556,-0.7942929481958454
233,2025,27,1889964,2025-10-09,Mirassol 2 x 1 Fluminense,6332,Mirassol,43.69,56.31,Casa,0.3775433712708378,-0.9529696469979727,0.7207453809338665,-0.5313975810455217,-0.5098707507647825,0.01263641085288438,0.6968020490219622,-1.143274786306929,1.0942967856303019,0.10279524841288214,0.6350689599438786,-0.17825116482115194,0.8478634059384078,-0.3518431106970459,0.24656657253685282,0.3305760547080393,1.0554259343570314,0.8805406080626149,-0.5376162432255782,-3.16898580660612,-1.6185940235132739,1.7182846447667075,1.0694133299833082,-0.17334905119322935,-0.5414035183263909,0.8205721607127247,0.68350674260132,0.42355489793030837,0.206044458732368,-0.12607760028294912,0.3578851752064496,-1.1896763291832118,-0.9313403006120828,-0.5438825228484511,-0.5242899004386038,-0.467065399339359,-0.012935680968726344,-0.4233390252562549,-0.9801960588196068,-0.6026004358851762,0.07273929674533085,-0.5864765626600845,-0.5911852436315506,-0.7058677176190332,0.47140452079103173,0.7942929481958454,-0.037823473723611556
234,2025,27,1890006,2025-10-08,Atletico MG 3 x 1 Sport Recife,1231,Sport Recife,54.65,45.35,Fora,-0.4665201608002032,1.7709713737413775,1.003693183340049,1.0768896035191768,0.17331783915734883,-0.48675630494202216,0.13936040980439243,0.0583527374726022,0.6053773233155421,-1.5385948991700718,0.11517748436610208,-1.7849030995569626,-0.06209084732231156,1.9052636371707967,1.989032288233694,1.4120676912558168,0.3348152271874166,0.7198560478260407,2.0089870141587394,1.18060255540228,0.8642753873291538,0.5533459025519902,0.6934381390321341,0.47167067417692676,0.8498702077201026,1.103528078199871,0.68350674260132,2.904304539140065,2.516669563478052,0.8237069885152692,-1.8523475456323315,2.0758236748752426,1.0873529163733635,0.8929342668243228,1.5035642423637519,0.934130798678718,0.4652888247571408,0.8113997984078217,0.14002800840280097,0.551197955866869,-1.3820466381612848,-0.30538375570530096,0.6177695907755819,1.339444906112418,-0.9428090415820635,-0.7186460007486223,-0.7942929481958454
235,2025,27,1890006,2025-10-08,Atletico MG 3 x 1 Sport Recife,1235,Atletico MG,45.35,54.65,Casa,-0.761984726336112,-0.5101508915283218,-1.1403126895746936,0.3080341881854403,0.7133970869405307,-0.07122625480459369,-0.2588121896367288,0.5840647791261475,-0.929200840884724,-2.0758236748752403,-1.0873529163733635,-0.8929342668243228,0.8072527094819237,0.4447828003151339,-0.6983515456272301,-1.5195790590555136,0.17783037164891038,0.3534122312731854,-1.103528078199871,-0.68350674260132,-2.904304539140065,-0.4659754968858873,-1.7108607645354779,-0.5764863795495769,-0.11050529502934817,-2.0089870141587394,-1.18060255540228,-0.8642753873291538,-0.8989639269162001,-0.8237069885152685,-0.18256708558361126,1.5385948991700742,-0.11517748436610208,1.7849030995569626,0.3861181260661693,0.7473046389429744,0.3158436667178072,0.28222601683750315,0.7001400420140048,0.9190144484027791,0.8001322641986387,0.8657156448414284,-0.11329995568527526,0.7078429627026874,0.9428090415820635,0.7942929481958454,0.7186460007486223
236,2025,27,1890094,2025-10-05,Vasco da Gama 4 x 3 Vitoria,1226,Vasco da Gama,74.46,25.54,Casa,0.41128542911166976,1.0215301258973377,0.17654690803798231,1.442715599544805,0.8419256197588818,0.9471061138933535,-1.6922335476247652,-0.3332120935521073,0.1654416180227062,1.3461500581390993,0.546449993603548,1.082139577083665,-1.243912031479196,1.2414087113273138,1.1253597411636571,0.42545580413181144,-1.0571892328332895,-2.4255638812058704,1.1601192616973002,0.55923278940108,-0.7655395258673822,-1.6309142391006044,-0.18180431070417066,0.7135530711907353,1.2978522825695813,-0.028295591748714537,0.062136976600120054,0.21101185338527675,2.124605541990528,1.4233656761543845,-1.2941519954423137,0.7544983346221055,1.7936412776676587,0.8337089720955961,1.7201464722615807,0.3736523194714872,-0.2520479338316599,-0.24694776473281538,1.2602520756252087,0.9763481043894515,0.8001322641986387,2.0555163436483523,1.6716490668425326,1.7344458435460706,0.47140452079103173,-0.7186460007486223,1.4751154752208562
237,2025,27,1890094,2025-10-05,Vasco da Gama 4 x 3 Vitoria,1238,Vitoria,25.54,74.46,Fora,-1.2683537860408762,-0.640578762087818,-1.1487559625971189,-0.9220882193906365,-0.1350978396746466,-1.395410698253343,-0.6569847890778501,2.0433688947506443,-1.5487198460080547,-0.7544983346221031,-1.7936412776676587,-0.8337089720955961,0.1596146574562601,-1.1484690217092257,-1.3800046417906409,0.9675147004299184,-0.5080290462950046,-0.808722643460307,0.028295591748714537,-0.062136976600120054,-0.21101185338527675,-0.7572101824395666,-1.6123026873488915,-2.3502906243175063,-2.2243024981429844,-1.1601192616973002,-0.55923278940108,0.7655395258673822,-0.45338023037836916,-1.4233656761543843,2.357752869748017,-1.3461500581390968,-0.546449993603548,-1.082139577083665,-0.6363976307209483,-1.401196198018077,0.8638092461953627,-1.128904067350013,0.14002800840280097,-0.43346539909298304,0.8001322641986387,1.5933427367050343,-1.8444473232787348,-0.5487267679617078,-0.47140452079103173,-1.4751154752208562,0.7186460007486223
238,2025,27,1890102,2025-10-05,Sao Paulo 2 x 3 Palmeiras,1224,Sao Paulo,51.03,48.97,Casa,0.31219698855353717,0.012859462180120018,-0.06909301915808709,-0.12730717245808823,-0.06957314459909063,0.9502314306259302,1.1746091683513076,0.6085908987164751,-1.1780202779832554,1.492828359546308,0.3289706940735538,0.29087690288535567,-1.2095467650058673,-1.1484690217092257,-0.8578590291827282,-0.2861423165464782,0.513147774118613,0.6975337270282711,0.8771633442101537,1.18060255540228,0.5582029600928233,0.4077285597751506,-1.0583424433595718,-0.012094119850690312,-0.4997295629032477,0.5376162432255782,0.062136976600120054,-0.23843135507901614,-0.35160333133910926,-0.27155175445558305,0.47771195855708,-0.6456098435183265,-0.6230542333245727,0.3607511817485467,0.024626116199256153,0.0934130798678718,-0.012935680968726344,-0.24694776473281538,-0.42008402520840293,-0.046898134070949005,0.07273929674533085,0.1873760574290764,-0.7779086342860552,-0.18957263713172423,-0.47140452079103173,-0.7186460007486223,-0.037823473723611556
239,2025,27,1890102,2025-10-05,Sao Paulo 2 x 3 Palmeiras,1234,Palmeiras,48.97,51.03,Fora,0.2118543995839854,0.025466668006651767,-0.6034646166751678,-0.03305304055501041,0.2586839562324343,0.8546860333728675,0.13936040980439243,-0.3332120935521073,0.004679687656571772,0.6456098435183288,0.6230542333245727,-0.3607511817485467,-0.6097413854025112,0.04646984480904401,0.6551500470432613,-1.5195790590555136,-0.46270533404049297,0.09022200329948564,-0.5376162432255782,-0.062136976600120054,0.23843135507901614,-0.3203581541090476,-0.11296467721253592,-0.4958589138783074,-0.8329524858211003,-0.8771633442101537,-1.18060255540228,-0.5582029600928233,-0.6338400552386824,0.27155175445558344,1.1678063406410548,-1.4928283595463057,-0.3289706940735538,-0.29087690288535567,0.21608368028328437,0.0934130798678718,-0.7644313328236602,0.10583475631406365,0.7001400420140048,0.05035307537334751,0.8001322641986387,-0.18360366847991227,-0.8950063538490498,-0.09921792590665418,0.47140452079103173,0.037823473723611556,0.7186460007486223
240,2025,26,1890110,2025-10-06,Cruzeiro 1 x 1 Sport Recife,1231,Sport Recife,42.68,57.32,Fora,-0.7735539458578831,-0.10077833312571521,-0.0776095200163608,0.248668935490642,0.4301499877007687,-0.20561197375034274,0.30249779429495793,-1.6869913917621275,-0.9203067887701414,-1.0755632805868698,-1.4212864459689256,-0.791261832123784,-0.1505597969174352,-0.3632083922431731,-0.5591080090083149,-1.2615338231401354,-1.166381366753157,-0.13061443553258034,-0.53872192765388,1.0579249964025073,0.3924871350262454,-0.14712247158412492,-1.1041567330602715,-1.0215524510583989,-1.395088483096787,0.53872192765388,0.5696519211398116,-0.6075532126997939,0.6988006868109388,-0.9941041827368479,-0.15870850663917999,-1.185666595117033,-0.17127764209793514,1.7779225716533535,0.3821349951439974,0.3627611845970052,0.2434262242367774,0.4932474495092164,0.8727302166695519,0.6597692903911067,0.051366549693751457,0.02970720361667961,-0.5439183358013976,0.41946809347834396,0.0,0.04885319687460319,-0.04885319687460319
241,2025,26,1890110,2025-10-06,Cruzeiro 1 x 1 Sport Recife,1230,Cruzeiro,57.32,42.68,Casa,-0.32639410549696196,0.11682404094822593,0.023302670065984372,1.1401430082486477,0.5709499225750121,1.1429455937724442,-0.7974941849594356,-0.766711075126019,0.8215438914594676,1.185666595117033,0.17127764209793514,-1.7779225716533535,-0.5488166827749383,0.5926031662914928,0.9830668462951025,1.6031667823924438,0.067193921503777,-0.9829149778567916,-0.53872192765388,-0.5696519211398116,0.6075532126997939,-0.14712247158412492,0.24496435241470885,0.7924191910079165,0.10988655094454647,0.53872192765388,-1.0579249964025073,-0.3924871350262454,-0.2312419826939669,0.9941041827368476,-1.358534368068028,1.0755632805868698,1.4212864459689256,0.791261832123784,1.3539195721650337,1.5193910485294857,0.561880248373834,2.1128659404350016,0.04155858174616917,0.38781851194072564,0.051366549693751457,-0.9836068289536172,0.7605245017153659,0.1817672931019271,0.0,0.04885319687460319,-0.04885319687460319
242,2025,26,1890122,2025-10-06,Ceara 3 x 0 Santos FC,7334,Ceara,42.13,57.87,Casa,-0.29122286582767964,-0.853465804987925,0.02671560756430358,-0.3933186803455954,1.008736608790165,-0.15383850857251696,0.8524937839221547,0.17071732194430164,-1.2411736138873286,-0.5132647309282035,-0.836505611806017,0.1068819872860587,-0.305577930225522,-0.5543707039501062,-0.8109287568734063,-0.41371803279763086,0.09721844204712389,0.3545384472707804,-2.2927002967595356,0.24413653763134788,-1.3938821300412905,0.8336940056433745,-1.4499323304131178,0.02864165750630997,-0.4036563491499271,0.28815358921021494,0.5696519211398116,-0.7274608860820558,-0.10991519770077174,-0.6783079291982627,1.403817896092336,-0.6568074913000198,-0.5268645679513873,0.3174062104468582,-0.6855084346795899,-0.16297966264503141,-0.196040329072361,-0.3901808182684847,0.8727302166695519,1.5719329518671425,2.106028537443808,2.4121290522635843,-1.0656954708081023,1.216752196295123,1.6035674514745464,1.0259171343666662,1.9052746781095227
243,2025,26,1890122,2025-10-06,Ceara 3 x 0 Santos FC,1241,Santos FC,57.87,42.13,Fora,0.5686211516845096,0.2841459998895287,1.1857874628520155,0.6194316758711867,0.04861112312423688,1.4823206580130923,1.6774877683629499,0.8109123248215953,0.6335689068725888,0.6568074913000198,0.5268645679513873,-0.3174062104468582,0.12463869594590239,0.8793466338518925,1.1150428760562487,0.18405070417196898,1.23015172257631,1.7337320885072494,-0.28815358921021494,-0.5696519211398116,0.7274608860820558,1.814510482870874,1.1235718285549203,1.1743079577587197,0.3726176398270745,2.2927002967595356,-0.24413653763134788,1.3938821300412905,0.9537707487993896,0.6783079291982627,-0.7950992929175092,0.5132647309282035,0.836505611806017,-0.1068819872860587,1.069795149766526,0.25761301514859786,-0.196040329072361,0.4932474495092164,0.04155858174616917,0.4470855319249179,-0.9759644441812768,-0.14605007637419556,0.15979424759580374,0.23357011626883337,-1.6035674514745464,-1.9052746781095227,-1.0259171343666662
244,2025,26,1890098,2025-10-05,Corinthians 3 x 0 Mirassol,6332,Mirassol,68.23,31.77,Fora,0.6169282475231459,-0.029284035406278053,0.7730203504525103,0.9049019450760145,-0.06272162210905532,1.0988542467083557,-0.5224961901458371,2.1631609533481213,0.7013004099319382,1.0354073137238458,1.2009819536480568,0.2875973307648934,-0.5769188457615739,0.21027854287762643,0.27982248740362275,-1.4024325682072645,-0.3193899850008198,-0.17632391948422982,-0.03758525076654985,-0.5696519211398116,-2.056835272466277,1.4221838919798742,0.5377434679787432,1.1743079577587197,0.6406486024679594,0.28815358921021494,0.5696519211398116,0.3908325421020421,0.6460812746476974,1.1026375470072214,-1.310326232278306,-0.9238939758589895,0.561247324926903,0.7651884366726618,1.1905344716972717,0.6782056929422271,-0.4224321898679777,0.9349615833980669,-0.7896130531772135,0.19557145580698784,-0.9759644441812768,-0.6311596620108383,1.0042493476724452,0.013732182581597582,-1.6035674514745464,-1.9052746781095227,-1.0259171343666662
245,2025,26,1890098,2025-10-05,Corinthians 3 x 0 Mirassol,1237,Corinthians,31.77,68.23,Casa,-0.39064097283138693,-0.9984921358610986,-0.1842521677231536,-0.9017781144870445,-0.01547038900505704,0.06624578521976801,-0.06416619878983988,-0.5914195862429514,0.05259358093369065,0.9238939758589895,-0.561247324926903,-0.7651884366726618,-1.3975439640541756,-1.510182262484772,-1.625980770609596,1.3010932934585953,0.7803732446247179,-0.06996068229611312,-0.28815358921021494,-0.5696519211398116,-0.3908325421020421,-0.9317756533661244,1.196736907664949,-0.8306080676829973,-0.28592395898470546,0.03758525076654985,0.5696519211398116,2.056835272466277,-1.1471033648611102,-1.1026375470072216,2.1820813103182717,-1.0354073137238458,-1.2009819536480568,-0.2875973307648934,-1.0158956265280057,-0.5835723404386607,1.0491149053035305,-0.6846569075277184,0.04155858174616917,-0.2693175606066222,1.0786975435687798,0.5634861276954775,-1.8552266619366695,0.6554497828330946,1.6035674514745464,1.0259171343666662,1.9052746781095227
246,2025,26,1890118,2025-10-05,Bahia 1 x 0 Flamengo,1221,Bahia,53.47,46.53,Casa,0.10196501663409055,0.9518324329369179,0.7463283661957636,-0.11337859650463593,-0.6397644048545721,0.658848005430931,-0.15583219706103935,0.08277844792269558,1.338632243850737,-0.8924616684937393,0.3801887727778773,-0.8588156294289659,1.5374093397551873,0.783765477998426,0.7503828158949629,1.7155322831069668,1.143761344189266,1.1285914613501686,1.2152564414517755,1.0579249964025073,0.7274608860820558,1.0298573010888743,1.181227105712398,-0.06683053418139083,0.6298176773682506,0.789290266097545,0.5696519211398116,2.0836587367811554,0.9747741373173433,0.8182762320486977,-0.339219031598686,0.14083433003482695,0.6478631969968167,-1.4939451175762286,-0.4257086974878294,-1.0041650182322899,-1.579546145045574,-0.3901808182684847,-0.7896130531772135,-0.889221261007541,0.051366549693751457,-0.7310857395911143,0.9973838590539357,-0.9344397568356251,0.5345224838248488,1.0259171343666662,-0.04885319687460319
247,2025,26,1890118,2025-10-05,Bahia 1 x 0 Flamengo,1239,Flamengo,46.53,53.47,Fora,0.06298398080632223,-0.462179450667911,-0.7352050304796913,-0.15626176769624853,-0.23118357208988313,-0.13951383441264412,-0.889160183230635,-0.17896902416514293,-0.4026304476129806,-0.14083433003482695,-0.6478631969968167,1.4939451175762286,1.7325501959636092,-0.07646492468277334,-0.413310690751514,-0.3351381049330823,-1.8545332961801084,-1.0987662319499205,-0.789290266097545,-0.5696519211398116,-2.0836587367811554,-0.7356123579206245,0.12710702681990663,-0.25777491755679244,0.12905787829069945,-1.2152564414517755,-1.0579249964025073,-0.7274608860820558,-1.2717684963663551,-0.818276232048698,-0.506085642673552,0.8924616684937393,-0.3801887727778773,0.8588156294289659,-0.2853976953873848,0.047316676251783214,-0.3876026728224982,-0.8318949521573352,0.04155858174616917,-0.3697073228433965,-0.9759644441812768,0.7329221500852983,0.30396950858449845,-0.4803543535432322,-0.5345224838248488,0.04885319687460319,-1.0259171343666662
248,2025,26,1890126,2025-10-05,Juventude 1 x 2 Fortaleza,1220,Juventude,46.3,53.7,Casa,0.34715275623235853,0.08056963006610315,-0.4846643787789451,0.3593000018562905,0.10609299037213064,-0.14260666178807097,-0.5224961901458371,0.7002019107901835,0.42693127973939343,1.0352966982937855,0.6275555192326623,0.6354743669616505,-1.0901142895040887,0.11469738702415984,0.06311328981561894,-0.43851436559044366,0.058693003036684996,0.055606154851488815,0.7141197645644454,-0.5696519211398116,0.5523802448613572,0.04904082386137497,-0.2922040797799243,0.12411384919401078,0.7580988469889136,-0.7141197645644454,-1.0579249964025073,-0.7274608860820558,-1.0168921049821795,0.06957004402033438,0.19586954708063636,-0.7429799381994193,-0.05014192250464489,1.4517878502188921,-0.034015964309419666,0.25761301514859786,0.3573619973169243,0.19877136024998268,0.04155858174616917,0.1738235226598073,0.051366549693751457,-0.12780750698486368,-0.48556168254406834,1.0427808681578665,-0.5345224838248488,-0.9282107406174598,-0.04885319687460319
249,2025,26,1890126,2025-10-05,Juventude 1 x 2 Fortaleza,2065,Fortaleza,53.7,46.3,Fora,-0.5566520538107443,0.3167064687801071,-0.4482535716937286,-0.19010888062719422,0.1893299274935384,-0.0714716321532485,-0.6141621884170366,-0.45118639513649594,-0.33555324565324085,0.7429799381994193,0.05014192250464489,-1.4517878502188921,-1.6506018964570228,-0.17204608053623993,-0.33317280531028426,-0.41371803279763086,0.8855234384242924,-2.1575010583511363,0.7141197645644454,1.0579249964025073,0.7274608860820558,-1.716428835148124,-0.1004269843035604,-0.16230272586909164,0.6201357263180484,-0.7141197645644454,0.5696519211398116,-0.5523802448613572,-0.5658950414169617,-0.06957004402033477,0.5498668183555641,-1.0352966982937855,-0.6275555192326623,-0.6354743669616505,0.5721644077058707,-0.5835723404386607,0.8712355861069747,-0.8318949521573352,0.04155858174616917,0.1383119394996987,1.0786975435687798,1.6250315396299586,0.13233229312176673,-0.036315965590526376,0.5345224838248488,0.04885319687460319,0.9282107406174598
250,2025,26,1890090,2025-10-04,Fluminense 3 x 0 Atletico MG,1235,Atletico MG,55.27,44.73,Fora,-0.03608234123459107,0.26294053813452145,-0.4323710749567578,-0.6312403929931414,-1.452095209640604,-0.008872806074604786,-0.9808261815018344,0.046004009695479124,0.3753367141379522,-1.235119802163598,-0.02611032842938301,0.17888575695340705,0.4370254139591693,0.9749277897053591,0.6840715347390882,-0.2789553545758209,-0.8280538301391633,-0.9310412819941962,-0.03758525076654985,-0.5696519211398116,-1.4402763669800103,-0.9317756533661244,0.4846108610188176,-0.25777491755679244,1.0311372989533938,-0.9646881030081105,-0.24413653763134788,-0.7274608860820558,-0.6804620991969893,-0.3264884638464667,-1.249514735214854,1.9709731323064876,0.14135719964252547,-1.4348513863073906,-0.9049789214612339,-1.2144613571291045,-2.686350797824144,-1.2736090860461857,-1.6207846881005963,-1.8720256728591869,-0.9759644441812768,-1.7269760152651634,1.2342432163925063,-1.7934679848178223,-1.6035674514745464,-1.9052746781095227,-1.0259171343666662
251,2025,26,1890090,2025-10-04,Fluminense 3 x 0 Atletico MG,1232,Fluminense,44.73,55.27,Casa,-0.19626284184091003,0.27725960761168056,0.20466686236988982,0.12572653730166578,0.7456449567024719,-2.7475714470152774,-1.0724921797730338,0.43970681895156744,-0.5622696070144606,-1.9709731323064876,-0.14135719964252547,1.4348513863073906,1.8365566333036696,0.21027854287762643,-0.3100647530703624,-1.1454130988150646,0.68461248128035,0.49341040639266087,0.9646881030081105,0.24413653763134788,0.7274608860820558,0.04904082386137497,-0.9069908069827762,-0.16230272586909164,0.4549704431752856,0.03758525076654985,0.5696519211398116,1.4402763669800103,1.6410167113034704,0.3264884638464667,-0.7804469988920133,1.235119802163598,0.02611032842938301,-0.17888575695340705,0.32919311388422046,-0.16297966264503141,0.9359189749057225,0.051533315620365845,1.7039018515929345,0.5350499485431939,2.106028537443808,0.38284814527596467,0.17009248052356782,0.31045613348839346,1.6035674514745464,1.0259171343666662,1.9052746781095227
252,2025,26,1890106,2025-10-04,Red Bull Bragantino 1 x 0 Gremio,1244,Gremio,38.0,62.0,Fora,-1.9261194437834184,-1.9956765921034894,-1.4992945060814067,-1.4997342478946605,-1.3780879923972151,-1.2451996211278225,-1.897486164213829,-1.5352968340748574,-2.437757404069652,-0.39895461159663886,-2.549803387865338,-1.3903977850076998,-0.36593708949312664,-2.465993821019438,-1.8405718707240135,-0.5090885435392196,-2.7259790972113174,-1.2381681439646666,-2.2927002967595356,-1.383440379910971,-0.17699599970939583,-1.716428835148124,-2.206298796291616,-1.498913409496903,-1.6485068677449115,-1.4658247798954407,-1.0579249964025073,-0.7274608860820558,-1.0503762192538482,-1.7025723380449231,0.9055779323612463,1.0876145433795752,-1.6814036709885591,-1.3944788095727572,-1.2204821729724031,-1.3196095265775118,0.30202176467799563,-1.2736090860461857,-1.6207846881005963,-1.7170962091041155,-0.9759644441812768,-1.2916727436670117,-0.8700290451805881,-1.6580506208877948,-0.5345224838248488,0.04885319687460319,-1.0259171343666662
253,2025,26,1890106,2025-10-04,Red Bull Bragantino 1 x 0 Gremio,5438,Red Bull Bragantino,62.0,38.0,Casa,1.0826553211457655,1.5360737294209623,1.5777815971337095,2.0514241599273744,0.736199324328642,0.19336955510255296,-0.7058281866882361,1.5120782803538682,1.7116379589159627,-1.0876145433795752,1.6814036709885591,1.3944788095727572,1.2513632400699883,1.7395770365330918,1.880968104852809,-1.2308699089244242,0.3086543531145124,1.591363732641283,1.4658247798954407,1.0579249964025073,0.7274608860820558,1.2260205965343742,0.7005052903621188,1.1743079577587197,1.459533486121344,2.2927002967595356,1.383440379910971,0.17699599970939583,2.6897150614765377,1.7025723380449231,-0.34007668512061157,0.39895461159663886,2.549803387865338,1.3903977850076998,2.562923128791536,2.360576404116744,-0.196040329072361,1.9656278958053848,0.04155858174616917,1.14316335252432,-0.9759644441812768,-0.5454540001858299,1.3269273127423813,1.8900402682171855,0.5345224838248488,1.0259171343666662,-0.04885319687460319
254,2025,26,1890114,2025-10-04,Internacional 2 x 0 Botafogo RJ,1219,Internacional,35.96,64.04,Casa,0.3069109123718343,0.4518937771374466,0.17052753259087142,-0.39375728999508175,0.5122253699399059,-0.10176138670743132,1.6774877683629499,-1.5475549801505954,0.37921883616965285,0.39508638276171737,0.6275555192326623,-0.47338368591551294,0.16835846618922873,-0.17204608053623993,-0.29356024876825626,1.2105987039467676,1.1499581223858055,-0.2960207884762634,1.2152564414517755,1.0579249964025073,0.7274608860820558,-1.3241022442571242,1.3506319086786724,-1.498913409496903,-2.1399891526183406,0.03758525076654985,2.197228838682131,1.1388214919762432,0.2607348511719026,0.17928843943566422,0.8315550605771876,0.641187089992853,-0.7024883201861687,0.1472489644810532,-1.1990782437108756,-0.16297966264503141,0.6340631605115662,0.19877136024998268,0.8727302166695519,0.7449498503718145,1.0786975435687798,0.40708786394322244,-1.4501628334446222,0.493920858053239,1.0690449676496976,1.0259171343666662,0.9282107406174598
255,2025,26,1890114,2025-10-04,Internacional 2 x 0 Botafogo RJ,1227,Botafogo RJ,64.04,35.96,Fora,-0.1741071073083132,-0.7721696669930134,-0.27207481488219026,-0.2523227645312848,-0.6285579186329371,-1.4679069831383822,-0.4308301918746377,1.2963349094208605,-0.656354680135839,-0.641187089992853,0.7024883201861687,-0.1472489644810532,0.9408545099443516,-0.6499518598035728,-0.20391271871980005,-0.14530412112285046,-0.5131775207140057,-0.19097655435450867,-0.03758525076654985,-2.197228838682131,-1.1388214919762432,-0.5394490624751247,-0.14377596035772391,1.938085491260326,1.342620725557481,-1.2152564414517755,-1.0579249964025073,-0.7274608860820558,-0.6141279198663365,-0.17928843943566422,0.09310059249774472,-0.39508638276171737,-0.6275555192326623,0.47338368591551294,-0.6758307853723258,-0.2681278320934387,-0.7707273603227722,-0.095704729009251,-0.7896130531772135,-0.8331012792832504,-0.9759644441812768,-0.8967836375479585,0.8120156663541854,-0.8853876281784252,-1.0690449676496976,-0.9282107406174598,-1.0259171343666662
256,2025,26,1890246,2025-10-02,Santos FC 1 x 1 Gremio,1244,Gremio,39.33,60.67,Fora,-0.31678718121429517,-1.1734872464151573,-0.6839251978541165,-1.516042887534204,-0.7979019710381964,-0.22796869734985836,0.8524937839221547,0.8109123248215953,-0.8146669703859938,-0.01669924859494795,-1.301471126366494,0.3300213595693756,0.1297605731281458,-1.2234387949243724,-1.548347883171406,-0.43851436559044366,0.7210139065723031,0.6856507632999176,-0.53872192765388,-1.383440379910971,0.7274608860820558,0.6375307101978747,-1.4501924897343683,-1.3079690261215013,-1.3887634953146604,-0.4635514261207803,-1.0579249964025073,-0.7274608860820558,-0.46144395894341705,-1.8052179151571295,1.2820208181394683,-2.184957344554782,-1.5232120928674966,-1.8878316972699765,-0.8479098448422138,-1.6350540349227338,2.2942701396794223,-1.4208471306758026,-0.7896130531772135,-1.2505190102629014,0.051366549693751457,0.5746590772633655,-0.7464502500474207,-1.2502350072171813,0.0,0.04885319687460319,-0.04885319687460319
257,2025,26,1890246,2025-10-02,Santos FC 1 x 1 Gremio,1241,Santos FC,60.67,39.33,Casa,1.5283539267705786,1.2827171313286945,0.9146034539940429,0.8933444283406113,1.410967103913813,1.5540785289212151,0.5774957891085564,-0.45118639513649594,1.656231604940254,2.184957344554782,1.5232120928674966,1.8878316972699765,-1.1922543182199785,1.8351581923865583,1.7742339104049323,-0.5314221441559205,0.13771954459655864,-0.7937893213395735,0.4635514261207803,1.0579249964025073,0.7274608860820558,0.8336940056433745,1.2675377709008588,1.1743079577587197,0.7343240702192164,0.53872192765388,1.383440379910971,-0.7274608860820558,0.28991868209645316,1.80521791515713,-1.5475500603673709,0.01669924859494795,1.301471126366494,-0.3300213595693756,0.7967100314081969,1.8348355568747077,-0.196040329072361,1.5239137619165344,2.535073486516317,1.9899635432427314,0.051366549693751457,0.15733006975632904,1.2067812619184686,1.5821352509714468,0.0,0.04885319687460319,-0.04885319687460319
258,2025,26,1890250,2025-10-02,Vitoria 1 x 0 Ceara,7334,Ceara,65.37,34.63,Fora,0.32985031432345013,0.4604332429902037,-0.13984295073255634,0.1711164696923979,-0.5614606646224827,0.8362113459870888,1.2191577770069526,-0.37230522513911574,-0.03287639207996574,0.27047998211353486,-0.0514842844493218,0.252099674010122,-0.4337381521889816,-0.17204608053623993,0.24173429153010226,0.9270139147207487,0.23083444877380235,1.3746715842646076,0.7141197645644454,1.0579249964025073,0.7274608860820558,0.24520411930687486,-0.2718455179453004,0.6969469993202156,-0.07125383102374708,-0.21298308767711524,-1.0579249964025073,-0.581733972730517,-0.23845522099750568,0.604256845224653,0.31616972777461866,0.45790328384541007,-0.04545892496427151,0.028654520323067766,0.0970134381861424,0.25761301514859786,-0.196040329072361,-0.095704729009251,-0.7896130531772135,-0.9069891242923471,-0.9759644441812768,-0.9766304467500249,0.6232147293451801,-0.9499699029445754,-0.5345224838248488,0.04885319687460319,-1.0259171343666662
259,2025,26,1890250,2025-10-02,Vitoria 1 x 0 Ceara,1238,Vitoria,34.63,65.37,Casa,0.04240123171412479,0.36413666631619546,-0.6652406900201839,-0.46611353919574344,0.008336429449317673,-0.5205501670652595,1.494155771820551,-0.45118639513649594,-0.693406277342064,-0.45790328384541007,0.04545892496427151,-0.028654520323067766,-0.4464541026624156,0.01911623117069325,0.16652235001446603,1.6031667823924438,-0.0881928771269227,0.6485127570218194,0.21298308767711524,1.0579249964025073,0.581733972730517,0.04904082386137497,-0.28881282123743485,-1.2124968344338005,-0.9496668082991284,-0.7141197645644454,-1.0579249964025073,-0.7274608860820558,-0.7671305473442908,-0.604256845224653,0.625501850573037,-0.27047998211353486,0.0514842844493218,-0.252099674010122,-1.0595819219975207,-0.47842417099025336,-0.4224321898679777,-0.6846569075277184,0.04155858174616917,0.12053754148691624,0.051366549693751457,1.1720254278007336,-1.7144841452572293,-0.051851823431868255,0.5345224838248488,1.0259171343666662,-0.04885319687460319
260,2025,25,1890243,2025-10-03,Flamengo 0 x 0 Cruzeiro,1239,Flamengo,64.53,35.47,Casa,0.8019093251851656,1.2840060375407605,0.5188206726405924,1.2241313297188765,0.38485260449526304,0.6389245180680706,-0.045454545454545026,1.557299414780139,0.7321909399056336,-0.5292459069071196,0.759117725360958,1.324730730803301,0.7318921217482205,1.36254779826129,1.2852100874551076,0.20955595676115493,1.7415915423603678,1.2651255401216908,1.00296936812288,1.4852968963237645,0.7841296890349969,1.6501299468606394,0.8060529731247503,0.6302442669893611,0.46188732366169044,-0.01644212078889961,-0.6115928396627265,-0.7841296890349969,0.6545318093204292,0.9761607699586794,-0.7340917453700542,1.118075920675049,1.162379284330015,0.18953302721217213,2.56845223737464,1.6911368195360565,0.5466186784420692,0.7679871292663025,0.4472135954999579,0.3852177112433074,-1.03193834852778,-0.24252541964036176,0.9436396838787716,0.2284567394421389,0.0,1.1405634378464937,-1.1405634378464937
261,2025,25,1890243,2025-10-03,Flamengo 0 x 0 Cruzeiro,1230,Cruzeiro,35.47,64.53,Fora,-0.698972533395658,-0.39864248710480843,-1.0740216346920393,-1.062770640507634,-0.4342239270865643,-0.4783737291293183,-0.6515151515151512,1.2656516391004609,-1.070602418853045,-1.118075920675049,-1.162379284330015,-0.18953302721217213,-0.31491125847237394,-1.2447967539671045,-0.9778081549037551,-1.1316946597956166,-0.510592554050456,0.30584509682179145,0.016442120788899613,0.6115928396627265,0.7841296890349969,-0.5747643635132568,-1.3475708151330188,-0.8703373210805452,-1.086601588502459,-1.0029693681228797,-1.4852968963237645,-0.7841296890349969,-1.1631910439787705,-0.9761607699586794,0.7480886069006341,0.5292459069071196,-0.759117725360958,-1.324730730803301,-1.1910733359075978,-0.9006437468027273,-1.0036705944185307,-0.1490124280665961,-0.4472135954999579,-0.0702872527962764,-1.03193834852778,-0.034537971689498535,-1.0678627823603972,-0.21276565499784394,0.0,1.1405634378464937,-1.1405634378464937
262,2025,25,1890244,2025-10-02,Botafogo RJ 2 x 1 Bahia,1221,Bahia,48.12,51.88,Fora,-0.576447152654532,-0.1528768825531083,-0.16192716581639782,-0.9066388700376435,-1.0494408225771137,-0.9146974452698012,-1.8636363636363633,-1.8751705605268367,-0.5899905556427597,-0.09539024412199568,-0.1626459633805175,-0.26181149455728914,0.40911955865219013,-0.15139419980681007,-0.5432866499742047,1.5829965881152892,-1.433743883380781,-1.1119067711614496,0.34528453656689306,-0.2621112169983114,0.32087661198569645,-1.5018036595023803,0.42338502090707447,-0.04501744764209676,0.24749954782933037,-0.01644212078889961,0.2621112169983114,-0.27922417156655926,-0.09379600487039605,-0.6399061806231104,-0.4493185067684595,-0.04364620357457695,-0.33631963557206734,-1.5523914455393548,-1.0979382184160416,-1.6781779167043624,0.3352155957792604,-0.37826231739982075,-1.3416407864998738,-1.4532242875016959,0.054312544659356886,-1.3907285023834028,-0.1333403901133049,-1.5523400570002541,-0.8164965809277261,-1.03193834852778,-0.054312544659356886
263,2025,25,1890244,2025-10-02,Botafogo RJ 2 x 1 Bahia,1227,Botafogo RJ,51.88,48.12,Casa,0.7928862784396478,0.1262513206116326,0.2619983832785665,0.23718003374727123,0.36044447123637247,0.40932521314129156,0.4848484848484853,-0.4113230710576851,0.8028734578068812,0.04364620357457695,0.33631963557206734,1.5523914455393548,1.1127338809296268,0.60557679922724,0.14509757942870222,1.2377146383485544,1.443238110113846,1.27447635779099,0.016442120788899613,-0.2621112169983114,0.27922417156655926,1.835537806058464,0.8550835100411877,-1.0203954798875359,-0.6032057142548463,-0.345284536566893,0.2621112169983114,-0.32087661198569645,-0.01506221697213512,0.6399061806231104,-0.09855839229070416,0.09539024412199568,0.1626459633805175,0.26181149455728914,-0.11564350357183227,0.5248355646836038,-0.23859277144836438,0.7679871292663025,-0.4472135954999579,0.4211331988402468,1.1405634378464937,-0.21546630977590478,0.13163089793236482,0.26324608025297586,0.8164965809277261,0.054312544659356886,1.03193834852778
264,2025,25,1890251,2025-10-02,Fortaleza 0 x 2 Sao Paulo,2065,Fortaleza,78.79,21.21,Casa,0.4433873174751577,1.4861747368791751,0.6971120229839293,1.4480788263476545,0.3173243879495519,1.1278860007825076,-0.19696969696969654,0.03766100465971317,1.4861811839302153,1.1428186073429782,1.3100364484192089,-0.9063442736100285,-3.871208462989744,1.7830872421690955,1.560522250228018,0.4813827483833274,-0.24461387624537748,-1.828242161598662,1.9894966154568603,0.6115928396627265,0.7841296890349969,-0.7601722227110814,1.3585933260338692,1.7556804580417908,1.7501199983067142,0.9700851265450805,0.2621112169983114,-0.15644093284027352,0.5963742329956052,1.810648164776652,-1.3140319881031468,0.9379461659031831,1.9342626984793811,1.4323700876587002,0.6150343544758845,2.598260017754631,0.8172146242504656,2.831236133265324,-1.3416407864998738,-0.3057777412352699,-1.03193834852778,-1.26498962564082,1.8753129224909646,-0.4408722298536659,-1.6329931618554523,-1.03193834852778,-1.1405634378464937
265,2025,25,1890251,2025-10-02,Fortaleza 0 x 2 Sao Paulo,1224,Sao Paulo,21.21,78.79,Fora,-1.8537547682006046,-1.026426460441009,-1.3629785808673864,-0.47894744728003186,0.5853961042933529,-3.59864718014638,-0.8787878787878785,-0.19258723929792773,-1.850801933759594,-0.9379461659031831,-1.9342626984793811,-1.4323700876587002,0.12007963895644777,-1.4971204203117878,-1.376389077908856,-1.0943433768028963,-1.8058856449131218,-0.5686163755043622,-0.9700851265450807,-0.2621112169983114,0.15644093284027352,-0.9455800819089061,-1.8863573145320824,-1.995773512132975,-2.049594974174253,-1.9894966154568599,-0.6115928396627265,-0.7841296890349969,-0.7490711215107694,-1.810648164776651,1.770578465525457,-1.1428186073429782,-1.3100364484192089,0.9063442736100285,0.29855055046570406,-0.25269860521803134,1.6741017859770504,-0.8367620960662701,0.4472135954999579,1.0357531745872932,1.1405634378464937,2.3029868438390846,-2.0707648618450825,0.8585943613447925,1.6329931618554523,1.1405634378464937,1.03193834852778
266,2025,25,1890245,2025-10-01,Palmeiras 3 x 0 Vasco da Gama,1234,Palmeiras,43.88,56.12,Casa,0.3356647656289974,-0.19601682146567953,-0.5297351235537416,0.088630944176396,1.7384539754238582,-0.3253925626244016,-0.2727272727272723,-0.19258723929792773,0.30008641226124627,-0.8691007895634972,-0.18356542298316053,1.4349072742311195,0.0033024585828098207,-0.5719336437146156,-0.6241493774946776,-0.5127565703991748,1.0106187222275431,1.020849767151413,0.6741269523448865,-0.2621112169983114,-1.5103756886181958,-0.01854078591978273,0.43014791337169406,-0.04501744764209676,0.7550631915938397,-0.6741269523448864,-1.4852968963237645,-0.7841296890349969,-1.3855765724636135,-0.16879055406672971,0.12853510418176858,-0.028153911232726418,-0.3122072568033792,-0.07469579925256992,0.9102173868282628,-0.12310957690109214,1.1385473098979348,-0.1490124280665961,3.1304951684997055,2.7303164301966043,2.2268143310336304,2.8427409791086986,-0.23590992096969274,2.500023799433153,2.4494897427831783,1.1405634378464937,2.1181892417149166
267,2025,25,1890245,2025-10-01,Palmeiras 3 x 0 Vasco da Gama,1226,Vasco da Gama,56.12,43.88,Fora,0.2180175584745065,0.5452360984859466,0.28844964050318944,-0.2684840129748639,-0.4680455399499902,0.3174854911705797,0.030303030303030734,1.721351288599957,0.416811290959303,0.028153911232726418,0.3122072568033792,0.07469579925256992,-0.5643485570805448,0.016821577756312163,0.004698967518822954,0.0074326080335298346,0.18219451347074628,1.3458750261017427,0.6741269523448865,1.4852968963237645,0.7841296890349969,0.3522749324758666,0.10241240349125522,-0.12004652704559207,-0.06501204977575653,-0.6741269523448864,0.2621112169983114,1.5103756886181958,1.8080727694441818,0.1687905540667301,-1.0735283513535228,0.8691007895634972,0.18356542298316053,-1.4349072742311195,0.0086152452817733,-1.2894108317535449,-1.3862095059036135,-0.6075122067330454,0.4472135954999579,-0.3756954677817642,-1.03193834852778,0.04127381142430757,0.681517549468002,-0.5085976536274524,-2.4494897427831783,-2.1181892417149166,-1.1405634378464937
268,2025,25,1890247,2025-10-01,Mirassol 1 x 1 Red Bull Bragantino,5438,Red Bull Bragantino,38.71,61.29,Fora,-0.3761880641634442,-0.38194436519807884,-0.344694810623069,-0.7157027761486581,0.36762374835315614,0.10603969006329317,1.6212121212121218,0.7584381161792816,-0.5758156242657135,0.049898283021009134,-1.2312111907857626,-0.5344984395411407,-0.5610167497772416,-0.9083651988408601,-0.2609199750691009,-1.721844931080596,0.7673285822405254,-0.6931840764177483,-0.9700851265450807,0.6115928396627265,0.7841296890349969,0.5376827916736913,-1.0298537194719777,-0.6452500828700592,-1.313300001001411,-0.345284536566893,0.2621112169983114,-0.7841296890349969,-0.8475745335014868,-0.35020449484601823,1.764378087246193,-1.9725108742434894,-1.1750073496304216,-0.4528163612624593,-0.8847828988557331,0.26565750804972543,0.700366374924112,0.3094873505998532,0.4472135954999579,0.73437580493687,0.054312544659356886,0.34698914209421,-1.0080305560275042,0.5666668190235898,0.0,0.054312544659356886,-0.054312544659356886
269,2025,25,1890247,2025-10-01,Mirassol 1 x 1 Red Bull Bragantino,6332,Mirassol,61.29,38.71,Casa,0.7842833717091637,0.5746846262052734,0.37367389295132697,0.9559896716398021,0.7790485899626602,0.8944090187058539,1.3939393939393945,0.14392942494785435,-0.06882647433550258,1.9725108742434894,1.1750073496304216,0.4528163612624593,0.37295509579891817,0.7737925767903622,1.4417726084621496,-0.6671082760180795,0.3725325884721694,0.20183349708195514,0.34528453656689306,-0.2621112169983114,0.7841296890349969,0.9084985100693407,-0.06776575316060494,1.080418743410333,0.5494640895676505,0.9700851265450805,-0.6115928396627265,-0.7841296890349969,-0.03760042949346093,0.35020449484601784,-0.5715051279262917,-0.049898283021009134,1.2312111907857626,0.5344984395411407,1.7080445613862874,0.9136026496344214,0.14394614003671843,0.5387372399330779,1.3416407864998738,1.165415713017103,0.054312544659356886,0.5200489344931557,0.4592835659458274,0.9841912706908681,0.0,0.054312544659356886,-0.054312544659356886
270,2025,25,1890248,2025-10-01,Atletico MG 0 x 0 Juventude,1220,Juventude,25.6,74.4,Fora,-0.08016862864516595,-1.3770733540161106,-1.1446038144392459,-1.0594905156820658,-1.3165223526135603,-0.31476296517408764,0.18181818181818227,-0.7394268186973227,-0.386307619970823,-1.6886947400874857,-0.8653862016056795,0.8289362853781167,0.1838926486407625,-1.6653361978749102,-1.4082144022071086,-0.6323367379390954,-0.6506623433292187,-1.5740498852393825,-1.2989275423230742,-1.1358152736593494,-3.12652094047132,-0.9455800819089061,-0.994685391303322,-1.6956571945189935,-1.75672612242027,-1.6606541996788664,-0.6115928396627265,0.04875107660386148,-0.9594531795626593,-1.4003755871546493,1.4445662228831033,0.017077984467872325,-1.4838632210889877,0.18390093884761757,-1.5376241933322436,-1.2894108317535449,-1.6731136895174257,-1.2952618747327194,-1.3416407864998738,-1.6341369962727514,-1.03193834852778,-1.2576850980939185,-1.7716037301806167,-1.7275801638054387,0.0,1.1405634378464937,-1.1405634378464937
271,2025,25,1890248,2025-10-01,Atletico MG 0 x 0 Juventude,1235,Atletico MG,74.4,25.6,Casa,0.5550572119756491,0.8342000930793501,1.1883582179190288,0.5646073894220572,-0.20300792250021985,0.5276113735683841,0.18181818181818227,-0.5050669989547241,0.5285843993877187,-0.017077984467872325,1.4838632210889877,-0.18390093884761757,0.5608725522108181,0.5214689104456789,0.5430844225301282,-1.721844931080596,0.7899815296320651,1.1252534722353786,1.6606541996788668,0.6115928396627265,-0.04875107660386148,0.9084985100693407,-0.23047682633098043,1.9807676962522767,1.6475255254279277,1.298927542323074,1.1358152736593494,3.12652094047132,2.036617111541113,1.400375587154649,-0.7734203749983196,1.6886947400874857,0.8653862016056795,-0.8289362853781167,0.8216040543060172,-0.25269860521803134,1.004658690878156,0.3094873505998532,-0.4472135954999579,0.2089730103762295,-1.03193834852778,-0.10975398844146128,1.5676043299218003,0.057738272986144486,0.0,1.1405634378464937,-1.1405634378464937
272,2025,25,1890249,2025-10-01,Internacional 1 x 1 Corinthians,1237,Corinthians,45.7,54.3,Fora,-0.0944916570404479,-1.3434125870979956,-0.13333397869086525,-0.5893381176409836,-0.6059218919433463,-0.23041017705968406,1.1666666666666672,0.4804460891936364,-1.087927164465045,-1.1381318954578459,-0.5772133310829026,0.32965032977388153,0.5520807319120306,-1.2447967539671045,-1.0364259468864674,1.0631338772305428,0.6585796022850773,0.4165123731702366,-1.956612373879061,-1.1358152736593494,0.16810821038647394,0.3522749324758666,-0.7500998962678285,0.48018610818237045,0.05587295553273861,0.6412427107670872,-0.6115928396627265,-0.04235674092189531,-0.9120148876399606,-1.0113744677547962,0.8972279304811221,-1.065101009661649,-0.8242801549699982,0.24912838083710998,-0.7708262286762503,-0.7710547184857881,-0.46811611833941397,-1.524511764065944,-0.4472135954999579,-1.0208860823991106,0.054312544659356886,0.29715202957760123,-0.3156862227468839,-1.1335580170164483,0.0,0.054312544659356886,-0.054312544659356886
273,2025,25,1890249,2025-10-01,Internacional 1 x 1 Corinthians,1219,Internacional,54.3,45.7,Casa,0.8119711038856865,0.4977572028503757,0.9131070541655326,0.2463727492961934,-0.44731717243057134,1.061557312692549,1.848484848484849,0.03766100465971317,1.8856496261662514,1.065101009661649,0.8242801549699982,-0.24912838083710998,0.00847500884616471,1.0261162431350455,0.9945624393708182,-0.6557670216625685,0.9700054735688286,0.15760238683577837,-0.6412427107670873,0.6115928396627265,0.04235674092189531,0.3522749324758666,1.1770724637201364,0.9303605846033423,0.7170209461045862,1.9566123738790606,1.1358152736593494,-0.16810821038647394,-0.07349330334456024,1.0113744677547964,-1.2398973495410148,1.1381318954578459,0.5772133310829026,-0.32965032977388153,-0.27344647187904386,-0.12310957690109214,-1.960017873131238,-0.6075122067330454,-0.4472135954999579,-0.44958950224344035,-1.03193834852778,-0.05151377273557092,0.28833434785184703,0.8666482100778924,0.0,0.054312544659356886,-0.054312544659356886
274,2025,25,1890252,2025-10-01,Sport Recife 2 x 2 Fluminense,1232,Fluminense,48.3,51.7,Fora,-0.15134100372613793,-0.6948807102831289,-0.546183688301319,-0.26619773306137184,-0.29929242421768054,0.24551345316154563,-0.4999999999999996,-0.4748270222137445,-0.9404482050439621,1.0099693176077704,-0.683764644553509,0.7103767440807898,0.030422454844506647,-0.15139419980681007,-0.8510706568992689,0.7881612860302029,-0.02190574596081924,0.6396849979630643,-0.6412427107670873,-1.1358152736593494,-0.36286641417988674,0.16686707327804196,-0.9556271126148832,-0.4951919240630686,-0.8397847923786959,-1.0029693681228797,-0.6115928396627265,0.12816436404254786,-0.3785879586223981,-0.7768469816651733,-0.6133336823356704,0.7319683597020085,-1.29504546275776,0.9889766811808932,0.018124830996552738,-0.25269860521803134,-0.46811611833941397,-0.37826231739982075,-0.4472135954999579,-0.4542478341423069,0.054312544659356886,-0.2617692951404246,-0.24160822823949238,0.8621359423381816,0.0,-1.03193834852778,1.03193834852778
275,2025,25,1890252,2025-10-01,Sport Recife 2 x 2 Fluminense,1231,Sport Recife,51.7,48.3,Casa,0.29107780240869047,0.7772078423481424,0.6290964565741141,0.09547450738944119,0.2749197379698173,0.25036508133949464,0.18181818181818227,0.0062635168473068,1.0622454963595516,-0.7319683597020085,1.29504546275776,-0.9889766811808932,-0.7144516095246676,0.6896846880088011,0.8045844735981621,1.376443993165546,-0.2604491940654873,0.8724396741568281,1.00296936812288,0.6115928396627265,-0.12816436404254786,1.27931422846499,0.8972595227269324,-0.12004652704559207,0.043550484023872335,0.6412427107670872,1.1358152736593494,0.36286641417988674,-0.059006469128082405,0.7768469816651741,-0.2957460364945357,-1.0099693176077704,0.683764644553509,-0.7103767440807898,-0.3683368525801287,-0.12310957690109214,0.3352155957792604,0.08023746126662855,0.4472135954999579,0.17125902014770097,1.1405634378464937,0.020700898603560426,-0.010826783812618628,0.02120682242862342,0.0,-1.03193834852778,1.03193834852778
276,2025,25,1890061,2025-09-30,Sao Paulo 0 x 1 Ceara,7334,Ceara,40.49,59.51,Fora,-0.39650356672018205,-0.7519127542879093,-0.5904882645529687,-0.13930586094299569,-0.454566013548903,-0.4517194229894649,0.33333333333333376,-2.0946379502523462,-1.3222437650370944,-0.10020062118115322,-1.4163049246639308,0.7349063043492018,0.4839656137750392,-0.9924730876224213,-1.4406664175418107,1.1519303030027823,0.14927845140806026,-0.11027359935702112,-0.31240029498909383,-0.2621112169983114,-0.30939292525015805,-0.2039486451176074,-1.348808011163695,-0.4201628446595733,0.13601210590508395,-0.345284536566893,-0.6115928396627265,-0.7841296890349969,-0.6131327101473174,-1.0293544582926595,1.0560308657118034,-2.091224082698288,-0.9000504219572546,2.69995359088349,-1.3277721544055585,-0.12310957690109214,-1.2096530852181904,-1.0660119853994947,-0.4472135954999579,-0.8758025776144059,0.054312544659356886,-0.15392527700126812,-0.37551844907977666,-0.9930236728741761,0.8164965809277261,1.1405634378464937,-0.054312544659356886
277,2025,25,1890061,2025-09-30,Sao Paulo 0 x 1 Ceara,1224,Sao Paulo,59.51,40.49,Casa,-0.2363156176041532,0.9562945932519749,0.3339325235252368,0.48504843473996595,-0.09679864657867673,0.8826080396165155,0.1060606060606065,-0.017598573890120064,1.288746352375758,2.091224082698288,0.9000504219572546,-2.69995359088349,0.6494441974435715,1.36254779826129,1.5057531985169899,0.6963317902822467,-0.22922051477605945,-0.4961071756785997,0.34528453656689306,0.6115928396627265,0.7841296890349969,-0.38935650431543206,1.5846010407693758,0.855331505199847,1.0743291252568121,0.3124002949890938,0.2621112169983114,0.30939292525015805,-0.621492412489775,1.0293544582926593,-1.4809219208188227,0.10020062118115322,1.4163049246639308,-0.7349063043492018,0.22944066035247562,0.9136026496344214,0.6029928338188187,0.7679871292663025,-0.4472135954999579,-0.27120729828461626,-1.03193834852778,-0.7370829946322394,1.1031922874331532,-0.4073857591898408,-0.8164965809277261,0.054312544659356886,-1.1405634378464937
278,2025,25,1890065,2025-09-28,Red Bull Bragantino 2 x 2 Santos FC,1241,Santos FC,60.58,39.42,Fora,0.09874559407679104,0.27437956227051163,0.9999823185873256,0.47167365179049914,0.7670471164742376,0.397349200013938,-1.1818181818181814,1.4479314989002587,0.09136331512710183,0.3511496158095459,0.41423364669847546,0.22296529652511318,0.5458111258812852,0.10092946653787328,0.3685538220925471,0.06993661547138964,-0.9110505733063886,-0.6125545150917103,0.016442120788899613,0.6115928396627265,0.6743160848611433,-1.1309879411067307,0.9589369171536409,0.030011631761398552,0.33860071465885827,1.298927542323074,2.883223386981425,1.6441591666410502,1.9597823744111451,0.749038104757138,0.22806313718167043,0.5286392771247755,0.5934276613936469,0.21985965686746597,0.32436918414374577,0.654424593000543,1.1385473098979348,1.4557367972659765,0.4472135954999579,0.9939642854988492,1.1405634378464937,-0.170145144494457,0.8553159211968819,0.818115782272737,0.0,-1.03193834852778,1.03193834852778
279,2025,25,1890065,2025-09-28,Red Bull Bragantino 2 x 2 Santos FC,5438,Red Bull Bragantino,39.42,60.58,Casa,-0.6688173371091269,-1.0330056910753167,-0.316564121591806,-0.33031156399190975,-0.19997402271164277,-0.5450709099308875,-1.939393939393939,-0.9534075236796944,-0.7017687129061217,-0.5286392771247755,-0.5934276613936469,-0.21985965686746597,0.26088954962218175,0.18503735531943438,-0.13490919031620127,-0.5273239000459388,-2.0172247857515053,-1.6305636293819472,-1.2989275423230742,-2.883223386981425,-1.6441591666410502,-1.8726193778980296,0.017699748638489325,-0.2701046858525827,-0.06272076536141313,-0.01644212078889961,-0.6115928396627265,-0.6743160848611433,0.8536745460129126,-0.749038104757138,0.6068850558887867,-0.3511496158095459,-0.41423364669847546,-0.22296529652511318,0.06499079201308769,-0.38228763353497053,-0.02993518336559168,-0.8367620960662701,0.4472135954999579,-0.935553308572569,1.1405634378464937,-0.48176923947128514,-0.6746795807442423,-1.0509008919259732,0.0,-1.03193834852778,1.03193834852778
280,2025,24,1890058,2025-09-29,Corinthians 1 x 2 Flamengo,1239,Flamengo,45.19,54.81,Fora,0.16555171939315666,0.13262636480272436,0.04110643592299981,0.6564927041083926,-0.16067920385675688,0.4782977719324773,-0.30649148171402396,-0.55325684111569,0.22183997768360728,1.6499609853671,0.4452900562946452,-0.06840488849614991,0.5558935201468685,-0.2684288369948313,-0.49071309701415555,-0.20692184919534998,-0.27027106363727854,0.18020317562411897,1.5623746659471571,-0.2727272727272728,0.29111760620664584,-0.33191726209157985,-0.2712401494220225,0.5902764267393196,1.015773522999378,1.2220554317804497,-0.6363636363636364,-0.852247528003091,-0.3261721951045317,0.4571403175685883,-0.7030048937646153,0.9499163955583627,0.7584135645110369,0.623640605041791,0.786776329312154,1.4122550562352163,-0.08730519393896588,0.010392450340736657,-1.8257418583505538,-0.8149863858543853,1.1952286093343936,-0.845329107812289,-0.2679516934113108,-0.7786123816674674,0.7071067811865475,0.11250879009260249,1.0125791108334214
281,2025,24,1890058,2025-09-29,Corinthians 1 x 2 Flamengo,1237,Corinthians,54.81,45.19,Casa,-0.3347621551141672,-0.6339529834587856,-0.3104161984315839,-0.1367158280222116,0.26079534491825807,0.17390663804366252,0.4032782654131894,-1.7511148839668502,0.021720814680755273,-0.9499163955583616,-0.7584135645110363,-0.623640605041791,-0.545355753091538,-1.1631916269776028,-0.7869285114407262,-0.9636653704809774,0.30376183279134394,0.6158695665695761,-1.2220554317804497,0.6363636363636364,0.852247528003091,0.23304829040472594,-0.247326694031438,0.4973195091425763,0.3251785295749383,-1.5623746659471571,0.2727272727272728,-0.29111760620664584,-1.0558909028854835,-0.45714031756858875,1.1235498134562123,-1.649960985367099,-0.44529005629464474,0.06840488849614991,0.2871621732782373,-0.36315130017476993,1.2013329842316964,0.42609046397019706,0.9128709291752769,0.6207967578971054,0.0,-0.12407235989072386,0.6569198440417837,1.8361019154639795,-0.7071067811865475,-1.0125791108334214,-0.11250879009260249
282,2025,24,1890050,2025-09-28,Fluminense 2 x 0 Botafogo RJ,1227,Botafogo RJ,54.15,45.85,Fora,-0.12114099674988177,0.22260778096458955,-0.07314995500148962,-0.23975788641670806,-0.7838483678136767,0.6233178654973718,-0.37101600418013425,0.2453151874517506,0.4339873093339531,-0.4331633408884024,0.19670877561012617,-0.905529507288039,0.05959122563019276,0.17895255799655446,-0.24973524857005341,-0.9966197987558632,-0.8423116262776508,-0.9310075573534917,0.32485017806822075,0.6363636363636364,-1.5213571284622884,-0.6144000383397327,-0.0921539169122724,0.12549183875560296,0.41955009117637065,-0.9436124220076889,1.181818181818182,0.25996317563760324,-0.0960433733230288,-0.0930828700931516,-0.712188854713991,0.46608686464433646,-0.25139135233461946,-0.5978779713586192,-0.016679351880442003,-0.5245518780302232,0.3913318436672799,-0.19745655647399354,-0.9128709291752769,-1.0478027186779455,-1.1952286093343936,-0.9006314133397731,0.4741831289804862,-0.9579353077705591,-1.414213562373095,-1.0125791108334214,-1.2375966910186265
283,2025,24,1890050,2025-09-28,Fluminense 2 x 0 Botafogo RJ,1232,Fluminense,45.85,54.15,Casa,-0.0438058579940353,-0.3893419031201194,-0.5700815629026675,0.20795536932629985,0.3299654490318338,-1.1325273369511644,-1.145310273773458,0.2453151874517506,0.03843769745956989,-0.46608686464433535,0.25139135233461996,0.5978779713586192,-1.9904397815281543,-0.715810231986217,-0.6033516206837675,-0.9548986475745175,0.07843750876749231,-0.48303067780814335,0.9436124220076889,-1.181818181818182,-0.25996317563760324,-1.038124202711962,-0.19470939842591575,-0.06042199643788369,0.6116665303193413,-0.32485017806822075,-0.6363636363636364,1.5213571284622884,-1.1660199654083863,0.09308287009315114,-0.4376642340409508,0.4331633408884035,-0.19670877561012565,0.905529507288039,0.02991787553413483,0.6052521669579499,-1.6102412226861114,-1.0288525837329143,0.0,0.14166624128974833,1.1952286093343936,1.3334642556105836,-0.30524490056667697,-0.041766532911207646,1.414213562373095,1.2375966910186265,1.0125791108334214
284,2025,24,1890069,2025-09-28,Atletico MG 1 x 0 Mirassol,1235,Atletico MG,27.76,72.24,Casa,-1.0805801523404273,-0.4243559513748502,-0.9608496285475497,-1.2869924514471809,-0.24409731989548206,-0.4191631319320144,-0.951736706375127,1.3492235798832113,-1.2025240504876928,-0.8119911029311027,-2.8221600494156887,0.3639701588564131,0.98846273235486,-1.2750369757254492,-1.6739293093572503,-0.87574766361905,-2.3880642688238645,-1.9909223574577601,-0.29391206587124746,1.5454545454545456,0.852247528003091,-1.038124202711962,-0.7869980635741473,-2.7561726067434402,-3.1006183898608355,-0.6342313000379548,-0.6363636363636364,0.08511132079873565,0.08679203814584172,-1.5824937987708756,2.9915365235923472,0.16182530159472386,-0.967060424934039,-2.4301558359592343,-0.16825974612457453,-1.6543559230183964,2.305879994092263,-0.40530556328872375,0.0,0.29308181530704314,0.0,0.43369415019687607,-2.0654842782999845,0.07485880630388053,0.7071067811865475,1.2375966910186265,-0.11250879009260249
285,2025,24,1890069,2025-09-28,Atletico MG 1 x 0 Mirassol,6332,Mirassol,72.24,27.76,Fora,1.057134938061159,1.2044529431968942,0.011465518569215516,1.2571697350722144,0.40147053871265864,-0.030972009766116967,-0.04839339184958273,1.443173230302911,0.36414085006452623,-0.16182530159472275,0.9670604249340394,2.4301558359592343,-0.5108413055057843,1.856632789214251,1.690584047171734,1.8153857908668427,-0.06410895653289438,0.26837270191201446,0.6342313000379548,0.6363636363636364,-0.08511132079873565,0.7980138429010317,-0.08079699041114059,1.3339317675132663,1.218128142284763,0.29391206587124746,-1.5454545454545456,-0.852247528003091,-0.7308130290045658,1.5824937987708756,-1.0029492980967716,0.8119911029311038,2.8221600494156895,-0.3639701588564131,0.9879952509587059,1.0894539005243098,1.1092874000766486,2.7124295389322293,0.0,0.5067558147630679,-1.1952286093343936,-1.1550469291707566,2.010663263781594,0.23943766703030153,-0.7071067811865475,0.11250879009260249,-1.2375966910186265
286,2025,24,1890073,2025-09-28,Gremio 3 x 1 Vitoria,1238,Vitoria,49.24,50.76,Fora,0.2556797997558389,0.7430089227063057,-0.2554882481836339,-0.13147883256401716,-0.37124923453126324,-0.6581515438776863,-0.7581631389767961,1.5272334438363249,-0.4996858770846134,-1.1393750483620342,0.20709054017666034,1.4967312634268453,1.0122265337420295,0.40264325549224733,0.6990877118102089,0.37830073842538725,-0.19970025185130566,0.3735558483977578,0.32485017806822075,1.5454545454545456,0.852247528003091,0.23304829040472594,0.3414263717000543,-0.6181635020183437,-0.24527987252763878,-0.32485017806822075,-0.6363636363636364,-0.852247528003091,-0.528026834756383,0.2095371967464881,-0.6111312587989391,1.3071791655760627,0.13717933057629766,-0.00893151487984994,-0.8637003426990045,-0.6859524558856765,-1.7441257087298165,-1.4445505973623747,0.0,-0.8423166618139862,0.0,0.9932947706972883,-0.27168101412684725,-0.7996630742749951,-1.414213562373095,-2.1376670117594454,-0.11250879009260249
287,2025,24,1890073,2025-09-28,Gremio 3 x 1 Vitoria,1244,Gremio,50.76,49.24,Casa,-0.6588890136879813,0.1906819233629511,-0.7435939355831502,-0.8201578484060636,0.9718453913519043,-2.0630337002876016,-1.5324574085701197,0.8288870544818031,-1.0576189084851317,-1.3071791655760616,-0.1371793305762971,0.00893151487984994,1.2132707779866079,-0.15658348824698484,-0.04190263273306795,0.2591377680953728,-1.898740096767559,0.08343364326438053,0.32485017806822075,0.6363636363636364,0.852247528003091,-0.1906758739675034,-1.2275458040795109,-0.24633583163137035,-0.5644014619548491,-0.32485017806822075,-1.5454545454545456,-0.852247528003091,-0.92670138029775,-0.20953719674648855,-0.31216698821651023,1.1393750483620353,-0.20709054017665982,-1.4967312634268453,-1.3672723932742608,-0.6859524558856765,-1.2838977879545803,-0.613154570103454,1.8257418583505538,1.4162192021385243,2.390457218668787,1.8218490167606374,-0.13742546836752687,0.9399367850685209,1.414213562373095,0.11250879009260249,2.1376670117594454
288,2025,24,1890078,2025-09-28,Bahia 1 x 0 Palmeiras,1234,Palmeiras,45.39,54.61,Fora,0.5896109168214934,-0.4540148242337345,0.2369763464594903,-0.0973596276732881,-0.47751381065392995,1.3217016881285648,2.209964894464278,-1.0666245737661877,1.1149898814691823,1.2586098954125304,0.07068568906636177,-0.1704966170222841,0.9426408780216046,-0.044738139499138414,0.6325524561628323,0.580181646922628,1.1138245869907044,0.4317876242855334,-1.2220554317804497,-1.181818181818182,0.6425640537511913,0.5155310666528788,0.6429269312331279,-0.06042199643788369,-0.7202072598899356,-0.01546905609848665,0.2727272727272728,0.505076939118568,0.06656386068003277,-0.0405895953446027,0.952171976081256,-1.6765192210490578,0.9860281509607743,-0.5483569479910351,-0.7865201183182889,-0.04035014446386333,-0.24685087314104792,-0.40530556328872375,0.0,-0.7982568197511622,-1.1952286093343936,-0.5369655129374321,-0.4991695777745838,-0.7657267103329798,-0.7071067811865475,0.11250879009260249,-1.2375966910186265
289,2025,24,1890078,2025-09-28,Bahia 1 x 0 Palmeiras,1221,Bahia,54.61,45.39,Casa,0.05941025396324365,-0.3865389372231416,0.7649675646090409,-0.0345789682214825,-0.4460616591126506,0.20145334699287645,1.822817759667616,0.34513669102268024,-0.5939339952542537,1.676519221049059,-0.9860281509607737,0.5483569479910351,0.38906004908438513,-0.8276555807340634,-0.46124195152971664,0.13342738181316002,0.8343954260352905,0.8724370328691488,0.01546905609848665,-0.2727272727272728,-0.505076939118568,1.221738007273261,0.6188577493188888,0.7761902619328063,-0.47320774589194115,1.2220554317804497,1.181818181818182,-0.6425640537511913,-0.43085424446934184,0.0405895953446027,-0.000543448998528042,-1.2586098954125293,-0.07068568906636125,0.1704966170222841,-0.27871639618645555,0.28245101124704325,-0.5659422315452117,-0.19745655647399354,-0.9128709291752769,-0.9896891010091642,0.0,-0.8532512227710474,0.3361982625056302,-0.913174255827095,0.7071067811865475,1.2375966910186265,-0.11250879009260249
290,2025,24,1890054,2025-09-27,Vasco da Gama 2 x 0 Cruzeiro,1226,Vasco da Gama,49.6,50.4,Casa,-0.32205191802472927,-1.56557557025092,0.28893358265151675,-0.24222906069048422,-0.10565571840406537,-0.09368996317727367,1.822817759667616,0.1654579845950058,-1.2121995427984853,0.8547570622639922,-0.5891288213925463,-0.7141234625529322,-1.4355623905760602,-2.281645114456067,-1.5577310961306887,-0.3457698403268688,1.5328692634884833,1.0257646143554133,-2.150198797689652,-0.2727272727272728,0.69241345995312,2.3516691122658724,-1.888814261947544,0.40436259154583293,0.31067450797390955,-0.01546905609848665,0.2727272727272728,-0.4435013204862152,0.6091258374161534,-0.9237714375780475,1.104261547028482,-1.3114056177198667,-1.3184800657003444,1.2343998932419957,0.0389353672744592,0.28245101124704325,0.7104232020714433,-0.19745655647399354,-0.9128709291752769,-0.4477310183993483,1.1952286093343936,-0.4113913237596581,0.011747360253939361,-0.4957400147660724,1.414213562373095,1.2375966910186265,1.0125791108334214
291,2025,24,1890054,2025-09-27,Vasco da Gama 2 x 0 Cruzeiro,1230,Cruzeiro,50.4,49.6,Fora,0.3363658200452963,0.6715663674580679,1.117436692920401,1.1601290210198907,0.22306384072531726,0.9632087097900929,-0.24196695924791364,-0.6102977002990784,1.6123215117662575,1.3114056177198679,1.3184800657003448,-1.2343998932419957,-1.2897709480575568,1.5210967429707116,1.4224269434903458,1.8377267944026603,0.14458187394419192,0.3404155061176936,0.01546905609848665,-0.2727272727272728,0.4435013204862152,1.0804966191491845,1.0402237780378165,1.4268886851100095,0.5864926520868136,2.150198797689652,0.2727272727272728,-0.69241345995312,0.7340850048084703,0.9237714375780475,-0.2719566848992676,-0.8547570622639911,0.5891288213925469,0.7141234625529322,2.413492362556036,1.8964567898015763,0.5653816755240963,1.6731845048585783,-0.9128709291752769,0.4063030018572987,-1.1952286093343936,-0.8912647143960304,0.08633377456467327,0.1620655508772631,-1.414213562373095,-1.0125791108334214,-1.2375966910186265
292,2025,24,1890082,2025-09-27,Fortaleza 1 x 0 Sport Recife,1231,Sport Recife,49.55,50.45,Fora,-0.2427767650660984,0.09555750150641734,-0.3686521051554348,-0.3315883820438259,-0.5954204630756326,-0.6017053858076448,-0.24196695924791364,-0.7094991945310584,-0.6236717917269993,-0.4162647053073386,-0.2552687603400671,0.09816582646754253,0.4237023158498621,0.29079790674440087,0.6390189810614958,-0.29695609344469437,-0.498754430510677,-0.17013589982827962,0.6342313000379548,-1.181818181818182,-1.0525052548557023,-0.049434485843426954,-0.8283171548212934,0.12549183875560296,0.11615538283099228,-0.32485017806822075,-0.6363636363636364,-0.5672444307487712,-0.4984390145916346,-0.7014940934556347,-0.1926966579997427,-0.46144554441838187,-0.43548936064041605,0.40154631842353417,-0.5909163925027869,-0.8473530337411298,0.2545784043512095,-0.19745655647399354,0.0,-0.7613344716770198,-1.1952286093343936,-0.6670730722956567,-0.3201621834288236,-0.7372878829751509,-0.7071067811865475,0.11250879009260249,-1.2375966910186265
293,2025,24,1890082,2025-09-27,Fortaleza 1 x 0 Sport Recife,2065,Fortaleza,50.45,49.55,Casa,0.28723204164742094,0.6419330281846195,0.15234702961097013,0.18197110582379847,-0.13803441136728115,0.6866078847794646,0.7259008777437409,0.5673200376805568,0.6653597048444665,0.4614455444183829,0.4354893606404165,-0.40154631842353417,-0.13849682081066195,0.8500246504836331,0.7564936478229881,-1.6474697571848576,0.6885147226901984,0.4281074753786812,0.32485017806822075,0.6363636363636364,0.5672444307487712,-0.4731586502156563,0.24197561225594594,0.31140567394908963,0.29580560532631345,-0.6342313000379548,1.181818181818182,1.0525052548557023,0.28627265989621414,0.7014940934556352,0.46142671153255016,0.4162647053073397,0.25526876034006774,-0.09816582646754253,-0.13071260403296647,0.12105043339158997,0.3913318436672799,0.42609046397019706,0.0,-0.5660417078287855,0.0,-0.8981784635703762,-0.241846448402554,-0.5868668646758646,0.7071067811865475,1.2375966910186265,-0.11250879009260249
294,2025,24,1890086,2025-09-27,Juventude 1 x 1 Internacional,1219,Internacional,41.38,58.62,Fora,-0.3764856914654535,-0.8994599168578276,-0.8592125055845536,-1.4911227000004084,-0.48588772929150836,0.16658954347902735,-0.43554052664624454,-1.3518288696831307,-1.179645641492985,1.143535397491694,-0.5339598145825634,-0.07717176823108068,0.7979870591135725,-0.49211953449052415,-0.9921751844935953,-0.18745498557387036,-1.2505484578576662,-3.2226300389952476,-1.840817675719918,-0.2727272727272728,0.852247528003091,-2.591779472076803,-0.2681904719652352,-0.989991172405317,0.2183246829361066,-0.6342313000379548,-0.6363636363636364,-0.6307698620665635,-0.034718980658375774,-1.7674831078324384,0.6957394031637031,0.1396444564790043,-1.2338470558069092,-1.2086372595588246,-1.7545233768034614,-1.6543559230183964,-1.5232163067577034,-1.652399604177105,-0.9128709291752769,-0.5277559239690635,0.0,2.299361248453092,-0.8497257250350306,-0.5573778734757545,0.0,0.11250879009260249,-0.11250879009260249
295,2025,24,1890086,2025-09-27,Juventude 1 x 1 Internacional,1220,Juventude,58.62,41.38,Casa,1.177113560357535,0.9517636530459244,0.8060354806911884,0.4815692244702818,-0.3206606298880278,1.103177647752304,0.6613763552776306,0.8623935731629538,1.5682079900786763,-0.1396444564790032,1.2338470558069095,1.2086372595588246,1.0854585165603057,1.2974060454750187,1.2390536303070878,0.2818354767296612,0.06784039111259435,0.19806588669246558,0.6342313000379548,0.6363636363636364,0.6307698620665635,0.23304829040472594,1.2343925129602908,1.5198456027067528,1.276976169321839,1.840817675719918,0.2727272727272728,-0.852247528003091,-0.26461847037182956,1.7674831078324387,-0.283971485506532,-1.1435353974916929,0.533959814582564,0.07717176823108068,-0.45233779276495656,0.7666527448134032,-0.6191241246125722,0.21824145715546686,-0.9128709291752769,-0.9813338843922328,0.0,-1.0768751523884388,0.7165889754903703,-0.9067387885477921,0.0,0.11250879009260249,-0.11250879009260249
296,2025,24,1890067,2025-09-24,Vasco da Gama 3 x 1 Bahia,1221,Bahia,31.79,68.21,Fora,-0.8636582670662203,-1.4392743395325374,-0.5796149339825697,-1.3138483018771812,-0.4688548524664398,-0.2838507979199019,-0.43554052664624454,-1.1122572611128982,-0.623725289045035,-1.611510658689331,-0.3469434492356245,-1.9349767238245845,-0.2500160972241533,-0.8276555807340634,-1.6164772547065454,1.7288144021655505,0.9453822404780989,-0.08413452146727265,-1.2220554317804497,-2.090909090909091,-1.4800759586674617,-0.7556414264638092,-0.11372965057072908,-1.547732677985777,-1.3153761202973364,-1.2529935439774231,0.2727272727272728,0.8001515192529142,-0.08031957762495304,-1.6067967589193672,0.48039271209481843,0.7425455436461416,-2.137290333458757,-0.12503207081652545,-1.386274044314075,-1.1701541894520364,0.2545784043512095,-0.8210035769181842,0.0,-0.6924966309258827,0.0,0.005231113735854966,-2.1027774854553516,-0.6842666757410879,-1.414213562373095,-2.1376670117594454,-0.11250879009260249
297,2025,24,1890067,2025-09-24,Vasco da Gama 3 x 1 Bahia,1226,Vasco da Gama,68.21,31.79,Casa,1.2190132916709582,0.5648199765801402,1.4467781682515681,1.2834850691649466,1.565461932897262,1.4560504340145393,0.3387537429470791,1.297978316017922,2.2575701009511815,-0.7425455436461404,2.137290333458757,0.12503207081652545,-2.1101233873861416,0.6263339529879401,0.6526796820824702,1.2336260587941577,0.6769482221313179,0.586243945048938,1.2529935439774231,-0.2727272727272728,-0.8001515192529142,0.6567724547769552,2.5064830000198497,-0.24633583163137035,-0.15499248858034367,1.2220554317804497,2.090909090909091,1.4800759586674617,2.4507848636544334,1.606796758919368,-1.3244653952584222,1.6115106586893322,0.3469434492356251,1.9349767238245845,1.2452233446802088,1.735056211946123,0.43295245563304074,1.2574864912291177,1.8257418583505538,2.708891366590083,1.1952286093343936,0.4594790271788301,0.7687994655078838,1.9355961196614444,1.414213562373095,0.11250879009260249,2.1376670117594454
298,2025,24,1890088,2025-09-24,Gremio 1 x 1 Botafogo RJ,1227,Botafogo RJ,58.91,41.09,Fora,-0.044897315040225295,-0.3004229946694669,-0.7530951627306838,0.6166841612914193,0.6172691593151016,0.5397613662754108,-0.43554052664624454,-0.6102977002990784,-0.9059595536795173,-0.6153669383213872,-0.446730942458223,0.6534015430131835,0.599327568111129,0.17895255799655446,-0.21429541095472662,-0.87574766361905,1.3160918755630573,0.974344042496923,0.01546905609848665,-1.181818181818182,-2.6768546044377755,0.09180690228064949,-1.596111755002791,0.31140567394908963,1.1151440949698808,-0.9436124220076889,-1.5454545454545456,-0.852247528003091,-0.8366048301488166,-0.42576794283348934,-0.6578683692692832,-0.43863579827560184,0.38752077055005274,1.4009706082056874,1.1040132092434263,-0.20175072231931662,0.33502160394889824,-0.19745655647399354,1.8257418583505538,1.259955077489705,0.0,0.9808897955459044,1.9994753016349844,0.8195769299968374,0.0,0.11250879009260249,-0.11250879009260249
299,2025,24,1890088,2025-09-24,Gremio 1 x 1 Botafogo RJ,1244,Gremio,41.09,58.91,Casa,-1.0580642091668846,1.073918958912757,0.608107416416918,0.2803734970856109,0.2280917434043796,-2.4309790269663885,-1.0807857513073476,-1.1122572611128982,-0.3996111882774834,0.43863579827560295,-0.38752077055005213,-1.4009706082056874,0.20298530757863556,0.8500246504836331,0.95658421770516,-0.8971843884403224,-0.2901487917338985,0.5032599898975572,0.9436124220076889,1.5454545454545456,0.852247528003091,-0.33191726209157985,0.9696483556380312,-0.8970342548085737,-0.9357865727977589,-0.01546905609848665,1.181818181818182,2.6768546044377755,2.741598534043935,0.42576794283348934,-1.298471117385824,0.6153669383213883,0.4467309424582236,-0.6534015430131835,0.9023966460639141,-0.36315130017476993,-0.27139636224906044,0.6339394707849272,0.9128709291752769,1.116076046966401,-1.1952286093343936,0.03281589415311674,0.0005593981073299915,2.2175825885638063,0.0,0.11250879009260249,-0.11250879009260249
300,2025,23,1890022,2025-09-22,Santos FC 1 x 0 Sao Paulo,1224,Sao Paulo,55.35,44.65,Fora,-0.029157851007965585,-1.1141956775767659,-0.386885229916696,-0.5736430789753947,-0.6750269815918895,0.46975919360323365,0.19439088290734483,-1.0773138971273963,-0.067537034971983,0.8513421932687634,0.428554352227285,-0.7909085407154349,-2.2982104874085825,-0.5713710761250733,-0.5600640626488079,-1.4918526714836304,0.13429077861178573,0.5111674499739883,-1.4396993938364324,-1.8856481776967495,0.3118206056629813,0.08053002114799164,0.14826017065161992,0.388002168044996,0.6591291141433788,-1.3213679368087803,-0.6711629107056226,-0.8871798719757044,-0.9455728918303803,-0.4561485095616776,-0.5086849032380296,0.12172944859588532,-0.40361460882114863,-0.6281081549673484,-0.8067010425514041,-0.8886042349318384,-1.5151723210649333,-1.9677601705969567,0.0,-0.9914692508349622,-1.118033988749895,1.1069933772283485,0.6231319877814439,-0.7951134302308561,-0.7254762501100117,0.1479790871000969,-1.134506334434077
301,2025,23,1890022,2025-09-22,Santos FC 1 x 0 Sao Paulo,1241,Santos FC,44.65,55.35,Casa,0.5592748552429403,0.9937147577638399,0.7628859591105991,0.508656972742354,0.42924933926220155,0.13666281904369623,1.1465094930657673,1.0401658431929428,0.5900128836884697,-0.12172944859588532,0.40361460882114863,0.6281081549673484,0.8794426565058472,1.479704581759806,0.5026236017811507,-0.5338811144625538,0.8986676022089943,1.2839468525319642,1.3213679368087803,0.6711629107056226,0.8871798719757044,0.8858302326279079,0.14075417143107286,-0.19608711718402952,-0.6128078307680789,1.4396993938364324,1.8856481776967495,-0.3118206056629813,0.4214708962554611,0.4561485095616776,0.2783190468855478,-0.8513421932687634,-0.428554352227285,0.7909085407154349,1.2161251929195886,0.5488437921637824,0.6372366715992854,1.3674265592283938,0.0,0.7228887997808662,0.0,-0.21735674795387216,-0.13144190367264869,0.2701278259401829,0.7254762501100117,1.134506334434077,-0.1479790871000969
302,2025,23,1890030,2025-09-22,Cruzeiro 2 x 1 Red Bull Bragantino,1230,Cruzeiro,66.95,33.05,Casa,0.44893978154918734,1.3136081999798719,0.7693021879407619,0.11724378840805988,-0.26316774167976803,0.7532840568853084,-1.3924734673566928,-0.33482100117091357,0.4864328413628917,-1.2685077299820957,0.6829451331827293,0.8814126138072251,0.46479132509982846,1.7727153900290744,2.1283893344766036,0.04971075360775712,0.6427085392165817,1.0428994211164069,1.3213679368087803,0.03196013860502954,0.002779263859988348,0.7247701903319247,-0.20113532221709002,1.4727394120417576,1.3813686164205747,1.8341375839286058,0.6072426334955635,-0.6376444286331429,0.17805863006380993,0.7776406325368819,0.3800303258159145,-0.48771060021512685,1.7372532405235768,-1.5234261507448803,-0.5224925686833386,-0.7579271415595092,-1.5151723210649333,0.03335186729825358,-0.5976143046671968,-0.5179931672467281,1.118033988749895,-0.7256057294106375,0.7583602837409584,-0.500912193874602,0.7254762501100117,0.1479790871000969,0.8385481602338831
303,2025,23,1890030,2025-09-22,Cruzeiro 2 x 1 Red Bull Bragantino,5438,Red Bull Bragantino,33.05,66.95,Fora,-0.33130547808643795,-0.9940268068830843,-0.5816792412650001,-0.6955236736441504,-0.7970045866563799,-0.7957367689728592,0.19439088290734483,-0.03338157759883748,-1.402334247580703,0.48771060021512685,-1.7372532405235768,1.5234261507448803,1.2163970491147442,-0.7178764802597075,-0.8168505298484604,-0.5732498085867077,0.23718491408301562,0.8292836973854973,-1.8341375839286058,-0.6072426334955635,0.6376444286331429,0.8858302326279079,-1.377534977176967,-1.1139417082582124,-1.3651283378053223,-1.3213679368087803,-0.03196013860502954,-0.002779263859988348,-0.5311009193689201,-0.7776406325368819,1.079441389605205,1.2685077299820957,-0.6829451331827293,-0.8814126138072251,-0.4400963150497652,-1.4113126084211551,0.3612868007448983,-1.07837704264353,-0.5976143046671968,-0.967445883185269,0.0,-0.5828224323058563,-1.2862915511669044,-0.7801861620773772,-0.7254762501100117,-0.8385481602338831,-0.1479790871000969
304,2025,23,1890011,2025-09-21,Flamengo 1 x 1 Vasco da Gama,1239,Flamengo,65.47,34.53,Casa,1.135425867090713,0.8426182232387343,0.28496373392715896,0.5990033652995189,1.1746324119290692,1.233398379328714,2.5746874083034013,-0.2523217905090825,1.3821315126148617,-0.5592361411084062,1.1054247516558933,0.37256489409227106,1.1320910186026445,0.6006721569520006,0.7772698884885336,0.015068878886602542,0.6577172750428348,0.5413641893722185,1.3213679368087803,0.6711629107056226,0.6932643388029874,0.08053002114799164,1.3968595981877947,1.7230633914256257,1.5115572009783336,0.25638482355991277,-0.6711629107056226,-0.580819258077616,-1.075892520052748,1.2660695683717214,-0.7801323357532347,-0.41329579330595134,0.855425813051168,-0.8034809810580884,1.077999060833275,0.9408750722807699,-1.7316868351199135,0.25569764928661026,1.7928429140015905,2.0111781410902916,0.0,1.9968566734246558,1.3912287088314876,1.0706251058142697,0.0,0.1479790871000969,-0.1479790871000969
305,2025,23,1890011,2025-09-21,Flamengo 1 x 1 Vasco da Gama,1226,Vasco da Gama,34.53,65.47,Fora,-0.1426788131437139,-0.6378327613339437,-0.6588258977473948,-0.9762551238666961,-0.562458002286874,-1.0240359815993387,1.7019120156581806,0.43860909878375576,-1.6310912606522667,0.41329579330595134,-0.855425813051168,0.8034809810580884,-0.34210725861762126,-1.596908905067513,-1.369200227413972,-1.4918526714836304,0.948016002548365,0.07007508932822142,-0.25638482355991277,0.6711629107056226,0.580819258077616,0.7247701903319247,-2.0543994589182613,-0.6967350759517656,-1.090886220900425,-1.3213679368087803,-0.6711629107056226,-0.6932643388029874,0.0659398055681364,-1.266069568371721,0.6414661736477586,0.5592361411084062,-1.1054247516558933,-0.37256489409227106,-1.1609612813468988,-0.36589586144252173,-0.10782797970755961,-0.4113396966784598,-0.5976143046671968,-0.9472635154950109,0.0,-1.0405877405821058,-0.8156970812277929,-0.7676455549952373,0.0,0.1479790871000969,-0.1479790871000969
306,2025,23,1890018,2025-09-21,Palmeiras 4 x 1 Fortaleza,2065,Fortaleza,30.88,69.12,Fora,-1.0755952784462643,-1.079680405220348,-0.8502220397338046,-0.8094201386692875,-0.07281883802148792,-1.4713886443471746,0.03570444788094107,-0.61930103793585,-0.2706026040414406,-0.10739165343257182,-1.3855150788618835,-1.4414528268444755,0.3591555858784555,-1.1573926926636102,-2.052936889153885,-0.49098686564071464,-0.14087790880480544,-2.042694964509524,0.1380533665322605,-1.2464454055961565,0.28576101961053146,-1.6911304441078243,-0.3160574327923573,-1.948354972871106,-1.7294098464759866,-0.5324915566244337,-0.6711629107056226,0.600422911020215,0.057865078698516655,-1.3977132734299913,2.121818325127723,-1.1581727440246836,-1.0554264740490003,0.06530145234073653,-0.8498422595388951,-0.7579271415595092,-0.10782797970755961,-1.07837704264353,0.0,0.10819437332836826,0.0,1.5306691925438631,-1.437747242641561,-0.11182147733422935,-2.176428750330035,-2.811602654901843,-0.1479790871000969
307,2025,23,1890018,2025-09-21,Palmeiras 4 x 1 Fortaleza,1234,Palmeiras,69.12,30.88,Casa,0.017819059443222984,0.5796786662955873,-0.10190565558146975,1.1756638209005854,1.388729368926242,-0.1460715041898633,-1.313130249843491,-3.0319105805000164,-0.6349365989860666,1.1581727440246836,1.0554264740490003,-0.06530145234073653,0.15577974187243834,0.45416675281736635,0.6608934450349266,-0.5338811144625538,-0.41614022285883057,-0.6244996930601953,0.5324915566244337,0.6711629107056226,-0.600422911020215,-1.530070401811841,-1.1202313609967156,0.5548848209675747,1.1088856529962983,-0.1380533665322605,1.2464454055961565,-0.28576101961053146,0.3755909692882672,1.397713273429991,-0.5480251108489285,0.10739165343257182,1.3855150788618835,1.4414528268444755,0.4779741044659907,1.2022292590254282,0.6598143883055533,2.034463905193464,1.1952286093343936,1.5301962946353314,2.23606797749979,0.06632340245510517,0.8422018272358573,1.4879585407104452,2.176428750330035,0.1479790871000969,2.811602654901843
308,2025,23,1890026,2025-09-21,Mirassol 2 x 0 Juventude,6332,Mirassol,55.28,44.72,Casa,0.43772821392940264,0.6341186299464665,1.8714707564404618,0.20524057442228863,0.7647620446444967,0.8750537971313409,-0.4403548571982702,1.299297979246131,1.015913897265418,-1.3193159560718106,0.879678682239417,-0.06530145234073653,0.676863168864806,0.8936829652212691,0.8335752773267139,1.1904676881753842,0.5303252131789925,1.4188699360589085,0.1380533665322605,0.6711629107056226,0.7208128931777205,1.3690103595158578,1.6578381998991776,1.2224154326578895,1.2948409529585136,1.4396993938364324,1.8856481776967495,3.448257761113643,3.6542129750366645,-0.03378877848605019,-1.3293197008216535,0.8874930789630138,0.8284721215692666,-0.37256489409227106,0.39884384869820916,0.41816669879145324,1.2995163616498129,0.7003892132633237,0.5976143046671968,1.1645159112288257,1.118033988749895,0.6195791596041512,0.5879726308319697,0.5445392412154351,1.4509525002200234,1.134506334434077,0.8385481602338831
309,2025,23,1890026,2025-09-21,Mirassol 2 x 0 Juventude,1220,Juventude,44.72,55.28,Fora,-0.3639771057966229,-1.2541863959974657,-0.07291772109648338,-0.3664163567839957,-0.6768494454437619,-0.9877641440792437,-0.6783845097378759,0.5396706318444987,-0.03788837783431176,-0.8874930789630138,-0.8284721215692666,0.37256489409227106,-0.6142738753367991,-1.4504035009328788,-0.24099451152380238,1.9647457301388107,0.4270165746970061,1.2346440535759755,-1.4396993938364324,-1.8856481776967495,-3.448257761113643,1.0468902749238913,-0.28156598052105813,0.47144349450628537,-0.11762777008823784,-0.1380533665322605,-0.6711629107056226,-0.7208128931777205,-0.8650578382501356,0.03378877848605019,-0.6137806460226645,1.3193159560718106,-0.879678682239417,0.06530145234073653,-0.6850769757233526,0.6795208855361116,-0.6355821077165746,-0.18899391469010313,-1.1952286093343936,-1.0748093068891507,-1.118033988749895,-1.3181995446013932,-0.15037386510698025,-0.8468979836201777,-1.4509525002200234,-0.8385481602338831,-1.134506334434077
310,2025,23,1890034,2025-09-21,Internacional 2 x 3 Gremio,1219,Internacional,59.92,40.08,Casa,0.018807902151955935,1.1838583888951135,-0.5174215523744372,1.8479162151798636,1.4736785269602828,0.7840601614478132,-0.8370709447642797,-1.032891245232564,1.7415916368207631,-0.47038170189925405,0.5832848083152892,-1.2710721804773457,1.1332799311544084,1.479704581759806,1.2631981263062453,-0.5604914354909171,-3.7707676618334744,-1.0913284885802779,1.3213679368087803,0.6711629107056226,0.179395061556925,-1.8521904864038077,1.0452351957146844,0.2211195151224173,0.6965499878626956,-0.5324915566244337,-1.3103656828062156,-0.8356613361735408,-0.6758362992492678,1.027232076650706,-1.305166325777413,-0.22831644339983287,1.6309634319631865,2.250953635376086,2.482515716729476,1.9862918192594032,-0.7109755545750056,0.7003892132633237,2.988071523335984,2.255126312807048,-1.118033988749895,1.6910321550417289,0.5744498012360184,3.370801300699207,-0.7254762501100117,-1.8250754075678632,0.8385481602338831
311,2025,23,1890034,2025-09-21,Internacional 2 x 3 Gremio,1244,Gremio,40.08,59.92,Fora,-1.6825958973720025,0.25837464626009143,-1.0255245622010123,-0.38436039714322373,0.047985483010538454,-1.9882623290085262,0.11504766539414295,0.4901711054474002,-2.011941165162272,0.22831644339983287,-1.6309634319631865,-2.250953635376086,-1.0173086369136883,0.16115594454809787,-0.9705145989383815,0.6369730107854286,0.5813454888043349,-1.014967733352493,0.5324915566244337,1.3103656828062156,0.8356613361735408,-0.2415900634439749,-1.9060811794578707,-1.1139417082582124,-0.32692603809392745,-1.3213679368087803,-0.6711629107056226,-0.179395061556925,-0.8990035745316127,-1.0272320766507066,0.45329696683741627,0.47038170189925405,-0.5832848083152892,1.2710721804773457,-1.197996884084245,-0.8886042349318384,-0.10782797970755961,-1.5230686066202432,0.0,-0.43549631397881466,2.23606797749979,1.4055325906898453,-0.7021053126218008,-0.4496515767743981,0.7254762501100117,-0.8385481602338831,1.8250754075678632
312,2025,23,1890046,2025-09-21,Sport Recife 1 x 0 Corinthians,1231,Sport Recife,41.42,58.58,Casa,-0.16868862778962512,-0.056223694831015386,0.7200394192259205,-0.8674476959260354,-0.4295582002760723,0.9534508639406465,0.9878230580393637,0.6329582008236463,0.16839188060163907,1.2671849717672534,-0.006541604165475287,-1.493383067391786,-1.3038755371814035,-1.0108872885289761,-0.5673355662088951,-0.6536275590901884,-0.020700197405174862,-0.8541410310461486,1.3213679368087803,0.03196013860502954,-0.0024070692536527203,0.2415900634439749,0.5995882144534482,0.3045608415837066,0.04542499766754363,1.0452612037442592,1.2464454055961565,1.0763330820842716,0.8827907865339774,-0.04801563258543967,1.837150399387494,-2.829409063708635,-1.308381190012248,-1.1432417419349825,-0.9701522191714712,-0.36589586144252173,0.3612868007448983,-0.18899391469010313,-0.5976143046671968,-0.6496217785967672,0.0,-0.7612411658777951,-1.0266532229246361,-0.5827015419353511,0.7254762501100117,1.134506334434077,-0.1479790871000969
313,2025,23,1890046,2025-09-21,Sport Recife 1 x 0 Corinthians,1237,Corinthians,58.58,41.42,Fora,0.8913770093004776,-0.749777982410383,-0.26255300298607165,0.30108951820673396,-0.1563009179715136,1.3699052947269206,0.19439088290734483,-0.1533227377148846,-0.39512020476195236,2.829409063708635,1.308381190012248,1.1432417419349825,-0.5670840342401404,-0.7178764802597075,0.010471159958591226,1.8196539453793503,-0.22904049567753737,0.20742261418464208,-1.0452612037442592,-1.2464454055961565,-1.0763330820842716,-0.4026501057399582,0.5103003591192773,-0.0292044642614508,-0.32254543767320365,-1.3213679368087803,-0.03196013860502954,0.0024070692536527203,-0.3004357316204883,0.04801563258543967,0.08745531143081667,-1.2671849717672534,0.006541604165475287,1.493383067391786,-0.3435822313157653,1.4635834457700865,0.558808813566986,1.3674265592283938,-1.1952286093343936,-0.5100210787333975,-1.118033988749895,-1.237359167479333,-0.09357798080398441,-0.49595862097354065,-0.7254762501100117,0.1479790871000969,-1.134506334434077
314,2025,23,1890014,2025-09-20,Botafogo RJ 1 x 0 Atletico MG,1227,Botafogo RJ,27.66,72.34,Casa,-0.23359012599366646,0.29497896846676736,-0.014667006773812991,-1.1199217572480116,-0.7371519014177109,-1.2927162595259667,0.27373410042054674,0.6855639728043688,-0.9294794220449327,-0.6560308979002732,-0.500673765931689,0.5880229375751798,1.0069133130474746,0.3076613486827321,-0.5761645241541388,0.3971053282762391,0.08288764476482616,0.4381593737477136,0.1380533665322605,1.3103656828062156,0.8871798719757044,1.2079503172198744,0.8155335764516184,-1.5311483405646593,-1.3651283378053223,-0.1380533665322605,-0.6711629107056226,1.0184789067634898,0.22887868348817156,-1.85838281673276,0.4089642737427462,0.8782488343067485,-1.4283902144316574,-0.6874651114903684,-0.5054488863372602,-1.4113126084211551,0.9476802763104704,-1.07837704264353,-0.5976143046671968,-0.8400266194040269,0.0,-0.3324603384595126,-1.145654123369009,-0.7010123532210757,0.7254762501100117,1.134506334434077,-0.1479790871000969
315,2025,23,1890014,2025-09-20,Botafogo RJ 1 x 0 Atletico MG,1235,Atletico MG,72.34,27.66,Fora,0.7089798779321943,0.204112039514755,-0.10221580522012547,0.5134083893625137,-0.3668975635859199,0.37989749417844976,-0.36101163968506833,0.9661280900348892,0.5377887466735184,-0.8782488343067485,1.4283902144316574,0.6874651114903684,-0.49258467058519845,-0.27836026785580487,0.28559214867694177,-0.6536275590901884,0.5071371802319267,0.6306755984892704,0.1380533665322605,0.6711629107056226,-1.0184789067634898,1.2079503172198744,-0.5540637356598886,0.8886501268127321,0.7778276910861468,-0.1380533665322605,-1.3103656828062156,-0.8871798719757044,-0.7074124903549946,1.8583828167327605,-1.5218767984071753,0.6560308979002732,0.500673765931689,-0.5880229375751798,0.2825999123607852,-0.10454167469786342,-0.10782797970755961,0.03335186729825358,0.0,-0.4822007993533272,-1.118033988749895,-0.682327393944478,2.3026674235986166,-0.4786720866097245,-0.7254762501100117,0.1479790871000969,-1.134506334434077
316,2025,23,1890038,2025-09-20,Vitoria 0 x 1 Fluminense,1238,Vitoria,47.88,52.12,Casa,0.5341480271641259,0.5868966451671045,0.6080379821347908,0.9196266798906425,0.10860839457395072,0.4562755322642422,-0.6783845097378759,1.1089151854111352,1.5530958008797973,-0.8700717994236964,0.428554352227285,0.7603893723615064,1.183596800189025,1.3331991776251717,1.4835766700065494,-0.6095104479115863,-1.312761333837473,-1.3363621102489274,0.1380533665322605,-0.6072426334955635,-0.5071120574214161,-0.08053002114799164,0.3834873842320955,0.5548848209675747,0.7627187179094725,1.0452612037442592,1.2464454055961565,0.5564659939506675,0.4986790994166501,0.169678431092991,-0.35055907118799734,-0.3196979309630024,1.2591091770147134,0.6842055096572329,1.565513601797633,0.8101979789084407,0.11438428471728852,0.9227349952516803,0.0,0.21670715948699362,-1.118033988749895,-0.43249020334540067,-0.15848756286455126,-0.044395482748844715,-0.7254762501100117,0.1479790871000969,-1.134506334434077
317,2025,23,1890038,2025-09-20,Vitoria 0 x 1 Fluminense,1232,Fluminense,52.12,47.88,Fora,-0.6412091799110048,-0.7479101759894391,-0.18808701621868043,-0.5209130463208576,-0.6590838236945774,0.6836190991086184,-0.599041292224674,0.5396706318444987,-0.5211886112046007,0.3196979309630024,-1.2591091770147134,-0.6842055096572329,-1.464867365108551,0.014650540413463631,-0.7145846350308044,-0.5732498085867077,0.32133481829742244,-1.5170881780616179,-1.0452612037442592,-1.2464454055961565,-0.5564659939506675,-1.2079503172198744,-0.28788093736205683,-0.36296977010660825,-0.3571198409938116,-0.1380533665322605,0.6072426334955635,0.5071120574214161,0.2610896604131535,-0.169678431092991,-0.19116146803418144,0.8700717994236964,-0.428554352227285,-0.7603893723615064,-0.7250300296016478,-0.8886042349318384,2.23774592255473,-0.4113396966784598,-1.1952286093343936,-0.6918870439482605,0.0,-0.6756559755887387,0.11737816089285869,-0.6089636779805336,0.7254762501100117,1.134506334434077,-0.1479790871000969
318,2025,23,1890042,2025-09-20,Ceara 1 x 1 Bahia,7334,Ceara,30.43,69.57,Casa,-0.49660416224521153,-0.32752083420395106,-0.28030575661822926,-0.7071756409789937,-0.23675514344961196,-1.2295763942132087,0.27373410042054674,-1.0773138971273963,-0.07821262378624773,-0.9211978342023558,-0.7372796847738292,-0.45848755934180463,-0.6505532365496072,-0.8643818843943418,-0.466041349474999,0.2728317756604579,0.04399281452508711,0.4592956932115939,-0.650823013652086,0.6711629107056226,0.4292547740277691,-0.8858302326279079,0.9620157363325952,-1.3642656876420804,-1.3985417451523547,0.650823013652086,-0.6711629107056226,-0.757905058072745,-0.37341445871844564,-1.0438575821647842,1.03573683128808,-0.5044753352328522,-0.6369793506928488,-0.7603893723615064,-0.387476258696835,-1.1499584216764966,0.7365786251068643,0.25569764928661026,0.0,-0.11959450637153062,0.0,-0.3955364644424265,-1.3593148309850422,0.4628370821839283,0.0,0.1479790871000969,-0.1479790871000969
319,2025,23,1890042,2025-09-20,Ceara 1 x 1 Bahia,1221,Bahia,69.57,30.43,Fora,0.4129019259882994,0.06939556891806067,0.026510448953532894,0.8332275851440842,0.245427576768786,0.8401853342772023,-1.3924734673566928,-0.1285729745163349,0.5049729511194366,0.5044753352328522,0.6369793506928488,0.7603893723615064,0.5425545116119308,-0.1318548637211706,0.38909724233987664,1.8196539453793503,-0.12233702579388088,-0.1867217701172295,-0.650823013652086,0.6711629107056226,0.757905058072745,-0.5637101480359414,0.4390777786289165,0.5548848209675747,0.44781847373371525,0.650823013652086,-0.6711629107056226,-0.4292547740277691,-0.2508498607858158,1.0438575821647846,-1.1749726836774332,0.9211978342023558,0.7372796847738292,0.45848755934180463,1.0932855142959188,0.9408750722807699,-1.3744378869291956,0.25569764928661026,0.0,0.21902227167951824,0.0,-0.015343646996141467,1.109953853235697,-0.04295695418752351,0.0,0.1479790871000969,-0.1479790871000969
320,2025,22,1890185,2025-09-17,Botafogo RJ 3 x 3 Mirassol,6332,Mirassol,46.27,53.73,Fora,-0.5803743769476782,-0.10868315544549978,-0.1743332607046543,-0.6048169823571279,0.33017870393938425,0.20013569801364098,-0.4595879916971408,0.818680586582148,0.6124012804859187,-1.9714438406089676,-0.26250160748624457,-1.828945865362647,-1.6405171763542465,-0.0,0.2908837672762949,-0.8641595815354184,-1.2684875926314012,-0.6015676444635775,-1.0327639474752697,0.3071475584169756,-1.263466186861658,0.2928388927445777,0.8134896029291075,-1.082103117380192,-1.181932226572311,0.40684640355086377,-0.9214426752509268,-0.751328780879864,-0.5556286708213559,-0.347585106693314,-0.5624459485168037,-0.19505953974974463,-0.21544355719949645,-1.016994084954553,-0.8392451805811482,-0.48537375139236627,0.5779652234877407,-0.2270383045932499,0.5039032598602687,0.25300574883326515,1.542284272337311,0.6069939757660137,-0.76431893624542,0.1395823754275756,0.0,-1.5539093108484365,1.5539093108484365
321,2025,22,1890185,2025-09-17,Botafogo RJ 3 x 3 Mirassol,1227,Botafogo RJ,53.73,46.27,Casa,0.7221011805878937,0.09431734705584707,0.23037870678397165,0.8112092900784197,1.4276055325893828,1.1050584734328248,0.8617274844321391,0.507938021224988,0.675988201697628,0.19505953974974463,0.21544355719949645,1.016994084954553,-0.1542749307700667,-0.13948208816291766,0.0021552046862428984,0.6024584359258264,1.03575326501687,-0.9990983034547962,-0.40684640355086377,0.9214426752509268,0.751328780879864,-0.03253765474939718,0.14003208049886867,0.15138230139515568,-0.25271983571371603,1.0327639474752697,-0.3071475584169756,1.263466186861658,0.3977791245009086,0.347585106693314,0.18346947451052018,1.9714438406089674,0.26250160748624457,1.828945865362647,0.8058045807714733,1.0888113882585517,-0.25150615375628965,0.4540766091864998,2.1835807927278315,1.6690212341793578,1.542284272337311,1.680347583180961,-0.2212629781602828,1.4603594288805464,0.0,-1.5539093108484365,1.5539093108484365
322,2025,22,1889999,2025-09-16,Bahia 1 x 2 Cruzeiro,1230,Cruzeiro,33.55,66.45,Fora,-0.737132583692739,-1.0516709694539377,-0.8318502685518608,-0.733466487488681,-0.07430370397077307,-1.038221033455959,0.6893819875457112,-1.376835154037478,-1.7915872925616079,0.73888764509115,-0.7020412711337104,-0.8037667462990397,1.1305042079232386,-0.9763746171404236,-0.36047117624343133,-0.9175991044388645,-1.3752218927271338,-0.04799695453260215,-0.7198051755130667,-2.150032908918829,0.6419722508206032,0.1843800435799194,-1.9800411352624128,-1.8670483838735952,-2.08847444110488,-0.8449886842979479,-0.3071475584169756,0.7593429983328583,-0.17625589304015318,-0.9877864506504405,0.5424588034277945,-0.42444071143161927,-0.6917234077225695,-0.7494270810785766,-0.5049290105031377,-0.48537375139236627,0.14140134072772464,-0.6811149137797496,-0.055989251095585474,-0.1626106058734848,0.6609789738588476,0.45959960883404893,-1.4496038357338072,-0.24808043618516515,0.7669649888473704,0.32961712654360786,0.6121460921524143
323,2025,22,1889999,2025-09-16,Bahia 1 x 2 Cruzeiro,1221,Bahia,66.45,33.55,Casa,0.6311169415772773,1.257297469393161,1.0767087698408193,0.7984266675552729,-0.21550964051046462,1.065921372362278,0.9766244823564243,-1.215680821135129,-0.5517573926917015,0.4244407114316193,0.6917234077225695,0.7494270810785766,0.5388863875079798,1.9527492342808472,1.9243044005768728,2.043346312729857,1.5099574933499473,0.8143338236712452,0.8449886842979479,0.3071475584169756,-0.7593429983328583,1.2689685352265023,-0.47226316354571046,0.5999224536771003,-0.4296265728334986,0.7198051755130667,2.150032908918829,-0.6419722508206032,2.1937867092551273,0.9877864506504405,-0.5930009272569072,-0.7388876450911499,0.7020412711337104,0.8037667462990397,0.7001122021379007,1.0888113882585517,-1.823136131692347,0.0,-0.6158817620514397,-0.7200397474328533,-0.22032632461961585,-0.9281094706867835,1.1816315802263209,-0.7680179839851138,-0.7669649888473704,-0.6121460921524143,-0.32961712654360786
324,2025,22,1889974,2025-09-15,Vasco da Gama 2 x 2 Ceara,7334,Ceara,34.63,65.37,Fora,-0.9983051084577803,0.04829041533048667,-0.23978983654816458,-0.6167785341965007,0.7866409020192902,-1.3225783501691377,-1.4936609730157078,-0.5025728980422376,-0.7247312301550858,0.4604628201890766,-1.3767481745078012,-0.3771708299781641,0.5395664736983279,-0.6974104408145884,-1.5017768013367456,1.7757528498948225,-0.747087682805458,-0.5287556252916205,1.4709062282223537,0.9214426752509268,0.8480306965493369,-1.2255849955606384,0.2792948659883769,-0.5214279270277613,0.5968120068975712,-0.8449886842979479,0.3071475584169756,1.488476539237194,0.566820163192008,-0.8739398766771693,1.943917937642661,-1.12875217807405,-1.4321220844448013,1.1158971745139414,-1.2769493501779738,-0.09182746647963679,-0.21578729062137936,-0.2270383045932499,1.063795770816123,1.3234429671667072,0.6609789738588476,2.1701919115414863,-1.2039356642191026,1.1380240801743882,0.0,-0.6121460921524143,0.6121460921524143
325,2025,22,1889974,2025-09-15,Vasco da Gama 2 x 2 Ceara,1226,Vasco da Gama,65.37,34.63,Casa,0.3230554665146042,0.41575993025421754,-0.5579783703099833,0.7867203212950122,0.11477572872666215,1.2456823241269233,-0.6319334885835687,1.570677594746475,1.0976611159717422,1.12875217807405,1.4321220844448013,-1.1158971745139414,-0.1143728278321868,0.836892528977506,0.2883060661583918,0.23669459027557288,0.43091813255175426,1.1753261438124962,0.8449886842979479,-0.3071475584169756,-1.488476539237194,-0.46637305140803037,0.5120131599362416,0.37565237753612796,1.0834504945054209,-1.4709062282223537,-0.9214426752509268,-0.8480306965493369,-1.3768138044509586,0.8739398766771698,-0.887006271716522,-0.4604628201890765,1.3767481745078012,0.3771708299781641,0.519022404016914,0.30171881843309273,0.9272163296957533,0.9081532183729996,-0.6158817620514397,-0.03671096587567105,0.6609789738588476,-0.5459666427065782,1.3949749923311965,-0.13064855972057976,0.0,-0.6121460921524143,0.6121460921524143
326,2025,22,1889971,2025-09-14,Fluminense 0 x 1 Corinthians,1237,Corinthians,38.67,61.33,Fora,-0.2550846012679953,-0.10044364926575261,-0.43194168114667075,-1.0516723634421643,-1.0873828467242377,-0.9178651459168921,-0.1723454968864278,-1.7693610648924833,-0.774743677139452,-1.677299807738543,0.2313195522169324,-0.25273296980235144,0.42820341234226655,-0.5579283526516706,-0.9843600600358089,-0.8010037817404365,-0.33433767658586594,0.34605010606378434,0.2190711403735421,0.9214426752509268,0.7932860907927747,-0.03253765474939718,-0.35962460087639986,-0.07288777474581663,0.14507290079584023,-0.2190711403735421,-0.9214426752509268,-0.8480306965493369,-0.9860862408839421,-1.3506572244904211,1.4901723070831894,0.3059596803825555,-0.9651433219117409,-0.461277999981372,-1.4296109073851235,-1.6660126061305547,-2.8054048679023826,-2.497421350525749,-1.175774273007294,-1.381179840689028,-0.22032632461961585,0.8115600952027611,-0.6608797061339657,-1.3846910877238678,0.7669649888473704,1.27138034523963,-0.32961712654360786
327,2025,22,1889971,2025-09-14,Fluminense 0 x 1 Corinthians,1232,Fluminense,61.33,38.67,Casa,0.6406408286635478,0.6630250820927228,-0.3392320762934373,0.47178800738079396,-0.44472423559295776,0.3579243277026422,-0.0574484989621426,1.4083146043473584,1.2948824119766043,-0.30595968038255555,0.9651433219117409,0.461277999981372,0.3300241396321484,1.1158567053033412,0.3957298074430808,-0.7483739485779517,1.1858305379121725,0.6923099510929819,0.2190711403735421,0.9214426752509268,0.8480306965493369,0.1843800435799194,-0.27402728394492354,0.03924726332466952,0.2120443858719673,-0.2190711403735421,-0.9214426752509268,-0.7932860907927747,-0.8444786650958203,1.3506572244904207,-1.0988352791059788,1.6772998077385428,-0.2313195522169324,0.25273296980235144,0.515081387447336,-0.09182746647963679,0.14140134072772464,0.6811149137797496,-0.6158817620514397,-0.6348117700038616,-1.1016316230980794,-1.091556181973919,1.3723476607443157,-0.6885222736165885,-0.7669649888473704,0.32961712654360786,-1.27138034523963
328,2025,22,1889981,2025-09-14,Sao Paulo 1 x 0 Botafogo RJ,1224,Sao Paulo,43.86,56.14,Casa,0.8334864765677572,-0.5710957092180156,1.2861422536222566,-0.44849415423149086,0.10589958754719503,0.2243254527505568,1.7234549688642782,-0.05295230924468596,0.5844474768124227,1.3395535803702312,0.46978347737678383,1.183070156325848,0.9073811025620039,-1.5343029697920942,-1.276298565870486,0.4767996094603588,0.9787747251753434,1.82665462471105,0.2190711403735421,0.3071475584169756,0.07309119617455186,2.570474725202402,0.10399014287652456,0.2635173394656418,-0.4915363345356444,1.9716402633618784,2.150032908918829,2.8253025107864036,0.6571981419082644,0.06227349362796268,-0.3191708110553972,0.13976785068999223,-0.3769790309783011,-1.3610088042236648,-0.11826227535196024,-0.09182746647963679,1.1236700769377603,-0.4540766091864998,0.5039032598602687,0.18383188499091022,-0.22032632461961585,0.7608539942183666,-0.020849469819339727,0.07506101036684523,0.7669649888473704,1.27138034523963,-0.32961712654360786
329,2025,22,1889981,2025-09-14,Sao Paulo 1 x 0 Botafogo RJ,1227,Botafogo RJ,56.14,43.86,Fora,0.4747395722727665,-1.2946025766951745,0.17499473525922302,-0.5573198466121421,-0.8210109447119218,-0.5210213650806624,0.1723454968864278,-0.377678290042918,-0.001249968964439874,-0.13976785068999223,0.3769790309783011,1.3610088042236648,-0.07107639525151678,-0.6974104408145884,-0.35932669368540215,-0.9509988062535185,0.24595481393514793,1.0578717342962847,-1.9716402633618784,-2.150032908918829,-2.8253025107864036,1.160509686061844,-0.024614217369136483,1.1605976440295311,0.03144712274533102,-0.2190711403735421,-0.3071475584169756,-0.07309119617455186,-0.7203060023763829,-0.06227349362796268,0.24694864588847903,-1.339553580370231,-0.46978347737678383,-1.183070156325848,-0.5141522591179739,-0.6165558463632761,-0.29516254203229136,-0.2270383045932499,-1.175774273007294,-0.857770538524588,-1.1016316230980794,-1.0151125520782573,1.1299119651705938,-0.8964852714621476,-0.7669649888473704,0.32961712654360786,-1.27138034523963
330,2025,22,1889984,2025-09-14,Red Bull Bragantino 1 x 1 Sport Recife,1231,Sport Recife,51.23,48.77,Fora,-0.42394303361004826,-0.23620262186992858,-0.3941135529207023,-0.2588010151836168,-0.04602737210400258,-0.010070944712202136,-1.034072981318567,-0.377678290042918,-1.034506489756894,0.8409934611202029,0.6007972544408923,-1.0900960705687583,-1.2676829045564426,-0.836892528977506,-0.6457590843831806,-0.8107200586319723,-0.5091417595768193,-0.5601401722603436,0.8449886842979479,-0.3071475584169756,0.5765411544472266,-1.008667297231322,-1.0112667643404427,0.2635173394656418,0.501991521260376,-0.532029912335745,0.3071475584169756,-0.5046023001576565,-0.3833822414993216,-0.14052660071517578,-0.34716526058530717,-0.39502427004396606,-0.5585265003728966,0.4649154749739298,-0.8010664346203247,0.30171881843309273,0.7026977614191733,0.6811149137797496,-0.6158817620514397,-0.05232553520150865,-0.22032632461961585,-0.4535869968602777,-0.7093668452487101,-0.14521292365483174,0.0,0.32961712654360786,-0.32961712654360786
331,2025,22,1889984,2025-09-14,Red Bull Bragantino 1 x 1 Sport Recife,5438,Red Bull Bragantino,48.77,51.23,Casa,-0.07601329335352977,0.24165173165533588,-0.3592370214011796,0.33816371044613036,0.6797710153480344,0.30956050637337834,-0.8617274844321391,-0.2477878977236243,-0.2285575292403879,0.3950242700439661,0.5585265003728966,-0.4649154749739298,0.7791863128225309,0.418446264488753,0.3232783082138211,-0.736958463638483,-0.6864264067129875,-1.8914840442269125,0.532029912335745,-0.3071475584169756,0.5046023001576565,-1.008667297231322,0.7253070644750171,0.03924726332466952,-0.08605274515253354,-0.8449886842979479,0.3071475584169756,-0.5765411544472266,-1.37346803309447,0.14052660071517578,1.312880967990415,-0.8409934611202028,-0.6007972544408923,1.0900960705687583,0.7228294249414797,0.9576292932876419,0.5343088352117396,1.5892681321527493,0.5039032598602687,1.395453218531196,-1.1016316230980794,0.44614217094781,-0.8742231182388406,2.1692580789303606,0.0,0.32961712654360786,-0.32961712654360786
332,2025,22,1889992,2025-09-14,Atletico MG 1 x 1 Santos FC,1241,Santos FC,46.27,53.73,Fora,-0.6533385692181117,-1.0920585431313947,0.33860349706952725,-0.5311651012055401,-0.8004188272310306,-0.4354797105455284,-0.0574484989621426,1.0983488954035923,-0.02262609428235283,-0.06281431991066118,-0.24682806242583938,-1.7018319221723002,-0.6543720967855056,-0.6974104408145884,-0.1750681033546892,-0.8723326850382983,0.11047994633741431,0.34617857911170974,-1.3457227194374726,-2.150032908918829,-0.46758037354093385,-0.03253765474939718,0.0263260736839496,-0.7456980031687336,-0.9241769748574155,0.7198051755130667,-0.3071475584169756,1.3036959590261161,2.3708729495552534,-0.14530481846524584,-0.44581566461384964,0.5788978786650104,0.14176633069280828,-1.4986146919313093,-0.6225072251184132,-0.8789200363050957,0.14140134072772464,-0.4540766091864998,-0.6158817620514397,-0.880074578965615,-1.1016316230980794,-0.9340487408486998,-0.34732953985861864,0.046777830281390924,0.0,0.32961712654360786,-0.32961712654360786
333,2025,22,1889992,2025-09-14,Atletico MG 1 x 1 Santos FC,1235,Atletico MG,53.73,46.27,Casa,0.5610442227564454,-0.22773137787986913,1.1118276588336606,0.7623885620785018,0.3586969583375429,0.21758023267968607,0.287242494810713,1.3474284829476904,0.6501001303963141,-0.5788978786650104,-0.14176633069280828,1.4986146919313093,0.19690178430239985,-0.2789641763258353,-0.21930371809755017,0.7446513185051715,-0.21096186419625373,-0.001216824913316735,-0.7198051755130667,0.3071475584169756,-1.3036959590261161,0.07592119441526111,1.05067641622078,1.1605976440295311,0.7326383189429806,1.3457227194374726,2.150032908918829,0.46758037354093385,0.8880150699800892,0.14530481846524584,-0.3262276387163657,0.06281431991066116,0.24682806242583938,1.7018319221723002,0.9555894452506222,0.9576292932876419,1.2129672347750362,0.9081532183729996,0.5039032598602687,0.16160696956024367,-0.22032632461961585,-0.3415354843914444,0.26360841298716103,0.054330899277288396,0.0,0.32961712654360786,-0.32961712654360786
334,2025,22,1890007,2025-09-14,Juventude 0 x 2 Flamengo,1220,Juventude,31.18,68.82,Casa,-1.4001651237130768,-0.26944797388713415,-1.4706688246999624,-1.4343591539729432,-1.428962127666879,-2.918947100275218,-1.148969979242852,-0.6374590746815031,-1.4406480084004365,-1.6911987317638244,-2.1295342950817515,-0.08943163377583485,0.6923588117454321,-0.13948208816291766,-0.8502333893421855,-1.5588733792802185,-2.4309159630225716,-1.3812874206842003,0.2190711403735421,-0.3071475584169756,-0.10483881873269427,-1.2255849955606384,-1.9307167407533823,-2.4277235742260257,-1.1519264577228334,-1.4709062282223537,-0.9214426752509268,-0.7258128669468281,-0.8476387341864482,-1.8065822576530184,1.6358044784808254,-2.088696937787477,-1.420015412163191,-1.3003003243526448,-1.2105386217229188,-1.9283767960723743,0.9272163296957533,-1.5892681321527493,-1.175774273007294,-1.3998936302293286,-1.1016316230980794,-1.315917591309076,-1.5368806861403475,-1.4021462243828682,-1.5339299776947408,-0.6121460921524143,-1.27138034523963
335,2025,22,1890007,2025-09-14,Juventude 0 x 2 Flamengo,1239,Flamengo,68.82,31.18,Fora,0.8054071721096111,1.6256895196632335,0.0960006634979108,1.410971184527594,0.49019157324686885,1.1362792063322837,-2.1830429605614188,1.0983488954035923,0.9666071378905884,2.088696937787477,1.420015412163191,1.3003003243526448,-0.2298993683925585,2.092231322443765,2.0181778527358882,0.2936967480392486,-0.8834272538315749,-1.9146218896539469,1.4709062282223537,0.9214426752509268,0.7258128669468281,-1.9847969397132466,1.3474149405551212,0.5999224536771003,2.3107509885103488,-0.2190711403735421,0.3071475584169756,0.10483881873269427,0.5253871084250563,1.8065822576530182,-2.331683451944429,1.6911987317638242,2.1295342950817515,0.08943163377583485,1.6183365515997719,0.9576292932876419,-0.29516254203229136,0.0,0.5039032598602687,0.34172993531510326,0.6609789738588476,0.5031586112467618,1.5953885006721402,0.22233914666645263,1.5339299776947408,1.27138034523963,0.6121460921524143
336,2025,22,1889978,2025-09-13,Palmeiras 4 x 1 Internacional,1219,Internacional,39.24,60.76,Fora,-0.8879413962815577,-0.3731507802276086,-0.6240565510090798,-1.0861601176666391,-1.2242782672940038,-0.6754282506160298,0.4021394927349982,-0.6374590746815031,-1.003682612144457,-0.8092249520622531,-1.9123269945275654,-0.4799348286218537,-1.01584475584913,-0.6974104408145884,-1.0084526069241608,0.6571756970702836,0.9808765503696503,0.023623109484974286,-0.09388763158866081,0.3071475584169756,0.5563126953715253,-0.1409965039140555,-1.1580296491271171,-0.8578330412392198,-0.4986844283525261,-1.4709062282223537,-0.3071475584169756,-0.5003936261276857,0.1905736748652434,-1.447473643408967,-0.27549484382713685,0.035736956875682006,-0.7626200266935612,-0.9582598645915333,-1.1762869359724946,-1.7971947011014646,-1.5424879213466225,-1.3622298275594993,-1.175774273007294,-1.3438786714274582,-0.22032632461961585,-1.3159384053954064,-0.6738096098978975,-1.3498987221477206,-2.3008949665421112,-2.495672529544459,-0.32961712654360786
337,2025,22,1889978,2025-09-13,Palmeiras 4 x 1 Internacional,1234,Palmeiras,60.76,39.24,Casa,0.8819143806744587,1.125298047022964,0.4858303541768847,1.540431964937707,1.7570212952490474,0.5280929497352885,0.287242494810713,-0.5025728980422376,1.9270426551209763,-0.035736956875682006,0.7626200266935612,0.9582598645915333,1.3248246773238084,1.255338793466259,1.467799607986269,1.683124343528849,0.43294704743074636,0.4657156128146785,1.4709062282223537,0.3071475584169756,0.5003936261276857,-0.03253765474939718,2.019754810302055,1.3848677201705033,1.3923691551073938,0.09388763158866081,-0.3071475584169756,-0.5563126953715253,-0.2438428238335382,1.4474736434089668,-0.525493840448505,0.809224952062253,1.9123269945275654,0.4799348286218537,2.321992393192442,1.3511755782003714,0.14140134072772464,1.5892681321527493,2.1835807927278315,2.001310317565749,2.4235895708157744,0.9769951067567261,1.2236537674590997,1.7702993984582085,2.3008949665421112,0.32961712654360786,2.495672529544459
338,2025,22,1889995,2025-09-13,Gremio 0 x 1 Mirassol,1244,Gremio,55.92,44.08,Casa,0.4893397688998573,0.4874494818905905,0.5424167116303389,0.6727466903182517,-0.2850890947552023,0.6918535189127865,1.148969979242852,0.9753466299497162,0.8828011308250331,-0.12907155127464176,0.42402128484235924,-0.0033885569453559047,-2.7054734515283365,0.6974104408145884,1.3520863318816618,-0.1527056922786951,0.5900528164471961,-0.028297069850694655,-0.40684640355086377,0.3071475584169756,0.6419722508206032,0.7266742894032109,0.797412051999476,1.4970027582409895,0.9562515836697871,1.6586814913996755,-0.9214426752509268,-0.751328780879864,-0.503827646010391,0.9548602356287587,-0.1131733278409684,0.21045557388540673,1.3767481745078012,0.320840934425327,0.038537416711120286,1.2199934832294614,-0.04569746616942546,0.2270383045932499,-0.6158817620514397,-0.679787934758648,-1.1016316230980794,-0.9755514481179965,0.6579704777870816,-0.730473429500963,-0.7669649888473704,0.32961712654360786,-1.27138034523963
339,2025,22,1889995,2025-09-13,Gremio 0 x 1 Mirassol,6332,Mirassol,44.08,55.92,Fora,-0.35054792408170593,-0.6336916672842379,0.08029809287110377,-0.2698126422608391,0.37692576355806373,0.7571978383493468,1.5511094719778502,-1.1270459380388376,-1.1178412458404532,-0.21045557388540675,-1.3767481745078012,-0.320840934425327,0.9856765974598346,-1.1158567053033412,-0.6816711476848617,-0.0999744040161381,0.9444627635638225,1.2064022642728052,-1.6586814913996755,0.9214426752509268,0.751328780879864,0.7266742894032109,-0.6051276542459775,0.03924726332466952,-0.857698461461669,0.40684640355086377,-0.3071475584169756,-0.6419722508206032,0.22129581361083148,-0.9548602356287595,0.4698606506042736,0.12907155127464176,-0.42402128484235924,0.0033885569453559047,0.2962423944824065,-0.09182746647963679,0.7026977614191733,0.6811149137797496,0.5039032598602687,0.8196815428395141,-0.22032632461961585,0.5014804566734956,-0.35702696768156766,0.6681446639167898,0.7669649888473704,1.27138034523963,-0.32961712654360786
340,2025,21,1890003,2025-09-13,Fortaleza 2 x 0 Vitoria,1238,Vitoria,59.93,40.07,Fora,-0.7022532341959146,-0.48142997693543205,0.05181034934362897,-0.0014774771076386944,-0.5548517691808322,0.06036318563141504,-0.11585554403139658,-0.8733034138650295,-0.497794652914086,-2.030086907452341,-1.098423554413493,-0.9965152212110813,0.2550137008488275,-0.5951231308503694,0.12676242849036073,-0.9840579162232982,-0.36648945248548204,-1.0589317179264257,-0.8027055346737424,-0.6546536707079771,-0.9457880659161613,-0.2606213385701633,-0.5936051717491442,0.4735411215379643,0.219335507749112,-0.24430168446592168,0.654653670707977,-0.6575896873241324,0.28119549860106163,-0.19332667281843832,-0.8308571202417743,-1.4929267852997181,0.32005301160487,0.23020374147794595,-0.3628399886949324,0.21586173087972554,-0.6566357434758495,-0.34633948719670554,-1.0133420088311875,-0.7189360500358477,-0.8164965809277259,-0.7093000958964714,0.902296792502786,-0.8699346737418356,-1.2649110640673518,-0.7114278580417683,-0.9625200432329805
341,2025,21,1890003,2025-09-13,Fortaleza 2 x 0 Vitoria,2065,Fortaleza,40.07,59.93,Casa,0.04905815575615008,0.021785061100803443,0.3089405718293161,0.6227021805786292,0.5801513417071495,0.6138185547959769,1.3834514963749096,0.8119694848678743,-0.3912561885634252,1.4929267852997181,-0.32005301160487,-0.23020374147794595,0.02679766314009156,0.22573635997772606,0.2717558706675431,0.6171020368119812,0.924723156550732,0.3364275435080336,0.24430168446592168,-0.6546536707079771,0.6575896873241324,0.18615809897868807,-0.2692021627848088,-0.3324863193777191,-0.06758424276443906,0.8027055346737424,0.654653670707977,0.9457880659161613,0.8118146087780171,0.19332667281843832,0.18938270650699573,2.030086907452341,1.098423554413493,0.9965152212110813,0.20254327387150453,1.0253432216786957,-0.838843819530898,0.14843120879858795,0.3843711067980367,0.34739710693296905,1.2247448713915887,0.41979765507973704,-0.7262936164203454,0.05414220552284402,1.2649110640673518,0.9625200432329805,0.7114278580417683
342,2025,21,1889956,2025-09-01,Internacional 2 x 1 Fortaleza,1219,Internacional,53.1,46.9,Casa,0.6063100429370631,0.23988237177286487,0.6615343682673108,0.43779439300700446,1.1124062505130636,0.3379105238704673,0.838248936227162,0.32847050150726226,0.7771468581575841,-1.2396451336347996,-0.35374870609874964,1.5066460411088654,0.7335540313741706,0.6361661053917738,0.6749390585546773,-0.9198944631537195,0.4770198348037848,1.172500596062798,-1.1517079410536304,0.8001322641986388,0.28186451733119205,0.9307904948934403,-0.0959026606275443,0.07052740108012259,-0.13708654257828165,1.1517079410536304,-0.07273929674533085,1.0326826338569752,1.9848223299495467,0.34599495259052504,-1.0549085762101362,0.9894737562323257,-0.36104406895940555,0.10270517630270773,1.6635215120941906,1.0253432216786957,0.058180554893957105,0.14843120879858795,1.7820842224272608,1.5800974089932363,0.20412414523193143,1.9199687859744154,0.5720904694337255,2.1100305138516626,0.6324555320336759,0.1255460925956061,0.7114278580417683
343,2025,21,1889956,2025-09-01,Internacional 2 x 1 Fortaleza,2065,Fortaleza,46.9,53.1,Fora,-0.02169336947964766,-0.6839756039887166,0.22231472725551127,-0.3043454689234972,-0.004296637734551079,-1.2882823311639795,0.838248936227162,-0.051421556847504574,-0.29392938463811014,-0.9894737562323257,0.36104406895940555,-0.10270517630270773,-1.3147572032874253,-0.8687429611264013,-0.7881908105201654,0.4239734150257884,1.0539882005784937,0.472482952255484,-1.1517079410536304,0.07273929674533086,-1.0326826338569752,1.3775699324422916,-0.5354843082595893,0.5742945516524247,0.36413196569461603,1.1517079410536304,-0.8001322641986387,-0.28186451733119205,-0.43406748915705146,-0.3459949525905246,-0.09912813780231618,1.2396451336347996,0.35374870609874964,-1.5066460411088654,0.2815104119066516,-0.4587061781194162,1.2018866322856478,-0.5937248351943523,0.3843711067980367,0.0032487919824113797,0.20412414523193143,0.5428445701599351,0.03670740193340532,-0.2440943247822991,-0.6324555320336759,-0.7114278580417683,-0.1255460925956061
344,2025,21,1889967,2025-09-01,Sport Recife 2 x 3 Vasco da Gama,1231,Sport Recife,54.93,45.07,Casa,-0.004358453759149117,0.7968767406930586,0.4811930106933551,1.0237788797074676,-0.15502689023693852,-0.9130070569252616,-1.1381103443084235,1.2411105943595424,1.7127830243998008,-0.3574842608394601,1.4957705250097633,-1.359927870058534,-2.3059395755082597,0.22573635997772606,0.8703294349902837,1.0073006808289817,-1.3435333980555795,0.10392949806399195,1.2913089036055858,0.8001322641986388,0.8447382271509474,-0.4095478177531137,1.6361449708996607,-0.3324863193777191,-0.416246218072047,0.8027055346737424,1.3820466381612848,-0.7430058203219954,-0.19170494244372446,1.369591368882431,0.2761008468215526,0.40148012184221354,0.8339896363395046,0.8561057887018384,1.0354287249060963,0.8904296398788674,-0.21413041591358847,0.14843120879858795,-1.0133420088311875,-0.5304609160218479,0.20412414523193143,-0.6485376579400116,0.3124136522629118,0.2810353843838253,-0.6324555320336759,-1.5484018086791427,0.7114278580417683
345,2025,21,1889967,2025-09-01,Sport Recife 2 x 3 Vasco da Gama,1226,Vasco da Gama,45.07,54.93,Fora,-0.8762923795278592,-0.9630036736922049,-0.8942108257886937,-0.3467055676970791,0.16688749222400248,-0.7605514767657819,-0.6610581041791443,0.1920989933799092,-1.3478685591709962,-0.40148012184221354,-0.8339896363395046,-0.8561057887018384,-0.4503486258696171,-0.5951231308503694,-1.0721393910834227,-0.818767281685362,0.9107728949591625,-1.5022242981751006,-0.8027055346737424,-1.382046638161285,0.7430058203219954,-0.4095478177531137,-0.749941880711954,-1.1385137602934026,-0.5888891415848377,-1.2913089036055858,-0.8001322641986387,-0.8447382271509474,-0.9758203281694676,-1.3695913688824315,-0.28631641426327464,0.3574842608394601,-1.4957705250097633,1.359927870058534,0.11861175304534446,-0.7285333417190729,2.0278965770685353,-0.841110183191999,0.3843711067980367,0.161606689766483,1.2247448713915887,1.082115093172739,-0.46341091261779266,0.8807763464064113,0.6324555320336759,-0.7114278580417683,1.5484018086791427
346,2025,21,1889953,2025-08-31,Cruzeiro 1 x 0 Sao Paulo,1230,Cruzeiro,37.24,62.76,Casa,-0.22532281834545093,0.2108032857650675,-0.8956962615668069,-0.6933848425889662,0.12665080680963792,-0.4694999146431394,-1.1381103443084235,-1.7171021204030215,-0.8868797120325216,-0.3048010016325821,-0.27136427873527347,0.6289504269100301,0.8699504982783898,-0.1846933854363217,-0.3655298265478568,-1.6176720152853872,-2.06271230124127,-2.620471092069556,0.5933040908458097,0.8001322641986388,0.6519545700548315,-1.6009596512167175,-0.8266458766205231,-1.1385137602934026,-0.5437489351060788,-1.2913089036055858,-0.07273929674533085,0.6240504156653315,-0.4440100809192811,-0.7784194627863074,0.33494579342899006,0.02064875293528876,-1.2964688837265181,0.32079482726035125,-1.01944585110339,-0.5936197599192445,-0.45013325728012754,-0.09895413919905878,1.0832276646126489,0.014985488860776941,0.20412414523193143,0.1669687700846785,-1.1879412913906815,-0.2339233850967457,0.6324555320336759,0.9625200432329805,-0.1255460925956061
347,2025,21,1889953,2025-08-31,Cruzeiro 1 x 0 Sao Paulo,1224,Sao Paulo,62.76,37.24,Fora,0.37958392931451257,0.5620469052907642,-0.17470907071471062,-0.10134731794627003,0.040625833019779775,0.27028279215869844,-0.6610581041791443,-1.2902000080043536,1.0423881548304146,-0.02064875293528876,1.2964688837265181,-0.32079482726035125,0.965250945738845,0.362546275115742,0.521593145696398,1.362026720844437,-1.1444740706887073,0.33773912135916473,1.2913089036055858,0.07273929674533086,-0.6240504156653315,-0.11169485938721284,1.3262094529051598,0.3727876914235039,0.8948743039068767,-0.5933040908458097,-0.8001322641986387,-0.6519545700548315,-1.242120354185266,0.7784194627863078,-0.3692908145643741,0.3048010016325821,0.27136427873527347,-0.6289504269100301,-0.8262225863966312,-0.05396543271993115,0.058180554893957105,0.3958165567962347,0.3843711067980367,0.16187770002454885,-0.8164965809277259,0.05121888167755382,0.7484142341793404,-0.10662761904707743,-0.6324555320336759,0.1255460925956061,-0.9625200432329805
348,2025,21,1889960,2025-08-31,Vitoria 1 x 0 Atletico MG,1235,Atletico MG,72.17,27.83,Fora,0.33148616356777993,0.3272230315184982,0.4945355255246664,0.6606201670171865,-0.22645081290577063,1.1808583936566799,-0.6610581041791443,0.5330277636982896,0.18676898115431365,1.54406683129905,0.18196730163164984,0.608955789980128,1.003437725732508,0.4993561902537579,0.49249495460898246,-0.320626683087699,0.2883090878530688,0.505820046656133,0.24430168446592168,0.07273929674533086,-1.4766086450281444,0.484011057344589,-0.9124531273218293,2.0855960033693313,1.5508493200126037,1.5007103474335186,-0.07273929674533085,-0.6961958151590493,-0.11791183093228066,1.0671632339577803,-0.4692798053133982,0.3166588037538923,1.3763766717277561,-0.08252165053803022,0.28146241292123964,0.3507753126795539,-0.35295561671743525,1.6327432967844684,-1.0133420088311875,-0.6266734762207623,-0.8164965809277259,-1.0939291502581627,1.2837973016796613,-0.7899805705361107,-0.6324555320336759,0.1255460925956061,-0.9625200432329805
349,2025,21,1889960,2025-08-31,Vitoria 1 x 0 Atletico MG,1238,Vitoria,27.83,72.17,Casa,-0.3069409772763181,-1.2997397121520775,-0.19548710528378022,-0.5641344550367704,0.023127201673778946,-0.21522959388764387,1.0426998962825673,0.6320070841133042,-0.21835383429042568,-0.3166588037538923,-1.3763766717277561,0.08252165053803022,0.47135337897815577,-1.5527925368164808,-2.218195261103642,-0.8301802064510765,1.296048407280557,1.4676947343839073,-1.5007103474335186,0.07273929674533086,0.6961958151590493,1.5264964116252422,-0.7996506176637896,-2.0452946313235465,-2.543518194507113,-0.24430168446592168,-0.07273929674533085,1.4766086450281444,0.46256718687066517,-1.0671632339577803,3.162857811865278,-1.54406683129905,-0.18196730163164984,-0.608955789980128,-0.3984514945775235,-0.9983605053187297,1.7525599288075722,0.3958165567962347,0.3843711067980367,0.14642782800012163,0.20412414523193143,0.033759715271654375,-1.9701776295348625,-0.12001637042563829,0.6324555320336759,0.9625200432329805,-0.1255460925956061
350,2025,21,1890113,2025-08-31,Flamengo 1 x 1 Gremio,1239,Flamengo,69.26,30.74,Casa,0.8862134796290047,1.7152709858878326,0.850626164234304,2.0099288358444047,1.0267365947104545,1.2066281081052153,0.701948296190225,0.488558793656762,1.060432717305346,-0.0026821818379242396,1.2192275777746384,0.41525774472169447,1.4725793235605829,2.5515049173239968,2.1887497037295773,0.7448034112175448,1.0886320804844911,1.4474132194513154,0.5933040908458097,1.5275252316519468,0.8447382271509474,1.5264964116252422,0.16035779945898487,1.2795685624536477,1.065837877276673,1.8497127538134066,-0.07273929674533085,-0.40279315947719924,0.36036075479987334,2.028544446802072,-1.2470649672561898,0.2277315498857373,2.3249468339907176,1.4423987464710877,2.2438253161137416,1.9697382942774941,0.5410786764593376,2.127513992779762,0.3843711067980367,1.0946592541725568,0.20412414523193143,0.13512339680527424,2.2199161981472875,0.7017143723461018,0.0,0.1255460925956061,-0.1255460925956061
351,2025,21,1890113,2025-08-31,Flamengo 1 x 1 Gremio,1244,Gremio,30.74,69.26,Fora,-1.9226072117223418,-1.4764024550570016,-1.123979191748072,-1.3068237204187076,-1.3029968189239889,-3.247652272621905,-0.45660714412373893,0.7375850258893181,-2.2387671151328576,-0.2277315498857373,-2.3249468339907176,-1.4423987464710877,-0.3388762014077937,-2.1000321973685443,-2.028604165791387,-0.20422517891611175,-0.8686164573731967,-0.02731782174083569,-1.8497127538134066,0.07273929674533086,0.40279315947719924,0.037231619795737615,-1.8250722360318747,-1.5415274807512442,-1.7731627597061106,-0.5933040908458097,-1.5275252316519465,-0.8447382271509474,-1.2936777310032939,-2.0285444468020724,1.8183248622219128,0.0026821818379242396,-1.2192275777746384,-0.41525774472169447,-1.564265112376425,-1.6729284143178713,-1.394144622746285,-1.830651575182586,-1.0133420088311875,-1.2655977126367977,-0.8164965809277259,-1.1238758824356843,-1.2456472507619738,-0.35602903812708614,0.0,0.1255460925956061,-0.1255460925956061
352,2025,21,1890120,2025-08-31,Corinthians 1 x 1 Palmeiras,1234,Palmeiras,58.31,41.69,Fora,1.4710385385877873,0.36697644021910025,1.1253562618658908,0.5519211698592363,0.6156863533836481,1.0972881117285196,0.565647656153288,0.06097254325745563,1.567036846385441,1.741260709770242,0.8980340466501645,2.569884364523683,0.6027001363854176,-0.32150330057433757,0.7155869580926462,-0.9691493491865432,0.5866511158824578,1.0217939121409794,-0.4537031282938544,1.5275252316519468,0.6532949832276773,0.18615809897868807,1.195986476143783,1.078061702224727,0.6298381628513331,1.1517079410536304,2.1094396056145928,2.4997456977313965,1.0307837471799226,1.421673440256303,0.3089055545775709,-0.8183742390971863,0.767064442592227,0.08525800422609661,-0.06631120763768114,1.4300839670781806,-0.08301772626551096,1.3853579487868217,0.3843711067980367,0.8269306563080722,-0.8164965809277259,0.22320464468575063,0.03670740193340532,1.4573414571166738,0.0,0.1255460925956061,-0.1255460925956061
353,2025,21,1890120,2025-08-31,Corinthians 1 x 1 Palmeiras,1237,Corinthians,41.69,58.31,Casa,-0.17639854787538756,-1.003229991172598,-0.4340119930555864,-1.4662414806364858,-0.9727975453391577,0.7757316771489724,0.6337979761717566,-0.09200831521874134,-0.8147932570449077,0.8183742390971863,-0.767064442592227,-0.08525800422609661,0.10161629155796839,-0.4583132157123535,-0.29345920230981476,-0.3051856672282028,1.0731997689948125,-0.636287277659288,-1.1517079410536304,-2.1094396056145928,-2.4997456977313965,-0.4095478177531137,-0.4784781946161549,0.171280831194583,-0.3250434831806186,0.4537031282938544,-1.5275252316519465,-0.6532949832276773,-0.8135046738007408,-1.4216734402563032,-0.029165123936192628,-1.741260709770242,-0.8980340466501645,-2.569884364523683,-0.9753740711157928,-1.4031012507182146,-1.394144622746285,-0.841110183191999,-1.0133420088311875,-0.9117287821177127,-0.8164965809277259,-0.8046577923310273,-1.1174117854924357,-1.0370075111968293,0.0,0.1255460925956061,-0.1255460925956061
354,2025,21,1890124,2025-08-31,Santos FC 0 x 0 Fluminense,1232,Fluminense,47.37,52.63,Fora,0.2905614649551772,-0.3017019147341291,-0.062392168703292096,-0.9414980459615632,-1.1318703211440095,0.09261340451130509,0.565647656153288,-0.16677339642891237,0.3420315768535635,0.47323050566225533,0.4241570685099576,0.09980664244367464,0.3086776675607771,-0.047883470298305766,-0.02117923494284729,-1.6176720152853872,0.3948313384344601,0.1732102589916723,0.24430168446592168,-1.382046638161285,0.2460348895070419,-0.5584742969360642,0.7815505658123966,0.876554841995806,0.6648630706583544,-1.2913089036055858,0.654653670707977,-0.4465354975234916,-0.8373288901942821,-0.14499500461382864,-0.40830409885078983,1.2263477731462948,-1.176136408086061,-1.1513103167037402,-1.2935504544426226,-0.9983605053187297,-1.000806553802053,-1.830651575182586,-1.0133420088311875,-1.1838931062010916,-0.8164965809277259,-0.8653504985764775,-0.26464594145000864,-1.2728632168949165,0.0,0.9625200432329805,-0.9625200432329805
355,2025,21,1890124,2025-08-31,Santos FC 0 x 0 Fluminense,1241,Santos FC,52.63,47.37,Casa,0.9040866603089048,0.037578015191467556,0.7019164762430723,-0.2447121385018476,-0.8646909941277078,0.1391039797797177,1.1790005363195044,1.8967428449718124,0.22579030544051176,-1.2263477731462948,1.176136408086061,1.1513103167037402,0.4519847980762648,-0.4583132157123535,-0.028029956419385004,1.5872365090402958,-0.965690674808275,0.8875603762586457,1.2913089036055858,-0.6546536707079771,0.4465354975234916,1.6754228908081925,0.7634419448973215,0.5742945516524247,-0.06380898288926178,-0.24430168446592168,1.3820466381612848,-0.2460348895070419,0.06059451640513169,0.1449950046138291,-0.36006245525172814,-0.47323050566225533,-0.4241570685099576,-0.09980664244367464,-0.5998798476675872,-0.8634469235189013,-1.2126039755412545,-0.841110183191999,-1.0133420088311875,-0.8805737767610268,-0.8164965809277259,-0.7498916722366922,0.152119320675989,-1.010008800770044,0.0,0.9625200432329805,-0.9625200432329805
356,2025,21,1890128,2025-08-31,Mirassol 5 x 1 Bahia,6332,Mirassol,38.83,61.17,Casa,-0.6395038825556688,0.6895612537156481,0.3213147907372394,0.5786846056040917,2.166976035336999,-0.17701460098294672,-2.0240645045485137,-2.4423505954439393,1.025595705435544,-1.0656426394457206,-0.6341787616763189,-0.975063780133281,0.4304865296369499,1.730645426495901,1.0889491682288588,0.28317028190087984,-0.45779339102294864,-0.5691439680104523,0.5933040908458097,-0.6546536707079771,0.28186451733119205,-1.7498861303996678,2.0517288494039803,-0.8362534699500213,0.48552082316695844,-0.24430168446592168,0.654653670707977,1.861210907663586,2.05194750912709,-0.25495367364179033,-0.9775986432692654,-0.8268289143055402,0.48516191462488145,1.027405296363116,1.05712488507016,1.0253432216786957,1.5558908943354572,0.6432019047938814,2.480940780241873,2.9633505152472606,3.2659863237109037,2.882211419580428,-0.6749994303125297,2.321109190520727,2.5298221281347035,0.1255460925956061,3.2223497099538916
357,2025,21,1890128,2025-08-31,Mirassol 5 x 1 Bahia,1221,Bahia,61.17,38.83,Fora,-0.8562142659025971,-0.13052547229776013,-0.1679401749942598,0.7082299875302547,0.09408332318793167,0.15973706581633906,-1.9559141845300452,-0.9835174559938163,-1.2221536508327768,0.8268289143055402,-0.48516191462488145,-1.027405296363116,-2.273642357126493,0.362546275115742,-0.4742961780647271,0.132309782124192,-1.6332304836682854,-0.6357258416402395,0.24430168446592168,-0.6546536707079771,-1.861210907663586,-1.6009596512167175,-0.8953077309235126,0.171280831194583,1.5471606890379748,-0.5933040908458097,0.654653670707977,-0.28186451733119205,1.2559959211179215,0.2549536736417908,-0.8314682569723898,1.0656426394457206,0.6341787616763189,0.975063780133281,0.9687237346696278,0.3507753126795539,0.10054003924179734,0.6432019047938814,-0.31448545101657543,-0.05688422317770037,0.20412414523193143,-0.3032774578047398,1.2453266620987995,-0.29620517646761035,-2.5298221281347035,-3.2223497099538916,-0.1255460925956061
358,2025,21,1889963,2025-08-30,Ceara 0 x 1 Juventude,7334,Ceara,57.13,42.87,Casa,0.7970322016104864,1.0498620264010938,-0.4642995682952553,0.1479902061710523,-0.030896687242645965,0.8507867319967163,0.3611966960978827,0.3470666162519002,0.3270445336527684,0.9073930803306238,1.1158722900140914,0.8568892879109219,-0.052880453015704765,0.7729760205297898,0.6076379498170533,0.5582921933357343,0.25365287619131477,-0.5695208648829727,1.2913089036055858,1.5275252316519468,0.8447382271509474,-0.2606213385701633,-0.6386611452164144,0.4735411215379643,0.219335507749112,-0.9423064972256978,-0.8001322641986387,-0.8447382271509474,-0.6176172860985821,-0.013589489972174608,0.09125339678516498,-0.3786018168740002,-0.2966296414415178,0.5238438126347088,0.3783361434631928,0.48568889447938224,-0.45013325728012754,0.14843120879858795,0.3843711067980367,-0.24111947525101024,-0.8164965809277259,-0.29641502465240993,0.652237635227187,-0.45586216141066077,-0.6324555320336759,0.1255460925956061,-0.9625200432329805
359,2025,21,1889963,2025-08-30,Ceara 0 x 1 Juventude,1220,Juventude,42.87,57.13,Fora,0.016214503973460068,0.3221426824737245,-0.8068158858438389,-0.7709799105004994,-0.7094527557308423,0.28611471779064424,0.701948296190225,0.3470666162519002,-0.35522234899523913,0.3786018168740002,0.2966296414415178,-0.5238438126347088,-0.9569582746536658,-0.1846933854363217,-0.2691746460931168,1.8712157453729512,0.49471146733041466,-0.3069493770272745,0.9423064972256978,0.8001322641986388,0.8447382271509474,-0.5584742969360642,0.7049850530058459,-0.8362534699500213,-1.1826587277148355,-1.2913089036055858,-1.5275252316519465,-0.8447382271509474,-1.332318465925261,0.013589489972174608,0.7816734417243646,-0.9073930803306238,-1.1158722900140914,-0.8568892879109219,-1.1247475540491592,-0.9983605053187297,0.751335753313163,-0.5937248351943523,-1.0133420088311875,-0.8847139218646407,0.20412414523193143,-0.8619777003604847,-0.5114992120938694,-1.0135966216513959,0.6324555320336759,0.9625200432329805,-0.1255460925956061
360,2025,20,1890116,2025-08-30,Botafogo RJ 4 x 1 Red Bull Bragantino,1227,Botafogo RJ,49.43,50.57,Casa,0.1253919240012749,-0.09125799868989964,-0.09131174445876096,0.26311271721096485,0.31683217485229087,0.33922850254126863,0.12294020514754542,-0.6881333840130442,0.09097708614240563,0.6650623898750327,0.03626461041847327,0.13586589454967887,1.1554739361228135,-1.2883295192804447,-1.03311303873996,0.2015202549944737,-0.5249380773044034,1.0796705114284244,0.7392493243604371,1.217161238900369,0.6063849168567575,1.419072224507177,-0.14565017539987948,0.07685993722851417,-0.04488897197102763,-0.1232082207267396,-1.217161238900369,-0.40585971129935855,-0.5577829934612688,0.4710614238918065,0.7297966081061619,1.091297003083029,-0.31933079645840523,0.4340149354679337,0.4667053059425244,0.2276021423106947,1.6909607061095164,0.9517910884201074,-0.45912420990043984,0.19771984666953699,1.3080812989797352,-0.2668538120476788,-0.14079955019715204,0.014212921326335433,0.9486832980505138,0.40718927884743006,1.1197705168304326
361,2025,20,1890116,2025-08-30,Botafogo RJ 4 x 1 Red Bull Bragantino,5438,Red Bull Bragantino,50.57,49.43,Fora,-0.09645951632323033,0.8714063272794808,-0.6440506311590027,-0.3449021641389858,-0.6298177146983543,0.011259348166307437,-0.9201888082255636,0.09378021744328925,0.4435224004064677,-1.091297003083029,0.31933079645840523,-0.4340149354679337,-0.473765097400113,1.3012775546500974,0.8439782948407166,1.087825039832574,0.0022261238860071964,-3.287361187404205,0.1232082207267396,1.217161238900369,0.4058597112993585,-1.2416881964437805,0.8319146761189007,-0.30743974891406034,0.28881997865777226,-0.7392493243604371,-1.217161238900369,-0.6063849168567577,-1.1906799544542699,-0.47106142389180694,-0.47836188323087375,-0.6650623898750327,-0.03626461041847327,-0.13586589454967887,-0.7364167276959839,-0.5917655700078063,-1.1240635543254223,-0.9710191912164735,-0.45912420990043984,-0.8527710087228886,-0.3618097209943948,-0.48318173383909185,-0.04810518116838027,-0.9187247170717877,-0.9486832980505138,-1.1197705168304326,-0.40718927884743006
362,2025,20,1890074,2025-08-26,Flamengo 8 x 0 Vitoria,1238,Vitoria,26.35,73.65,Fora,-2.224797889524589,-1.2012236011498383,-0.8844715193709964,-1.2972974338738799,-1.2628921884918087,-3.7329314956709196,-2.1123362520805453,1.5272884867798993,-1.724820740701199,-2.857578752124197,-3.104408982645112,-0.9471002097912229,0.29590928695584384,-0.8998884581908633,-1.8869912727843137,0.48732865190293984,-1.1209983535467931,-1.0558001893951143,-0.8008534347238067,-1.217161238900369,-1.6816466495270141,-0.5764980912060411,-1.0859693202622303,-1.9727383888652164,-0.3552710553367139,-1.0472698761772858,0.0,-0.6794982499113141,-0.6243534397152053,-2.0907597736255816,0.33299132930321823,0.8086440515062562,-1.5609964619681014,-0.051062199606582134,-1.486371300295254,-1.2290515684777514,-0.33585676140363935,-1.932424331034764,-0.9992703391950749,-1.3390555102457569,-0.9184400609857715,-1.0844058218473818,-1.745371041660715,-1.3505924597670609,-2.5298221281347035,-3.1557169110675827,-0.9161758774067176
363,2025,20,1890074,2025-08-26,Flamengo 8 x 0 Vitoria,1239,Flamengo,73.65,26.35,Casa,0.624387289958545,1.2255072515722272,0.9914794974821692,2.162964144319681,2.1023063531530517,0.9308591339627672,-1.4417533149121182,-0.44611250737179814,1.5666668670954005,-0.8086440515062562,1.5609964619681014,0.051062199606582134,0.9914163461477615,1.948679323132733,1.9060798069788898,0.39908366299571774,0.21932154691409453,0.4228240801742699,1.0472698761772858,-0.0,0.6794982499113141,0.9756121543486841,0.6282585451051674,0.20495983260937234,1.849570030350039,0.8008534347238067,1.217161238900369,1.6816466495270144,2.122031779205616,2.0907597736255816,-1.7609825649059077,2.857578752124197,3.104408982645112,0.9471002097912229,2.5095876112168094,2.321541851569086,0.1896144338775492,1.3363531443474237,2.2416064365727357,2.3472181802241807,2.977972318953865,1.4162304872341498,2.5697116545062375,2.7300829349252074,2.5298221281347035,0.9161758774067176,3.1557169110675827
364,2025,20,1890081,2025-08-25,Palmeiras 3 x 0 Sport Recife,1234,Palmeiras,45.6,54.4,Casa,0.5773713197001391,0.1388485509806578,0.20630838770957452,0.9940898057907659,1.5820380080120908,0.20203879090729787,-0.7711703777436909,1.3247356300216875,0.7093047590583401,-0.27018318523013996,0.6756882031182807,1.186583674894651,0.5411367601405493,-0.12300633601170066,-0.361408852059441,0.23863822861895023,0.7059421065001794,0.19607437845558898,0.4312287725435883,0.6085806194501845,0.6334823581523907,-0.1330380210475482,0.8670748194908784,-1.3322389119609257,-1.164330389300201,1.1088739865406554,0.0,-0.38053914414502216,0.7271784532343872,0.45264825677519577,0.7445005028069237,0.3557733514075284,-0.14984054926165624,1.5915853714412078,2.081966144208316,1.2290515684777514,1.1575876883428964,1.9131962282383979,2.2416064365727357,2.2437542992619055,0.7514509589883586,0.8965924731163265,-0.7736783456349713,1.8312897102238967,0.9486832980505138,0.9161758774067176,0.610783918271145
365,2025,20,1890081,2025-08-25,Palmeiras 3 x 0 Sport Recife,1231,Sport Recife,54.4,45.6,Fora,-0.3397284990360627,-0.14069900783832878,-0.12126473222390653,-0.8054831609403853,-0.825650679949675,0.6004166073828665,-0.17509665581620001,0.17090774955973,0.27064215556685367,-0.3557733514075284,0.14984054926165624,-1.5915853714412078,-2.247389869115099,0.2654347250778807,0.2806432301094596,0.48732865190293984,0.344600205733291,0.31587809921124477,-1.1088739865406554,-0.0,0.3805391441450221,0.5321520841901911,0.38900890014030276,0.3330597279902305,0.23664719286624922,-0.4312287725435883,-0.6085806194501845,-0.6334823581523908,-0.9419997136703906,-0.45264825677519577,-0.5143113993693517,0.27018318523013996,-0.6756882031182807,-1.186583674894651,-0.907012508973414,-0.8648881407806399,-0.18572213418044278,-0.39417610732549924,-0.9992703391950749,-0.8773064842626126,-0.9184400609857715,-0.9276498885209311,-0.1216214048808542,-0.9405145960502718,-0.9486832980505138,-0.610783918271145,-0.9161758774067176
366,2025,20,1890085,2025-08-25,Sao Paulo 2 x 0 Atletico MG,1224,Sao Paulo,51.84,48.16,Casa,0.7759047110729398,0.5051657541242676,0.5796794822076274,0.22162125882322048,0.26439569706651145,0.23811022370760923,1.2405784337615908,0.9036193046659193,0.12527168296298447,-0.27537088612200755,0.29775339984812604,1.575724374647369,1.923128085686021,0.3949150787744078,0.5933990299124023,-0.3830878295910247,0.6172270719759658,1.1069690846264766,-0.18481233109010914,1.217161238900369,0.6063849168567575,0.7538821192694376,0.6880936186221929,0.07685993722851417,-0.3963720100598017,0.49283288290695787,1.217161238900369,1.4248623102095006,0.249247096318293,0.6177117188323165,-0.9074635705451743,-0.23967968385741834,-0.21623879043151634,0.19392625245125383,0.2910858544408279,0.5917655700078063,-0.18572213418044278,-0.39417610732549924,0.08102191939419522,0.2634117803734214,0.1948206189969819,0.9354570052548503,0.34504679781572,0.07255372189295588,0.6324555320336759,0.9161758774067176,0.10179731971185749
367,2025,20,1890085,2025-08-25,Sao Paulo 2 x 0 Atletico MG,1235,Atletico MG,48.16,51.84,Fora,0.1718641911198351,-0.46437537323398537,-0.19417152560379494,-0.9151961009498657,-1.2738160462199013,0.3711605905940033,1.0915600032797181,0.3457301556903291,-0.22394237093054875,0.23967968385741834,0.21623879043151634,-0.19392625245125383,-0.2627337047492231,0.2654347250778807,-0.41294209620649525,1.2589066318353181,0.3135559739978617,1.0565138193950092,-0.49283288290695787,-1.217161238900369,-1.4248623102095006,0.7538821192694376,-0.589494846389012,0.3330597279902305,0.560413782429118,0.18481233109010914,-1.217161238900369,-0.6063849168567577,-0.6301272466831661,-0.6177117188323165,0.3018611219367544,0.27537088612200755,-0.29775339984812604,-1.575724374647369,-1.169594910471651,-1.4111332823263072,-2.4377415425283937,-1.5478622751074478,-0.9992703391950749,-1.3268024495851318,-0.9184400609857715,-1.407753843230617,0.025411042544093654,-1.3397105549725616,-0.6324555320336759,-0.10179731971185749,-0.9161758774067176
368,2025,20,1890077,2025-08-24,Vasco da Gama 2 x 3 Corinthians,1226,Vasco da Gama,60.68,39.32,Casa,0.42287685814746645,-0.37011492876824315,-1.0629341480202654,-0.4247618439471444,-0.31954724611988566,0.7443668697103383,-0.6966611625027546,0.6336729422583757,-0.4477083231112697,2.047639458095569,0.5610637761076619,1.0263046914521978,-1.4449335662819087,-0.12300633601170066,-0.5565999443374654,-1.4666675310426944,0.6421258216264559,-1.3865574873841844,-0.8008534347238067,-0.0,0.5982149011168331,-2.350338371840013,-0.963372838249886,-0.17933985353320214,-0.2670100370861534,-1.3552904279941345,-0.6085806194501845,-0.6063849168567577,-0.920682777054172,-0.25623597225636824,-1.2511679155832103,0.7937845671786932,-0.505535737576739,-0.6367377178073458,-0.30053794814812457,-0.8648881407806399,1.0653997593461964,-0.20189507936184115,0.08102191939419522,-0.3436909646770403,-0.3618097209943948,-0.2174776101419625,0.34504679781572,0.340294951620732,-0.31622776601683794,-0.610783918271145,0.10179731971185749
369,2025,20,1890077,2025-08-24,Vasco da Gama 2 x 3 Corinthians,1237,Corinthians,39.32,60.68,Fora,0.7217367556941285,0.25052481162793727,0.11502187793166711,-0.35246165699468973,0.46947968034812293,0.28929548249802184,1.2405784337615908,-0.44611250737179814,1.313036476832161,-0.7937845671786932,0.505535737576739,0.6367377178073458,-0.10362910359274118,-0.38196704340475485,-0.5798047575278151,-1.4553400169386617,0.5858443178453813,0.07140106835940568,1.3552904279941345,0.6085806194501845,0.6063849168567575,-0.1330380210475482,1.4747098164253345,-1.0760391211992093,-1.0396500877294075,0.8008534347238067,0.0,-0.5982149011168332,-0.37635484131238117,0.25623597225636824,2.2599367531542867,-2.047639458095569,-0.5610637761076619,-1.0263046914521978,-0.07871413267526749,-0.6828064269320842,0.1896144338775492,0.3749480045291331,0.6211680486888302,0.9322429686186825,0.7514509589883586,0.9252688826104724,-1.2371501907788294,0.6665406053060902,0.31622776601683794,-0.10179731971185749,0.610783918271145
370,2025,20,1890097,2025-08-24,Gremio 0 x 0 Ceara,7334,Ceara,37.07,62.93,Fora,-0.7367293952461713,-1.3698171049048349,-1.1089682003456252,-0.9120244013509471,-0.07055242413450966,-1.6054356598702662,0.4209770661112909,0.2901048446487753,-1.6019489743022863,0.2370681670505555,-1.0564142494866278,-0.16094703775116054,-0.7635589932660886,-2.3241723488526613,-1.7382015324091735,-2.248266004220948,0.759358513596321,-0.33810886187264777,-1.416894538357504,-0.0,0.14673284085276606,-0.5764980912060411,-2.19771125166132,-0.9479392258183511,-2.1202127013429557,-1.0472698761772858,-1.217161238900369,-0.530900764182583,-0.6672295183103841,-1.3040580730904459,2.1026957443450724,-1.4009228028884813,-1.2633301457634456,-0.3043272885582636,-0.7763820979916329,-0.5917655700078063,0.8464534279790349,0.5672290324927912,0.08102191939419522,0.2907347996826563,-0.9184400609857715,0.0430003549335645,-1.3554154202293311,0.09681920976218775,0.0,0.9161758774067176,-0.9161758774067176
371,2025,20,1890097,2025-08-24,Gremio 0 x 0 Ceara,1244,Gremio,62.93,37.07,Casa,0.7385433433090778,0.8471898150534014,0.4946539237185145,0.8290964348973697,0.3377386008346666,0.6136079258092101,0.3464678508703545,-0.9614646537861996,1.051770070914673,1.4009228028884813,1.2633301457634456,0.3043272885582636,-0.8435502599773832,0.2654347250778807,0.85889342005807,0.007894536912155097,0.4908306103671961,0.6786143153187069,1.0472698761772858,1.217161238900369,0.5309007641825829,-0.5764980912060411,1.3665794941362124,0.9735592048945213,0.6149614143663404,1.416894538357504,0.0,-0.14673284085276608,-0.21261160387110964,1.3040580730904459,0.3138925264054149,-0.2370681670505555,1.0564142494866278,0.16094703775116054,0.7949663792612448,0.3186429992349726,-0.33585676140363935,0.18266697656547506,0.6211680486888302,0.7818339029028191,-0.9184400609857715,0.9483334845927694,0.5943626869275885,0.5329627851448606,0.0,0.9161758774067176,-0.9161758774067176
372,2025,20,1890101,2025-08-24,Bahia 2 x 0 Santos FC,1221,Bahia,55.41,44.59,Casa,0.6048857794663299,0.37183628263473123,0.023680187170872318,-0.08865958248814461,-0.18122669590232848,0.47343582913971827,-0.17509665581620001,0.8609961948120971,0.20272886319768155,-0.6312469006479118,-0.18675723312813977,1.9803462595620396,1.5368268513762136,-0.7704081044943362,-0.3146984318612423,0.3570622397065642,0.08452273249506848,1.0442179215761347,1.3552904279941345,1.217161238900369,0.6794982499113141,0.5321520841901911,0.03336580660868541,0.9735592048945213,0.19197229245793815,-1.3552904279941345,0.6085806194501845,-0.035019939794363804,-0.650286164124214,0.14105705426364634,-0.47123831736799543,-0.022625278008297216,-0.056914781117233984,-0.060404979557939865,-0.3783756235410509,0.04552042846213894,-0.9363952702964264,-0.00961405139818304,-0.45912420990043984,-0.4055330696492203,0.1948206189969819,-0.43612253877918344,0.4537229546080729,-0.5215341041886665,0.6324555320336759,0.9161758774067176,0.10179731971185749
373,2025,20,1890101,2025-08-24,Bahia 2 x 0 Santos FC,1241,Santos FC,44.59,55.41,Fora,0.2212274518028481,0.1748829950537337,-0.9926022343905023,-0.742181657708558,-1.036972958845681,0.11057898315131755,0.7935231423159727,0.7536491033283956,0.4911343015349294,0.022625278008297216,0.056914781117233984,0.060404979557939865,1.1039242184152342,-0.12300633601170066,0.07582850768268556,0.5574721046240649,0.5904085900661481,-0.2758619833220866,1.3552904279941345,-0.6085806194501845,0.035019939794363804,-1.0199581613645339,-0.1870522870020288,-1.0760391211992093,-0.43702863013723475,-1.3552904279941345,-1.217161238900369,-0.6794982499113141,-1.100112169882738,-0.14105705426364634,-0.5540782465627444,0.6312469006479118,0.18675723312813977,-1.9803462595620396,-1.034080550136686,-1.1380107115534737,1.5032924220805206,-0.7787381632528154,-0.9992703391950749,-1.1476695591162502,-0.9184400609857715,-1.2537427626815536,-0.44445351770519664,-1.1806231960149833,-0.6324555320336759,-0.10179731971185749,-0.9161758774067176
374,2025,20,1890105,2025-08-24,Fortaleza 0 x 1 Mirassol,6332,Mirassol,50.76,49.24,Fora,-0.5774048835271742,-1.357152869424509,-0.3318544712661025,-0.8921454708960581,-0.22555076186066145,0.3083608174236253,-0.24960587105713639,0.675203151859537,-1.4721285639654438,0.9782941357162211,-0.8568552723029168,-0.4396616205214616,0.08057362466357182,-0.7704081044943362,-0.19094525341176052,-0.42453623347168945,-2.6378117392172022,0.1771674650626244,-2.0329356419912017,-2.434322477800738,0.04059647377237825,0.08869201403169827,-0.9970834309468835,0.717359414132805,-0.6506662255253947,-0.7392493243604371,-0.6085806194501845,-0.6063849168567577,-0.4522648810036132,-1.068003410853323,-0.3742598742979976,0.36492815695791103,-0.8974290074699464,-0.8308425165223764,-0.7723069487385867,-0.40968385615925046,-0.9363952702964264,-0.9710191912164735,0.08102191939419522,-0.3234687807054821,-0.3618097209943948,0.7518128687248312,-0.1855485559351792,-0.4486530662139076,0.31622776601683794,0.9161758774067176,-0.40718927884743006
375,2025,20,1890105,2025-08-24,Fortaleza 0 x 1 Mirassol,2065,Fortaleza,49.24,50.76,Casa,0.8862228212489793,0.6949297371057009,1.6242619262162676,0.6109777875831293,0.0012565059520458777,0.47485924017939873,1.6876337252072091,0.8609961948120971,0.5955672649980106,-0.36492815695791103,0.8974290074699464,0.8308425165223764,-0.7132378149143752,0.2654347250778807,1.1664542795343014,1.5249680042257938,0.42824580971326404,-0.02203037247039721,0.7392493243604371,0.6085806194501845,0.6063849168567575,2.3059923648241627,0.8286072181101461,0.9735592048945213,-0.5558537794243177,2.0329356419912017,2.434322477800738,-0.04059647377237825,1.170154649676835,1.068003410853323,0.33851207701586405,-0.9782941357162211,0.8568552723029168,0.4396616205214616,0.07939084665481556,1.4111332823263072,-0.83848138297695,0.18266697656547506,-0.45912420990043984,-0.1498272460209734,-0.9184400609857715,-0.2221735027993535,-0.303813785385681,0.5124647129524529,-0.31622776601683794,0.40718927884743006,-0.9161758774067176
376,2025,20,1890109,2025-08-24,Juventude 1 x 3 Botafogo RJ,1227,Botafogo RJ,51.05,48.95,Fora,-0.31133734189286466,-0.2657646708146333,0.1816263533605279,0.44358234144736625,-0.1476717843571743,0.31166806940051556,1.0170507880387818,-1.4024939056156676,-1.4405708866259368,0.37315587209139395,-1.0715662684617497,0.08348714179070736,-0.047175440197777294,0.5243954324709349,-0.1705595773719641,-0.6150751647440003,0.02932062150108699,0.3725545032201191,-1.416894538357504,-0.0,0.5982149011168331,0.08869201403169827,-1.7615020790588645,0.5892595187519468,1.433175893424677,-0.1232082207267396,1.217161238900369,1.5435514904993055,1.0793556482647575,-0.5239262015506866,-0.5506873777421526,-0.5468928217424904,0.300857620750973,1.722441159855578,0.2749567867336007,0.13656128538641682,-0.39424244976821565,-0.00961405139818304,-0.45912420990043984,-0.35905456649275136,0.1948206189969819,-0.3728623819056935,0.8404822184867403,0.32665058496902594,0.6324555320336759,0.40718927884743006,0.610783918271145
377,2025,20,1890109,2025-08-24,Juventude 1 x 3 Botafogo RJ,1220,Juventude,48.95,51.05,Casa,-0.65410695718507,0.6000938525653596,0.6019511763998947,0.608023633755064,-0.2912369295182844,-0.3854910610903591,-0.026078225334327302,-2.270577577436576,0.058189363901401385,0.5468928217424904,-0.300857620750973,-1.722441159855578,-0.4735624994764007,1.948679323132733,1.545649105302335,-0.5903298489943494,-2.6488611178693335,-0.012114392915098646,0.1232082207267396,-1.217161238900369,-1.5435514904993055,0.31042204911094473,0.4023099752077697,0.8454593095136631,0.6688141720113692,1.416894538357504,0.0,-0.5982149011168332,0.6366211862094869,0.5239262015506866,-0.9802836793763071,-0.37315587209139395,1.0715662684617497,-0.08348714179070736,0.920089206798527,0.40968385615925046,1.1748729250297778,0.7595100604564493,-0.9992703391950749,-0.6432553800699958,-0.3618097209943948,-1.027549372703235,0.6359153351128997,-0.732654543495732,-0.6324555320336759,-0.610783918271145,-0.40718927884743006
378,2025,20,1890089,2025-08-23,Red Bull Bragantino 4 x 2 Fluminense,5438,Red Bull Bragantino,34.08,65.92,Casa,-0.8305966807847467,-0.6422222596124488,0.017609375143162298,-0.2994656440983537,0.7605296643749032,0.009973194619739034,0.12294020514754542,-1.637599900067163,-1.2773355341606467,0.41596069542737824,-0.7263166932428948,-1.5337068496425441,0.37809218487466034,-0.7704081044943362,-1.0050879834151658,1.551171018173341,1.1116087883540724,-0.5215192007949342,-0.18481233109010914,-0.6085806194501845,0.4058597112993585,-0.7982281262852875,-0.5391328317592804,-1.3322389119609257,-0.8716536250495112,-0.1232082207267396,0.6085806194501845,2.909896462745727,2.2898837221410226,-1.272444544045829,0.9895835201722508,-0.5215055495048243,-0.7627900604788319,0.8483033020267893,-0.010931273895543195,-0.5007247130835284,0.1896144338775492,-0.7787381632528154,1.7014603072781005,0.6796372697723807,1.3080812989797352,2.476875979353126,-1.134866749091909,0.4422022753550501,0.6324555320336759,-0.10179731971185749,1.1197705168304326
379,2025,20,1890089,2025-08-23,Red Bull Bragantino 4 x 2 Fluminense,1232,Fluminense,65.92,34.08,Fora,-0.09925128200165402,0.22224243643922634,0.5953570194986698,0.9411109935594496,0.4303587455045802,-0.3053613925624612,-1.5162625301530546,-0.5881895402178743,1.2696441011860147,0.5215055495048243,0.7627900604788319,-0.8483033020267893,-0.6329449454115395,0.3949150787744078,0.9794270657059426,-0.9758963967214653,0.00747045336533782,0.377468428730667,0.1232082207267396,-0.6085806194501845,-2.9098964627457264,-0.35476805612679463,0.9570461907637603,2.126458263322245,2.058562756399202,0.18481233109010914,0.6085806194501845,-0.40585971129935855,0.050012768492514806,1.2724445440458287,-0.27093535426423054,-0.41596069542737824,0.7263166932428948,1.5337068496425441,0.2319758873065306,1.593214996174863,-0.29693296916058837,1.7209152002747399,-0.45912420990043984,0.031881972042521405,0.1948206189969819,-0.6937982673234118,1.681124254851117,-0.13306717570382431,-0.6324555320336759,-1.1197705168304326,0.10179731971185749
380,2025,19,1890093,2025-08-23,Cruzeiro 2 x 1 Internacional,1230,Cruzeiro,45.28,54.72,Casa,0.6054461961504564,0.16841215221119266,0.4713347659487368,0.03266547733533012,0.021689031568091842,0.38289690199469295,0.5276671422051462,1.978975761445858,0.22676341998384886,-0.25686574078174124,0.9453126761211387,0.5673624380765212,1.4847889539771895,-0.4174727549935325,0.3910000013477573,-0.41196696605518157,0.4238365345675425,0.9925179217581163,-0.6726915834767422,1.372812945967288,0.8743272290631967,0.9558562423170608,0.13323569737458246,-0.569348010048983,-1.0854163030086774,0.6726915834767422,0.5883484054145521,1.5826523135744606,1.0472246771584666,0.09645948223343657,1.3737422631961689,-0.608326583751091,0.1771930292622462,0.0625450997012689,-0.2055357018556312,-0.1272919504451463,0.033044648681045355,0.4949124347892766,0.20498001542269695,-0.18422784190745206,0.47380354147934284,-0.7823114318613349,-0.6067434226431954,-0.39701730860704987,0.4428074427700477,0.4945433069905467,0.2662925499179868
381,2025,19,1890093,2025-08-23,Cruzeiro 2 x 1 Internacional,1219,Internacional,54.72,45.28,Fora,-0.04368845398713459,-0.7212649003252715,-0.3784121229007545,-0.7288874285219715,-1.0903143177178896,0.6248427369860626,-0.02135069361523677,0.4540630458798632,-0.39174465810642634,0.608326583751091,-0.1771930292622462,-0.0625450997012689,0.7885111084716632,-1.0854291629831845,-0.538590449426607,-0.483388718837841,-0.17833146207445713,-0.02550270591036247,-0.6726915834767422,-0.5883484054145521,-1.5826523135744601,-0.34462844110751145,-0.4378327937833194,-0.009333573935228708,-0.22080940505275307,0.6726915834767422,-1.372812945967288,-0.8743272290631969,-0.7785565660879217,-0.09645948223343695,0.5136158682858909,0.25686574078174124,-0.9453126761211387,-0.5673624380765212,-1.3064151176567895,-0.6930339524235751,-1.0231320040535754,-1.6400039505762298,-1.4348601079588785,-1.339818114360509,-0.3876574430285532,-0.9221025288849872,-0.04749590188276352,-1.4721567763089125,-0.4428074427700477,-0.2662925499179868,-0.4945433069905467
382,2025,19,1890021,2025-08-20,Juventude 2 x 0 Vasco da Gama,1226,Vasco da Gama,76.0,24.0,Fora,0.22877731789730898,0.6707514064002275,-0.15264560729113083,0.027451655815171977,-0.7044026745485812,0.5502579307105276,-1.6074022193185655,-0.8436077748174733,0.9686343191462329,0.07614020334114625,1.0873642830855845,-0.28543545922264113,0.274465584831357,0.9184400609857715,0.7833002752506253,-1.1421187773348713,-0.4946868998216888,-0.04478980099185284,1.5696136947790653,-0.5883484054145521,-1.7488939069101663,-0.9948707828197976,0.7060072441679826,1.3907025163491573,1.791873966427681,-0.8221786020271294,-0.392232270276368,-0.688377599600713,-0.8033017491406298,1.3373976861014347,-1.740387129416819,2.0144414902667793,1.2450534264728086,-1.9984274027223752,-0.47421708659118,-0.6930339524235751,-0.1893083308420328,0.30082912702877607,-0.6149400462680908,-0.6849323650201186,-1.2491184275364493,-1.4728092933239152,2.5828405235119947,-0.8628633850996464,-0.8856148855400954,-0.2662925499179868,-1.2553791638990803
383,2025,19,1890021,2025-08-20,Juventude 2 x 0 Vasco da Gama,1220,Juventude,24.0,76.0,Casa,-0.3317647177907026,-0.42885562443857717,-0.48630110863657894,-0.9488352503209927,-0.35404744157417817,-2.787996874210674,-0.7533744747090808,0.4540630458798632,-0.6419554810720387,-2.0144414902667793,-1.2450534264728086,1.9984274027223752,1.4560783479216954,-1.0854291629831845,-1.8444042070746214,-0.8967997112552119,-0.9029745097121207,-0.7981383751718347,0.8221786020271294,0.392232270276368,0.6883775996007129,0.17556543226231744,0.6821364442459065,-1.8760483609810765,-1.3276288737126423,-1.5696136947790653,0.5883484054145521,1.7488939069101666,-0.9181948779821076,-1.3373976861014345,1.4714710375228022,-0.07614020334114625,-1.0873642830855845,0.28543545922264113,-1.656014491319593,-0.9759049534127896,0.6445153423695097,-0.6695874117737268,0.20498001542269695,-0.43327768252965404,-0.3876574430285532,0.21342953687641783,-1.4362493146801991,0.4993473383635185,0.8856148855400954,1.2553791638990803,0.2662925499179868
384,2025,19,1890049,2025-08-19,Mirassol 1 x 1 Cruzeiro,1230,Cruzeiro,54.07,45.93,Fora,-0.3556495074369133,-1.6137230768003394,0.28266709053354305,-0.9000635095703936,-0.48600133180453253,0.8162424227767646,0.2836592151738649,1.4132110437865903,-0.9936820416231813,0.5772341851719948,-0.7080721981612115,-0.5246348694406987,-1.0728219416614049,-1.7533855709728365,-0.7318703032034509,0.9392198254041348,0.4292961086900247,0.5716418682649572,-1.420126676228678,-2.5495097567963922,0.4504562379284062,0.5657108372896892,-0.7832051600616835,-0.009333573935228708,-0.6921770705716523,-0.07474350927519365,0.5883484054145521,-0.3566332759229139,1.4092255437691228,-0.5677424888549344,0.7525271846503527,-0.37535518880897817,-0.8135321803027243,-1.5145093308744753,-0.7044700382494402,-1.1173404539073968,0.9224565667733566,-0.8636707195342275,-0.6149400462680908,-0.4258943523078521,-0.3876574430285532,0.6731350650188317,-0.33916087682480683,-0.6218592872451209,0.0,0.4945433069905467,-0.4945433069905467
385,2025,19,1890049,2025-08-19,Mirassol 1 x 1 Cruzeiro,6332,Mirassol,45.93,54.07,Casa,1.023540282595076,0.2718546073397976,1.1153962801866821,0.7887312599155081,0.42205991335601567,0.5558902730230798,1.19868894154117,0.003850720331807712,0.6838795047501198,0.37535518880897817,0.8135321803027243,1.5145093308744753,1.0756453885959882,0.5844618569909455,1.0165614685076034,0.3727592523736143,0.4822712930579296,0.7105018729550135,0.07474350927519365,-0.5883484054145521,0.35663327592291383,1.606098584029347,1.4869234130474078,0.17733790476935607,-0.5784597596747986,1.420126676228678,2.5495097567963922,-0.4504562379284063,-0.5476186537510876,0.5677424888549344,-0.9029284461754351,-0.5772341851719948,0.7080721981612115,0.5246348694406987,1.3544754832051875,0.8627565530171042,0.8112800770118183,1.65941228135228,0.20498001542269695,0.5610071108955023,-0.3876574430285532,-0.6347917554001892,-0.7833479028833314,0.29633528319744645,0.0,0.4945433069905467,-0.4945433069905467
386,2025,19,1890037,2025-08-18,Botafogo RJ 0 x 1 Palmeiras,1227,Botafogo RJ,61.56,38.44,Casa,0.43772113220738035,0.59005146551376,0.007881722415529221,0.8129643737349036,0.1886727986036281,-0.70704179751718,0.34466119693168523,-0.7413283012649745,-0.060289368533275295,-0.21916905551576846,1.0299250809723064,0.6169986793273036,-1.3230567799270938,0.6957879249892208,0.8237246111382895,-0.466128461915365,1.2228112320069255,1.2523252463268202,0.44846105565116157,0.392232270276368,0.8743272290631967,1.3460016473444325,-1.037525626908272,1.2040310376445724,1.1969713824709882,-0.07474350927519365,-0.392232270276368,-0.5514853289132302,-0.998240944035996,1.3668513865418923,-0.8763447742001022,0.14504989609230495,0.8232364623138971,0.3371201802710751,0.7246494658127501,0.721321052522497,0.22760350576373845,0.4949124347892766,0.20498001542269695,0.47817478896018756,-1.2491184275364493,0.29098407791686925,1.8095269660968518,0.21926964787931832,-0.4428074427700477,0.4945433069905467,-1.2553791638990803
387,2025,19,1890037,2025-08-18,Botafogo RJ 0 x 1 Palmeiras,1234,Palmeiras,38.44,61.56,Fora,-0.3898841427759052,-0.2067174960199251,0.03507124521510891,-0.7668797736921567,-0.4621948642365971,-1.2812993272983877,1.6257028138459124,-1.6889476237288823,-0.6577321115506262,-0.14504989609230495,-0.8232364623138971,-0.3371201802710751,0.6365856462023394,-0.6401248909900832,-0.6537208726411788,-1.1306483534306944,0.8294795217604959,0.6017856771362479,0.07474350927519365,0.392232270276368,0.5514853289132301,1.4760501156868897,-0.557251270055463,0.08400216541706369,-0.16226650523130282,-0.44846105565116157,-0.392232270276368,-0.8743272290631969,0.0483197861696926,-1.3668513865418916,0.9483246594751907,0.21916905551576846,-1.0299250809723064,-0.6169986793273036,-0.05374394792712525,-0.551598451928968,1.2401036803777545,-0.6695874117737268,-0.6149400462680908,-0.5003637231391704,-0.3876574430285532,0.03226292007952131,-0.10636406196280904,-0.6911441900556268,0.4428074427700477,1.2553791638990803,-0.4945433069905467
388,2025,19,1890041,2025-08-17,Corinthians 1 x 2 Bahia,1237,Corinthians,70.93,29.07,Casa,1.4750825414491786,1.269543987313225,0.5462050027275722,1.648778332502467,2.0430730050214474,1.3623392859566796,1.381694886814631,-1.2967626645847972,2.308610762311191,-0.07580106142685394,1.5425563911146845,1.1287654425681326,-0.3776916705642556,1.5863964689754235,1.9036510615980107,1.3289382580221476,0.6302369619499983,-1.0409293962680433,1.1958961484030974,0.392232270276368,0.8743272290631967,-0.7347738461348832,1.3480061262828307,1.4840382557014495,0.2646209763248959,1.04640912985271,0.5883484054145521,-0.025670333313268956,-0.4547980547512257,1.7392746087143225,0.5498690130187813,-0.32531032962084383,1.8061827271111393,0.7356298487509568,2.31402614543345,2.842853559941605,-1.2155528517177776,2.2416622046337817,2.66474020049506,2.9832225839500186,-0.3876574430285532,1.486919169314326,0.93988369218709,2.549919028611709,-0.4428074427700477,-0.2662925499179868,-0.4945433069905467
389,2025,19,1890041,2025-08-17,Corinthians 1 x 2 Bahia,1221,Bahia,29.07,70.93,Fora,-0.669888641499709,-1.1225262364437512,-0.9418964522329188,-1.3707834828598577,-1.212361956737808,0.8879685779406938,1.1376869597833497,0.06012726102531447,-1.3307420532821452,0.32531032962084383,-1.8061827271111393,-0.7356298487509568,-0.3367214888679196,-1.0854291629831845,-1.7699182475245576,-2.0368118418606884,0.28926889727247734,-2.909242941350665,-1.04640912985271,-0.5883484054145521,0.025670333313268952,-1.6451131245320838,-0.8758357641581364,-1.8760483609810765,-2.184688739280517,-1.1958961484030974,-0.392232270276368,-0.8743272290631969,0.33374695495324935,-1.7392746087143225,1.2292736402785367,0.07580106142685394,-1.5425563911146845,-1.1287654425681326,-1.0725374890422916,-1.6830824558858255,-0.1893083308420328,-1.2518373350552285,-1.4348601079588785,-1.2102335218276572,-0.3876574430285532,-1.1847399443746474,-1.5566614602984739,-0.2235177699741274,0.4428074427700477,0.4945433069905467,0.2662925499179868
390,2025,19,1890045,2025-08-17,Santos FC 0 x 6 Vasco da Gama,1226,Vasco da Gama,56.66,43.34,Fora,-0.11525027539840493,-0.011488109180406825,-0.06941443233615223,0.28908450931612223,1.2046123705948195,-0.16102644133176974,-1.6074022193185655,0.4540630458798632,-0.15977320518573332,-0.005874331416633017,0.24462956618073042,0.2281814561961725,-0.6856127145046079,0.5844618569909455,-0.4905269439491823,0.3591458563609913,-0.578590605721127,0.37752054395726714,0.44846105565116157,-0.5883484054145521,-0.9723141265736635,-0.7347738461348832,-0.4693726696985697,-0.1960050526398135,0.5152928599044798,-0.07474350927519365,0.5883484054145521,2.119981141017561,0.4700600783169945,0.1370740010685679,-1.6429140423641333,1.4752805876770438,-0.3315661742659291,0.4340290322368885,0.9168011782249615,0.014143550049460923,1.8118684848656692,0.10674581926827546,1.8448201388042724,0.8998344785857638,3.0581864950030306,1.6294279911366987,0.11305362560826951,1.7396498343736115,2.656844656620286,1.2553791638990803,3.3096359775521207
391,2025,19,1890045,2025-08-17,Santos FC 0 x 6 Vasco da Gama,1241,Santos FC,43.34,56.66,Casa,-0.22366165387510056,-0.20288154136299583,-0.17582971078609785,-0.20158327784730798,-0.5628699317071382,-0.8693222235755701,-1.5464002375607453,-1.327211807375487,0.9688014875077199,-1.4752805876770438,0.3315661742659291,-0.4340290322368885,-0.10424056840337555,-0.0834945509987065,-0.2144267183139183,0.20702155806120207,0.4368896238212186,-0.41588380020852894,0.07474350927519365,-0.5883484054145521,-2.1199811410175604,-1.1249192511622548,0.9951229325748728,-0.6626837494012755,1.3030102637591134,-0.44846105565116157,0.5883484054145521,0.9723141265736636,-0.40238554649132,-0.1370740010685683,-0.43927577572203785,0.005874331416633017,-0.24462956618073042,-0.2281814561961725,-0.19644808794376067,-0.2687274509397535,0.18127996836309732,-1.0577540272947281,-0.6149400462680908,-0.6371642318597769,-1.2491184275364493,0.5050022652449362,-0.6870181863887119,-0.8184208119113993,-2.656844656620286,-3.3096359775521207,-1.2553791638990803
392,2025,19,1890053,2025-08-17,Atletico MG 1 x 3 Gremio,1235,Atletico MG,60.76,39.24,Casa,0.8118495791153635,1.4844883447654822,0.47043592687036534,0.9031792756755682,-0.9442808571070533,1.072539761703046,-0.32636060240433845,0.31704190332175863,1.6402159638890321,1.628471369712917,0.8282599421373095,0.8172852668304621,-1.2083546382685206,1.9203746729702496,1.682015194660278,0.7169836944070864,1.1659387979282894,0.3092374511117605,1.9433312411550332,0.392232270276368,-1.589397185795984,-0.08453150442259702,1.816024673948354,0.7373523408831104,1.3165250231389711,1.420126676228678,-0.392232270276368,-0.8743272290631969,-0.674124355138985,1.5154557679113823,-1.2148937191625877,0.006507639187707375,2.1925676519342447,0.11969647393751845,-0.21500279108087245,0.29701455103867536,-2.347440190918966,-0.4755041040132263,-1.4348601079588785,-1.373869007906419,-0.3876574430285532,-2.4224598240386452,0.7579275610305853,-1.5038370876047225,-0.8856148855400954,-1.0271284068265203,-0.4945433069905467
393,2025,19,1890053,2025-08-17,Atletico MG 1 x 3 Gremio,1244,Gremio,39.24,60.76,Fora,-0.8957620689999931,-0.5594301420202228,-0.9265477108342649,-0.9971922196322874,0.04802201527418648,0.07432500529987274,-0.2043566388886978,0.26868150006595853,-1.385589600699656,-0.006507639187707375,-2.1925676519342447,-0.11969647393751845,1.0575996026381183,-0.30614668699525716,-0.9036794751333239,-0.9973890168968716,0.5375516203796159,0.03449619188722094,-1.420126676228678,0.392232270276368,0.8743272290631967,-0.4746769094499687,-2.0337095650705663,-1.036026706810445,-0.9173504376222527,-1.9433312411550332,-0.392232270276368,1.5893971857959843,0.3206904277567922,-1.5154557679113816,0.055009725119521534,-1.628471369712917,-0.8282599421373095,-0.8172852668304621,-0.8277679016499967,-1.1173404539073968,-0.1893083308420328,-0.8636707195342275,0.20498001542269695,-0.21644980686416432,1.3352645259872389,1.309443368204278,-0.6763148845559759,-0.426996019122091,0.8856148855400954,0.4945433069905467,1.0271284068265203
394,2025,19,1890057,2025-08-17,Internacional 1 x 3 Flamengo,1219,Internacional,45.52,54.48,Casa,-0.4109253340137194,-1.1756451808270683,0.27760887956928765,-0.2025689205399007,0.21717201193033317,-1.0155332321789643,0.7106730874786072,-0.5964323803989338,0.7249270753976298,-2.1752286533399046,0.3635172353570706,-1.9199647623793676,-0.4095809332226047,-1.3080812989797352,-0.03172612061841946,-0.6231967999098974,-1.0918019037682443,0.5381389268905641,-1.7938442226046458,-1.5689290811054721,-0.0594864651990398,0.8258077739746036,0.9126849700387789,1.2973667769968649,0.28621443446096406,0.6726915834767422,-1.372812945967288,0.06388249826895219,-0.6700848811039755,-0.1658236042889421,0.17939357018421967,0.14035779213745952,-0.44339488808492405,0.18637307721314228,-0.3874302669988789,0.29701455103867536,-1.1422496716552242,0.30082912702877607,0.20498001542269695,0.40740568807784056,-0.3876574430285532,0.4235365774014539,0.0568612909864083,0.15342740667485474,-0.8856148855400954,-1.0271284068265203,-0.4945433069905467
395,2025,19,1890057,2025-08-17,Internacional 1 x 3 Flamengo,1239,Flamengo,54.48,45.52,Fora,0.16949404058927742,-0.1409392058444887,1.4869471290072982,0.6402642124580367,0.34211032340377245,-0.1374912966686055,0.8326770509942479,0.5495626300870264,-0.002279524367570866,-0.14035779213745952,0.44339488808492405,-0.18637307721314228,0.8261578423561982,-0.6401248909900832,-0.6237532948784175,0.6137163617970449,0.30622021000624566,1.1556216568062465,-0.6726915834767422,1.372812945967288,-0.06388249826895219,1.606098584029347,0.2755578195990764,0.5506808621785256,-0.0879018106420535,1.7938442226046458,1.5689290811054721,0.05948646519903981,3.126572204526723,0.16582360428894174,-0.5720695017256809,2.1752286533399046,-0.3635172353570706,1.9199647623793676,0.8387857185209079,1.1456275540063185,0.5518682675682274,0.6889957425497772,-0.6149400462680908,0.06753273961600138,1.3352645259872389,-0.5562810248500963,0.7151143536996434,-0.16278399593572607,0.8856148855400954,0.4945433069905467,1.0271284068265203
396,2025,19,1890062,2025-08-16,Vitoria 2 x 2 Juventude,1220,Juventude,48.55,51.45,Fora,-0.3090446232602074,0.050215972284737134,-1.1566750622288595,-0.37315387841601577,0.06243096087903099,-0.9576005683927133,-1.1803883470138232,0.4540630458798632,-1.1860426837278109,0.3523793940099278,-0.18914976730051128,0.6363484004928635,-0.9661186927076849,-0.0834945509987065,-0.18261733941390657,1.081456633030763,-3.4454596940989437,-1.9397969930424888,0.07474350927519365,0.392232270276368,-0.05630574178108356,-1.3850161878471694,-1.0152549816182523,-0.8493552281058603,0.004540265159162764,-1.1958961484030974,-1.372812945967288,-0.8743272290631969,-1.1217148814314901,-0.18170274560252062,0.2670655023135513,-0.195873413912271,-0.2904862385773186,-0.08942559997239317,-0.9310009295118307,0.15557905054406812,0.18127996836309732,-0.08733748849222513,0.20498001542269695,0.08416883489413844,-0.3876574430285532,0.38690836779196836,-0.29902349495204855,0.9807698516616291,0.0,-0.2662925499179868,0.2662925499179868
397,2025,19,1890062,2025-08-16,Vitoria 2 x 2 Juventude,1238,Vitoria,51.45,48.55,Casa,-0.09184924864105092,1.0520970202878286,-0.12615535739788328,0.32390834921232986,0.43064213716021704,0.2050758089841186,-1.1193863652560028,1.8047000225240295,-0.6293604452728491,0.195873413912271,0.2904862385773186,0.08942559997239317,0.7416211682339436,1.1410921969823222,0.49858678979860616,0.13798053037129798,-0.4019366893609699,-0.011460910840064752,1.1958961484030974,1.372812945967288,0.8743272290631967,-0.4746769094499687,-0.43349794120323365,-0.1960050526398135,0.25606870396712605,-0.07474350927519365,-0.392232270276368,0.056305741781083565,0.8142235384572778,0.18170274560252025,0.21644816089343055,-0.3523793940099278,0.18914976730051128,-0.6363484004928635,1.5611292844391513,-0.4101629514343607,1.1448095462964352,1.0771623580707783,0.20498001542269695,0.9259193741314323,0.47380354147934284,0.29959544403313276,-0.11974318925372827,0.6358427936064157,0.0,-0.2662925499179868,0.2662925499179868
398,2025,19,1890070,2025-08-16,Sport Recife 2 x 2 Sao Paulo,1224,Sao Paulo,63.31,36.69,Fora,-0.26611784360377794,0.8231964846264508,0.2648073831819217,0.778018841048242,0.9690747571421806,1.2925040930652543,-0.02135069361523677,-0.5964323803989338,0.8381262446802986,2.2558431485640877,0.44216600111988,-2.2666830994126137,-2.1817228172973633,1.0297661289840467,1.1891809006552423,2.326197546876321,-0.05031263243328632,0.1483604969180594,-0.29897403710077425,1.372812945967288,0.8743272290631967,-0.604725377792426,0.3529531054603195,1.2040310376445724,1.1454077558316589,-0.07474350927519365,0.5883484054145521,-0.8743272290631969,0.1229806376397058,0.7813218060908381,-1.2942669826213815,-0.11964243094894808,1.221255394763545,0.7251921144945366,0.3843060488440486,1.1456275540063185,-0.013766504902760922,1.0771623580707783,1.0249000771134846,1.2508751550350252,0.47380354147934284,0.7383688378719873,0.6749769718268851,0.9381755439208438,0.0,-0.2662925499179868,0.2662925499179868
399,2025,19,1890070,2025-08-16,Sport Recife 2 x 2 Sao Paulo,1231,Sport Recife,36.69,63.31,Casa,-0.6484245787214232,-0.1971399274796518,-0.5444778610113995,0.24490145438720606,-0.13308594949994207,0.09242896273307612,0.34466119693168523,-1.1216800935383315,-0.9207676042447527,0.11964243094894808,-1.221255394763545,-0.7251921144945366,0.32446860219633067,0.027831516999568835,-0.30278633077881756,0.1050291307920253,0.39029359555006876,0.493597069771562,0.07474350927519365,-0.5883484054145521,0.8743272290631967,0.045516963919860216,-1.0651666541825968,-0.8493552281058603,-0.8238267266483961,0.29897403710077425,-1.372812945967288,-0.8743272290631969,-0.32402333883328654,-0.7813218060908381,1.126339746449725,-2.2558431485640877,-0.44216600111988,2.2666830994126137,-0.06358947465307119,0.15557905054406812,-1.4400438406593465,-0.8636707195342275,0.20498001542269695,-0.6519101064231347,0.47380354147934284,-0.013517818156593153,-0.9920622886216744,-0.8321400964249257,0.0,-0.2662925499179868,0.2662925499179868
400,2025,18,1890033,2025-08-16,Fluminense 2 x 1 Fortaleza,2065,Fortaleza,60.43,39.57,Fora,0.48413424338166927,0.6109054281386118,0.2326539962475751,0.47244285344965375,0.26964092074382534,0.395289332395386,0.1530267054903652,-1.8590560105072236,0.9900912691221344,-0.45770187160829295,0.7931759664991832,0.1368682638806542,-0.49786865106016404,1.3445174515890261,0.9373270939276654,-0.5269628111630528,-0.6181728210444644,-0.03406961318799558,-0.08920515501750785,0.2509823220552634,-0.9370323884530424,0.3108146459311828,1.2647436512501808,0.06147362210785833,-0.2546590011318609,0.9812567051925868,-0.2509823220552634,-0.6439309810719941,-0.9713823249410948,0.6754494825715018,0.08665911151170522,-0.1134079012259839,1.0405333491732338,-0.07842981070218584,0.2522183927560653,0.6683412512415278,-1.0139759553064955,-0.05620106490786691,0.5146791156801718,0.2668976097594205,-0.24618298195866542,0.4177860565153726,1.517028053960977,0.08031005029678195,-0.8451542547285166,-0.6546536707079772,-0.4364357804719846
401,2025,18,1890033,2025-08-16,Fluminense 2 x 1 Fortaleza,1232,Fluminense,39.57,60.43,Casa,-0.8613968487933417,-0.7612964223526647,-0.3694429199649569,-0.42834762472416016,0.08438450895510691,-2.2385039888481937,-0.7821364947285347,-0.27843850503751205,-1.2751029208134756,0.1134079012259839,-1.0405333491732338,0.07842981070218584,0.630898912733763,-1.1607945700054323,-1.1541167362679032,0.788539830378471,-1.030319091385041,0.2076419336518983,-0.9812567051925868,0.2509823220552634,0.643930981071994,-0.6972328543861661,-0.6625414512550389,-1.1679988200493148,-0.8035124808134597,0.08920515501750785,-0.2509823220552634,0.9370323884530422,0.47289277293853443,-0.6754494825715018,0.6175458543567438,0.45770187160829295,-0.7931759664991832,-0.1368682638806542,-0.1078967859453016,-0.04591657451277664,-0.21413714841926815,-0.5058095841708021,-0.09082572629650083,-0.0903811663804932,0.9847319278346619,0.4329200251200525,-0.6551599216875349,-0.24632713096306158,0.8451542547285166,0.4364357804719846,0.6546536707079772
402,2025,18,1890066,2025-08-16,Ceara 1 x 0 Red Bull Bragantino,5438,Red Bull Bragantino,55.15,44.85,Fora,0.5735596303887698,1.1684568669081052,-0.37436242206105513,-0.41200817137875895,-1.3531703444208967,0.550218351292067,-1.547270022180362,1.640882751604282,1.113788335785964,0.994644624444547,0.21433959923682705,1.6456428732156638,0.658133898789431,0.8434550472701345,1.224281576148109,1.6613685719874842,-2.064800213080979,-0.4329796456764198,1.1001969118825974,1.5058939323315805,0.7738282263467885,-1.5372724379839569,1.2796935668744294,0.28501406613643526,1.109607489678724,-0.8028463951575712,-0.878438127193422,-0.8016492850852253,-0.5923252050422456,0.31930339176107325,-1.4227660664757722,0.26966904751710274,1.008483548919145,-1.996823170216054,-0.9789964559792002,-1.1683217292695407,-0.21413714841926815,-0.7306138438022698,-1.301835410249846,-1.6419936170119198,-1.4770978917519928,-1.8941457039981455,0.35697067628488965,-1.6648673609694868,-0.8451542547285166,0.4364357804719846,-1.5275252316519463
403,2025,18,1890066,2025-08-16,Ceara 1 x 0 Red Bull Bragantino,7334,Ceara,44.85,55.15,Casa,0.22142991835355996,0.013128828519858471,-1.1934184458470476,-0.8447079555680749,-0.8548805828121693,0.16518765344232667,-0.4420771491943893,1.0011089993903508,-0.2861502645142826,-0.26966904751710274,-1.008483548919145,1.996823170216054,1.2832959345280568,-0.4927113642469101,-1.1360578440246492,-2.162452581728191,-0.1708525693602377,0.35053102713388207,0.8028463951575712,0.878438127193422,0.801649285085225,-0.6972328543861661,-1.8196198454494759,-1.2797690420636032,-0.6499043080002183,-1.1001969118825974,-1.5058939323315805,-0.7738282263467887,-0.7577980889688626,-0.31930339176107375,-0.2977189899144454,-0.994644624444547,-0.21433959923682705,-1.6456428732156638,-1.1995459580587347,-0.760174400267081,1.3284091220060994,-0.5058095841708021,-1.301835410249846,-1.1222512009684755,-0.24618298195866542,-1.1479385418568917,-0.6006605817967119,-1.1897000431909208,0.8451542547285166,1.5275252316519463,-0.4364357804719846
404,2025,18,1890029,2025-08-12,Juventude 2 x 1 Corinthians,1237,Corinthians,66.13,33.87,Fora,0.3615509325724654,-0.08757422390847872,0.05183627490861246,0.06312482222574929,-0.4838874811128536,1.2872771157472838,-0.10201780366024386,-0.5855299061001984,0.7025162021006439,-0.4400176085747404,0.8220230539606798,-0.45586461835809916,-1.470151533894499,0.008351040071981647,0.04152115901829475,-1.2574815753488144,0.036420659214348,-0.13319807032512682,-1.2786072219176132,0.878438127193422,0.3879183630080301,0.14280672921162466,0.3799838777243211,1.4027162862793199,1.806695738036198,-0.8028463951575712,-0.2509823220552634,-0.5527706488350588,-0.5606605265507563,0.06627051527116637,-0.4592715946423012,0.3461886041378576,0.09842093673383528,0.09798816115734245,-0.010180324259346958,0.1581570899884532,-0.21413714841926815,-0.2810053245393345,-0.6963305682731734,-0.9087076605358116,-0.24618298195866542,-0.9638660182071817,1.7467038435008737,-0.9944708138569692,-0.8451542547285166,-0.6546536707079772,-0.4364357804719846
405,2025,18,1890029,2025-08-12,Juventude 2 x 1 Corinthians,1220,Juventude,33.87,66.13,Casa,0.02000644355240328,-0.34820291379555224,-0.12919998416870931,0.11755446125766951,0.5468294486646851,-0.22204321982369735,0.578100887408047,-0.47037063070169066,0.2359111293138247,-0.3461886041378576,-0.09842093673383528,-0.09798816115734245,-0.23205840340804415,-1.1607945700054323,-1.2858458023896113,-0.4221237233063134,1.0384697123016295,0.4640083478564165,0.8028463951575712,0.2509823220552634,0.5527706488350586,0.3108146459311828,-0.7311527223117046,-0.7209179319921609,-0.27763603922039704,1.2786072219176132,-0.878438127193422,-0.3879183630080303,-0.034112991363764326,-0.06627051527116637,-0.01704690132079669,0.4400176085747404,-0.8220230539606798,0.45586461835809916,0.902646795904425,-0.14795340676339155,0.9856210619115725,-0.05620106490786691,0.5146791156801718,0.909190206035557,0.9847319278346619,1.23779707154469,-1.4337219201278615,0.6675171759435222,0.8451542547285166,0.4364357804719846,0.6546536707079772
406,2025,18,1890015,2025-08-11,Gremio 0 x 1 Sport Recife,1231,Sport Recife,40.49,59.51,Fora,0.4761781978456505,0.8355544306913203,0.39348302001753055,0.448315657311764,0.23457730631017723,0.5591565639207217,1.768308596777556,-0.47037063070169066,0.6955317436033219,0.14201584177903012,0.1881937095558606,0.05551277024004125,0.5164560609319843,-0.4927113642469101,0.6341372093479607,1.0315627349049024,0.596809733233504,-0.5896271593895529,1.69489794533265,1.5058939323315805,0.837949345683181,0.14280672921162466,0.5168688292349829,-0.7209179319921609,-1.6490470695016293,0.3865556717425342,1.0039292882210538,0.6753939982546062,1.031655533687149,0.40013969347273776,0.8684629334533011,-1.181511416515024,0.20023263714339012,0.8000320983676983,0.39285820026322965,0.5663044189909129,-1.1613146828909853,-0.2810053245393345,0.5146791156801718,0.22465249402183915,-0.24618298195866542,0.614629202513993,-0.6863024016251479,0.04168803732527625,0.8451542547285166,1.5275252316519463,-0.4364357804719846
407,2025,18,1890015,2025-08-11,Gremio 0 x 1 Sport Recife,1244,Gremio,59.51,40.49,Casa,-0.261580289301768,-0.18421894018520252,-0.46805252164287153,-0.18230526069738057,-0.04592051577064121,0.4072069492335921,0.9181602329421924,-1.717929447518857,-1.0366236970390954,1.181511416515024,-0.20023263714339012,-0.8000320983676983,0.06645494297060943,0.5094134443908733,0.14419575483190453,-0.4221237233063134,0.9029343652347027,1.018442904292911,-0.3865556717425342,-1.0039292882210538,-0.6753939982546064,0.8148383960898572,-1.0468588801978673,1.5144865082936083,0.7650727619611252,-1.69489794533265,-1.5058939323315805,-0.8379493456831812,-0.8899892763785968,-0.40013969347273826,-1.0709462729421335,-0.14201584177903012,-0.1881937095558606,-0.05551277024004125,-0.08537486952088222,-0.24999023901400647,1.1701992481163177,0.39340745435506835,0.5146791156801718,0.3004224427045722,-1.4770978917519928,0.052689217267611166,1.2328529245302573,0.11095966529412839,-0.8451542547285166,0.4364357804719846,-1.5275252316519463
408,2025,18,1889993,2025-08-10,Vasco da Gama 1 x 1 Atletico MG,1226,Vasco da Gama,56.67,43.33,Casa,-0.11179086562798522,0.7228939394817419,-0.5986726114212186,-0.3230560459624616,-0.20960464861832434,-0.39197441521082677,-0.5270919855779257,0.5296967609169272,-0.5816286783363075,0.8372299204130811,-0.3347985737776602,0.6291379457399584,-0.1939215146206647,1.3445174515890261,0.19587907240008057,0.788539830378471,0.7244571260277598,-0.10984315174924802,1.1001969118825974,0.2509823220552634,0.6621261866272444,-0.19320910422749163,-0.48090852088043834,-1.0562285980350263,-0.9466711180611751,0.08920515501750785,-0.878438127193422,0.19156816097369384,-1.0724564732084418,-0.1277213567044296,-1.8069880075867102,-0.3938814452307798,-0.06953159484993608,-1.0259675872387848,-0.06900364505669604,-0.760174400267081,-0.5413439330549522,0.39340745435506835,0.5146791156801718,0.08104250884840916,-1.4770978917519928,-0.18738022408949928,0.7462516755050533,1.0017105888508298,0.0,0.4364357804719846,-0.4364357804719846
409,2025,18,1889993,2025-08-10,Vasco da Gama 1 x 1 Atletico MG,1235,Atletico MG,43.33,56.67,Fora,0.24861889008653715,0.046499007416129834,-0.383370397390352,-0.016852630194913197,-0.15522266804742113,-0.1834923201383695,-0.2720474764273166,0.9026822682805156,-0.14469168748490702,0.3938814452307798,0.06953159484993608,1.0259675872387848,-0.12462172766658056,-0.3256905628072795,-0.2775463797041153,-0.3763255954531061,0.834710434097252,0.4471987062723789,-0.08920515501750785,0.878438127193422,-0.191568160973694,-0.025201187507933483,0.1095066981061059,-0.7209179319921609,-0.021113112692970927,-1.1001969118825974,-0.2509823220552634,-0.6621261866272445,-0.31243072901026264,0.1277213567044296,1.7191799036430755,-0.8372299204130811,0.3347985737776602,-0.6291379457399584,0.09920749447821578,-0.24999023901400647,0.6164646895020837,1.0678202332494713,-0.6963305682731734,-0.13561936361911145,-0.24618298195866542,-0.7721615444245188,-0.5539468618902924,-0.2876855273137938,0.0,0.4364357804719846,-0.4364357804719846
410,2025,18,1889997,2025-08-10,Palmeiras 2 x 1 Ceara,7334,Ceara,37.74,62.26,Fora,-0.1766461667299109,-0.9818002087579374,-0.3716790053824588,-1.2229507837734772,-0.8613514887418985,-0.9071359363514392,0.1530267054903652,0.3833964110458654,-1.6919102437534423,-0.29940002811087707,-0.23130193539043717,0.7296011461194082,0.9802927851709144,-1.327815371445063,-0.944304758586178,-1.4326372540028873,-0.2463363641376103,-0.1247606022787183,-1.2786072219176132,-0.3764734830828952,-0.8603542994419972,0.3108146459311828,-0.9784047941837141,-0.6091477099778724,-1.5704917993003717,-0.5054958784325448,-0.2509823220552634,-0.5152944303985576,-0.1968579735765409,-1.353377678840514,0.6437288433895441,-0.5781817527595556,-1.5485974375070137,-0.7919940810919086,-1.197833937654472,-1.1683217292695407,-0.21413714841926815,-1.1802223630652051,-0.6963305682731734,-1.1284802304805137,-0.24618298195866542,-0.6272462367174859,-1.3831153902292401,-1.1953948472981755,-0.8451542547285166,-0.6546536707079772,-0.4364357804719846
411,2025,18,1889997,2025-08-10,Palmeiras 2 x 1 Ceara,1234,Palmeiras,62.26,37.74,Casa,1.2293058492856197,1.0758221039733598,0.8764274487573885,0.10412867633651161,-0.5921497254767202,1.5374583525989582,1.6832937603940197,1.331314806984637,0.7327108398015946,0.5781817527595556,1.5485974375070137,0.7919940810919086,0.10840075683219474,2.179621458787179,1.367188756618451,-0.5840147799036971,1.4920434480305524,1.826841436851355,0.5054958784325448,0.2509823220552634,0.5152944303985574,1.9908938131267642,1.3409998311926756,0.6203247321793006,-0.6216255346128203,1.2786072219176132,0.3764734830828952,0.860354299441997,-0.3487343889549172,1.3533776788405136,0.32737239353056463,0.29940002811087707,0.23130193539043717,-0.7296011461194082,-0.4385637627654961,-0.3520270712646214,-1.893798642882446,-1.1802223630652051,-0.6963305682731734,-0.8774330837837461,-0.24618298195866542,-0.07779992043493188,0.8202150653568843,0.12543753041110142,0.8451542547285166,0.4364357804719846,0.6546536707079772
412,2025,18,1890008,2025-08-10,Cruzeiro 1 x 2 Santos FC,1241,Santos FC,43.55,56.45,Fora,-1.3684148760999681,-0.5880003066000858,0.2594583864592029,-0.6526520130510043,0.6573319196642495,0.31186601452794194,-0.7821364947285347,-0.4260786017022648,-1.7279534242593504,0.7766403610701649,-2.133324073024159,-1.4510704453268706,-2.167227673378664,-1.4948361728846935,-1.3162927372784317,0.5524604374099382,-1.214165178902468,-3.2052472772834575,0.2081453617075185,0.2509823220552634,-0.33755364884271893,-1.873288271423073,-1.1395305148322319,-1.0562285980350263,-1.0023815006151429,0.3865556717425342,2.258840898497371,3.3861277861449706,2.980401132805643,-1.5126124179046483,1.0358105231201251,-0.5805251344887474,-1.2890130198277496,0.08150700852309688,0.10951037700528406,-0.45406390351523634,-0.21413714841926815,-0.7306138438022698,1.1201839576568444,0.8964234453352813,0.9847319278346619,2.426896271639946,-1.4765428300420795,0.6558453414897343,0.8451542547285166,0.4364357804719846,0.6546536707079772
413,2025,18,1890008,2025-08-10,Cruzeiro 1 x 2 Santos FC,1230,Cruzeiro,56.45,43.55,Casa,0.589213644940596,0.017075896218058828,-0.12718488391391344,2.0328216549778464,1.8077844388016047,1.0103419926975947,-0.8671513311120711,0.4892899976192051,1.5590231500334784,0.5805251344887474,1.2890130198277496,-0.08150700852309688,-2.5713443100233353,0.8434550472701345,1.8702451078420057,-0.7183499119738669,-0.2865943880188751,-0.3137247304014127,-0.3865556717425342,-2.258840898497371,-3.3861277861449715,-1.0332486878252825,1.1556699764797478,0.1732438441221468,-0.2358834785795161,-0.2081453617075185,-0.2509823220552634,0.33755364884271877,-0.5996467524973108,1.5126124179046487,1.6176040775989895,-0.7766403610701649,2.133324073024159,1.4510704453268706,3.0342796836557078,2.6070410640032113,-1.4995923737737409,1.5174287525124066,2.936698483586862,2.480309635280966,-0.24618298195866542,1.166354982688677,-0.4994475219994693,2.1038913914393964,-0.8451542547285166,-0.6546536707079772,-0.4364357804719846
414,2025,18,1890019,2025-08-10,Bahia 3 x 3 Fluminense,1221,Bahia,62.53,37.47,Casa,0.09508734514460992,1.0028766408647165,0.4174937326283675,1.8334089624465344,0.7041949934944209,0.92098865292515,-1.0371810038791438,-0.9182122572514421,1.5180039595641277,-1.0551392619280757,1.335260818379803,-1.6413303828356072,1.0242766059366912,1.1774966501493958,1.185480162646584,1.6082599448525439,0.36828544252267614,0.3859649104832602,1.3975474286076237,0.2509823220552634,0.763676628307075,-0.19320910422749163,0.7697651455028592,0.3967842881507237,1.256770564331968,0.3865556717425342,-0.2509823220552634,0.516247980439235,1.3960487166568427,2.0374056278562462,-0.062461851763194076,0.982631761977397,2.332189606797986,1.4766823599915084,1.4873582551403968,2.1988937350007514,-0.3581081336589691,1.0678202332494713,-0.09082572629650083,0.3165783157235234,0.9847319278346619,-0.36464295516197504,0.9175353151619254,0.1257299488265474,0.0,-1.745743121887939,1.745743121887939
415,2025,18,1890019,2025-08-10,Bahia 3 x 3 Fluminense,1232,Fluminense,37.47,62.53,Fora,-1.7214084756743881,-0.5442002239560523,-0.8520729375371466,-0.6768841094773943,0.014706411923474716,-1.623554959996752,-1.2922255130297529,0.681222123283385,-1.424821169255043,-0.982631761977397,-2.332189606797986,-1.4766823599915084,-0.26603164571861143,-0.6597321656865407,-1.3814953804503978,-0.19512430699041616,-0.6054785334850995,-0.5929973093740183,-0.3865556717425342,0.2509823220552634,-0.5162479804392351,-0.36121702094704977,-1.4684981722835797,-1.0562285980350263,-0.07876200037830709,-1.3975474286076237,-0.2509823220552634,-0.7636766283070751,-0.5779640832943366,-2.037405627856246,0.21618304620195425,1.0551392619280757,-1.335260818379803,1.6413303828356072,-0.9762003745091357,-1.1683217292695407,0.5057177777792367,-0.9554181034337375,-0.09082572629650083,-0.2747997053480899,2.215646837627989,0.786655383601023,-1.3636513402682324,-0.41492923039715907,0.0,-1.745743121887939,1.745743121887939
416,2025,18,1890001,2025-08-09,Sao Paulo 2 x 0 Vitoria,1224,Sao Paulo,52.47,47.53,Casa,0.673646839175876,0.08116514183437087,0.9555922720020593,0.5527235311353463,0.9206392609372621,1.1518525254690994,0.9181602329421924,-0.12489280450616758,0.021326101953267985,1.8273877439034947,0.6096488066148357,0.7063567193649467,0.5788505642415481,-0.15866976136764893,-0.5704983885077021,-0.25054200487035333,0.9599665657331621,0.71237248226473,0.8028463951575712,0.2509823220552634,0.837949345683181,0.6468304793702991,0.6743298766727367,1.4027162862793199,1.734810094414732,0.9812567051925868,1.6313850933592124,-0.021607681418930238,0.39703519113820135,0.8780843273429525,-1.747553313280587,1.4488737780308303,-0.1328180560264293,1.4369397337877614,0.028688119437100503,0.9744517479933725,2.3053550932754985,2.416645791038277,-0.09082572629650083,1.3136642826393383,0.9847319278346619,-0.23006229952314963,0.4387196861211243,1.0373020081183815,1.6903085094570331,1.5275252316519463,0.6546536707079772
417,2025,18,1890001,2025-08-09,Sao Paulo 2 x 0 Vitoria,1238,Vitoria,47.53,52.47,Fora,-0.4701157305867225,-0.6785423482306874,-0.13788202616466746,-0.9365303388225343,-1.3380077237477601,-1.1500283176253565,-0.10201780366024386,0.681222123283385,0.6604519168481786,-1.4488737780308303,0.1328180560264293,-1.4369397337877614,0.7063561343127985,-0.3256905628072795,0.224162968436329,0.09997493422025013,-0.12152972405125398,-0.36296572992909776,-0.9812567051925868,-1.6313850933592124,0.021607681418930064,-0.5292249376666079,1.2542711977927912,0.1732438441221468,0.821413135149453,-0.8028463951575712,-0.2509823220552634,-0.8379493456831812,-0.6717535440235002,-0.8780843273429525,0.09126398743738173,-1.8273877439034947,-0.6096488066148357,-0.7063567193649467,-1.5520315019674025,-0.862211232517696,-0.5413439330549522,-1.6298308823281404,-1.301835410249846,-1.5491963582611008,-1.4770978917519928,-1.2093674026501606,-0.051774372896281944,-1.5800287501947516,-1.6903085094570331,-0.6546536707079772,-1.5275252316519463
418,2025,18,1890004,2025-08-09,Red Bull Bragantino 1 x 3 Internacional,1219,Internacional,45.34,54.66,Fora,0.12619128110553843,-0.7091853270769377,1.207738545668934,0.12531375657230204,0.6539899483540274,-0.3188509381402036,2.023353105928165,0.9279919991373303,-0.11947909649173298,0.5164665938523121,0.20797072867351532,-0.49178782334226656,0.6053822262005735,-0.8267529671261712,-0.6195033812179918,1.3182051351155641,1.3348105945860607,1.4332304039162886,-0.3865556717425342,-1.0039292882210538,-0.7323722055981808,2.494917563285439,-0.6956925897469871,0.1732438441221468,-0.2911669616503106,2.170658772092692,1.6313850933592124,-0.8379493456831812,1.471918590901101,0.46831164124957453,-1.113873376401883,2.642270773797537,-0.16871186982802253,-0.1368682638806542,0.3385235187483104,-0.14795340676339155,0.8142270318643106,0.16860319472360072,1.1201839576568444,0.9199067930179189,0.9847319278346619,0.9710037661180526,-0.024524702950870395,1.7686306623045696,1.6903085094570331,0.4364357804719846,1.745743121887939
419,2025,18,1890004,2025-08-09,Red Bull Bragantino 1 x 3 Internacional,5438,Red Bull Bragantino,54.66,45.34,Casa,-0.12756996301920198,-0.6913573691826844,0.610654478804725,-0.053539442063221386,0.00011602089985077169,-1.2612594081152817,-0.4420771491943893,-1.717929447518857,0.0590065338211336,-2.642270773797537,0.16871186982802253,0.1368682638806542,0.3644266371219939,0.17537184151161223,0.8612425472095542,0.49922684879938656,-1.9306591975156526,-0.9468188631280732,-2.170658772092692,-1.6313850933592124,0.837949345683181,-0.025201187507933483,0.2773748403101974,2.185107840379339,0.9084846209859557,0.3865556717425342,1.0039292882210538,0.7323722055981806,-0.16383958031684037,-0.46831164124957453,0.7748157000844497,-0.5164665938523121,-0.20797072867351532,0.49178782334226656,-0.029663221672062236,0.36223075448968306,0.35416937226376227,1.0678202332494713,-0.6963305682731734,0.01977465302243307,-0.24618298195866542,-0.6321211299454791,0.9525706050917399,-0.1456186961159557,-1.6903085094570331,-1.745743121887939,-0.4364357804719846
420,2025,17,1890025,2025-08-10,Fortaleza 0 x 5 Botafogo RJ,2065,Fortaleza,38.39,61.61,Casa,-1.1058436330052677,-0.44535488007402446,-0.885392858195965,-0.32614815464818125,-0.9529473062243496,-3.6118714552744797,-2.0777778578555477,-1.6289829520460124,-0.3401280780523086,-0.6328300443757197,-1.277120508301896,0.27087612769870856,0.7121183341379806,-0.16024201058412352,-1.4502910735904513,1.5039741508818085,-1.3591756426608013,-1.6055557778829637,0.17323716468431963,-0.3441236008058427,-0.10234307531918095,-1.9038552674393525,0.7422584924197239,-1.5910802549787768,-0.5602906909780495,-1.7131230729893854,-0.8029550685469662,-0.04879219109576014,-0.04360197764103249,-0.8346627897054619,0.427924818811542,1.5131439369542723,-1.0082864766476287,1.0543929772830638,-0.5160363295226983,-0.40524462634640124,-1.6664064695659326,-0.76007691675084,-1.5082093801943046,-0.9605102234067401,-1.1818181818181817,-0.9314491885294833,-0.8137532816079711,-1.134484836391886,-2.5993762245501815,-3.1783965153545006,-1.298218295003951
421,2025,17,1890025,2025-08-10,Fortaleza 0 x 5 Botafogo RJ,1227,Botafogo RJ,61.61,38.39,Fora,-0.05474396187077544,1.156753109453592,-0.18121606943237953,0.5011550115837327,1.0825086399603505,0.22875827704731086,-0.6032258296999977,0.05146423789732451,0.06762746505159999,-1.5131439369542723,1.0082864766476287,-1.0543929772830638,0.20622178040405148,1.3578401949496794,0.7530941013283377,0.7641918060142818,-0.9227112136996629,0.34434228450592863,1.7131230729893854,0.8029550685469662,0.04879219109576014,-0.25628820907837413,-0.4054571718401697,-0.4514635434237304,0.5021019318502128,-0.17323716468431963,0.3441236008058427,0.10234307531918095,-0.14497392837352588,0.8346627897054625,-0.8647923832622803,0.6328300443757197,1.277120508301896,-0.27087612769870856,0.1637128760262808,0.2622171111653185,-0.04227170530557405,1.2014119006706825,1.434638190916534,0.642800622504112,3.3636363636363633,-0.2781578933667803,1.0738271947248932,0.4294481521323725,2.5993762245501815,1.298218295003951,3.1783965153545006
422,2025,17,1889991,2025-08-09,Flamengo 2 x 1 Mirassol,6332,Mirassol,53.59,46.41,Fora,-0.8073808891389399,0.2911064506312684,0.3500742549543509,-0.3494704527562739,0.2392037180347419,0.6367185019472701,0.13405018437777727,-0.5280003103589986,0.1726923173851987,-1.6461307264905674,-0.6273869010205934,-2.483198731091538,-0.8200085772264669,-0.16024201058412352,-0.036495897198355116,0.7988949242024088,0.9164715331908799,-0.07249349940321681,0.558208641760586,0.8029550685469662,0.4044747128037002,-1.354666247985693,1.3755169114535946,1.3017929358917255,0.6679293696663797,-0.558208641760586,-0.8029550685469662,2.771727685740372,2.1389656406740305,-0.9600260186833893,-0.2580774185517877,0.03622539377920293,-0.9894082712650666,-0.5750362501535415,1.126588729076902,-0.30989294955901275,-0.5836499600590266,-0.10624731094366585,0.6989262981388243,0.5144374449308701,-0.27272727272727276,0.9373246632973672,-0.03189585726905508,0.304237617674507,-0.5198752449100363,-0.4924276291394297,-0.4028953329322606
423,2025,17,1889991,2025-08-09,Flamengo 2 x 1 Mirassol,1239,Flamengo,46.41,53.59,Casa,0.8023994090022228,0.788298591603372,-0.2535130010907482,1.474129798629397,0.8374579010335887,0.7104275574160721,0.737276014077775,-0.5280003103589986,1.0502918228309563,-0.03622539377920293,0.9894082712650666,0.5750362501535415,-2.5910150340731914,1.1891643943348125,0.6028662617711235,0.6336419804494241,0.022144862713021858,-1.3843914134269402,0.558208641760586,0.8029550685469662,-2.771727685740372,-0.25628820907837413,0.10919501739692772,-0.3638007194579576,-0.33511864416561715,-0.558208641760586,-0.8029550685469662,-0.4044747128037002,0.35097961490246704,0.9600260186833893,-1.0869654800650945,1.6461307264905674,0.6273869010205934,2.483198731091538,1.8259075437220673,2.3599540004878663,0.2937561769551896,1.691784105026063,-0.03678559463888535,0.6818881797156144,0.6363636363636362,-0.5329584351621458,-0.5553150534792084,0.4675757057005451,0.5198752449100363,0.4028953329322606,0.4924276291394297
424,2025,17,1889970,2025-08-05,Santos FC 3 x 1 Juventude,1220,Juventude,50.04,49.96,Fora,-0.7832086200791248,-0.5898146228001282,0.16490585717607223,-0.25618668066939815,0.8056657190855557,-0.03624517448289265,-1.0724014750222182,1.355259471474052,0.11575000010457798,0.45137794026084205,-0.5666278073925882,-1.602780193137591,-0.07338368649810784,0.8518127931050784,0.4088869217503487,-0.4328213833198358,1.0184431985205367,-0.8144775978251139,-0.9816772665444797,-2.63828093951146,0.38571182754455974,-0.073225202593821,0.6352702323116852,0.3375018722682248,0.505538468144964,0.21173431239194682,0.3441236008058427,-0.08948743380122894,-0.46596967212744494,-0.1813618997601436,-0.06735804233451342,-0.1511541894017201,0.4955705623022076,-0.4291172148607114,-0.9098381703589452,-0.11918959598423566,0.8858053028432027,1.037954499218889,1.434638190916534,1.686027425361473,-0.27272727272727276,0.931163127199541,-0.15293654639265308,1.4470529513903936,-1.0397504898200727,-1.38775059121112,-0.4028953329322606
425,2025,17,1889970,2025-08-05,Santos FC 3 x 1 Juventude,1241,Santos FC,49.96,50.04,Casa,-0.03043698111310421,-0.35209800848598893,0.5565777758597157,0.7667023227388258,0.619421948080272,0.29293946724077724,-0.5362007375111091,1.0448320349081641,0.16450394366541665,0.1511541894017201,-0.4955705623022076,0.4291172148607114,0.7190976778120305,-0.3289178111989905,-0.5236163095471756,-1.158982489993398,0.9820173867161197,-0.10037870755400154,-0.21173431239194682,-0.3441236008058427,0.08948743380122894,-0.4393512155629273,-0.14250091518011127,-0.013149423594866419,0.293520109721832,0.9816772665444797,2.63828093951146,-0.38571182754455974,0.3145100034402591,0.18136189976014314,-0.4110387811256267,-0.45137794026084205,0.5666278073925882,1.602780193137591,0.7160393906649806,0.8343271718896497,-0.6328661650366133,0.7110396963153018,0.6989262981388243,0.6504049985636243,0.6363636363636362,0.11596815844621013,-0.1594792863452796,1.424691109033605,1.0397504898200727,0.4028953329322606,1.38775059121112
426,2025,17,1889979,2025-08-04,Internacional 1 x 2 Sao Paulo,1219,Internacional,52.76,47.24,Casa,0.9534517434760671,0.5341576086877361,0.5184623204002915,-0.1325826630113443,-0.860770398652796,0.7080688676410705,1.5415771203444386,1.306970759119358,2.240357981099165,-0.4031053114993988,0.8852336488620249,0.29738150979834393,0.7895309356583899,1.0204885937199455,0.9020568000762554,-0.5531746155947368,1.1215848506879664,1.48653205741356,0.558208641760586,-0.3441236008058427,-0.7466442839327478,0.47596381685983846,2.1778401501584415,-0.2761378954921848,-0.31235717000558344,0.9816772665444797,-0.22941573387056172,-0.330144925108173,-0.01915368179826484,0.5388288326207165,-1.4690215389280123,0.4179875603057323,1.2754838997193239,-1.4304865945577598,-0.9141567898276577,-1.1680580406455094,-0.40319054180787606,-0.5966195152990464,-0.7724974874165951,-0.7701438353096896,-1.1818181818181817,-0.6981124507511449,0.43591004934376915,0.03903143563320986,-0.5198752449100363,-0.4924276291394297,-0.4028953329322606
427,2025,17,1889979,2025-08-04,Internacional 1 x 2 Sao Paulo,1224,Sao Paulo,47.24,52.76,Fora,0.09053229944111332,-0.9669452721742041,0.19018438641507587,-0.637276628510536,-0.524685652956101,0.13077954520941273,0.6032258296999977,0.24268753882191155,-0.40376919248754145,-0.4179875603057323,-1.2754838997193239,1.4304865945577598,1.2348275085842397,-1.6783242161179264,-1.4371953399049717,-0.606581362416724,0.45577459098227185,-1.8292356248242336,-0.9816772665444797,0.22941573387056172,0.330144925108173,-0.073225202593821,-0.3730537969979852,1.0388044639944072,1.1572423572835535,-0.558208641760586,0.3441236008058427,0.7466442839327478,0.7626658950425976,-0.5388288326207165,0.28172805964770925,0.4031053114993988,-0.8852336488620249,-0.29738150979834393,-0.8276625227610588,-0.5959479799211783,1.4342144440220252,-0.76007691675084,-0.7724974874165951,-0.8458087700267695,0.6363636363636362,-0.6642149762696968,-0.022081747340114578,-1.0226004895541378,0.5198752449100363,0.4028953329322606,0.4924276291394297
428,2025,17,1889957,2025-08-03,Fluminense 1 x 0 Gremio,1244,Gremio,43.68,56.32,Fora,0.5297239069830936,-0.2053705413847859,-0.3926595419176883,-0.8911897248478385,-1.0856370671100803,0.5368279899759496,1.6756273047222159,-0.5280003103589986,-0.5551761217919146,0.1764814365233187,0.19032923405631913,0.8388486012623256,0.49802382685674423,-0.8349452130435915,-0.7663255662507096,2.4343292296198755,1.3805277660961985,1.0584230458384707,-0.5967057894682133,1.3764944032233706,0.3105023698918086,0.6590268233443916,-0.4242815901511258,-1.1527661351499128,-1.5202230669285481,0.21173431239194682,-0.8029550685469662,-0.6388471757062884,-0.8467155933944635,-0.8505732508130767,0.2959271642590291,-0.7820243162603963,-1.5474770657664894,-0.27087612769870856,-0.8958324551130795,-0.30989294955901275,-1.3415795167138609,-0.76007691675084,-1.5082093801943046,-1.2453220792462056,-1.1818181818181817,-1.5950107188735982,-0.699255332437,-1.412301616591552,-0.5198752449100363,0.4028953329322606,-1.298218295003951
429,2025,17,1889957,2025-08-03,Fluminense 1 x 0 Gremio,1232,Fluminense,56.32,43.68,Casa,0.7941481862168769,0.24331045322406344,-0.021871192306385272,-0.04044201811656379,-0.340240132737253,0.5123958950565571,0.5362007375111091,0.31890941401562817,0.8162200787622151,0.7820243162603963,1.5474770657664894,0.27087612769870856,-1.220067424935068,-0.3289178111989905,0.7109388679402249,-0.7451988738310953,0.8167913755122396,0.37145600935182005,-0.21173431239194682,0.8029550685469662,0.6388471757062884,0.8420898298289448,1.0779520794902848,-0.2761378954921848,-0.6714333038277753,0.5967057894682133,-1.3764944032233706,-0.3105023698918086,-0.995342553910199,0.8505732508130767,-0.4866246273550369,-0.1764814365233187,-0.19032923405631913,-0.8388486012623256,0.01683651203931288,-0.2145412727716242,-0.9281633949021331,-0.9235343182026335,-0.03678559463888535,-0.6384466506319182,-0.27272727272727276,0.1199855300981572,0.23635648078864846,0.16749409285195244,0.5198752449100363,1.298218295003951,-0.4028953329322606
430,2025,17,1889961,2025-08-03,Botafogo RJ 0 x 2 Cruzeiro,1227,Botafogo RJ,56.51,43.49,Casa,0.3799153794864901,0.37765328277286336,0.44885441821119937,0.22815285555216713,-0.6735025840170601,0.5232065565253149,-0.2010752765666659,-0.5280003103589986,1.1485125112485104,1.1420550908024432,0.12101082366722564,0.4917543118623373,-0.6620441596525393,0.34578539126047747,0.7621748412760945,-1.9773545308477298,-0.17822897824983852,0.770274194577617,0.17323716468431963,0.22941573387056172,-2.042125304652381,1.0251528363134979,0.28207922970577604,0.6004903441655431,0.9110940933292893,-0.558208641760586,0.9176629354822472,-0.6388471757062884,0.42594980536071814,0.30929936393202756,-0.34781271990237644,0.12062254920993898,0.13636684666296772,0.3917584247921781,0.07518678682149516,0.548272141527484,0.17427959659580725,-0.4331621138472529,-1.5082093801943046,-0.7422660023341042,-1.1818181818181817,-0.8169394643060116,0.7794038968566821,-0.9216007673039791,-1.0397504898200727,-0.4924276291394297,-1.298218295003951
431,2025,17,1889961,2025-08-03,Botafogo RJ 0 x 2 Cruzeiro,1230,Cruzeiro,43.49,56.51,Fora,-0.18525304254537578,-0.18726756067749986,0.009211299518358473,-0.16271028626577283,0.10598795400566341,0.009700136759327217,0.13405018437777727,-1.9042286124677656,-0.34486627945334464,-0.12062254920993898,-0.13636684666296772,-0.3917584247921781,-0.0358806489102827,-0.16024201058412352,-0.2293739384042148,0.02865498392935173,-0.9062515030363164,1.0550134285059058,0.558208641760586,-0.9176629354822472,0.6388471757062884,1.5743418557671573,-0.3930275064100667,0.07451340037090638,-0.40416178245105233,-0.17323716468431963,-0.22941573387056172,2.042125304652381,-0.7979070540629651,-0.309299363932028,0.7513468913068112,-1.1420550908024432,-0.12101082366722564,-0.4917543118623373,0.27122335439849965,-0.6912996567085669,0.2530255245599453,-0.4331621138472529,-0.03678559463888535,0.2691374082387248,0.6363636363636362,1.1110176734560966,-0.3066909352793852,0.06496223296199818,1.0397504898200727,1.298218295003951,0.4924276291394297
432,2025,17,1889965,2025-08-03,Corinthians 1 x 1 Fortaleza,1237,Corinthians,71.56,28.44,Casa,0.8124380426287657,1.3837460343679182,0.7597327887162626,1.1497478281219733,0.5718762008017079,0.5672213925052566,0.5362007375111091,1.271682853937082,0.09345376450882519,-0.06042487475994044,1.4519243031378308,0.7242576636135257,1.6128082372091368,2.0325433974091474,1.9448734102788443,-0.08663291921875636,0.3252132429230276,0.5803484325975099,1.328151595913119,0.22941573387056172,0.6639565942104354,1.0251528363134979,-0.6378074984516231,2.5290724714125448,2.221450133489376,1.3666487436207462,0.3441236008058427,-0.5439910031851831,-0.06879342140343356,1.6624840811346502,-1.184563910650956,-0.43558253225084215,1.4667456079819172,0.060441148546734755,1.4093204748245904,0.9296788486770382,0.9322091532506411,0.7110396963153018,0.6989262981388243,0.8566496483924294,-0.27272727272727276,0.3562250379611327,2.601556973663277,0.6380449735182573,0.0,0.4028953329322606,-0.4028953329322606
433,2025,17,1889965,2025-08-03,Corinthians 1 x 1 Fortaleza,2065,Fortaleza,28.44,71.56,Fora,-0.6870402411675737,-1.4394265285258752,-0.7229280602064981,-1.432046380068866,-0.45095413732820283,-0.768098506808656,1.2064516593999954,-0.6338640259058265,-2.1549847591586753,0.43558253225084215,-1.4667456079819172,-0.060441148546734755,-0.07647761184114064,-2.1843516179625273,-1.8625821517143848,0.004486194594688066,-0.178433024249797,-0.27960598386142455,-1.3666487436207462,-0.3441236008058427,0.5439910031851831,0.6590268233443916,-1.8303641890186093,-0.626789191355276,-1.1160037552266786,-1.328151595913119,-0.22941573387056172,-0.6639565942104354,-0.9818744744258142,-1.6624840811346502,2.4451247450055082,0.06042487475994044,-1.4519243031378308,-0.7242576636135257,-1.8895194723894577,-1.072706363858121,1.3498438069175906,-0.9235343182026335,-0.03678559463888535,-0.568985516795648,-0.27272727272727276,0.3020467829504226,-1.3371724778181244,-0.7525761091771667,0.0,0.4028953329322606,-0.4028953329322606
434,2025,17,1889976,2025-08-03,Atletico MG 2 x 1 Red Bull Bragantino,5438,Red Bull Bragantino,40.45,59.55,Fora,-1.4461392096578245,-1.3418056269781378,-1.4218674699113116,-1.1434815746414104,-0.16329136318569903,-1.4713604844604684,-1.8767025812888818,0.572982331328016,-1.4243661960007705,-1.1618986937085243,-0.8142256754202273,-1.8851586848835786,-1.2030880593837407,-0.6662694124287245,-1.0731591275518964,-0.606581362416724,-2.535584813505963,-1.0586890995019878,-2.136591697773279,-1.4912022701586516,-1.6009025785746471,-2.2699812804084587,-1.0270193201222975,-1.0651033111841401,-0.7418758049297146,-1.7131230729893854,-1.3764944032233706,-0.9484584023537301,-1.0794834315402182,-1.617896385472035,1.3658984020668639,-0.8127035810082146,-0.9928555957262303,-1.1449897926866863,-0.8181845246806899,-1.072706363858121,-0.5063102093799624,-1.5773639240098076,-0.03678559463888535,-0.6019493064156158,-0.27272727272727276,3.02105757189878,-0.8857234210868672,-0.7847302969598566,-0.5198752449100363,-0.4924276291394297,-0.4028953329322606
435,2025,17,1889976,2025-08-03,Atletico MG 2 x 1 Red Bull Bragantino,1235,Atletico MG,59.55,40.45,Casa,0.6838695912829075,0.47127988608755345,1.4460551010848004,1.5751160025624262,1.9462723770317254,-0.084893151092302,-1.0724014750222182,1.0448320349081641,1.476164436807264,0.8127035810082146,0.9928555957262303,1.1449897926866863,0.49626717787633773,-0.8349452130435915,-0.3695527188189507,0.9864793468409314,0.5438490064045063,1.2336100731725732,1.7131230729893854,1.3764944032233706,0.9484584023537301,0.47596381685983846,0.9180940017847978,0.688153168131316,1.08519734342049,2.136591697773279,1.4912022701586516,1.6009025785746471,2.966325651800919,1.6178963854720354,0.4001079390680174,1.1618986937085243,0.8142256754202273,1.8851586848835786,1.9831832644738632,2.3599540004878663,0.318647131196728,2.5090711122850307,2.1703500836942435,2.914089212464873,0.6363636363636362,0.7264104000938517,0.5536793684910538,2.644953125081261,0.5198752449100363,0.4028953329322606,0.4924276291394297
436,2025,17,1889982,2025-08-03,Vitoria 2 x 2 Palmeiras,1238,Vitoria,40.34,59.66,Casa,-0.19609112919587302,0.5049113779560317,-0.0038286406154653305,0.13109794759508694,-0.12774456803443854,0.058063622277453465,-0.2010752765666659,1.0448320349081641,-0.7987997360833722,0.19376056861942276,-0.587485406697724,0.35243114954374044,0.4050743916861258,0.5144611918753444,1.4875028984701675,-0.7022166997491197,-1.5193322270676861,-0.48247185009197846,-0.21173431239194682,0.22941573387056172,0.9484584023537301,-1.17160324150114,0.3315223085264203,-0.626789191355276,-1.492866637878049,-0.17323716468431963,1.4912022701586516,0.1615259844980372,0.12593317516287178,-0.23749772587637846,0.6476359209264667,-2.514433008956291,0.20281240734752093,0.36294822685779177,0.19612888205141354,0.6436238183148726,-0.5551563677035823,0.22066749195992122,-0.7724974874165951,-0.5236778446445363,0.6363636363636362,-0.9841293978424994,-1.1278047993340627,-0.7083812087989367,0.0,-0.4924276291394297,0.4924276291394297
437,2025,17,1889982,2025-08-03,Vitoria 2 x 2 Palmeiras,1234,Palmeiras,59.66,40.34,Fora,-0.1094765812365989,-0.30511901202243197,-0.30476937746199545,0.10686677418145409,-0.30361659871451174,0.759960042691107,0.9383512906444409,-1.586637465827281,-1.246424265648086,2.514433008956291,-0.20281240734752093,-0.36294822685779177,-0.18302111505745483,-0.49759361181385753,0.5950826691984618,-0.7168734564284142,-0.3404599514641724,-1.0192684330399928,0.17323716468431963,-1.4912022701586516,-0.1615259844980372,0.10983780389073215,-2.0998187777429416,0.7758159920970888,0.5125350091043344,0.21173431239194682,-0.22941573387056172,-0.9484584023537301,-0.5967698615382371,0.23749772587637846,0.1922737005963952,-0.19376056861942276,0.587485406697724,-0.35243114954374044,-0.045084886304545595,-0.5959479799211783,-1.4343872175287387,-0.10624731094366585,-0.03678559463888535,-0.358609629417318,-0.27272727272727276,-0.4708611179615837,0.21672826093076744,0.44045822205002244,0.0,-0.4924276291394297,0.4924276291394297
438,2025,17,1889985,2025-08-03,Ceara 1 x 1 Flamengo,1239,Flamengo,70.39,29.61,Fora,0.7356049796902562,0.4656844537097293,0.21176036404250306,0.6188934824418717,-0.40855894117098024,0.8016985965357019,-0.26810036875555454,0.38948522438018013,-0.2065541610593531,0.9484166643637627,1.5824060168114193,0.7242576636135257,-1.0666521287765456,0.6831369924902114,0.39197644671755777,0.946961561805083,0.5079247779468877,1.2815373627330275,0.558208641760586,0.22941573387056172,0.626701574994418,1.0251528363134979,-0.5288223289661205,0.688153168131316,0.8097691906915282,1.3666487436207462,-0.8029550685469662,-0.8468951239620645,-0.477615166297455,1.3421889829343965,-1.788377322836588,1.615620237363917,1.3191058130932756,-0.2903653792425581,0.10464451298237283,-0.30989294955901275,0.17427959659580725,0.05721009050812768,-0.7724974874165951,-0.43906496711235915,-0.27272727272727276,-0.7427128025694495,1.7411866698928387,-0.6258464521957293,0.0,0.4028953329322606,-0.4028953329322606
439,2025,17,1889985,2025-08-03,Ceara 1 x 1 Flamengo,7334,Ceara,29.61,70.39,Casa,-0.3764692491973376,-0.3836991953710531,-0.46777235524018623,-1.180327459870749,-0.31644570790213367,-0.5042976767097858,-0.13405018437777727,-0.7782236380151379,0.12949446827164585,-1.615620237363917,-1.3191058130932756,0.2903653792425581,1.2576685761295157,-0.16024201058412352,-0.8108610958263088,-0.5151964845213234,-0.15056523775941846,0.4650310987154546,-1.3666487436207462,0.8029550685469662,0.8468951239620645,-0.073225202593821,0.21242467163343598,-1.5910802549787768,-1.5120471503109139,-0.558208641760586,-0.22941573387056172,-0.626701574994418,-0.5671289698708081,-1.3421889829343965,1.1566645833239217,-0.9484166643637627,-1.5824060168114193,-0.7242576636135257,-1.072457176123654,-1.072706363858121,2.2779208150663663,-0.76007691675084,0.6989262981388243,-0.5206501148308218,-0.27272727272727276,0.09334750023083295,-1.5465401563021854,-0.7054278410548819,0.0,0.4028953329322606,-0.4028953329322606
440,2025,16,1889973,2025-08-02,Mirassol 3 x 2 Vasco da Gama,6332,Mirassol,40.9,59.1,Casa,-0.27004861971500677,0.4479544418643273,0.2793854305150181,0.24591011994353987,0.18244139986949043,-0.37067194128527403,-0.3286217316660922,0.67472045836652,0.5892371360458951,-2.1368571861311443,-0.9962890060907161,0.14504095677645829,0.19244595847550391,0.4125347305153958,-0.05618759441728656,-1.444747371718819,-1.3405851287234103,0.16291282912235186,0.18635220382275056,1.2491184275364493,0.06850496734264608,0.060550484197667044,0.7238440618612659,-1.2070641643055915,-0.48086007995664615,0.3460826642422516,1.3352645259872389,-0.8103378083212163,0.4176350111072763,-0.4576180382956543,-0.30538571270250936,-0.08441837557705448,0.5264753786316737,0.5223673408531978,0.39241579858494224,-0.3425064131464547,0.16893197165584783,0.1889822365046136,-0.03263376665824177,-0.06453324927175734,1.8250754075678637,-0.31632635043744717,-0.5931087458822251,-0.21069138529939016,0.7453559924999299,-0.6965260331469922,1.6915632233569813
441,2025,16,1889973,2025-08-02,Mirassol 3 x 2 Vasco da Gama,1226,Vasco da Gama,59.1,40.9,Fora,-0.5012515083103627,-0.47566740495077964,-0.11669554893896687,0.7768741807161693,0.14716892070290413,-0.03176707740934003,-0.9715772936214908,0.5234956478946228,-0.3961458224559284,0.08441837557705448,-0.5264753786316737,-0.5223673408531978,-0.8052952732929632,-0.16646138248866818,-0.054861047084960014,-0.7165514896924121,-1.3456750079918145,0.07383822429809182,-0.3460826642422516,-1.3352645259872389,0.8103378083212162,0.36330290518600333,0.6666812220077004,0.8498164744214243,1.3040767555132418,-0.18635220382275056,-1.2491184275364493,-0.06850496734264622,-1.1445032638897294,0.4576180382956543,-0.24978219587681108,2.1368571861311443,0.9962890060907161,-0.14504095677645829,1.7986306352547652,-0.2244007534407806,-1.0288438344118749,-0.1889822365046136,-0.03263376665824177,0.17545547704737652,0.8385481602338833,0.45823280393444676,1.1659478020834824,-0.006726567768673583,-0.7453559924999299,-1.6915632233569813,0.6965260331469922
442,2025,16,1889988,2025-08-02,Sport Recife 0 x 0 Bahia,1231,Sport Recife,34.06,65.94,Casa,-0.44587346399592864,-0.6667837993829703,0.11545299777040212,-0.8925163993270326,-0.37537577771616476,-0.027285435342580988,0.10001530963750686,0.9674136399250294,-0.3541782719396632,0.41568700047578555,-0.02017137234086169,-1.340985330914573,0.6530948050823193,-0.021712354237652193,-0.10261466855684248,-0.8765945406872269,0.06416798734112207,0.18832398118672553,-0.3460826642422516,-2.196725510495135,-0.3037717109201703,-0.5449543577790056,1.032407135869133,-1.4235779157505404,-1.6718837632751098,-0.18635220382275056,0.47380354147934284,2.890536271110257,1.3413917866262335,-0.8518113409869511,1.2836859536807077,-1.1944450521419134,-0.7179671688832009,-0.9411264680395109,-1.0591606193984677,-0.46061207285212874,-1.0288438344118749,-1.3228756555322951,-0.03263376665824177,-0.6244222272371363,-1.1345063344340773,1.4793021589860815,-1.3157672475515036,-0.6865372926455101,0.0,1.2935483472729858,-1.2935483472729858
443,2025,16,1889988,2025-08-02,Sport Recife 0 x 0 Bahia,1221,Bahia,65.94,34.06,Fora,0.5210518457837455,0.1803515004768078,0.9140366515958731,0.5873923072608433,-0.1325849418904501,0.9282006532903996,-0.9001377867375576,0.17063775679353077,0.1468652937491482,1.1944450521419134,0.7179671688832009,0.9411264680395109,0.8825079441952557,0.4125347305153958,0.5963226090484277,2.667904371089411,-0.31002406128583204,-0.3390169696670099,0.18635220382275056,-0.47380354147934284,-2.8905362711102573,0.060550484197667044,0.26282618061981083,1.7158714802012205,1.6676642468849805,0.3460826642422516,2.196725510495135,0.3037717109201701,0.902163589819154,0.8518113409869511,-0.8861343992316527,-0.41568700047578555,0.02017137234086169,1.340985330914573,0.13660118480098749,1.1928671630273084,0.38030417272662265,0.3779644730092272,-0.6853090998230794,-0.16177086916918137,-1.1345063344340773,-0.5937702230539107,1.7052978057683585,-0.2933329897767835,0.0,1.2935483472729858,-1.2935483472729858
444,2025,16,1890010,2025-07-30,Gremio 2 x 1 Fortaleza,2065,Fortaleza,58.6,41.4,Fora,0.7597485167814259,-0.41913164202509023,0.2747011884689062,-0.15579378104004912,0.17944256109185358,0.9940017038705765,2.4575190368073017,-0.03692570856005203,0.33132754541488735,0.9420678932777377,0.5873060912162276,0.2639230597917409,-0.15419408254885833,-0.16646138248866818,-0.15774411182509618,-0.19891827234833975,1.8128228073389114,1.1336063356887778,-0.8785175323072537,-0.47380354147934284,0.0954936295564019,1.2715601681510122,0.5263643057940361,1.4993577287562714,0.6191156946225886,0.8785175323072537,-1.2491184275364493,-0.8103378083212163,-1.2784741766586876,0.6786789546074896,-0.9197964775989743,0.06577352075303117,-0.48125891896899464,-0.1338256640391673,-0.6867694957595242,0.011810565970567576,-0.8110664151268339,0.0,-0.03263376665824177,0.5529650054689783,-0.14797908710009697,0.7234307221342661,0.6054468178619445,0.3141162620658706,-0.7453559924999299,-0.6965260331469922,-0.29851115706299675
445,2025,16,1890010,2025-07-30,Gremio 2 x 1 Fortaleza,1244,Gremio,41.4,58.6,Casa,0.44229168485757636,-0.4569549585290234,0.4695924053222383,-0.5601456471258349,-0.12703642264975765,0.1527950913399099,1.2430474197804378,1.178803159939508,0.5374048135431106,-0.06577352075303117,0.48125891896899464,0.1338256640391673,0.9499488072494671,-1.3244536084967962,-0.8739671208484929,-0.22823189821588052,0.9273051638089592,0.74218184433117,-0.8785175323072537,1.2491184275364493,0.8103378083212162,0.36330290518600333,0.9698469184541175,-0.01623853135837179,-0.7333322878267562,0.8785175323072537,0.47380354147934284,-0.09549362955640203,0.14832206586508395,-0.6786789546074896,0.6951135107046558,-0.9420678932777377,-0.5873060912162276,-0.2639230597917409,-0.7106744828878818,-0.3425064131464547,-0.5497335119847856,-0.7559289460184544,0.6200415665065959,-0.12226110459761981,-1.1345063344340773,0.9883608969009483,-0.9068482905093755,1.8181795255020188,0.7453559924999299,0.29851115706299675,0.6965260331469922
446,2025,16,1890104,2025-07-28,Flamengo 1 x 0 Atletico MG,1235,Atletico MG,36.61,63.39,Fora,-1.0305633635065234,-0.5118421381503802,-0.033592765052903116,-0.5791275622648718,-0.28425282581138195,-2.2591431845884737,-0.7572587729696914,0.01722128240175213,-1.2179614022769563,-0.03149441781212769,-2.2099573914168618,0.6566854507662823,0.3147960339143954,-0.6007084672417161,-0.29774776319531604,-0.7266653213872235,-0.13357308146282565,-0.34003857363416523,0.18635220382275056,-1.3352645259872389,0.3289001275527208,-1.1504591997556781,-0.6090006093181582,-0.01623853135837179,0.08477822359303554,0.8785175323072537,0.47380354147934284,1.6256714766239735,0.22182067632819294,-0.5900351727812053,1.2184599631304842,-0.5594941143132757,-0.9126507212023451,0.08083503895257849,-0.8946593940285155,-0.5787177325578028,1.1489303584385295,0.1889822365046136,-0.03263376665824177,-0.013709116238517212,-1.1345063344340773,-0.25175439553352963,-1.3051917572831728,-0.167496293682892,-0.7453559924999299,0.29851115706299675,-1.2935483472729858
447,2025,16,1890104,2025-07-28,Flamengo 1 x 0 Atletico MG,1239,Flamengo,63.39,36.61,Casa,0.5404311866654806,0.5957498926497419,0.7459130473091266,0.7509302346630455,-0.2355006595548522,1.6324160100471026,0.528652350941106,-0.23262840446485986,0.020580253940921486,0.5594941143132757,0.9126507212023451,-0.08083503895257849,-0.00037247393736499466,2.0047740412765718,1.7305466031089922,0.9414945186138682,1.1871802544907806,0.19897322083215455,-0.8785175323072537,-0.47380354147934284,-1.6256714766239737,-0.09082572629650111,1.0429801317970544,-0.01623853135837179,0.19931369519180717,-0.18635220382275056,1.3352645259872389,-0.3289001275527209,2.3906500875480896,0.5900351727812053,-1.737884709346739,0.03149441781212769,2.2099573914168618,-0.6566854507662823,0.8604138252203972,0.011810565970567576,-0.3444005166588905,0.7559289460184544,-0.6853090998230794,-0.3826028916256999,-0.14797908710009697,-1.0718240838958675,1.06371806282295,-0.481016652489284,0.7453559924999299,1.2935483472729858,-0.29851115706299675
448,2025,16,1890112,2025-07-27,Palmeiras 1 x 0 Gremio,1244,Gremio,42.38,57.62,Fora,0.17791236649204334,-0.9626575731368828,-0.8625787708414913,-0.9897822158099255,-0.47379486233800816,-0.38325586235942466,1.0287288991286383,1.0527824845462612,-0.12221960506954622,-0.7359192779430166,-0.8884620581764885,1.2489461990612252,1.169598122475508,-1.4692026367478122,-1.0291065820131227,0.9053393384573124,1.120352276814112,1.1328332345036147,-0.8785175323072537,-0.47380354147934284,0.6191109455036249,1.2715601681510122,-1.1362950438610286,-0.9905504128606424,-1.61324037155074,-1.7836568080177568,-1.2491184275364493,-0.8103378083212163,-1.287412100924083,-1.4401332416223733,0.949116038342178,-1.709054614401651,-1.5050124303932848,-0.2639230597917409,-0.7500601314323027,-0.9330347116748251,-0.7293998828949438,-1.3228756555322951,-0.03263376665824177,-0.6479050898227774,-1.1345063344340773,1.4017313464835193,-0.34987246971061453,-0.7064952209025647,-0.7453559924999299,0.29851115706299675,-1.2935483472729858
449,2025,16,1890112,2025-07-27,Palmeiras 1 x 0 Gremio,1234,Palmeiras,57.62,42.38,Casa,1.081037466066599,0.7591058755655624,0.40313231586482035,0.27753575403259884,-0.7888944802213663,1.3196119682330822,1.4573659404322372,0.28446288295517325,1.3506982339178637,1.709054614401651,1.5050124303932848,0.2639230597917409,-1.1102795016038574,0.1230366740133638,-0.11938840730532015,-0.16815706001820466,1.0307871675005407,1.3815724067945905,1.7836568080177568,1.2491184275364493,0.8103378083212162,1.1201839576568442,0.09066639875950828,0.09201834436410272,-0.01055842038986687,0.8785175323072537,0.47380354147934284,-0.619110945503625,-0.23639587937812964,1.4401332416223733,-0.42354369595635344,0.7359192779430166,0.8884620581764885,-1.2489461990612252,0.030493915392758884,-0.3425064131464547,0.5681905736784221,-0.3779644730092272,-1.3379844329879171,-1.129577337163138,-0.14797908710009697,-1.3919460153511525,1.158897475237928,-1.115865250675309,0.7453559924999299,1.2935483472729858,-0.29851115706299675
450,2025,16,1890117,2025-07-27,Sao Paulo 3 x 1 Fluminense,1224,Sao Paulo,43.6,56.4,Casa,0.31191280729325077,-0.5294389231569353,-0.5871003236777274,-0.30741756037860973,0.542070627535417,-0.4705605779456353,1.2430474197804378,0.2660047543884207,-1.0944743275382556,-0.0038719040822587755,-0.4117534463451647,1.5945683531908688,0.9968563811421794,-1.3244536084967962,-0.8348768629172468,1.1403480094749252,0.8369748756476055,1.3751403259600854,-0.3460826642422516,0.3876574430285532,0.6036383193313433,1.4229363786451803,-0.7864473994669311,-0.6657797856932188,-0.8358619778231804,-1.2512219399527549,-1.2491184275364493,-0.8103378083212163,-0.9929707680621899,-0.5120139929093102,-0.9870241879667827,0.9401191039620636,-1.1568012360459812,0.39275903305458126,0.04638595438627108,-0.3425064131464547,1.6062629389371146,0.3779644730092272,0.6200415665065959,0.6081195062026313,1.8250754075678637,0.3145064546675837,-0.5578571116544552,1.3999584192728032,1.4907119849998598,0.29851115706299675,1.6915632233569813
451,2025,16,1890117,2025-07-27,Sao Paulo 3 x 1 Fluminense,1232,Fluminense,56.4,43.6,Fora,0.11695100837063242,0.7232478960136097,0.3339472676306041,-0.4142205559535704,-1.0901485518551266,-0.5316738788559827,-0.7572587729696914,-1.8456930494984236,0.4469702578747676,-0.9401191039620636,1.1568012360459812,-0.39275903305458126,-1.098829317037167,0.1230366740133638,0.2696145425518713,-0.8364896349673498,-0.09873369039391092,1.2093198321922565,1.2512219399527549,1.2491184275364493,0.8103378083212162,0.8174315366685078,0.7299920223883513,0.7415595986989498,0.9202469475027144,0.3460826642422516,-0.3876574430285532,-0.6036383193313434,-0.24372477318588234,0.5120139929093106,-0.6040733397315372,0.0038719040822587755,0.4117534463451647,-1.5945683531908688,-0.986081309877888,-0.9330347116748251,0.6822644599705857,-0.944911182523068,-1.3379844329879171,-1.4623359351944205,-0.14797908710009697,-1.6617006191571448,0.612497144707498,-1.3986745633051596,-1.4907119849998598,-1.6915632233569813,-0.29851115706299675
452,2025,16,1890125,2025-07-27,Cruzeiro 1 x 2 Ceara,1230,Cruzeiro,61.54,38.46,Casa,0.3371069210357752,1.1800765438841607,0.05862217947423143,0.8359267049719672,0.17409371024599057,-0.4127066530838397,-0.9001377867375576,0.7587342419620178,0.5111545404586695,1.5988108343844485,0.7851256755027672,0.6948706832221402,-0.5119222307889716,1.4257779282725078,1.8590576159049352,-0.8765945406872269,-1.7625107334782237,0.09287783550499425,0.18635220382275056,1.2491184275364493,0.13420286450091504,-0.24220193679066926,-0.33517801758527377,0.5250458472540007,0.3194291827259745,0.8785175323072537,-0.3876574430285532,-0.6462492623117357,-0.08679290531136964,1.480654301507553,-0.0907616306936645,0.14755086270624534,1.2281169441063062,-0.21733412752899509,0.8522697018030045,0.9566558436159602,-1.0288438344118749,0.7559289460184544,-0.03263376665824177,0.011610972302718224,-0.14797908710009697,-0.6648851724186722,0.7852301524235695,-0.14597691934233606,-0.7453559924999299,-0.6965260331469922,-0.29851115706299675
453,2025,16,1890125,2025-07-27,Cruzeiro 1 x 2 Ceara,7334,Ceara,38.46,61.54,Fora,-0.708690006403148,-0.046670484861795064,-0.44502037665821065,-1.0176423237066157,-0.5019636212692309,-1.631713295242239,-0.257182224782159,-0.443028140773585,-1.152018190700262,-0.14755086270624534,-1.2281169441063062,0.21733412752899509,0.1821526009486214,0.7020327870174278,-0.39785463718590747,0.5961174029078211,-0.6717218249148468,-0.890786977163119,-0.8785175323072537,0.3876574430285532,0.6462492623117357,0.5146791156801716,0.04089386864258246,-1.4235779157505404,-1.759492716903824,-0.18635220382275056,-1.2491184275364493,-0.13420286450091518,-0.3666466971622776,-1.4806543015075528,2.139372369913026,-1.5988108343844485,-0.7851256755027672,-0.6948706832221402,-1.1099186345940022,-1.2873516907918474,-0.3444005166588905,-0.5669467095138409,-0.6853090998230794,-0.6784957976230747,0.8385481602338833,-0.4305184546516072,-1.2135375082909716,-0.7324940593910276,0.7453559924999299,0.29851115706299675,0.6965260331469922
454,2025,16,1890129,2025-07-27,Internacional 1 x 1 Vasco da Gama,1226,Vasco da Gama,43.25,56.75,Fora,-0.9178099646966487,-0.7844453874018753,-0.011330834069550785,-0.3629076672324587,-0.11725508534526215,-0.8250177232256513,-0.0428637041303595,1.0527824845462612,-2.1703989423298626,-0.9796129694888601,-1.2215469215714514,-0.4874727964458781,0.677511923456303,-1.0349555519947642,-1.6119659083340367,0.09859315436699832,-0.1544741420819308,-0.5537209535510339,-0.8785175323072537,0.3876574430285532,0.5484063000884771,-0.09082572629650111,-1.4959353243282094,-0.44926603424826983,-0.3203696386294823,-0.18635220382275056,0.47380354147934284,1.8273898392993204,1.6805907427990834,-1.0686395544179723,0.9057468250092916,1.1431753335665906,-0.6646853545642774,0.08083503895257849,0.20085920109983627,-0.814929051969151,1.1489303584385295,0.5669467095138409,-0.03263376665824177,0.10701805290025432,-0.14797908710009697,-0.4311904162861369,-0.7059139754110885,-0.06489107800436596,0.0,0.29851115706299675,-0.29851115706299675
455,2025,16,1890129,2025-07-27,Internacional 1 x 1 Vasco da Gama,1219,Internacional,56.75,43.25,Casa,0.2208960400110498,0.3551113821487176,0.12337901728190416,0.7253569503640996,0.9820373760082324,-0.03983403312950574,-1.0430168005054241,-2.122938535363567,1.4259079235914809,-1.1431753335665906,0.6646853545642774,-0.08083503895257849,-0.7023904766254433,0.7020327870174278,1.005864079234035,-1.444747371718819,-1.8004927263554842,-2.0729279585239793,0.18635220382275056,-0.47380354147934284,-1.8273898392993206,-2.2100926732148554,1.358399531542952,1.824128355923695,1.476340424033148,0.8785175323072537,-0.3876574430285532,-0.5484063000884771,-0.7230211998390669,1.0686395544179728,-1.1409665914843021,0.9796129694888601,1.2215469215714514,0.4874727964458781,0.12376852902109617,1.0747615033216342,1.4927894415201723,2.834733547569204,1.2727168996714335,1.184845885227388,-0.14797908710009697,-0.7333392145996239,0.4926415883330812,0.8511476064869741,0.0,0.29851115706299675,-0.29851115706299675
456,2025,16,1890131,2025-07-27,Bahia 3 x 0 Juventude,1221,Bahia,62.93,37.07,Casa,1.4014712743830988,1.3911914791112578,0.8097649544921911,0.9774798495878758,2.0517672732214463,1.5797033628809392,-0.18574271789822586,0.17063775679353077,2.042501526020758,0.8476912664187856,1.5012989393953236,1.6429554547690186,1.494811875191299,1.7152759847745398,1.6781756806241814,0.9414945186138682,-0.12728924966031466,0.5600824575125806,1.7836568080177568,0.3876574430285532,0.3289001275527208,0.6660553261743396,1.0830946980414413,0.7415595986989498,1.3049665023524093,0.8785175323072537,1.3352645259872389,0.8625042274290129,0.15409804574392397,1.604481610194505,-1.1656469699376857,1.543010262292229,0.9149458699448945,1.0620696276864108,0.3284222905256932,1.7833954615556789,-1.4281024364344486,0.944911182523068,3.2307428991659464,2.66147167458532,1.8250754075678637,1.7960983264400943,1.3140046658401148,2.1061220142724304,2.23606797749979,1.2935483472729858,1.6915632233569813
457,2025,16,1890131,2025-07-27,Bahia 3 x 0 Juventude,1220,Juventude,37.07,62.93,Fora,-1.0241015338539272,-1.3179947037542765,-1.5071805220587071,-1.6556105860179238,-1.4544591457501803,-0.9594669852284159,-1.1144563073893572,-0.39848787401468166,-1.158553341616243,-1.543010262292229,-0.9149458699448945,-1.0620696276864108,0.30182719985002104,-1.1797045802457802,-1.8784921764768328,0.2230561000190804,0.2389596722513553,-1.4556523890764184,-0.8785175323072537,-1.3352645259872389,-0.8625042274290132,-1.9073402522265188,-2.3676987876341404,-1.4235779157505404,-0.08651213840990128,-1.7836568080177568,-0.3876574430285532,-0.3289001275527209,-1.1731519256947327,-1.6044816101945056,0.7300695122990194,-0.8476912664187856,-1.5012989393953236,-1.6429554547690186,-1.873706339712848,-1.6416686699088696,1.3667077777235694,-1.7008401285415224,-1.3379844329879171,-1.6088117775898974,-1.1345063344340773,-1.224365460034217,-1.0936819519165548,-1.5231634046148252,-2.23606797749979,-1.6915632233569813,-1.2935483472729858
458,2025,16,1889954,2025-07-26,Sport Recife 2 x 2 Santos FC,1231,Sport Recife,40.02,59.98,Casa,-0.16635126994658178,0.390149669847766,-0.36547074045899075,1.1155728011982442,1.068152179732254,0.7068890195937277,0.24289432340537323,0.3117809132339685,0.5490532462893332,-0.1731073753465958,0.37181287428309484,-1.5924667026776715,-0.5289961744843966,-0.8902065237437482,-0.2529439159765003,-0.7061486913777493,0.8355843440659372,-1.1210887768825155,2.3160916760827592,0.3876574430285532,0.6537182695735217,-0.5449543577790056,-1.19699882625296,-0.44926603424826983,-0.428067171625342,0.8785175323072537,-0.3876574430285532,-0.24139747878376142,-0.49246531375240976,-0.10689042985166783,0.7334951345074592,-0.5488230630934856,0.2662010218310918,2.243408567439673,2.05957204537388,2.019606780967027,0.35805446735075114,0.7559289460184544,0.6200415665065959,1.8119395923607842,-0.14797908710009697,1.1935572518201192,-1.2523143059415183,1.3841103648293693,0.0,-0.6965260331469922,0.6965260331469922
459,2025,16,1889954,2025-07-26,Sport Recife 2 x 2 Santos FC,1241,Santos FC,59.98,40.02,Fora,-0.846121387312557,0.14864833378805575,-0.5989575739687643,0.64218539611851,0.25409232599419407,0.6294788384406206,-1.0430168005054241,-2.349775751071412,-0.28575086692015295,0.5488230630934856,-0.2662010218310918,-2.243408567439673,-2.9032721216618564,0.5572837587664118,0.5281696656645116,0.7094987792759676,-0.3090549029107298,-1.4784299294291423,-0.8785175323072537,0.3876574430285532,0.2413974787837613,-1.1504591997556781,-0.6004424673312188,0.09201834436410272,0.04424689397093957,-2.3160916760827592,-0.3876574430285532,-0.6537182695735219,0.7688869980215213,0.10689042985166741,-0.14405939705981938,0.1731073753465958,-0.37181287428309484,1.5924667026776715,1.2411973262277962,1.1928671630273084,-1.6277317374457356,-0.5669467095138409,-0.03263376665824177,-0.2170007705622332,0.8385481602338833,0.4164004440522525,0.3904118490725489,-0.3402725145313476,0.0,-0.6965260331469922,0.6965260331469922
460,2025,15,1890108,2025-07-26,Botafogo RJ 1 x 1 Corinthians,1237,Corinthians,44.75,55.25,Fora,-0.9187663403544014,0.5773239618202525,-0.3961450349769726,-1.0918017014048516,-0.41479226921745554,-1.0435537554213514,-0.3197269349532998,-0.7913374602385204,-0.21586195862820215,-1.080418145822186,-0.9591270179398742,-1.4015862725735289,0.20066617704844092,0.45173151526165095,0.10542910992097707,2.148098907526656,0.9192222852781148,1.0120972860437258,0.17099639201419237,1.5811388300841895,0.8989868841316935,0.7440791083966385,-0.23794833715894648,-0.5639785091204494,-0.5321167095855649,0.17099639201419237,-0.7905694150420948,0.43504578237894226,-1.6994494489511758,-1.0450068022360726,-1.3774516032576576,0.5354921191522657,-0.31891065881070335,-2.0858441042331957,-0.9174452403394345,-0.8971796775116052,1.1436447042725704,-0.36731804468432855,-0.24971114952803844,-0.45063812121867597,-0.12038585308576931,-0.35257444993084475,0.32726529003835275,-0.5499910283163196,0.0,0.24618298195866542,-0.24618298195866542
461,2025,15,1890108,2025-07-26,Botafogo RJ 1 x 1 Corinthians,1227,Botafogo RJ,55.25,44.75,Casa,0.9047449855942054,0.553321236914861,-0.15495535510733235,1.0623749034774927,-0.1876050814059128,0.12189401713877769,0.5176531327815324,1.4429017736536691,0.7353420251874572,-0.5354921191522657,0.31891065881070335,2.0858441042331957,0.5645329282581426,0.8719468782957448,0.7217650463357967,0.40232946523000607,0.3933545155058904,0.3577425760189963,-0.17099639201419237,0.7905694150420948,-0.43504578237894226,1.0006581112920312,0.37299264988128916,0.6303289219581494,0.8302925118117476,-0.17099639201419237,-1.5811388300841895,-0.8989868841316935,-1.181576591677082,1.0450068022360726,-0.5430709413159285,1.080418145822186,0.9591270179398742,1.4015862725735289,0.8437795211604959,0.8844537246391,-1.6341241312048944,-0.5464975786766839,-0.8046248151459015,-0.43067089080024235,-0.12038585308576931,-0.08341853630596727,1.5800312700761463,-0.5303094810083587,0.0,0.24618298195866542,-0.24618298195866542
462,2025,15,1890121,2025-07-26,Mirassol 1 x 1 Vitoria,6332,Mirassol,53.82,46.18,Casa,-0.22131909261954041,-0.003852782935668847,0.25096562042648135,0.7207908154706949,1.1570426347717735,0.10861947423025432,-1.461608845500798,-0.6884448639408537,0.39945962898092063,-0.5191002099715685,-0.03326871467909165,-0.280670597479544,0.9046452191603737,0.45173151526165095,0.3878393130666354,-0.39426216858665525,-0.5995079605722344,-2.7032188924197684,-0.8549819600709617,-0.0,0.0020261566716507882,-1.8217109205572886,1.7967350382943568,-0.16587603209424984,0.3775374943160249,-0.17099639201419237,1.5811388300841895,0.35093265475121654,0.2865031988460725,0.43846439254660396,0.04128678743446475,-0.7386805013208876,0.6596649464427584,0.927079705817746,0.8579542170756711,1.1389727820892006,-0.007917718510084645,0.17022055729273744,1.9699435129434135,1.6238624381172442,-0.12038585308576931,2.1138375793812303,-0.013677350098514115,1.4948284105011809,0.0,0.24618298195866542,-0.24618298195866542
463,2025,15,1890121,2025-07-26,Mirassol 1 x 1 Vitoria,1238,Vitoria,46.18,53.82,Fora,-1.1972859009417307,-0.7147812956240427,-0.4016985331832421,-0.2255491908991834,0.32983023396000744,-2.133493644125472,-1.9183616097197975,2.1213144964954282,-1.3576135356315757,0.7386805013208876,-0.6596649464427584,-0.927079705817746,-0.9482465683391256,-0.7038607330821071,-0.7451220113440663,-0.39426216858665525,-2.561643985098138,-0.5479830410194256,0.17099639201419237,-1.5811388300841895,-0.35093265475121654,-1.0519739118711104,-1.3520830271374809,-0.9620809861466489,-0.5478379318569278,0.8549819600709617,0.0,-0.0020261566716507882,0.10096476598482623,-0.4384643925466035,0.8239234634376601,0.5191002099715685,0.03326871467909165,0.280670597479544,-0.7776716832087658,0.24815608101384812,-0.876018621838547,0.17022055729273744,0.3052025160898245,0.6493970583114805,-0.12038585308576931,0.7174484979932801,-0.7233137754996691,0.5343052898328654,0.0,0.24618298195866542,-0.24618298195866542
464,2025,15,1890133,2025-07-26,Fortaleza 3 x 1 Red Bull Bragantino,5438,Red Bull Bragantino,60.97,39.03,Fora,-0.34800350588414497,-0.33397846749912996,-0.4192638877868282,-0.05220541939167636,0.1450331076448125,-0.15445325088666492,-0.7764796991722991,-0.02699245917013951,0.6827349283354202,-0.8959311563003393,0.021292948042404426,-1.0709944024457572,-0.43198753827887126,-0.17859152928948982,0.03965240339231642,-0.5857806120222028,-1.1890509820416049,-0.7278827742853173,-1.1969747440993466,-0.0,-1.2113741568919068,-0.538815906080325,-0.8274747614711835,1.2938330503351487,1.6668211221590805,-1.1969747440993466,-0.7905694150420948,-0.8989868841316935,-0.45558155036316855,-0.41138276830107784,-0.25695583334424704,-0.14248836541345336,0.1599297174254212,0.10537321216748922,-0.06274183885853805,-0.13362250516130297,-0.6067301783570651,-0.7256771126690392,0.8601161817076876,-0.010868967401819595,-0.12038585308576931,1.099001041496406,0.65631458226347,-0.11651391486357864,-1.8257418583505538,-2.215646837627989,-0.24618298195866542
465,2025,15,1890133,2025-07-26,Fortaleza 3 x 1 Red Bull Bragantino,2065,Fortaleza,39.03,60.97,Casa,0.3604044512016892,0.7330725364737356,0.6373625172411703,0.593874211981473,1.2910061560190251,0.4538583453957557,2.4207896503606965,-0.4242611707441424,0.42531697984026484,0.14248836541345336,-0.1599297174254212,-0.10537321216748922,-0.03426622355272804,0.6618391967786978,0.28290678997480306,-1.0104774544200257,0.8032120321860495,-0.6211140908646224,1.1969747440993466,0.7905694150420948,0.8989868841316935,2.026974122873602,0.2601613142683531,-1.3601834631728487,-1.6013910184834468,1.1969747440993466,0.0,1.2113741568919068,1.7002483853785688,0.4113827683010787,0.17918844430459246,0.8959311563003393,-0.021292948042404426,1.0709944024457572,0.9144126252214608,0.24815608101384812,1.1922662287900596,1.2452977612468694,1.9699435129434135,1.4861525928376313,2.287331208629615,0.5449015587818306,-1.3853768092538192,1.3590888623593165,1.8257418583505538,0.24618298195866542,2.215646837627989
466,2025,15,1890075,2025-07-24,Santos FC 1 x 2 Internacional,1241,Santos FC,67.54,32.46,Casa,0.2804946934529393,0.8502184551624364,1.1243111147344984,0.9573839632638588,0.3137808305038509,1.6771176644654955,0.9744058970005317,0.16899343853970103,1.0855324356763605,-0.2995102390563815,1.1120321833933557,-1.837963648391286,-0.5605592625094727,1.1871084005713153,1.3587834600074686,-1.1395487038695349,-0.08686899412464381,-1.139503794618549,0.8549819600709617,-0.0,0.4526813612571665,-0.538815906080325,1.395500832226013,1.1611322246597489,1.0470525583604318,1.1969747440993466,1.5811388300841895,-0.46726706587159356,1.9499359634180182,1.0450068022360726,-1.6422793933029114,0.9098685009007457,1.6447372706281946,0.10537321216748922,1.034418568023679,0.7571941959140496,0.5115648855452022,1.2452977612468694,0.3052025160898245,0.22655588180494188,-0.12038585308576931,-0.7443673577868574,1.0369017154395077,0.11751395499234123,-0.9128709291752769,-0.9847319278346619,-0.24618298195866542
467,2025,15,1890075,2025-07-24,Santos FC 1 x 2 Internacional,1219,Internacional,32.46,67.54,Fora,-0.7960169057693172,-1.4233849879839129,-0.8171794043704278,-0.1077918781763671,-0.1854348590837098,-0.6107751091993904,-0.2436014742501332,-0.07440840216445574,-1.1780016235300672,-0.9098685009007457,-1.6447372706281946,-0.10537321216748922,0.046959770527586014,-1.6493452999088183,-1.2660810778432974,1.2924966222962144,-0.8056617035449714,-0.17389842426008112,-1.1969747440993466,-1.5811388300841895,0.46726706587159356,-1.0519739118711104,-1.1662606608971506,-2.023687591549848,-2.4772886887297356,-0.8549819600709617,0.0,-0.4526813612571665,0.1938276981665038,-1.0450068022360726,1.9844464978771823,0.2995102390563815,-1.1120321833933557,1.837963648391286,-0.11209217546732611,-0.13362250516130297,-0.7817676666200285,-0.7256771126690392,-0.24971114952803844,-0.28477847436794895,-0.12038585308576931,0.5102409078750884,-2.1069065825667255,0.6715001281502332,0.9128709291752769,0.24618298195866542,0.9847319278346619
468,2025,15,1890080,2025-07-24,Red Bull Bragantino 1 x 2 Flamengo,5438,Red Bull Bragantino,38.81,61.19,Casa,-0.36439077813979026,-0.5268170499912345,-0.772513458573948,-1.1432820567144164,-0.6225754218253716,-1.5681694006470093,-0.16747601354696665,-1.7641401888710058,-1.2260063594494124,-2.1739810493927663,-1.1077034276307167,1.2093571776729217,0.5592542311544891,-1.6493452999088183,-1.8680653381261165,-0.39426216858665525,0.45137851165657106,-0.7810540043367561,-0.17099639201419237,1.5811388300841895,0.3530901737694504,-0.538815906080325,-1.3276749571816238,0.0995256192565499,0.7343727951342501,-1.1969747440993466,-0.7905694150420948,-0.5858892013965056,-0.8805713482968485,-1.4804263031677691,0.6236151635253151,0.24831074113501037,-1.1489006442866536,-1.1306980945200764,-0.8131031848831666,-1.533477321136857,2.0188321455873877,-0.7256771126690392,-0.24971114952803844,-0.6711035220133649,-0.12038585308576931,-0.32015300284485965,-1.1514743003227124,-0.7673020987341473,-0.9128709291752769,-0.9847319278346619,-0.24618298195866542
469,2025,15,1890080,2025-07-24,Red Bull Bragantino 1 x 2 Flamengo,1239,Flamengo,61.19,38.81,Fora,1.1596509625379632,0.7431979210300865,0.30690541790266823,0.4389177670534731,-0.1775205143435779,1.2091478546385344,0.1370258292656996,-0.5169572034447432,2.222111372815347,-0.24831074113501037,1.1489006442866536,1.1306980945200764,0.7613522078645113,0.3466776745031275,0.6385698504757771,0.23605295853273295,0.9774647480181805,1.191515140894078,1.1969747440993466,0.7905694150420948,0.5858892013965056,0.7440791083966385,2.203999932238431,1.4265338760105486,0.9902150279609268,0.17099639201419237,-1.5811388300841895,-0.3530901737694504,-1.1230379711596115,1.4804263031677702,-1.4652888138716877,2.1739810493927663,1.1077034276307167,-1.2093571776729217,0.37689851508832695,0.3754156097388985,-1.0443238990144736,-0.008958976699617894,-0.8046248151459015,-0.6415266281557628,1.0834726777719228,-1.0072988280896615,1.0765462084786788,-0.7381483791905733,0.9128709291752769,0.24618298195866542,0.9847319278346619
470,2025,15,1890092,2025-07-24,Vitoria 2 x 2 Sport Recife,1238,Vitoria,46.62,53.38,Casa,-0.20419404115498535,0.5618644263295196,0.3556766915983112,0.8421646179090789,1.5768493540523876,-0.5616164793316983,-0.3197269349532998,-0.3364438766067309,-0.3439785111025069,0.368153610363314,0.5481260520253731,-0.6841853334808776,-2.0279772782814343,1.0820545598127917,0.9944067534910944,2.148098907526656,0.9828001836820983,1.3723503269484119,0.17099639201419237,-0.0,-1.543035412617954,-0.538815906080325,0.6571685188031162,-1.094781811822049,-1.0795851557412801,1.1969747440993466,1.5811388300841895,0.988048696205842,0.332375774505589,0.5796830185988784,-0.225720746138856,0.21341239650854973,0.38218392979162247,0.04185966676457132,2.3649318564812436,1.266232310814251,1.0921630900775814,2.1411954312086463,1.4150298473255505,2.5814413466227912,1.0834726777719228,0.7909742572775477,-0.6955626303722495,2.4387066647160647,0.0,-0.9847319278346619,0.9847319278346619
471,2025,15,1890092,2025-07-24,Vitoria 2 x 2 Sport Recife,1231,Sport Recife,53.38,46.62,Fora,0.06670734273616402,-0.362938291417554,-0.15425773412546653,0.10547231511908339,1.0260661022562076,1.3269490106836854,0.8221549755941986,-1.3448286679087278,-0.6947008235052178,-0.21341239650854973,-0.38218392979162247,-0.04185966676457132,-2.411485658161396,0.9770007190542682,0.3493596894590518,0.46391335659936594,0.5128863101018225,0.4157057213260432,-1.1969747440993466,-1.5811388300841895,-0.988048696205842,-0.7953949089757177,-0.5843559853659094,-0.2985768577696497,-0.48563353962894656,-0.17099639201419237,0.0,1.543035412617954,0.9237777393726699,-0.5796830185988775,-0.26038501893048427,-0.368153610363314,-0.5481260520253731,0.6841853334808776,0.8655129976197065,1.5207513682643519,1.2603363631145457,1.0661182272545142,0.8601161817076876,1.1672843513680653,1.0834726777719228,0.3736528539090739,-0.06917964035335326,1.044782859575087,0.0,-0.9847319278346619,0.9847319278346619
472,2025,15,1890100,2025-07-24,Juventude 0 x 1 Sao Paulo,1220,Juventude,37.4,62.6,Casa,-0.39587920192286974,-0.5669259534661759,-0.07433508185899665,-1.0427456176172916,-1.2842992697939333,-1.2602285525733752,-0.8526051598754657,0.4917937406500278,-0.23007372413583216,-1.1958980536695079,-0.4307222060555052,0.15241706035023872,1.039159649402006,-1.2291299368747244,-0.9741613319611124,0.16192969651105688,-0.4025976807532124,0.37587841389371135,-0.8549819600709617,0.7905694150420948,0.8989868841316935,-0.025657900289539636,-0.04795033034760706,-0.5639785091204494,-0.055409491164261485,-0.5129891760425771,0.7905694150420948,-0.19167329738612224,-0.08600399039590127,-1.1919087169274052,0.5570090805167455,-0.9937480528093554,-0.9714321206646771,-0.699563761204191,-1.3080778716728927,-1.1516987349617058,-1.3943988755404009,-1.08403618065375,-1.3595384807637645,-1.340921186088288,-1.3242443839434614,-1.4788570684706677,-1.2941944752637267,-1.4275362807881553,-0.9128709291752769,0.24618298195866542,-1.4770978917519928
473,2025,15,1890100,2025-07-24,Juventude 0 x 1 Sao Paulo,1224,Sao Paulo,62.6,37.4,Fora,0.557923627598573,0.2675283236215598,0.183353040095801,0.21750807201917158,-0.3136473713675816,0.9220149498947062,-1.2332324633912986,0.4917937406500278,0.7359039862809359,0.9937480528093554,0.9714321206646771,0.699563761204191,0.8199067904160031,0.7668930375372214,0.5808004959485354,-1.0951314722775987,-1.5884275809754906,-1.1791251019348878,0.5129891760425771,-0.7905694150420948,0.19167329738612224,-0.7953949089757177,1.1236128730852464,1.2938330503351487,1.4533451552064292,0.8549819600709617,-0.7905694150420948,-0.8989868841316935,-0.5863453188987384,1.1919087169274054,-0.7587244468238343,1.1958980536695079,0.4307222060555052,-0.15241706035023872,-0.6001815745559854,-0.3881415626114037,0.5966525534508094,0.3494000912850928,-0.8046248151459015,-0.24166870655418105,-0.12038585308576931,-0.7047224641673158,1.2153019341157758,-0.3440114640779465,0.9128709291752769,1.4770978917519928,-0.24618298195866542
474,2025,15,1890064,2025-07-23,Fluminense 1 x 2 Palmeiras,1232,Fluminense,47.14,52.86,Casa,0.7054047059896015,0.18696075875437107,-0.644596406995204,0.9077804495310007,-0.24537504516375772,-0.026626707454518676,0.28927675067203273,0.8549440805241464,0.0064818005736415,1.7989490509413595,1.216020150015478,1.0157147171537912,0.14123910426887362,0.03151615222755711,0.30992155373267544,-0.39426216858665525,0.2010830490866376,0.7528799087694159,1.1969747440993466,-0.7905694150420948,-2.970629518736128,0.4875001055012458,-0.396259230788784,-0.6966793347958493,-0.32176390057606935,-1.1969747440993466,-0.7905694150420948,-0.8989868841316935,-1.274595822746395,0.7938463690806224,-0.07043241487303326,-0.08987631045742389,0.12518200870740143,1.4654391326920526,1.2466542876439257,1.3934918395393014,-0.9752301536475148,0.3494000912850928,-0.8046248151459015,-0.40882038144766997,-1.3242443839434614,-0.9292771070842165,0.1845451150973389,0.5492329628399457,-0.9128709291752769,-0.9847319278346619,-0.24618298195866542
475,2025,15,1890064,2025-07-23,Fluminense 1 x 2 Palmeiras,1234,Palmeiras,52.86,47.14,Fora,-0.6614638819816311,0.056426262838456365,-0.055604289115898174,-0.883874727726114,0.2567483869547386,-0.9201147800741377,0.3654022113751993,-0.9456763546850205,-0.8273689780145236,0.08987631045742389,-0.12518200870740143,-1.4654391326920526,-1.5081487039251307,-0.49375305156506016,-1.2680860562225558,-0.33667723120231835,0.4190129777416405,0.7622367140577169,1.1969747440993466,0.7905694150420948,0.8989868841316935,0.4875001055012458,-1.0913295122882016,-0.8293801604712492,-0.28275608171326927,-1.1969747440993466,0.7905694150420948,2.970629518736128,1.5059891616200678,-0.7938463690806216,0.8712815769564548,-1.7989490509413595,-1.216020150015478,-1.0157147171537912,-0.5099176746545652,-1.1516987349617058,0.5966525534508094,-0.9048566466613945,0.8601161817076876,0.1284127002543051,1.0834726777719228,1.87421415153096,0.8148925544201521,0.020774966651755013,0.9128709291752769,0.24618298195866542,0.9847319278346619
476,2025,15,1890071,2025-07-23,Corinthians 0 x 0 Cruzeiro,1230,Cruzeiro,57.09,42.91,Fora,0.34813079111729756,0.1800022596481867,0.5951407944676377,-0.12651055263678201,-0.5858820904055337,0.4120564203178865,-0.015225092140633528,0.4917937406500278,0.03662527912500088,0.8836457455926373,0.9662731519547361,0.001515437413031925,0.9690046596996041,0.3466776745031275,-0.13965781195295776,-1.1224565033582072,1.0766091702197007,1.1790908573486165,0.5129891760425771,-0.0,0.8989868841316935,0.7440791083966385,-0.49177091713214904,1.2938330503351487,0.273263172186861,1.538967528127731,0.0,-0.7820019387839284,0.4857359970784572,0.4075526528720684,-0.2893822122477047,-2.00630779628548,0.1075765029569384,-0.4145766595208092,-0.6065947068553257,-0.8971796775116052,0.06649093034664098,-0.008958976699617894,-0.24971114952803844,-0.4481138275958923,-1.3242443839434614,-0.7103453155357512,1.0646528605669274,-0.5475028512724901,0.0,1.4770978917519928,-1.4770978917519928
477,2025,15,1890071,2025-07-23,Corinthians 0 x 0 Cruzeiro,1237,Corinthians,42.91,57.09,Casa,0.38055021090193986,-0.7450292569462522,0.010161241519194992,-0.6460676091660957,-0.9901837645597292,0.8482470303188581,0.7460295148910321,-0.08823805220446468,0.5690996842859493,2.00630779628548,-0.1075765029569384,0.4145766595208092,0.15231172157549488,-0.7038607330821071,-0.737288766575171,0.11542098308569174,1.50891613086452,0.8611114518013193,-1.538967528127731,-0.0,0.7820019387839284,0.7440791083966385,-0.07602703614155597,-0.03317520641884997,0.3901287936700369,-0.5129891760425771,0.0,-0.8989868841316935,-0.06092024067848554,-0.40755265287206793,2.4075538541832575,-0.8836457455926373,-0.9662731519547361,-0.001515437413031925,-1.2089291944245468,-1.0244392062366556,-0.7817676666200285,-1.2632157146461052,-0.8046248151459015,-1.0640503583498173,-1.3242443839434614,-0.427928936346507,-0.4458023242254751,-1.1546268096129102,0.0,1.4770978917519928,-1.4770978917519928
478,2025,15,1890096,2025-07-23,Ceara 0 x 2 Mirassol,6332,Mirassol,43.45,56.55,Fora,-0.914738466479154,-1.5474356921027792,-0.7355967208791993,-1.460381347743381,-0.7208741673817755,0.486301630530818,-0.4719778563596329,-0.9456763546850205,-2.0265802451289514,0.49418125533655416,-2.317731124572355,0.1629391122897375,0.7496381772653582,-1.9645068221843887,-1.1051295880148073,1.125443544534753,-0.7568412767196651,-0.11450626443511984,-1.538967528127731,-1.5811388300841895,0.555705463948021,-1.0519739118711104,-0.5591118878688512,0.36492727060734964,-0.684625776728943,-1.538967528127731,-0.7905694150420948,0.3862028581609145,-0.8378848529727582,-1.64614783897388,-0.17694661165508366,-0.5558919233888274,-1.6248389576364988,-1.0478990596223452,-1.5226395347407997,-1.533477321136857,-0.6067301783570651,-1.8007543166231712,-0.8046248151459015,-1.2526402129535008,1.0834726777719228,0.4007789831855767,-0.6876337317644159,-1.3405183963478036,1.8257418583505538,1.4770978917519928,0.9847319278346619
479,2025,15,1890096,2025-07-23,Ceara 0 x 2 Mirassol,7334,Ceara,56.55,43.45,Casa,1.2580463441171923,1.5152276353732888,1.162269468987751,0.9339429856508351,-0.36816695161446744,0.712825282098843,1.5072841219226976,1.8838700435008127,1.2015776380250012,0.5558919233888274,1.6248389576364988,1.0478990596223452,1.014000596407284,1.3972160820883621,2.3341575162349675,-1.2266637903466224,-0.255339750511253,-0.2923220089275133,1.538967528127731,0.7905694150420948,-0.3862028581609145,1.7703951199782093,0.3480754849826366,1.028431398984349,0.30537966340264383,1.538967528127731,1.5811388300841895,-0.555705463948021,0.706608451769391,1.6461478389738815,-0.421666832474245,-0.49418125533655416,2.317731124572355,-0.1629391122897375,-0.06516790865315822,1.0117132533641504,0.23040563507449968,1.4244772952392248,-1.3595384807637645,-0.6173050923692978,-1.3242443839434614,-1.666106764868353,0.616670089224299,-0.7142733954065091,-1.8257418583505538,-0.9847319278346619,-1.4770978917519928
480,2025,14,1890024,2025-07-20,Flamengo 1 x 0 Fluminense,1232,Fluminense,32.16,67.84,Fora,-0.5914311478758472,-0.9510921250861504,-0.875233936005488,-1.4054832750636272,-1.3024219175251268,-2.8607911775116035,-0.562434990146182,0.8240184211398913,-0.41574431475225654,-1.4298626346311054,-0.6509758048931193,0.38574774860031413,1.759606963985696,-1.622466872972783,-1.7760338768493624,-0.07695087826982523,-1.045636133366232,0.1840747659410723,-0.37454117603862425,-0.031326574483831957,0.7235790695090568,-0.18852560660029824,-0.21189546944645604,-0.7755204249010189,-0.23902105958921246,-1.5795866989455016,-1.2217364048694452,-0.7235790695090566,-1.2741390112702087,-1.5762538705899864,0.4819234308595374,0.05656080691976665,-1.1388824144967742,-1.2611702519197248,-1.645626563248023,-1.4739138011946717,1.6362688319537386,-1.1312254308152505,-1.2787240261820123,-1.3745360175400034,-1.0540925533894598,-1.493921075090793,-1.0251338211465173,-1.3287311867524587,-0.5423261445466404,0.08804509063256245,-0.9684959969581861
481,2025,14,1890024,2025-07-20,Flamengo 1 x 0 Fluminense,1239,Flamengo,67.84,32.16,Casa,0.9308016406263716,1.13374475097361,0.2640165771146605,0.10256960008403071,-0.10119546927285557,0.5907896568250607,-0.16069571147033773,-0.9713935357424924,1.1507998599059404,-0.05656080691976665,1.1388824144967744,1.2611702519197248,0.380376343843731,0.8736360085238062,0.860019891555687,-0.16848442661374402,0.5821854485662032,1.2063075752222785,1.5795866989455016,1.2217364048694452,0.7235790695090568,0.43989308206736355,1.3747712004181576,0.3389999462142186,1.191536835969295,0.37454117603862425,0.031326574483831957,-0.7235790695090566,-0.9754325165342338,1.5762538705899864,-0.8017523842128222,1.4298626346311054,0.6509758048931193,-0.38574774860031413,-1.431203526546669,-0.06502560887623567,-0.6694239760128398,-0.6170320531719548,-0.11624763874381938,-0.2580419654943641,0.0,0.5577686821817325,1.5148590690382573,-0.2864480491060738,0.5423261445466404,0.9684959969581861,-0.08804509063256245
482,2025,14,1890031,2025-07-20,Palmeiras 3 x 2 Atletico MG,1235,Atletico MG,40.41,59.59,Fora,-0.309907972367068,-1.2346078037381985,-1.0164885988637964,-1.6429059479643773,-1.1096475065034552,-0.6262723671554726,0.4017392786758443,0.10241744325414882,-1.1014628077958266,0.2717623779871538,-0.5931842103959702,0.14948914529483462,-1.639314226179512,-1.622466872972783,-1.3065011642888527,-0.761000699375717,-0.07051787648655804,0.20441285492061587,-1.3516051135306872,-0.6578580641604705,-3.577358029369426,0.020947289622255692,-2.1420992449019183,-1.2399039128657012,-1.6793635675380783,-0.9282107406174597,-1.2217364048694452,-0.7235790695090566,-0.587928579550509,-1.5589831877486457,1.285786372413473,-0.4248672587739921,-1.077806127131817,-2.24206534600051,-1.6927691309765363,-2.015793875163301,,-1.1312254308152505,-1.2787240261820123,-1.4193370006224022,1.0540925533894598,-1.6324822084990356,-1.1086690446674965,-1.3705543466082681,-0.5423261445466404,-1.672856722018685,0.7924058156930612
483,2025,14,1890031,2025-07-20,Palmeiras 3 x 2 Atletico MG,1234,Palmeiras,59.59,40.41,Casa,1.6136556179974764,0.9701477488694275,1.3566029766905043,0.8028613522489494,0.6704007786720881,1.431827431473934,1.0445221245571952,1.6442998746339406,2.156356764402207,0.4248672587739921,1.0778061271318171,2.24206534600051,1.8550957006215865,0.9984411525986356,0.7322026973921689,0.3622447317056634,2.1517016281960504,0.9700624379348065,0.9282107406174597,1.2217364048694452,0.7235790695090568,0.8588388745124714,2.3113637184349023,0.060369853435409224,0.325628940868545,1.3516051135306872,0.6578580641604705,3.5773580293694254,2.8995822360690857,1.5589831877486462,1.111547455120749,-0.2717623779871538,0.5931842103959701,-0.14948914529483462,1.208767156146016,0.4768544650923936,-0.17534694573428694,0.9255480797579323,0.464990554975277,0.8255560596726846,1.0540925533894598,0.2734719516764593,-0.06186827492022574,0.7251255885225577,0.5423261445466404,-0.7924058156930612,1.672856722018685
484,2025,14,1890035,2025-07-20,Sao Paulo 2 x 0 Corinthians,1237,Corinthians,50.82,49.18,Fora,-1.0021403330900975,0.5568513123287487,-0.1541084630013791,-0.206064147970843,-0.3534013717720589,-0.3870208581678463,-1.4462614032330396,-0.06461982014532915,-0.13963779248880265,0.5330450142373583,0.08980736093397647,-2.5534217806166626,-0.7318555526202688,0.7488308644489767,0.25600223956836954,2.9483907109593464,-0.012444592159619346,1.2023916142095523,1.2538987197814806,-0.031326574483831957,0.3243877849610958,1.4872575631801332,-0.26918555392916843,0.43187664380715507,0.0879929508169882,-1.2538987197814806,-0.5952049151928066,-0.6736344998807571,-0.7254957960921071,-0.0938322169428653,-0.7657195106647274,0.11200546296106659,0.1408920142708055,-0.8470145455300598,-0.02430184368125237,-0.8236577124323167,1.183364887531733,-0.6170320531719548,-0.11624763874381938,-0.17819459979328908,-1.0540925533894598,0.722404079740677,0.7473792029392609,-0.21190796292896186,-1.0846522890932808,-0.7924058156930612,-0.9684959969581861
485,2025,14,1890035,2025-07-20,Sao Paulo 2 x 0 Corinthians,1224,Sao Paulo,49.18,50.82,Casa,0.20452095873048032,0.3675268824949308,0.08703542951595034,0.7819076066857518,0.7535059507239359,-0.15934920072268904,0.2410435672055066,0.8108858362933113,-0.13656287133753728,-0.11200546296106659,-0.14089201427080553,0.8470145455300598,0.7928086812285184,-0.2496102881496589,-0.12938581684490505,-0.06025219039627268,0.4380089294103124,-1.332923291653419,1.2538987197814806,0.5952049151928066,0.6736344998807572,1.4872575631801332,0.12380172670850319,0.24612324862128213,1.0081064159116184,-1.2538987197814806,0.031326574483831957,-0.32438778496109577,-0.11239781611656784,0.0938322169428653,-0.3990182171155915,-0.5330450142373583,-0.08980736093397645,2.5534217806166626,0.5701837901174558,1.018734539061023,0.8128071148228188,0.5827524946624019,0.464990554975277,0.8285440623510679,1.0540925533894598,0.5917551918787154,0.616855416187731,0.7279149852069513,1.0846522890932808,0.9684959969581861,0.7924058156930612
486,2025,14,1890043,2025-07-20,Cruzeiro 4 x 0 Juventude,1230,Cruzeiro,52.02,47.98,Casa,0.8716954410761704,1.1368144565055598,-0.004405199987993741,0.3205239690616399,0.9888747305570937,0.6723065778528384,-0.7231307016165198,0.4431734605890824,1.1364216932558453,-0.5173191166544154,1.4266793874388228,0.996484274151894,0.7215240316249351,1.123246296673465,1.2492199152104662,-1.3126537809127266,-0.739433947870882,-1.9918524195413525,1.5795866989455016,0.5952049151928066,0.7235790695090568,-0.6074713990454061,0.737450176433511,-1.425657308051574,-1.3686011448303492,0.37454117603862425,0.6578580641604705,-0.09708261617482183,0.23684809053641204,0.603920119685462,0.2886820912100819,-0.9896128204886189,0.6126982552911114,-0.08794278645055026,0.15342028772053648,1.018734539061023,0.6010598161320098,0.4113547021146366,0.464990554975277,1.0473129707084587,2.1081851067789197,1.0515215355990777,-0.4534396351748159,1.8432941617306444,2.1693045781865616,0.9684959969581861,2.553307628344309
487,2025,14,1890043,2025-07-20,Cruzeiro 4 x 0 Juventude,1220,Juventude,47.98,52.02,Fora,-0.7904035634967899,-0.5225307531195009,-0.8865418535423838,-1.0226170588971373,-1.2198332588546352,-1.4469501847771784,-2.410435672055066,0.7288071810021891,-0.8899410645024171,0.9896128204886189,-0.6126982552911115,0.08794278645055026,-0.10210560289181872,-0.4992205762993178,-0.5585031959795912,0.44704971968634166,-1.4498272185325602,-0.6544379761344384,-0.37454117603862425,-0.6578580641604705,0.09708261617482186,-1.8643087763807298,0.15076079890694397,-0.4968903321222095,-0.3701005239811912,-1.5795866989455016,-0.5952049151928066,-0.7235790695090566,-0.934021197519999,-0.603920119685462,0.051516913093442605,0.5173191166544154,-1.4266793874388226,-0.996484274151894,-1.0633844543123707,-1.1487857568134943,0.911622520878529,-1.1312254308152505,-1.2787240261820123,-1.3343257204764318,-1.0540925533894598,-1.3695580823063882,-0.6753300726524166,-1.2911935800698937,-2.1693045781865616,-2.553307628344309,-0.9684959969581861
488,2025,14,1890048,2025-07-20,Internacional 1 x 0 Ceara,7334,Ceara,56.41,43.59,Fora,-0.3073891338813546,-1.4546930285698316,-0.2145777975359576,-0.1952059262775795,-0.43642637473184626,0.07580132605052105,-0.562434990146182,1.3459170707835915,-0.3748928789379421,-0.8331382801345107,0.03208976335679785,-0.6738195238352671,-0.27615946650355144,-1.372856584823124,-0.2560143722225122,0.15067860379597223,-1.699306338183118,0.587535812631587,-1.0259171343666662,-3.1639840228670244,-1.058031481161811,-0.18852560660029824,-0.2157444156907731,0.5247533414000916,0.012690386397979965,-0.2768347822894177,-0.5952049151928066,-0.7235790695090566,-0.5359104068425413,-0.33841127422016976,-0.18858355350075431,-0.39775807801917157,-0.23828378948396478,-0.07733134527050092,-0.1267972961356825,-0.06502560887623567,-0.17534694573428694,-0.6170320531719548,-0.6974858324629158,-0.41373724846890947,-1.0540925533894598,0.23674425532050286,0.36363926988976253,-0.4317946076104601,-0.5423261445466404,0.08804509063256245,-0.9684959969581861
489,2025,14,1890048,2025-07-20,Internacional 1 x 0 Ceara,1219,Internacional,43.59,56.41,Casa,0.13088398271157797,0.14462540906812302,1.237811570889653,0.26259325788936555,0.3479188393354492,0.1380684913687705,0.4017392786758443,0.10241744325414882,-0.268311952905328,0.39775807801917157,0.23828378948396484,0.07733134527050092,-1.5279770479265478,-0.6240257203741473,0.330487659164415,0.2319748473909,0.007563120820719125,0.09031003223785727,0.2768347822894177,0.5952049151928066,0.7235790695090568,0.8588388745124714,0.46575471932335194,0.43187664380715507,-0.3431342656536824,1.0259171343666662,3.1639840228670244,1.0580314811618108,1.4804980304612496,0.33841127422016937,-0.17915486612373346,0.8331382801345107,-0.03208976335679785,0.6738195238352671,0.07023199685882366,0.5852304798861194,-1.134437651569125,-0.44563426062418954,0.464990554975277,0.2838108647818074,0.0,1.282995016714145,-0.4717129653200302,0.2193890102567253,0.5423261445466404,0.9684959969581861,-0.08804509063256245
490,2025,14,1890052,2025-07-20,Vitoria 1 x 0 Red Bull Bragantino,5438,Red Bull Bragantino,71.51,28.49,Fora,0.9004201856820946,1.2588686264828717,0.18983962686390887,1.126121634014931,0.05321888595359062,1.2380837311820674,0.8838264130868575,-0.9713935357424924,0.09446942871054555,2.54916685295016,1.3437098354781858,0.6726331954712536,0.3312333838134316,1.7472720170476124,1.7647868330736078,-0.6948023295912759,-0.2165193697170285,-0.3428681758337304,0.9282107406174597,0.5952049151928066,0.24824791053518555,-0.6074713990454061,-0.24641379687564502,2.0107805028870747,1.6129367530755407,0.04885319687460326,0.031326574483831957,-0.7235790695090566,-0.0980373171410055,1.255322902343737,-0.4021461154958713,-0.23235592918129797,1.6227685194157402,0.5392068194943747,1.0871882948058718,1.018734539061023,-0.43414919968971993,0.4113547021146366,-0.11624763874381938,0.05000694357583573,-1.0540925533894598,-0.18227151059555802,1.9351456623781842,0.0011255236379655112,-0.5423261445466404,0.08804509063256245,-0.9684959969581861
491,2025,14,1890052,2025-07-20,Vitoria 1 x 0 Red Bull Bragantino,1238,Vitoria,28.49,71.51,Casa,-0.6871391563296247,-0.6326251646217469,-0.9323785471789234,-1.1688712133370798,-0.9754490988054143,-0.509314082315895,1.2855656917627019,-0.6165690383349061,-1.0653507693712343,0.23235592918129797,-1.6227685194157404,-0.5392068194943747,0.7397781392995314,-0.9984411525986356,-1.4518797345299166,-1.3126537809127266,-0.07735435606241042,0.07775773413150368,-0.04885319687460326,-0.031326574483831957,0.7235790695090568,-1.026417191490514,-0.9745000186537452,-1.425657308051574,-1.2418182931782595,-0.9282107406174597,-0.5952049151928066,-0.2482479105351855,-0.6442811090674405,-1.2553229023437371,1.6368672758987175,-2.54916685295016,-1.3437098354781856,-0.6726331954712536,-1.4038189200551427,-1.25716177160722,-0.17534694573428694,-0.6170320531719548,-1.2787240261820123,-1.212438269931141,0.0,-1.4100785176617125,-1.2235299770088433,-1.1774077214159229,0.5423261445466404,0.9684959969581861,-0.08804509063256245
492,2025,14,1890060,2025-07-20,Sport Recife 0 x 1 Botafogo RJ,1227,Botafogo RJ,64.31,35.69,Fora,0.20589747032369826,-0.5649547924825316,0.42353629214126154,0.4094444098148233,0.1654292584869371,0.8478579995418722,0.7231307016165198,0.43127205557186993,-0.10252525103689723,-0.04436513371447875,0.16056332228038758,-0.12688884347761334,-1.235166119969027,0.2496102881496589,0.12656520928801102,-1.3126537809127266,1.4483992352967523,0.3667334321388976,-1.3516051135306872,-1.2843895538371088,0.20028875225179127,0.43989308206736355,-0.38542562033384425,1.2677669221435832,1.1460099348371915,-0.2768347822894177,0.6578580641604705,0.9759283093831214,0.837960087099414,0.6106256865938368,-1.346889012077095,-1.0632400946467033,0.513176626325891,0.18681774410429194,0.3271575822352732,0.15172642071121606,-0.5934121252007547,0.06855911701910615,0.464990554975277,0.09239104191265884,0.0,0.19558339952494644,1.4495971756624926,0.040692443784004155,0.5423261445466404,0.9684959969581861,-0.08804509063256245
493,2025,14,1890060,2025-07-20,Sport Recife 0 x 1 Botafogo RJ,1231,Sport Recife,35.69,64.31,Casa,0.17425955890880557,-0.05794005057267457,0.951001930626222,0.008561832803114178,-0.7601490474044812,0.34178562529348494,2.3300878163198973,-1.3539386970100453,0.2100605836705712,1.0632400946467033,-0.5131766263258911,-0.18681774410429194,0.40264193934596065,0.2496102881496589,-0.10034720856930432,0.3622447317056634,1.2958298744558754,1.3732109312854115,0.2768347822894177,-0.6578580641604705,-0.9759283093831216,2.115676251847795,0.17530852273180642,-0.032506844157527234,-0.3989091974739336,1.3516051135306872,1.2843895538371088,-0.2002887522517912,0.8115389859674614,-0.6106256865938363,0.3738633091587085,0.04436513371447875,-0.16056332228038758,0.12688884347761334,0.6785474966090673,-0.4985296680511391,0.7304609431097266,-0.10283867552865908,-1.2787240261820123,-0.7652661514762854,-1.0540925533894598,-0.9273161545293039,-0.6701091211823558,-0.7599581543204631,-0.5423261445466404,0.08804509063256245,-0.9684959969581861
494,2025,14,1890028,2025-07-19,Vasco da Gama 1 x 1 Gremio,1226,Vasco da Gama,63.04,36.96,Casa,1.030112211477674,1.3157263068417162,0.342882359732606,1.3918486280846811,0.9099347020816525,1.1982344232439852,-0.16069571147033773,1.2048633816907004,2.1464726544081603,0.9795392444132904,1.361810863378869,0.6567803454659075,-0.6623329245634066,1.7472720170476124,1.691374043996368,1.2264617724630975,-0.25180822370705647,0.814922333388769,0.6025227614534386,1.2217364048694452,0.22216870964576615,-0.18852560660029824,1.1519144831231096,0.3389999462142186,0.16710830330784565,1.3516051135306872,0.031326574483831957,-0.32484022031133997,-0.6280263523559135,1.5600052037364185,-1.4611364625817826,1.5620076909876757,2.5502874917821363,0.25475852984148906,1.202343286978681,1.2354865686484746,0.08345530822114608,3.15371938287888,0.464990554975277,0.951623679981394,0.0,-0.7072255370203464,0.7056115911787714,0.8428137702107872,0.0,0.08804509063256245,-0.08804509063256245
495,2025,14,1890028,2025-07-19,Vasco da Gama 1 x 1 Gremio,1244,Gremio,36.96,63.04,Fora,-1.257537319254166,-0.9790034900476257,-1.1097302180057655,-1.0759564546732068,-0.4116112398749246,-1.371111970607516,0.0,-1.0305309519770902,-1.7490643751455708,-1.5620076909876757,-2.5502874917821368,-0.25475852984148906,0.28723287346591875,-0.7488308644489767,-1.7842514077270066,-1.3126537809127266,-0.0679059744839432,-2.3711661092562997,-1.3516051135306872,-0.031326574483831957,0.3248402203113401,-1.445362983935622,-2.0510840458754913,-0.4968903321222095,-0.07613032756581034,-0.6025227614534386,-1.2217364048694452,-0.2221687096457661,-0.8407847797783862,-1.5600052037364185,1.4453053206461264,-0.9795392444132904,-1.361810863378869,-0.6567803454659075,-0.7252294061116327,-1.365537786400946,0.911622520878529,-0.6170320531719548,-0.11624763874381938,-0.4290708956114865,0.0,0.20512817041674336,-0.9572614520357217,-0.44610906080978124,0.0,0.08804509063256245,-0.08804509063256245
496,2025,14,1890039,2025-07-19,Mirassol 3 x 0 Santos FC,1241,Santos FC,57.65,42.35,Fora,-0.41170324276722114,-0.35935229058071644,0.2847077936265961,0.32505201126090266,-0.44558600300027906,0.24045008049781488,-0.6427828458813509,0.9932828480513619,-0.5857191882250227,-1.0840785600916507,-0.9558762862056664,0.02266634525206651,-1.5912568483806893,0.12480514407482945,-0.17928261838317594,0.5409005730516252,1.5203774670581787,0.4539293230062974,-1.3516051135306872,-0.031326574483831957,-0.5479257114032718,-0.8169442952679601,-0.1079739208499012,0.6176300389930279,0.9100416913423227,0.04885319687460326,0.6578580641604705,0.026507306350935924,1.308823677849336,0.3183593074847212,-1.2538598115360964,1.5363380650426703,-0.4291687979385434,1.1743855939271235,0.2366319415703092,0.6936064946798454,-2.892770612266327,-0.78842984571972,-0.11624763874381938,-0.9112618541849731,-1.0540925533894598,-0.6070924819822888,0.3740811728298849,-0.8962498424161552,-1.6269784336399213,-1.672856722018685,-0.9684959969581861
497,2025,14,1890039,2025-07-19,Mirassol 3 x 0 Santos FC,6332,Mirassol,42.35,57.65,Casa,-0.26094222514160437,0.023065727476814818,0.27125012030491785,0.3818073473352316,1.0175426738001399,-0.13422681093563743,-0.32139142294067546,-0.8113746447547572,0.1752893362885853,-1.5363380650426703,0.42916879793854346,-1.1743855939271235,0.06257320667264313,0.2496102881496589,0.5493638827926741,-0.12447791298686013,-1.3620096352850077,-0.9519385152611857,-0.04885319687460326,-0.6578580641604705,-0.02650730635093593,0.020947289622255692,0.03127240105559852,0.060369853435409224,0.17358210417952974,1.3516051135306872,0.031326574483831957,0.5479257114032716,0.1319794897017246,-0.3183593074847212,-0.9499531015796161,1.0840785600916507,0.9558762862056662,-0.02266634525206651,0.9123787558720479,0.5852304798861194,-0.9517537076005844,1.0969458723056975,1.0462287486943735,1.0066876982608761,2.1081851067789197,0.31782445288376854,-0.6048472278065905,0.8942178037912639,1.6269784336399213,0.9684959969581861,1.672856722018685
498,2025,14,1890056,2025-07-19,Fortaleza 1 x 1 Bahia,2065,Fortaleza,28.12,71.88,Casa,-0.14511620034148498,0.1228280326850267,-0.4505044680382902,0.03406386154044287,0.6226233751333365,0.371943758291988,0.32139142294067546,-2.1121733714937623,0.5999950748836195,0.4359590139297534,0.05541897412575505,-1.1139530890934977,-0.5004256446097143,0.37441543222448836,0.221920938525457,-0.10904705755925137,-0.08767989002425909,0.11827286922471325,-0.7002291552026452,0.5952049151928066,-0.7685198552022874,-1.026417191490514,0.5292191298967318,-1.982917493609193,-2.119820143626274,0.7002291552026452,-0.5952049151928066,-0.5221457820557579,-0.3279354930366045,-0.3365720825124512,1.8146909390859391,0.7016309334901365,-0.285638572536545,0.7760734050172908,-0.01760730380652314,0.6936064946798454,0.18697620980331867,0.4113547021146366,1.0462287486943735,0.7842762188872234,0.0,0.7261119757834851,-1.5785546769730048,0.686589528346883,0.0,0.08804509063256245,-0.08804509063256245
499,2025,14,1890056,2025-07-19,Fortaleza 1 x 1 Bahia,1221,Bahia,71.88,28.12,Fora,-0.29853677298909276,-0.2733997549078483,0.23528440465369857,0.7697485133599873,1.5862720930008534,0.34788755057150356,-0.6427828458813509,-0.6993614210633433,-0.8406521290266704,-0.7016309334901365,0.285638572536545,-0.7760734050172908,0.9337221697426007,-0.7488308644489767,-0.2397439151725778,0.9756849276852384,-0.36362214792539843,-0.004735228592952772,-0.7002291552026452,0.5952049151928066,0.522145782055758,0.23042018584480964,-0.4472947904756829,1.5463970149223925,1.201264206729929,0.7002291552026452,-0.5952049151928066,0.7685198552022873,-0.022840222379166452,0.3365720825124512,-0.7419700725986793,-0.4359590139297534,-0.05541897412575504,1.1139530890934977,1.6838878559597557,1.2354865686484746,0.14434995621065935,0.7541502872101671,2.789943329851663,2.426000183467277,0.0,2.1686368559651767,1.1232877087836672,2.2191916965506544,0.0,0.08804509063256245,-0.08804509063256245
500,2025,13,1889986,2025-07-17,Fluminense 0 x 2 Cruzeiro,1232,Fluminense,71.7,28.3,Casa,-0.11080770686447843,0.6995509849281338,0.390127742175783,1.6687323997003434,0.4811917653611049,0.6191709490217528,-1.5578599573778533,-0.6912319779829598,1.8361964115655258,-0.13912503734897996,1.377762186331505,-2.146013388417289,0.7276397949095016,1.6538918792421553,2.138810513666372,-0.6738523150553161,-1.00692578294065,-1.525351626779947,0.5483177024560174,-1.5428161556520095,-1.9121866240761434,-1.432078020789063,1.3298854797661153,1.5860018016478115,1.2773776200974551,0.5764365589922233,0.3560344974581561,-0.6388044348698061,-0.07551386402054536,1.551122358305995,-0.7758262189253887,0.2799511066193354,2.2697333284047136,1.5110402544970531,1.3430336575936117,2.7322155601013516,-0.16958771636745512,2.436707831353024,-1.0459527207369816,0.3007052262959454,-1.0,-0.9530101107748635,1.739362568705806,0.22527613311056538,-1.3801311186847083,-0.9282107406174598,-1.0259171343666662
501,2025,13,1889986,2025-07-17,Fluminense 0 x 2 Cruzeiro,1230,Cruzeiro,28.3,71.7,Fora,-1.9333601370696172,-0.8916158625145557,-0.4095631868623893,-0.4327697046848872,-0.012255025254650553,-3.7524579241790454,-0.05535542995758891,-0.5679447101471943,-2.18564711235652,-0.2799511066193354,-2.2697333284047136,-1.5110402544970531,0.21390963197607493,-1.036173225549302,-1.5978191680585414,-1.4871312174830478,-0.7934324133365458,-2.293488282248866,-0.5764365589922233,-0.3560344974581561,0.6388044348698061,-1.6180621793330974,-1.582452331562899,-1.7998447411958316,-1.3169378178537907,-0.5483177024560174,1.5428161556520095,1.9121866240761434,1.5484816777214998,-1.5511223583059948,0.6296085676606202,0.13912503734897996,-1.377762186331505,2.146013388417289,-0.9482076625193382,-0.6420472242433709,0.2734989265238859,-0.8014421106443499,0.2614881801842453,-0.2054000266439862,1.0,0.5369345432077016,-1.2422579341864401,-0.25903418273782186,1.3801311186847083,1.0259171343666662,0.9282107406174598
502,2025,13,1889989,2025-07-17,Botafogo RJ 0 x 0 Vitoria,1238,Vitoria,31.53,68.47,Fora,-0.9202354960323519,-0.8884919330116763,-1.1288702561065325,-1.444382335876134,-1.19351936264506,-0.02032150516750488,0.8145156122330904,-1.2571205373491239,-1.1483604019438325,-0.21129107169203767,-1.6860030745207524,-1.2240413367523109,0.26934486582161293,-0.8369091437128977,-0.9100081374244411,-0.6842789676505435,-2.400685192468638,-1.245903760268017,-0.8576251243542835,-0.9494253265550828,0.4738213781004748,-1.060109703700995,-0.8033119480168656,-0.9088324930790834,-0.757554588908768,-1.391883398542198,-1.424137989832624,-0.8491297401164409,-1.1849460034674286,-1.2590453202587601,0.03979089001481259,0.27004168087469516,-0.8755019922268523,-2.134470379601952,-1.5085116514169723,-1.4856129203295516,0.010929064069758033,-0.8014421106443499,-1.0459527207369816,-1.4812224028674843,-1.0,-1.3401939039589714,-0.9375484064415402,-1.4799144925270162,0.0,1.0259171343666662,-1.0259171343666662
503,2025,13,1889989,2025-07-17,Botafogo RJ 0 x 0 Vitoria,1227,Botafogo RJ,68.47,31.53,Casa,1.0136642479463274,1.4120362626009977,0.8102865405087213,1.6352763521001312,0.6302513674132145,0.2931885366469096,0.02372375569610921,0.3295865996971787,0.5131317306396262,-0.27004168087469516,0.8755019922268523,2.134470379601952,1.0198684216087262,1.5542598383239532,1.2778638237052165,0.2523819904873782,0.3712240479827486,1.0797581637978975,1.391883398542198,1.424137989832624,0.8491297401164409,0.4277635646512779,0.19740924049301128,1.4077993520244618,1.335691403667788,0.8576251243542835,0.9494253265550828,-0.4738213781004748,1.0216966349742105,1.2590453202587604,-0.7346257164126386,0.21129107169203767,1.6860030745207524,1.2240413367523109,2.372015676868701,1.3262727332910504,0.973685226401561,1.6271703458536804,0.9152086306448588,0.9537721863550493,-1.0,-0.4244854294139818,1.696552139187928,0.8502193911761164,0.0,1.0259171343666662,-1.0259171343666662
504,2025,13,1889998,2025-07-17,Santos FC 1 x 0 Flamengo,1241,Santos FC,25.52,74.48,Casa,-0.5688385652356991,-1.2025509012560136,-0.23741123882797477,-0.686987833364938,-0.16620103041557696,-0.2181350466433965,0.3400404983109017,-0.04843767119786451,-1.0547472562474594,-1.4170026871547499,-1.7035735503901694,0.2220413571955963,0.8120236487477667,-1.5343334301403124,-1.4688197239743754,0.2523819904873782,0.698381663006523,0.8630772940585352,-0.8576251243542835,-0.9494253265550828,0.6978256538597294,0.4277635646512779,-1.5795761471049927,-1.7107435163841567,-1.3837417308328304,-0.2671291370939572,-0.23735633163877062,1.7670632477118529,1.9425741346027512,-1.6087491951470845,0.6487065455027932,-0.4662666819875843,-0.92204563065773,-0.007276600668679662,-0.20987990698625775,-0.8295062678180778,0.010929064069758033,-0.8014421106443499,0.2614881801842453,-0.13246700178912427,0.0,0.6442415306413446,-1.4134996522579546,-0.18924194861645663,0.6900655593423541,1.0259171343666662,-0.04885319687460319
505,2025,13,1889998,2025-07-17,Santos FC 1 x 0 Flamengo,1239,Flamengo,74.48,25.52,Fora,0.5027086627977191,0.7865746628458198,0.7262523099173069,0.8265647882023974,-0.5125566265433248,0.842161816617298,-0.767068100840872,0.164733910133927,1.604246234722045,0.4662666819875843,0.92204563065773,0.007276600668679662,-2.328111061981284,1.354995756487549,1.286817426163002,0.05910274515733085,0.7825302252580875,0.30546498591807825,0.2671291370939572,0.23735633163877062,-1.7670632477118529,0.4277635646512779,0.7884961845546405,1.764204251271161,2.0428058217417484,0.8576251243542835,0.9494253265550828,-0.6978256538597294,-0.43000059188260353,1.6087491951470845,-1.8316192131410058,1.4170026871547499,1.7035735503901694,-0.2220413571955963,0.21597776446793188,0.3889775154175165,-1.3571981139806997,-0.47762711644461253,-0.39223227027636814,-0.920743861237239,-1.0,-0.7818141556580115,1.9886703641334516,-0.9435724214926244,-0.6900655593423541,0.04885319687460319,-1.0259171343666662
506,2025,13,1890002,2025-07-17,Red Bull Bragantino 2 x 2 Sao Paulo,5438,Red Bull Bragantino,51.91,48.09,Casa,-0.34787489301667973,-0.08092736674134335,0.11812109223776224,0.0534867955372568,0.28817548906476553,-0.8936814059932205,-1.1624640291093626,-0.6080130721938183,0.30255928070556504,-2.453988401384485,0.4074563195710366,-0.7876676721168498,-0.8560276603541204,-0.13948485728548282,0.18586931604636844,0.8039349588682448,-1.677054386895361,-0.35452145692004045,-0.014059428268102959,-0.3560344974581561,-0.38283571563270347,-0.3161730695248585,0.832186085726178,0.9622932279660877,0.6061132280373268,0.5764365589922233,-0.23735633163877062,-0.2687709423087766,-1.1086599180942864,0.008176776818399975,-1.0795222518951881,-0.012255205549303753,-0.13984268682518525,-0.02101898836311008,0.36663208051892254,0.5764365589922233,0.20348029653611885,0.6557253632544683,-0.39223227027636814,0.28191981390704324,1.0,-0.3876544497584908,0.470159246528701,0.20729969648090796,0.0,-0.9282107406174598,0.9282107406174598
507,2025,13,1890002,2025-07-17,Red Bull Bragantino 2 x 2 Sao Paulo,1224,Sao Paulo,48.09,51.91,Fora,0.2104068500681467,-0.10467738158509944,0.34910683566679274,0.3313442277980062,1.0971916154368244,0.5246832932609288,1.130832354847883,-0.6453180989268816,-0.43940304177137607,0.012255205549303753,0.13984268682518525,0.02101898836311008,-0.03158199764077913,-0.039852816367280705,-0.0397764826196643,0.07843066969033567,0.7653602562844628,1.0032129698468373,-0.5764365589922233,0.23735633163877062,0.2687709423087766,1.1717001988274143,-0.3220055725405238,0.7840907783427381,0.770361218000993,0.014059428268102959,0.3560344974581561,0.38283571563270347,0.09076168364486865,-0.008176776818399975,-0.10849818791456388,2.453988401384485,-0.4074563195710366,0.7876676721168498,0.9533423354646116,0.5764365589922233,1.7438901562670042,0.17000287195486224,2.2226495315660855,1.5754934660023985,1.0,1.012597936310665,0.20070536662205404,1.44516684047953,0.0,-0.9282107406174598,0.9282107406174598
508,2025,13,1889994,2025-07-16,Palmeiras 1 x 1 Mirassol,1234,Palmeiras,49.16,50.84,Casa,0.045481936505935044,0.8567082468676948,0.5184629007309468,0.14677654087430575,-0.2565050953271341,0.5246832932609288,-0.05535542995758891,0.3797591573903425,0.4768527089943638,1.5500136851707802,0.023213772554189216,-0.29213201633338515,-2.2746529348929583,0.35867534730552775,0.252136251790429,-1.4871312174830478,-0.60995521292023,0.0406105286916418,1.391883398542198,1.424137989832624,0.8491297401164409,-0.5021572280688926,0.19254071448872434,0.1603822046610144,0.3201562191504484,0.014059428268102959,2.136206984748936,-0.37541985284575047,1.1097453002877955,0.64216221664505,0.637924803442779,-0.7157318110326646,0.19276569831802598,0.31939958681035857,-0.5672213382762115,0.5764365589922233,-0.6309083774847773,0.4938178661545996,-1.0459527207369816,-0.6489626470438369,0.0,-0.9812628691078993,-0.14933285120059983,-0.6834952045045465,0.0,0.04885319687460319,-0.04885319687460319
509,2025,13,1889994,2025-07-16,Palmeiras 1 x 1 Mirassol,6332,Mirassol,50.84,49.16,Fora,-0.2848743753588578,-0.4426253177340575,-0.9856086215274155,0.16767709294149796,-0.1816692696169354,0.2931885366469096,-0.767068100840872,-1.1254175734045697,-0.510306359458606,0.7157318110326646,-0.19276569831802598,-0.31939958681035857,0.29225679736482923,0.15941126546912354,0.2203538766116857,-0.6738523150553161,0.8108439717601177,-1.2250259076196583,-0.014059428268102959,-2.136206984748936,0.37541985284575047,-1.6180621793330974,-0.4514083124719281,-0.10692146977401003,0.5235099847187659,-1.391883398542198,-1.424137989832624,-0.8491297401164409,-0.9212383792106349,-0.64216221664505,-0.17978947941037396,-1.5500136851707802,-0.023213772554189216,0.29213201633338515,1.043952344631846,-0.6420472242433709,-0.9518270982620457,-1.4490720990438246,-0.39223227027636814,-0.44752577568879603,0.0,2.2082284666815175,-0.04608416824571626,-0.49073301872843933,0.0,0.04885319687460319,-0.04885319687460319
510,2025,13,1890017,2025-07-16,Ceara 0 x 1 Corinthians,1237,Corinthians,55.83,44.17,Fora,0.382010753014185,-0.6906670434531648,-0.48431932307928083,-1.070547640120082,-0.5064434258113858,0.8979095335161842,0.26096131265720357,-0.025480731669825944,-0.5223915249830484,0.3089284460156773,-0.15123118468875377,1.1417206630958863,0.7130451683743323,-0.5380130209582913,-0.7608206640526746,1.567623684318676,0.7012234072001082,-0.03650504432679063,-1.701190820440464,0.23735633163877062,0.1479320537259804,0.7997318817393462,-0.22526698982777146,-0.8197312682674086,-0.9657997502577108,-0.8295062678180776,-0.8307471607356973,-0.8491297401164409,-1.0003961335660765,-0.4238118997692834,0.5436989439785458,-0.16825422016073355,-0.6380941028944745,-1.7019476295233529,-1.5183369282932169,-1.2044243549674913,0.5885827614688401,-1.287164601943956,-0.39223227027636814,-0.6994407338353794,0.0,0.8041827824511548,0.11508450758629701,-0.7317995009239631,0.6900655593423541,1.0259171343666662,-0.04885319687460319
511,2025,13,1890017,2025-07-16,Ceara 0 x 1 Corinthians,7334,Ceara,44.17,55.83,Casa,0.7648488399801309,0.6160605975490177,0.49413629194136827,-0.3312745579478843,-0.5483732771851432,-0.24255647151696352,-0.6879889151871739,2.6375242535827113,1.4018177886150067,0.16825422016073355,0.6380941028944745,1.7019476295233529,1.410276317828615,0.15941126546912354,0.6445776961731722,-0.1404113145382016,0.22782622071256106,0.9514649685481763,0.8295062678180776,0.8307471607356973,0.8491297401164409,0.7997318817393462,1.4813319015958228,-0.28512391939735965,-0.45725496270476773,1.701190820440464,-0.23735633163877062,-0.1479320537259804,-0.49495660109129286,0.4238118997692834,-0.8786647241955297,-0.3089284460156773,0.15123118468875377,-1.1417206630958863,-0.7584206531536882,0.10778895005545629,0.7986386514321425,0.4938178661545996,-1.0459527207369816,-0.8587234293832772,-1.0,-1.1355742916723846,-0.5749188858195099,-0.8842228400256037,-0.6900655593423541,0.04885319687460319,-1.0259171343666662
512,2025,13,1889983,2025-07-15,Juventude 2 x 0 Sport Recife,1220,Juventude,37.14,62.86,Casa,-0.3829212226894908,-1.1705459034186612,-0.8040213181313866,-0.8039474295906865,-0.8746077366647536,-0.2148973577397041,1.4471490974626755,-0.2473978137742042,-0.9899148958384332,-1.1640230128098445,-1.2673520820838813,-0.11675725749643853,0.7751126033155771,-1.135805266467504,-1.2079644639464604,-0.6521648776572432,1.2845581612877122,0.06867071807761012,-1.9823793858025243,-0.3560344974581561,0.37735779546693154,0.613747723195312,-1.9707320603866916,-0.28512391939735965,-0.20519845035554238,-1.391883398542198,-0.8307471607356973,-0.2629381757176928,-0.959389092921685,-1.3226156309590622,1.1616763851283023,-0.04180823277794281,-1.0217489974771006,0.3331799718901196,-1.2046050618167028,-1.0169653113927846,-2.1552723011767996,-1.287164601943956,-1.0459527207369816,-1.5260965500560033,1.0,-1.1418425296136776,-0.7511971250107746,-1.5228561776252305,1.3801311186847083,1.0259171343666662,0.9282107406174598
513,2025,13,1889983,2025-07-15,Juventude 2 x 0 Sport Recife,1231,Sport Recife,62.86,37.14,Fora,0.4823884356727651,1.2248644464028478,0.6396613143003723,0.809524885993367,-0.10149327520623347,0.355361414137532,0.7354364265793923,-1.0241076011395276,0.9778351192581065,0.04180823277794281,1.0217489974771006,-0.3331799718901196,0.9113909751461315,1.255363715569347,1.4214635107641491,1.0516177887440608,0.5005944109633458,0.9913408558054553,1.391883398542198,0.8307471607356973,0.2629381757176928,0.7997318817393462,1.4573959322164247,0.24948342947268923,-0.1662202951292889,1.9823793858025243,0.3560344974581561,-0.37735779546693154,-1.0070572408869056,1.3226156309590622,-1.241110660126407,1.1640230128098445,1.2673520820838813,0.11675725749643853,0.5313745734340858,1.3262727332910504,-0.7491415904027187,1.3033553516539431,-1.0459527207369816,-0.40565452412830283,-1.0,-1.0509794814678837,0.9360374501056149,-0.4506649124394169,-1.3801311186847083,-0.9282107406174598,-1.0259171343666662
514,2025,13,1889968,2025-07-14,Cruzeiro 4 x 1 Gremio,1244,Gremio,50.64,49.36,Fora,-0.569337238320297,-0.33781471448484496,-0.5577449866374424,-0.4591814178373218,-0.18550204176576462,-0.15326563682298458,-1.478780771724155,-0.11626499253070818,-0.32948833564990954,1.2668504553343358,-0.5167349046263475,-0.5092626701315094,-1.0654915688315172,0.5579394291419321,-0.664524966896066,2.3665595817129734,0.06997174076569891,1.2847779501351582,-0.29524799363016313,-0.9494253265550828,0.8491297401164409,-0.3161730695248585,-0.6622874429085321,-0.5524275938323842,0.5512931624809786,-1.391883398542198,-0.23735633163877062,0.1453615469710468,-0.18634208337791092,-0.6499807501269297,-0.13351295066397167,0.33161147482998493,0.0030540009302691302,-0.46702193444599693,-0.7227769877066298,-0.9232357896054312,1.6155226679560974,-0.3157196193447438,0.2614881801842453,-0.09071455318238307,0.0,0.009531800501267132,0.021908866870914246,-0.14928752914597865,-2.0701966780270626,-2.882338615601586,-0.04885319687460319
515,2025,13,1889968,2025-07-14,Cruzeiro 4 x 1 Gremio,1230,Cruzeiro,49.36,50.64,Casa,0.052436842002244785,0.9233920568385633,0.1715752296720696,0.660004524391161,1.486889778143341,0.3787161560855866,-1.6369391430315514,0.9889973579501884,0.6075714515524132,-0.33161147482998493,-0.0030540009302691302,0.46702193444599693,0.15542436536677776,1.354995756487549,0.7093327406857357,1.3168602222304746,-1.4030675228794023,-0.682518019683649,1.391883398542198,0.23735633163877062,-0.1453615469710468,-0.8741255451569608,0.9542761459924679,0.0712809798493396,0.6698389813398757,0.29524799363016313,0.9494253265550828,-0.8491297401164409,-0.366653522837675,0.6499807501269297,-0.3088845207676529,-1.2668504553343358,0.5167349046263475,0.5092626701315094,0.9640397726798573,0.014059428268102877,0.8604197955389962,0.6557253632544683,2.2226495315660855,2.2166957744038,3.0,0.95194674054774,-0.05867547104509266,2.0587563867264542,2.0701966780270626,0.04885319687460319,2.882338615601586
516,2025,13,1889980,2025-07-14,Fortaleza 0 x 1 Ceara,2065,Fortaleza,59.76,40.24,Casa,0.6020072575624773,-0.045409032780554304,-0.4216102243800199,-0.533603371379465,-0.5267329161844265,0.8410115321123837,0.8145156122330904,1.132347522787799,0.3297198516037387,2.1221028308815546,0.702217725501769,0.4221411348401719,-0.9251829929189643,-0.4383809800400892,-0.2787543181876623,-0.8209346697496931,0.12418264892033201,-0.5423923622434448,-0.29524799363016313,0.8307471607356973,-1.6260064844232958,0.05579524756320971,0.9509695684646012,0.0712809798493396,-0.8810422856655536,-1.1106948331801378,-1.424137989832624,-0.5632542621365252,-1.072874319144508,0.3296314775983313,1.0023658501684392,-0.6063378504719521,-0.7472523343036612,-1.0742265698625122,-0.6425660589500178,-0.6420472242433709,0.010929064069758033,0.008095374854993549,-0.39223227027636814,-0.540714903961485,-1.0,-0.6835039136655748,-0.441451076146124,-0.5799090466104074,-0.6900655593423541,0.04885319687460319,-1.0259171343666662
517,2025,13,1889980,2025-07-14,Fortaleza 0 x 1 Ceara,7334,Ceara,40.24,59.76,Fora,0.3570235743284373,0.2442967145127513,-0.4062007078775809,-0.30358343763089757,0.3399618660401078,-0.5005077717440134,-0.2925929869186833,1.9162937367434822,-0.6275499682479138,0.6063378504719521,0.7472523343036612,1.0742265698625122,0.4381566293516565,-1.036173225549302,-0.5214727394124548,0.42988333823946245,-0.4100184027644098,-0.5027804621412358,1.1106948331801378,1.424137989832624,0.5632542621365252,-0.8741255451569608,-0.4168351268496708,-1.3543386171374574,-1.811904613556297,0.29524799363016313,-0.8307471607356973,1.6260064844232958,0.7435942089841374,-0.3296314775983313,2.8230304289422605,-2.1221028308815546,-0.702217725501769,-0.4221411348401719,0.23965658741668197,-0.17339961530660394,0.2734989265238859,0.17000287195486224,0.9152086306448588,0.754516140386351,0.0,0.32236307464133945,-1.3379518354616984,0.6595441156336699,0.6900655593423541,1.0259171343666662,-0.04885319687460319
518,2025,13,1889955,2025-07-13,Corinthians 1 x 2 Red Bull Bragantino,1237,Corinthians,64.7,35.3,Casa,0.7297860254616177,-0.03445437321784153,0.7785520258052586,0.34065804468808303,0.756937341703002,0.9215314474563903,1.4471490974626755,-0.0670901845643967,0.43891567215417426,-0.31611442074402923,0.9820756516278141,0.202723892322805,-0.31596130117412763,-0.23911689820368495,0.12817736895090504,-0.7755121778587825,1.427600868273998,0.9750097647367296,-0.8576251243542835,0.8307471607356973,0.8491297401164409,0.9857160402833802,0.22640117982871336,0.8731920031544129,0.5629737777563831,0.29524799363016313,0.9494253265550828,2.2183196307988315,1.341329611379799,0.7404394950590082,-0.09458675211457034,0.675400525924377,0.04676357600840856,0.15509499547474814,0.42033411221016725,0.3889775154175165,0.3719626249441843,0.008095374854993549,0.9152086306448588,1.7900709123853342,0.0,1.4268377725001933,0.7975331193124783,1.650503715028813,-0.6900655593423541,-0.9282107406174598,-0.04885319687460319
519,2025,13,1889955,2025-07-13,Corinthians 1 x 2 Red Bull Bragantino,5438,Red Bull Bragantino,35.3,64.7,Fora,-0.024513790752518402,-0.8737041423480107,0.43906758047364125,-0.5737679237942535,-0.014740140541970648,-0.49578338895597235,1.4471490974626755,-1.1254175734045697,-0.6810373533134886,-0.675400525924377,-0.04676357600840856,-0.15509499547474814,0.058560297982151614,-1.4347013892221103,-0.8154418599846864,-0.7835078974051226,0.5368412917895448,0.8450987226155143,-0.29524799363016313,-0.9494253265550828,-2.2183196307988315,2.101620991547585,-0.3970165014568049,-0.10692146977401003,-0.7144669217272103,0.8576251243542835,-0.8307471607356973,-0.8491297401164409,1.0098444989064908,-0.7404394950590082,-0.12016173927126525,0.31611442074402923,-0.9820756516278141,-0.202723892322805,-0.36983265616738664,-0.45458818066866413,-1.7220320281274881,-0.8014421106443499,0.2614881801842453,0.08449289008137774,0.0,0.9634564876088187,-1.0130962232377965,1.267964996741456,0.6900655593423541,0.04885319687460319,0.9282107406174598
520,2025,12,1889975,2025-07-13,Bahia 2 x 1 Atletico MG,1235,Atletico MG,55.1,44.9,Fora,0.2796294243301509,0.2190824420824743,0.3480300115534071,-0.17426698108683467,-0.11768027512642326,0.5949204853891805,0.5065884514773747,1.2246216378166632,-0.44411970645262333,-0.1522803010468921,0.1110372032500601,0.528887886555362,0.766024156452306,-0.34545268098229714,0.10432389366691795,-0.4330753630580888,0.27788799932955677,0.09926546195919232,-0.22941573387056174,1.346874289515838,0.43595200911655113,0.6065270733437931,-0.5318879242661022,-0.2175303173877815,-0.290826776353352,0.22941573387056174,0.7797693255091696,0.15627262724336913,1.221886178250802,-0.45071857917872854,-0.3061635040491066,-0.13941123688999346,0.3260409644088638,0.0995896995740934,-0.6719800091515673,-0.41999848754279584,-0.9202560294162663,-0.7254236011567794,-0.9583148474999099,0.2207249344487095,0.054312544659356886,1.3579996232070595,-0.028634147831600107,0.09211622173383557,-0.5976143046671968,-0.7427813527082076,-0.18569533817705183
521,2025,12,1889975,2025-07-13,Bahia 2 x 1 Atletico MG,1221,Bahia,44.9,55.1,Casa,-0.03331914694106064,-0.26633159330768663,-0.33219249469069817,-0.231827554214492,-0.21412066718226427,0.4735101643311352,0.03030871077215074,-0.17076325360845226,0.20395651680041293,0.13941123688999346,-0.3260409644088638,-0.0995896995740934,0.8020414030969522,-0.14805114899241306,0.09190983514139771,0.04052019790645852,-0.059559385938974224,0.0893652720154446,-0.22941573387056174,-0.7797693255091696,-0.15627262724336913,0.2954875485521044,0.242515652322139,-0.6754888803094253,-0.8114991436588431,0.22941573387056174,-1.346874289515838,-0.43595200911655113,-0.7382107330637306,0.45071857917872854,-0.06475173974304094,0.1522803010468921,-0.1110372032500601,-0.528887886555362,-0.7381037062312744,-0.08842073421953603,-0.6219714539288189,0.6729833408321928,-0.9583148474999099,-0.7652564781803529,1.1405634378464937,-1.2391910468160487,-0.6545899376386702,-0.7173131301142079,0.5976143046671968,0.18569533817705183,0.7427813527082076
522,2025,12,1889972,2025-07-12,Internacional 1 x 0 Vitoria,1219,Internacional,62.39,37.61,Casa,0.5868215804495522,1.3567561671915906,1.3329128831032773,1.157313063280473,0.6742390132111891,0.6373123572669895,0.5498866097233042,-0.2910550545933758,0.7512259699476521,0.7178150467851655,0.9870275084186299,0.10752223221856821,0.499019051450878,1.7272634049114859,1.664639772727354,0.8870386711276819,0.9947238752836693,1.4204037509074938,0.6882472016116852,1.346874289515838,0.8247723447272265,1.124926281329941,0.7392964900967303,2.1867521379508488,0.840111343345955,1.6059101370939322,1.4886505305175053,-0.5125173760823679,0.8519417216307064,1.2270058392480965,-0.7800447144619033,0.5541541349978434,1.2492988920545596,0.6571783997259844,1.4957691220932514,1.2378902790735034,1.2614825798633487,1.0225850763294357,0.31943828249996997,0.9521798613134096,0.054312544659356886,0.31983846099619906,1.4869779559991367,0.6925951757736035,0.5976143046671968,1.1141720290623112,-0.18569533817705183
523,2025,12,1889972,2025-07-12,Internacional 1 x 0 Vitoria,1238,Vitoria,37.61,62.39,Fora,-0.766842135574543,-1.404837153648115,-0.5966151968795756,-0.8877708968632407,-0.4823566700188052,-0.5737564877474727,0.46329029323144527,0.26529452496189687,-1.351275915786821,-0.5541541349978434,-1.2492988920545596,-0.6571783997259844,-0.0506872618394561,-1.2337595749367756,-1.2910283720442473,0.18038939400471032,0.11164189395864287,0.66930345373735,-1.6059101370939322,-1.4886505305175053,0.5125173760823679,0.7102069149410227,-1.282441541775608,-0.10304067665737053,-0.009222202928421767,-0.6882472016116852,-1.346874289515838,-0.8247723447272265,-0.8692943866579752,-1.2270058392480967,-0.08269292885297669,-0.7178150467851655,-0.9870275084186299,-0.10752223221856821,-1.229528007567668,-0.6410503230916358,0.8183169248534264,-0.5506227334081578,-0.31943828249996997,-0.37023112461452057,-1.03193834852778,0.011126755952409568,-0.45748045489091227,-0.39302190940269977,-0.5976143046671968,0.18569533817705183,-1.1141720290623112
524,2025,12,1890194,2025-07-12,Flamengo 2 x 0 Sao Paulo,1224,Sao Paulo,39.0,61.0,Fora,-1.1957350816406285,-0.7752170351514089,-0.36830904079973487,-1.4045826599074644,-1.2416662269342673,-2.962435835109049,0.11690502726400964,-1.705686634176078,-1.5380557100285515,-0.9671179906372457,-1.3734535103302485,-0.6640694205280288,0.6751571187149539,-0.7402557449620654,-1.6014770735310513,-0.24898179077092938,-0.10002664457372229,0.6471566234794519,-0.6882472016116852,-0.07088812050083365,-0.3019341147858921,0.08812786535764527,-1.0590473111805576,-1.0189578025006583,-0.411129057505316,0.22941573387056174,0.07088812050083365,-0.6517090770749606,-0.520280850846234,-1.914824905576345,-0.13924634840681765,0.6899284556359218,-1.6436085877155608,-0.7463669339549979,-1.3135302123829542,-1.3042058297381554,-0.777079433182292,-1.4246270721512655,-0.9583148474999099,-1.3557290965851887,-1.03193834852778,-1.3624801773970634,-0.4281803966446238,-1.202054386569569,-1.1952286093343936,-0.7427813527082076,-1.1141720290623112
525,2025,12,1890194,2025-07-12,Flamengo 2 x 0 Sao Paulo,1239,Flamengo,61.0,39.0,Casa,1.0072637614874929,0.40918722457250684,0.42752384262285065,0.9041087683138916,0.982244075932507,0.3309565317268613,-0.09958576396563762,0.1325812880057033,1.9456625196362152,-0.6899284556359218,1.6436085877155608,0.7463669339549979,0.15040421789699354,0.8389565109570074,1.0980962417044153,0.18038939400471032,-0.2689980959343232,-0.5297520256508329,-0.22941573387056174,-0.07088812050083365,0.6517090770749606,-0.7413108674201913,2.0738881085093723,1.4998142935683831,1.276563818816432,0.6882472016116852,0.07088812050083365,0.3019341147858921,-1.0263838010329793,1.914824905576345,-1.0107910546154344,0.9671179906372457,1.3734535103302485,0.6640694205280288,-0.33591276317905594,2.2326235390432827,0.15356844233854394,1.372186811826679,0.31943828249996997,0.7661024423011008,1.1405634378464937,-0.0643458532459846,1.2525774900288296,0.539837200080046,1.1952286093343936,1.1141720290623112,0.7427813527082076
526,2025,12,1890195,2025-07-12,Vasco da Gama 0 x 2 Botafogo RJ,1227,Botafogo RJ,36.34,63.66,Fora,-0.20293192745028404,0.13190571828700787,-0.6905832474634498,1.09142011152479,1.7982163683972596,-0.6370297032518303,-0.9655489288842266,0.3275884933290893,-0.05714875916221273,-1.553270552900859,-0.7218280877141923,0.7830449479013653,0.9638987036304503,0.44415344697723924,-0.5751576617333607,-1.4455900106374664,-1.4669071911206544,-1.262140265348312,-0.6882472016116852,1.346874289515838,0.24781408017294432,-1.259710075406339,-0.19764350346568,-1.7058956468831241,-0.3844661763475482,-0.6882472016116852,0.07088812050083365,-0.5510293136163424,-0.36289117791470415,-0.45065266537656695,-0.049361013790889904,0.11075549194018695,0.0031543901022714474,2.100433796506234,2.712744924867221,0.7957866079758236,1.7046482348732697,1.1973859440780574,2.8749445424997297,2.8047626055356685,1.1405634378464937,1.8958527013644115,-0.6386080876861496,2.213450265629983,1.1952286093343936,1.1141720290623112,0.7427813527082076
527,2025,12,1890195,2025-07-12,Vasco da Gama 0 x 2 Botafogo RJ,1226,Vasco da Gama,63.66,36.34,Casa,-0.6650062997869197,0.5515250268733705,-0.13311745089394864,-0.15697833547208534,-0.521117455217446,0.3492935013547788,-1.3119341948516623,0.7013523035322449,0.7081668649641222,-0.11075549194018695,-0.0031543901022714474,-2.100433796506234,-2.872983762996156,0.8389565109570074,0.7497845154256232,-1.4455900106374664,-1.0560449832591163,-0.5531507694989158,0.6882472016116852,-0.07088812050083365,0.5510293136163424,-1.259710075406339,0.6475722732710204,1.15634537137715,1.670757902657239,0.6882472016116852,-1.346874289515838,-0.24781408017294432,-0.6842851867013704,0.45065266537656695,-0.9154336347502274,1.553270552900859,0.7218280877141923,-0.7830449479013653,-1.0173491470777354,-0.30947256976837595,-1.707727308703128,-0.5506227334081578,-0.31943828249996997,-0.591923150183445,-1.03193834852778,-0.37547849441858683,1.4443596894590809,-0.5750172596879117,-1.1952286093343936,-0.7427813527082076,-1.1141720290623112
528,2025,12,1890187,2025-06-13,Sao Paulo 1 x 3 Vasco da Gama,1226,Vasco da Gama,45.11,54.89,Fora,0.48110936751797273,0.4481017340169673,-0.21333001736048662,-0.443052056137791,0.9321437659612215,0.5508021081839842,0.3333958184936569,-0.2910550545933758,0.11259068558557403,0.12594956320014883,0.6170080843640489,0.5436726463566535,-0.0928760653118111,0.14805114899241306,-0.3907657040520673,-0.8145021138585393,0.8341572492793915,0.36952553970044055,0.6882472016116852,1.346874289515838,0.3138516671413153,-0.015551976239584289,0.24680619119358665,-0.33201995811819246,-0.03554392265235547,-0.6882472016116852,-0.6379930845075023,2.4461788459167098,0.14702592512045778,-0.24831688873672142,-0.7059537487648239,1.2129776940670614,-0.5732412715809253,-1.2662777816447521,0.315627717411235,-0.5305244053172158,1.7046482348732697,-0.02622013016229329,1.5971914124998499,1.0691117934170487,2.2268143310336304,1.526325659864226,-0.26037097214315374,0.7885890117634873,1.1952286093343936,0.18569533817705183,1.671258043593467
529,2025,12,1890187,2025-06-13,Sao Paulo 1 x 3 Vasco da Gama,1224,Sao Paulo,54.89,45.11,Casa,0.7440557009544477,0.1395417972421587,-0.43084385059915076,-0.14812557004959775,-0.7132889517633358,0.4970251850257082,0.46329029323144527,-1.2993833863787652,0.4811844091434298,-1.2129776940670614,0.5732412715809253,1.2662777816447521,-0.3842189232981462,-0.24675191498735513,-0.5213211821631974,-0.3486991424264741,0.8207769204752291,0.22241545971634638,0.6882472016116852,0.6379930845075023,-2.4461788459167098,-0.015551976239584289,-0.23456626691674956,0.35491788626427334,0.43436874354824084,-0.6882472016116852,-1.346874289515838,-0.3138516671413153,-0.6547412555753208,0.24831688873672142,-0.045232857289923746,-0.12594956320014883,-0.6170080843640489,-0.5436726463566535,0.3198615617855899,-0.7515762408660557,-0.777079433182292,-0.5506227334081578,-0.9583148474999099,-0.9720060260527706,0.054312544659356886,-1.0382990672835528,0.4215212924977399,-0.8870416365401256,-1.1952286093343936,-1.671258043593467,-0.18569533817705183
530,2025,12,1890189,2025-06-13,Atletico MG 2 x 0 Internacional,1235,Atletico MG,52.39,47.61,Casa,0.32178246381706466,-0.5590681369005759,1.5578473897806726,-0.20349675922952223,-0.2068861030954604,0.5125106864587196,0.6797810844610925,1.41490139573827,0.6775170130154846,0.14080823341669704,0.7032731066612199,-0.46169102013113633,-0.31074511694852086,0.24675191498735513,-0.09734499998655699,1.625704420353312,0.6342040210823572,1.0856106924698485,-1.6059101370939322,-0.7797693255091696,0.8247723447272265,1.6433254893160887,0.7252524151160405,0.35491788626427334,-0.5869036003559237,1.1470786693528088,2.1975317355258412,1.2283894806136724,3.278978143108983,0.19230121848680967,0.17835702454619004,-0.07090308907109813,-0.6004297461886232,-0.5947262700454863,0.188867760829211,-0.6410503230916358,-0.2694533192618362,-0.20102099791091482,0.31943828249996997,-0.39858410355340684,0.054312544659356886,-0.35879989956377445,-0.02064322285533952,-0.4162979398344194,1.1952286093343936,1.1141720290623112,0.7427813527082076
531,2025,12,1890189,2025-06-13,Atletico MG 2 x 0 Internacional,1219,Internacional,47.61,52.39,Fora,0.42078803679131843,-0.9754835728113097,0.839073441455403,-0.11527226103178966,-0.6314835127814231,-0.4042309983755582,0.3766939767395863,0.563649847141608,0.4943462610441139,0.07090308907109813,0.6004297461886232,0.5947262700454863,0.47726856523750455,-0.34545268098229714,-0.21187120538429152,0.4739690087317698,1.0524661212495658,1.6227549919524873,-1.1470786693528088,-2.1975317355258412,-1.2283894806136724,1.124926281329941,0.3796719007222618,1.041855730646739,-0.19529333366797808,1.6059101370939322,0.7797693255091696,-0.8247723447272265,0.1023072734303739,-0.19230121848681006,-0.19303306147229898,-0.14080823341669704,-0.7032731066612199,0.46169102013113633,-0.027205739110265,-0.30947256976837595,0.8183169248534264,-0.7254236011567794,-0.31943828249996997,-0.8209185044963361,-1.03193834852778,-0.6401566191066689,-0.32962565527074456,-0.763008188161357,-1.1952286093343936,-0.7427813527082076,-1.1141720290623112
532,2025,12,1890190,2025-06-13,Gremio 1 x 1 Corinthians,1237,Corinthians,58.3,41.7,Fora,-0.24508923886784018,-0.3750835686637114,-1.004951975986229,0.10050305746653102,-0.43736290501608366,0.22585684882097443,-0.7490581376545794,-1.0428788107491482,-0.5176197144356496,0.45716273484502584,-0.5931442890893169,0.23876727209396276,0.6637898963716565,-0.04935038299747103,0.01703263546348025,0.8578808126056173,0.1643204170757597,-0.47705390399310965,-0.6882472016116852,-0.7797693255091696,0.8247723447272265,-1.259710075406339,-0.8040977613502048,-0.2175303173877815,0.3541058571803996,-1.1470786693528088,-1.346874289515838,-0.8247723447272265,-1.254420742904402,0.07566361668565957,-0.9371639086835818,0.5763463187306693,0.07314278602789409,1.0755428741885846,-0.8223370470360142,0.02210518355488391,-0.777079433182292,-0.37582186565953635,-0.9583148474999099,-0.6743064081347819,0.054312544659356886,-0.6526709840706798,0.6905491000318426,-0.6426487852243551,0.0,0.18569533817705183,-0.18569533817705183
533,2025,12,1890190,2025-06-13,Gremio 1 x 1 Corinthians,1244,Gremio,41.7,58.3,Casa,-0.253153996052371,0.884466497253777,0.33087465935972843,0.05356672876358376,0.27444622890687514,0.11470536075735877,-0.09958576396563762,0.17808296924782635,0.6707681683025734,-0.5763463187306693,-0.07314278602789409,-1.0755428741885846,1.0432748838736088,0.7402557449620654,0.30365728518439583,1.2251007989197322,-0.3400150827380538,-1.0587886924543108,1.1470786693528088,1.346874289515838,0.8247723447272265,-0.11923181783681386,1.075179230940338,-0.2175303173877815,0.314215579476645,0.6882472016116852,0.7797693255091696,-0.8247723447272265,-0.2211856666782267,-0.07566361668565998,0.6777548618709782,-0.45716273484502584,0.5931442890893169,-0.23876727209396276,-0.06444648525535913,0.2431570191037238,0.9291083386059075,0.32338160533494975,0.31943828249996997,0.4029088194428419,0.054312544659356886,0.2716289672747445,-0.4761259465021862,0.24167784841273235,0.0,0.18569533817705183,-0.18569533817705183
534,2025,12,1890188,2025-06-12,Red Bull Bragantino 0 x 3 Bahia,1221,Bahia,67.13,32.87,Fora,0.4676926577839641,0.8398203004562733,0.319458845217471,1.8164289662202626,1.0127688877973733,0.3620801011094655,-1.4418286695894507,-1.9149943678898453,-0.022385645330018553,0.4672876772169939,0.45361198330705427,1.5952009709994945,0.8394333794365983,1.2337595749367756,1.0493310780363427,-0.6903536751479307,-0.8109347122744042,0.6798740473080811,1.1470786693528088,-0.07088812050083365,-0.07615860147647886,-0.326591501031273,0.1105015937181585,0.24042824553386238,2.17861738703757,0.6882472016116852,0.7797693255091696,1.2503365487908567,0.4243982059632234,1.4251825212613878,-1.093506805271472,1.16835021302139,2.112054454566604,2.091479776351577,1.636999112701481,1.901045785720023,-0.4533758243054794,-0.02622013016229329,0.9583148474999099,0.8847405963638559,1.1405634378464937,1.27370119814425,2.432570744856626,0.6372317380677428,1.7928429140015905,1.1141720290623112,1.671258043593467
535,2025,12,1890188,2025-06-12,Red Bull Bragantino 0 x 3 Bahia,5438,Red Bull Bragantino,32.87,67.13,Casa,-2.01470208308097,-0.23285586557554905,-0.6092295633065858,-1.0749919252355082,-1.0574297193057294,-2.5220844852685054,-2.221195518016181,-1.5124794953633702,-0.9090336002566808,-1.16835021302139,-2.112054454566604,-2.091479776351577,0.24639616450422921,0.34545268098229714,0.19114038383636137,-0.7680985920365594,-2.911372441046515,-2.716432387426089,-0.6882472016116852,-0.7797693255091696,-1.2503365487908567,-1.4670697586007981,-0.5204149681654118,-1.1334474432310693,0.45656613312895217,-1.1470786693528088,0.07088812050083365,0.07615860147647886,0.5417453390097401,-1.4251825212613884,0.11922526181215046,-0.4672876772169939,-0.45361198330705427,-1.5952009709994945,-0.8259722253740955,-1.5252576652869954,-0.777079433182292,-0.9002244689054009,-0.9583148474999099,-1.0139166701774762,-1.03193834852778,-0.8869271863290037,-0.548044271288531,-0.9214476659793002,-1.7928429140015905,-1.671258043593467,-1.1141720290623112
536,2025,12,1890191,2025-06-12,Vitoria 0 x 0 Cruzeiro,1230,Cruzeiro,51.6,48.4,Fora,0.6203780626968664,0.518625275717426,0.7144848749389476,-0.5954592776426813,-0.5883639834412813,0.8152522394740933,2.2818129395604823,1.0751161137354004,-0.37394397977398525,2.186452001899291,0.45361198330705427,0.40403880378890455,-1.338296170025616,-0.44415344697723924,0.27475132824550874,1.9049130049888372,1.669227596435006,0.7184666935288135,1.6059101370939322,0.6379930845075023,0.8247723447272265,2.058044855705007,0.40545425190744566,0.24042824553386238,-1.5746098952245529,1.1470786693528088,0.07088812050083365,-0.49276714226379986,0.36501510663372827,0.12901911538193037,2.644463758045042,-2.348215964581951,-0.7007151033481649,-1.382563757679257,-0.4275773649252334,-0.7515762408660557,0.6705950398501196,0.6729833408321928,-0.9583148474999099,-0.5631273467525558,-1.03193834852778,-1.023780597746712,-1.3444731272558248,-0.551377697918833,0.0,1.1141720290623112,-1.1141720290623112
537,2025,12,1890191,2025-06-12,Vitoria 0 x 0 Cruzeiro,1238,Vitoria,48.4,51.6,Casa,0.8286850658869549,-0.8559938300201568,-0.7687312559189495,-0.22417542942135424,-0.549465476203188,0.81086468073474,1.6323405658715404,1.0751161137354004,-0.9154446897658177,2.348215964581951,0.7007151033481649,1.382563757679257,0.18461562377668442,-2.023365702896312,-0.1826428273306729,1.1342973113947876,0.4696292768620596,0.4114952919039137,-1.1470786693528088,-0.07088812050083365,0.49276714226379986,0.6065270733437931,-1.335797958241375,-0.6754888803094253,-1.9363918427794,-1.6059101370939322,-0.6379930845075023,-0.8247723447272265,-0.9637245487052559,-0.12901911538193037,2.667325559358875,-2.186452001899291,-0.45361198330705427,-0.40403880378890455,0.08996818479247226,0.02210518355488391,-1.397511350196183,-0.9002244689054009,-0.31943828249996997,-0.7604918224572307,-1.03193834852778,-0.3467738708011362,-1.4723279268759921,-0.713401644416458,0.0,1.1141720290623112,-1.1141720290623112
538,2025,12,1890192,2025-06-12,Fortaleza 2 x 3 Santos FC,2065,Fortaleza,62.79,37.21,Casa,0.5821345443116688,0.7268746812892868,0.07351775154621738,1.1613259743382067,0.9123075424700585,0.6102905669357347,-0.3593747134412143,0.1325812880057033,1.9445912702977934,-0.6445544260799952,1.365690060146695,-0.401022523015494,-2.052552075926255,1.2337595749367756,1.7652612741178562,-1.4455900106374664,-0.4576895304723348,-0.7918577134530774,0.6882472016116852,-0.7797693255091696,0.4946723088631463,-0.8449907090174208,1.4673978006858786,0.9273660899163282,0.06286713812438292,-1.6059101370939322,0.07088812050083365,2.3649044791405807,0.4263553442856169,1.5064893027205555,-0.2815915695513316,-0.9757300311516963,1.757137263994082,0.6400619932176798,0.7416153374205092,1.4589421146223431,0.9291083386059075,2.770593753815651,0.9583148474999099,1.1983163660418354,-1.03193834852778,-0.33653963064819237,0.20043903482120018,2.6763620605872416,-0.5976143046671968,-1.671258043593467,0.7427813527082076
539,2025,12,1890192,2025-06-12,Fortaleza 2 x 3 Santos FC,1241,Santos FC,37.21,62.79,Fora,-0.9635607566328315,-0.7810161089043272,-0.7958196056791622,-0.6246669636153745,0.17485606340922522,0.21415669218269898,-0.1861820804574965,1.1374100821025928,-1.8609819577449747,0.9757300311516963,-1.757137263994082,-0.6400619932176798,-0.20896378809685637,-2.220767234886196,-2.438319217324211,-0.8697223048266954,0.442512696326859,-0.6464615208542227,1.6059101370939322,-0.07088812050083365,-2.3649044791405807,-0.9486705506146504,-2.147638673121251,-1.7058956468831241,-1.3522879518421367,-0.6882472016116852,0.7797693255091696,-0.4946723088631463,-0.06423488735343277,-1.5064893027205553,0.31784042407059365,0.6445544260799952,-1.365690060146695,0.401022523015494,-0.02751101460974239,-0.6410503230916358,-0.5111800401763392,-1.0750253366540223,0.31943828249996997,-0.012356687676399176,1.1405634378464937,1.6689700606241096,-1.2698911608107268,-0.09922927819943199,0.5976143046671968,-0.7427813527082076,1.671258043593467
540,2025,11,1890165,2025-06-05,Botafogo RJ 3 x 2 Ceara,1227,Botafogo RJ,60.39,39.61,Casa,0.43617930921930304,0.36248212106667893,0.3043700334778084,0.6141448412541091,0.9777879969367242,0.5758705202784015,-0.062249741153469755,-0.06732130704318642,0.5516794381755097,-0.9431586114795774,-0.08392417430523193,1.0643884417916014,0.5320989483549184,1.0441330382163339,0.7691305067577265,-0.6685280848804452,0.019305365002155125,0.6555532259802376,-0.46647718533322413,0.10314212462587942,0.773384052907662,0.583367262110179,-0.2794528456231798,0.502794689878332,0.5249848783381715,1.4485344176136967,-0.6188527477552761,0.7438570932266833,0.18982942464309882,1.0375202315301935,-0.2051384486982235,0.4658899983514048,0.826279772939541,0.5370972422090806,0.05568211833762083,0.424205359230057,-0.5317879697019834,0.5968955647182291,1.2075885500540107,1.6348797262340098,0.8440612646110479,1.1670279813580902,0.7058350175453681,2.253294653878401,0.48795003647426655,-0.6923076923076922,1.4615384615384615
541,2025,11,1890165,2025-06-05,Botafogo RJ 3 x 2 Ceara,7334,Ceara,39.61,60.39,Fora,-0.9304577889663178,-0.4192005215709326,-0.324024318571102,-0.6328671811349373,-0.38343068577487455,-2.0850589627952067,-0.762559329130007,1.2648585532036287,-1.063216841237771,-0.4658899983514048,-0.826279772939541,-0.5370972422090806,0.8301576346657263,-0.07458093130116678,-0.772539485124143,-0.6508141861827209,-0.5229636049637933,-1.0714180027810953,-1.4485344176136967,0.6188527477552761,-0.7438570932266833,0.08688448584619717,-1.5492962621839268,-0.23903354108969949,0.43400801184315885,0.46647718533322413,-0.10314212462587942,-0.773384052907662,-0.6060356547065273,-1.0375202315301935,-0.044633854084351825,0.9431586114795774,0.08392417430523193,-1.0643884417916014,-0.5134842255231864,-1.1977563084142793,1.2708094608653548,-0.8648894917345773,-0.3505902242092288,-0.4571815816212079,0.8440612646110479,-0.05144529613436987,-0.6894956436319534,-0.5371907739473468,-0.48795003647426655,-1.4615384615384615,0.6923076923076922
542,2025,11,1890180,2025-06-02,Internacional 0 x 2 Fluminense,1232,Fluminense,51.56,48.44,Fora,-0.18589579626843675,-0.8035961483568005,-0.5700916111170431,-0.9067686334412054,-0.3383945625426854,-1.3209088276143186,0.015562435288367715,-1.732546132351704,-1.4866391245301482,-0.6794087369069717,0.47785844087748897,0.1433713568304327,0.36982138805889264,-1.566199557324501,-1.825242605513913,-0.6934172336835768,0.6893281228964298,0.7984920720142241,-0.9575058014734604,1.1345633708846727,0.5833539460778633,0.08688448584619717,-0.554550664143831,-0.3214589000861474,-0.5121907836298657,-1.0066086630874846,-0.6188527477552761,-0.5197463039840015,-1.0059631774757167,-1.3717962461543647,-0.5336991865152677,0.24809883377906786,-1.244480228729392,-0.18931016520440763,-0.8214878936766574,-1.3225225905407665,0.6270246642341627,-1.1085203344767116,-0.3505902242092288,-0.28681827992548065,0.8440612646110479,0.4798349857819352,0.6358091293450194,-0.39624210238139546,0.9759000729485331,0.8461538461538461,0.6923076923076922
543,2025,11,1890180,2025-06-02,Internacional 0 x 2 Fluminense,1219,Internacional,48.44,51.56,Casa,0.7813051819436712,0.9421474264121508,0.2906575065590679,0.20143251745231128,0.07181555718724611,0.3108058401268011,0.715872023264905,-1.0664562022282968,1.607082614834779,-0.24809883377906786,1.244480228729392,0.18931016520440763,0.7514442710610724,1.1373592023427923,1.0057690924630505,-0.7579027555825997,0.8619809246074532,0.13503753770782906,1.0066086630874846,0.6188527477552761,0.5197463039840015,0.33512587397818805,1.6805807693075479,0.9149214848605717,0.5112337199851471,0.9575058014734604,-1.1345633708846727,-0.5833539460778633,-1.0096255193806878,1.3717962461543645,-1.2363867278228433,0.6794087369069717,-0.47785844087748897,-0.1433713568304327,0.05516362136280226,0.6737379234830317,-1.1557640033599084,0.5968955647182291,0.4284991629223909,-0.17812512096498168,-0.7636744775052338,-0.532063926431574,0.3946088477660399,-0.30631571441345595,-0.9759000729485331,-0.6923076923076922,-0.8461538461538461
544,2025,11,1890174,2025-06-01,Flamengo 5 x 0 Fortaleza,2065,Fortaleza,33.74,66.26,Fora,-1.2006963583058197,-0.12075114760389702,-0.7753244461217963,-0.5386390837552908,-0.9649553542121965,-1.6461027123027723,-1.2294323877810318,-0.9375355705915082,0.13918731518617292,-0.9018089069891371,-0.8464766036844951,-1.9396900196026237,-1.4439161520688908,-0.07458093130116678,-0.4620711935798317,-0.6321161820017897,-1.8524825483255822,-0.719210072653725,1.497637279227721,-1.4439897447623107,-2.941916998891361,-1.402563842945748,0.3311988289544543,-0.898436413061283,-0.06545176289333554,-0.5155800469472485,-1.1345633708846727,-0.773384052907662,-1.0320018318462798,-0.37956018139783076,0.23815458924570207,0.39742123558577397,-0.48406862284804647,-1.0171861373907336,-0.27374139338455206,-1.1977563084142793,-1.3043297256594144,-0.3776278062503085,-1.1296796113408485,-1.1081170041733568,-0.7636744775052338,-1.2206503653674852,-0.8477022799364456,-1.0757368233060958,-2.439750182371333,-3.0,-0.8461538461538461
545,2025,11,1890174,2025-06-01,Flamengo 5 x 0 Fortaleza,1239,Flamengo,66.26,33.74,Casa,0.40908948575139475,0.6658397496885397,0.25476925324393734,1.2122302966936278,1.8712259276311975,0.829662334722405,-1.3850567406647067,-0.6668022441542523,0.24574233854050762,-0.39742123558577397,0.48406862284804647,1.0171861373907336,-0.4318018954016011,0.5780022175840419,0.43521336333819544,2.7701521677969705,0.9695865837905421,1.103842190449123,0.5155800469472485,1.1345633708846727,0.773384052907662,-0.9060810666817664,0.11293143842628597,0.502794689878332,1.1158945837351806,-1.497637279227721,1.4439897447623107,2.941916998891361,1.8726179923061828,0.37956018139783076,-1.2835143080689153,0.9018089069891371,0.8464766036844951,1.9396900196026237,1.683194382089562,1.422335616241956,1.0336255884222845,0.8405264074603636,1.98667793718563,2.3091719094928567,3.2556648777854704,1.5673441243115735,1.5643005358533486,1.751528954851723,2.439750182371333,0.8461538461538461,3.0
546,2025,11,1890175,2025-06-01,Vasco da Gama 0 x 2 Red Bull Bragantino,5438,Red Bull Bragantino,31.87,68.13,Fora,-1.7535218590603812,-1.2270149171469626,-1.183103370955671,-0.7321807037744283,-0.11576815652980321,-1.2443273325852973,-1.1516202113391942,-1.4661101603023405,-0.80324780964979,-1.9839752107426691,-2.0039390651579367,-2.4192691967880964,-1.1321331059682818,-2.4052350344626263,-2.114807566428719,0.9928708325130943,-0.19060926145650336,0.42973051510379734,0.024551430807012165,-0.41256849850351723,-0.3835905644047271,-0.4095982904177846,-0.9215699690136159,-1.5578392850328664,-1.2719093922796618,-1.9886658953679572,-1.1345633708846727,-0.773384052907662,-1.0863834150171308,-1.6239571519538059,1.0306337756142958,0.5466991481188554,-1.8815491901003998,0.03721568298450609,0.5395678439719866,-0.823457462034817,0.14418606676076867,-2.0830437054452493,-0.3505902242092288,-0.361108696995381,0.8440612646110479,2.6053844619890527,-0.8917926539885169,-0.45770566578887517,0.9759000729485331,0.8461538461538461,0.6923076923076922
547,2025,11,1890175,2025-06-01,Vasco da Gama 0 x 2 Red Bull Bragantino,1226,Vasco da Gama,68.13,31.87,Casa,0.8599156195432407,1.4319373566435636,0.8879996837667732,2.2056921198176562,1.0571790555895557,0.8550582239886909,-0.918183682013682,-1.1840014840147801,2.362742213588535,-0.5466991481188554,1.8815491901003998,-0.03721568298450609,-2.101826293255219,1.323811530595709,1.2807086297259165,0.5439882809787846,-1.0174491767217058,0.8247001364458659,1.9886658953679572,1.1345633708846727,0.773384052907662,1.0798500383741607,1.6424825362173492,1.904025792817947,2.4169207267165507,-0.024551430807012165,0.41256849850351723,0.3835905644047271,0.31362266749467727,1.6239571519538059,-2.025393635813535,1.9839752107426691,2.0039390651579367,2.4192691967880964,2.7756030653707855,1.9214007447479058,0.5497704886384204,1.815049778428901,1.2075885500540107,1.4945023894717548,-0.7636744775052338,0.2999031416159379,1.9066493226106096,1.0775188513299663,-0.9759000729485331,-0.6923076923076922,-0.8461538461538461
548,2025,11,1890176,2025-06-01,Corinthians 0 x 0 Vitoria,1238,Vitoria,26.8,73.2,Fora,-0.6312129878490543,-0.6879600432102884,-0.5864803259353127,-1.7013009767408063,-0.8456399856960399,-1.5956033206532,0.09337461173020518,1.3929527705350526,-0.896824559699075,-0.5672743852447691,-1.299297116885472,0.26149972122065535,0.8797718545333635,-1.6594257214509593,-1.711136622963322,0.3741764066446908,-1.3046347814156172,-1.7756639516784178,0.5155800469472485,0.10314212462587942,0.4902798241768304,0.33512587397818805,-0.8098702952272029,-1.887540721018658,-1.694785641015831,-0.024551430807012165,-0.6188527477552761,0.39779627569970477,-0.513192634781915,-1.7049349611569227,1.9921058931204427,-1.3756061917473474,-1.30706443115879,-1.994049065610591,-1.7991554490369208,-1.6968214369202288,0.14418606676076867,-1.5957820199609805,-0.3505902242092288,-0.7325374906283597,-0.7636744775052338,0.23109427320356432,-1.4883094793988962,-0.7650042126168463,0.0,0.8461538461538461,-0.8461538461538461
549,2025,11,1890176,2025-06-01,Corinthians 0 x 0 Vitoria,1237,Corinthians,73.2,26.8,Casa,1.088508735039801,0.9387004311207245,0.509313012763999,0.5931030284522785,0.30957285464874895,0.8306982196793191,-0.8403715055718445,0.07541224941183,0.7459834309599263,1.3756061917473474,1.30706443115879,1.994049065610591,1.262916347344005,1.5102638588486257,1.6011336870719848,0.3741764066446908,-0.1392025746110709,1.0516085652603244,0.024551430807012165,0.6188527477552761,-0.39779627569970477,1.0798500383741607,0.9131884426740738,1.8216004338214988,1.3485810411247035,-0.5155800469472485,-0.10314212462587942,-0.4902798241768304,-0.140038666712611,1.7049349611569227,-0.9360298454250655,0.5672743852447691,1.299297116885472,-0.26149972122065535,-0.3703202430126254,0.7985042056095192,-0.7007814788176714,-0.13399696350817408,1.2075885500540107,0.2664931663780632,-0.7636744775052338,0.3324730568745712,1.7354749292319789,0.0615355559666973,0.0,0.8461538461538461,-0.8461538461538461
550,2025,11,1890177,2025-06-01,Santos FC 0 x 1 Botafogo RJ,1241,Santos FC,36.81,63.19,Casa,-0.5273031064984341,0.6099148609008245,0.7186173684647376,0.17633179897004292,0.023472874146200168,-0.5188009079407853,-0.6847471526881695,-0.40036627210488995,-0.019873331514355382,-0.9210644204277999,-0.4723790183353474,-0.7415551623735176,0.29933216453330463,0.6712283817105003,0.6339982671902733,0.9750491927499456,-1.114584072237058,-0.05571822158134956,0.5155800469472485,0.6188527477552761,0.639023052900668,0.33512587397818805,-0.06529716832000211,-0.6511603360719391,-0.3198569586552341,1.4485344176136967,1.4439897447623107,0.08417992481976098,1.8005116788261712,-0.4323855674686627,-0.2950936034676811,-0.5955454341485534,0.5980555855215608,0.2528508653951068,0.2868063124321668,0.424205359230057,1.5927018591809519,1.0841572502024979,-0.3505902242092288,0.0581512814711308,-0.7636744775052338,-0.49841730599696493,-0.9358830280405883,-0.11083438296314282,-0.48795003647426655,0.07692307692307698,-0.8461538461538461
551,2025,11,1890177,2025-06-01,Santos FC 0 x 1 Botafogo RJ,1227,Botafogo RJ,63.19,36.81,Fora,-0.18322186725004125,-0.65935356215352,-0.7268848797852144,0.5019643753403322,-0.5127406726220379,0.9695068039058354,-0.29568627047898216,-0.3024118706161528,-0.13344502323966093,0.5955454341485534,-0.5980555855215608,-0.2528508653951068,0.05297739342555064,0.20509756107820837,0.05001235268371898,-0.046724820337250526,-1.0208783538167134,-1.7474426624624264,-1.4485344176136967,-1.4439897447623107,-0.08417992481976098,-2.8920121717376936,-0.3917360152999842,0.09066789489609225,0.667797693634709,-0.5155800469472485,-0.6188527477552761,-0.639023052900668,-0.03379619186717627,0.4323855674686627,-0.9069538482265422,0.9210644204277999,0.4723790183353474,0.7415551623735176,0.3615377531838011,0.17467279497708219,-0.3386525307126259,-0.13399696350817408,-1.1296796113408485,-0.944450808034782,0.04019339355290708,-1.0861008584753171,0.7940157656495112,-0.9403289467483528,0.48795003647426655,0.8461538461538461,-0.07692307692307698
552,2025,11,1890178,2025-06-01,Mirassol 1 x 0 Sport Recife,1231,Sport Recife,49.12,50.88,Fora,0.6862124331432184,0.44646366845575575,0.3414958971013678,-0.27897901038694384,-0.5665226522807714,0.6349159628225164,0.715872023264905,0.3397336502544513,-0.4639254801138205,1.2748104999187653,0.5248074165749022,1.3684062468031144,0.8964473382901738,-0.2610332595540835,0.42142652253434587,-1.323942336696245,0.08688553322561965,-0.3954942415186362,1.0066086630874846,0.6188527477552761,0.42002042403377476,0.8316086502421698,-1.2478343918984747,0.25551861288898814,-0.19233621848714239,1.4485344176136967,0.41256849850351723,-0.20800432534860253,0.34857959525830984,-0.15363150199436043,0.35105260420775425,-0.09951454824247637,-0.044001436674579814,-0.29916383740304486,-0.6191192654757903,-0.19962605140238002,-2.715704087504721,-0.6212586489924429,-0.3505902242092288,-0.7977415138221289,-0.7636744775052338,-0.7157240262026981,-0.03592068709536409,-0.8189502230453806,-0.48795003647426655,0.07692307692307698,-0.8461538461538461
553,2025,11,1890178,2025-06-01,Mirassol 1 x 0 Sport Recife,6332,Mirassol,50.88,49.12,Casa,-0.031141076181301533,-0.378674564626504,-0.3829613655769591,-0.7155134915238985,-0.96825589734462,-0.26319629482218154,-0.5291227998044946,0.07541224941183,-0.21336084340774072,0.09951454824247637,0.044001436674579814,0.29916383740304486,1.213955032814629,0.29832372520466677,0.04808093240653124,0.520927409155636,0.169349949285806,-0.31473176076654336,-1.4485344176136967,-0.41256849850351723,0.20800432534860253,-0.4095982904177846,1.143461810892169,-0.3214589000861474,-0.32318581331825663,-1.0066086630874846,-0.6188527477552761,-0.42002042403377476,-1.084711403007231,0.15363150199436043,-0.4906273730093369,-1.2748104999187653,-0.5248074165749022,-1.3684062468031144,-1.1224718047119382,-1.0729900262877918,0.6270246642341627,-0.3776278062503085,-1.1296796113408485,-1.1766609839444084,-0.7636744775052338,-1.30824667233165,0.0833826779867116,-0.0728103476612482,0.48795003647426655,0.8461538461538461,-0.07692307692307698
554,2025,11,1890179,2025-06-01,Cruzeiro 2 x 1 Palmeiras,1234,Palmeiras,65.21,34.79,Fora,0.41783994090777177,0.18319731033964076,0.1911132538777617,0.7024927206215454,-0.057721899562054424,1.1327622731155291,-0.762559329130007,0.20517002800729897,1.1913124381704752,1.6221603096377513,0.6779250986789651,0.020867867833164282,-0.28943284816292986,0.6712283817105003,0.940606543484804,0.43411000935084165,-0.7617072141872533,-2.206974249946851,-0.46647718533322413,-0.41256849850351723,-0.1443085904712437,-1.1543224548137572,1.1180257942774552,1.1621975618499154,0.8918461386849452,0.46647718533322413,-0.10314212462587942,-0.4188261389435674,-0.34255643875438774,0.9893868728436785,1.3198883426888277,-0.7312799360027461,1.5429936619984697,0.4554172488717316,-0.17782690122769798,0.7985042056095192,-0.19380095147060739,1.3277880929446324,-1.1296796113408485,-0.49580263450609924,0.04019339355290708,-1.0092844521250075,0.17415697750568218,-0.5691435832931421,-0.48795003647426655,-0.6923076923076922,-0.07692307692307698
555,2025,11,1890179,2025-06-01,Cruzeiro 2 x 1 Palmeiras,1230,Cruzeiro,34.79,65.21,Casa,-0.43481155553061146,-0.3204028937086806,0.1588256832385633,-0.356616359102348,0.49505078526364765,0.8503800338606908,0.8714963761485799,0.7890800316869088,-0.48653852703090383,0.7312799360027461,-1.5429936619984697,-0.4554172488717316,0.7837241662638311,-0.4474855878070003,-0.4707909263203772,-0.6597892281895678,1.7297208398504842,1.1476216814208822,-0.46647718533322413,0.10314212462587942,0.4188261389435674,0.8316086502421698,-0.4272282039418188,-0.898436413061283,-1.0310739940505576,0.46647718533322413,0.41256849850351723,0.1443085904712437,0.5679643823555706,-0.9893868728436785,1.41193553845434,-1.6221603096377513,-0.6779250986789651,-0.020867867833164282,0.2617144029464159,-0.3243923335288674,-0.16307485890411874,0.3532647219760947,0.4284991629223909,1.0031842288510364,0.8440612646110479,0.7522955602225063,-1.470154619495102,0.6710308262305221,0.48795003647426655,0.07692307692307698,0.6923076923076922
556,2025,11,1890182,2025-06-01,Ceara 0 x 1 Atletico MG,1235,Atletico MG,52.08,47.92,Fora,-0.21487556253650716,-0.4367834795138448,-0.8068408973243719,-0.8193301709981551,-0.5048888821913603,0.5461451258625997,1.9608668463343044,0.6593222530914398,-1.4764950694942187,1.5004720629351478,-0.6644186471111863,-0.509840740322809,-1.1568078696437631,-0.3542594236805419,-0.4644647965597751,-1.323942336696245,0.1127162823714977,0.4839771177284258,0.5155800469472485,-1.4439897447623107,-0.039704610833702934,-0.4095982904177846,-1.653403636699896,0.25551861288898814,-0.4289004577298351,-1.0066086630874846,-1.1345633708846727,-0.773384052907662,-0.8923900357453816,-0.3805334126321842,-0.022088744005733418,-0.2398545764950163,-1.098578071492326,-0.5628126506797747,-1.2353965491883352,-0.823457462034817,0.14418606676076867,-1.1085203344767116,-0.3505902242092288,-0.5906417745325401,0.04019339355290708,-0.05404118036646229,-0.20190797764433913,-0.6476079630400119,0.48795003647426655,0.8461538461538461,-0.07692307692307698
557,2025,11,1890182,2025-06-01,Ceara 0 x 1 Atletico MG,7334,Ceara,47.92,52.08,Casa,0.8733543087453659,0.796950428080564,0.4693727534409664,0.5133015810660055,-0.4165843523193817,0.25992560841953993,1.3383694347996047,-0.2250794483882033,1.2137331474838728,0.2398545764950163,1.098578071492326,0.5628126506797747,0.34724168196731686,0.4847760534575835,0.5618536248925151,1.3540943911532597,0.15222680097053123,0.5561504525696152,1.0066086630874846,1.1345633708846727,0.773384052907662,0.08688448584619717,1.2935075085183354,-0.23903354108969949,-0.7516074842558027,-0.5155800469472485,1.4439897447623107,0.039704610833702934,0.7464683695559031,0.3805334126321842,0.9018956662204047,-1.5004720629351478,0.6644186471111863,0.509840740322809,0.4984135241978426,0.5489716413565444,-0.054629826316511615,0.3532647219760947,-1.1296796113408485,-0.6878611627103403,-0.7636744775052338,-0.945699392119003,-0.45348246488262955,-0.7280416214495515,-0.48795003647426655,0.07692307692307698,-0.8461538461538461
558,2025,11,1890183,2025-06-01,Juventude 0 x 2 Gremio,1244,Gremio,36.4,63.6,Fora,0.3243301994080278,-0.42560546951775113,1.054208325613181,0.182748952784286,1.1393713120597935,0.18741366143553886,1.5718059641251172,2.189983456152805,-0.5387878310269774,1.2509060646854588,0.07031524905966724,0.46837128472990164,0.1867605786404444,-0.5407117519334587,-0.3073464492899649,-0.7883349911263441,2.0693568891912766,0.9096380763249043,-0.9575058014734604,0.10314212462587942,0.773384052907662,1.5763328146381426,0.22773726582060422,-1.1457124900506268,-1.5097959652746005,0.9575058014734604,2.475410991021104,2.4108202216564316,2.233975570776401,-0.1391720665125379,0.7773002117175433,1.0353501361872581,-0.5271154597446791,0.49649061694994173,0.9007927204444193,1.2975693341154688,1.4441361368814454,1.0841572502024979,1.98667793718563,1.5076626469373113,0.04019339355290708,0.7002036569979899,-1.2678576091385387,2.1480426533073196,0.9759000729485331,0.8461538461538461,0.6923076923076922
559,2025,11,1890183,2025-06-01,Juventude 0 x 2 Gremio,1220,Juventude,63.6,36.4,Casa,0.2164027447451075,-0.8982906052992573,0.17496844383931065,-0.22124662159418307,-0.27057326238728907,0.6908537504958886,1.3383694347996047,1.0567054500400637,-0.475108495995346,-1.0353501361872581,0.5271154597446791,-0.49649061694994173,-1.850730635452557,-0.5407117519334587,0.38046612323099394,-0.7940329416111304,1.0640542965435111,0.19030159238380653,-0.9575058014734604,-2.475410991021104,-2.4108202216564316,0.33512587397818805,-0.5628749427363093,0.7500707668676757,0.18982767752753932,0.9575058014734604,-0.10314212462587942,-0.773384052907662,-0.32687471192127143,0.13917206651253836,-0.043407046131813336,-1.2509060646854588,-0.07031524905966724,-0.46837128472990164,-0.48547201909970167,0.17467279497708219,-0.41912563029152444,0.3532647219760947,-0.3505902242092288,-0.45699829697710104,-0.7636744775052338,-0.7138877668046817,0.2882732397581027,-0.5370391349097832,-0.9759000729485331,-0.6923076923076922,-0.8461538461538461
560,2025,10,1890181,2025-05-31,Bahia 2 x 1 Sao Paulo,1221,Bahia,61.82,38.18,Casa,-0.5905238187845258,-0.5279424762143234,-0.26335953652222227,0.4123239104134327,0.5358295246167253,-0.6957543583687443,-1.431446999272791,1.8566148351039633,0.01824285434069665,-1.1895541989171459,-0.47685407435709387,-0.5542437645687305,-1.882310434692936,-0.6225430174794672,-0.2530057452747448,0.9353063249069411,-0.210327091426349,0.36502454226889763,-0.7940938130211044,-0.4421273290819775,-0.4319322819394071,-0.869062110841789,0.026930460760023485,-0.20736333725577344,0.3723190195119347,-0.49362588376987593,0.4421273290819775,-0.31594327607870765,-0.4791636771078962,0.9790282967455812,-1.2866695709042946,0.47718816247814255,0.16068107852619604,0.7829968672706733,-0.2734106008887198,0.7250098030911931,-1.3324563409571373,0.0955091976801457,0.6546536707079772,0.4674197910039128,0.8451542547285166,0.46068470315255156,1.0664607248107894,1.4320891998944343,0.7669649888473704,-0.18935832092934096,1.4517471271249471
561,2025,10,1890181,2025-05-31,Bahia 2 x 1 Sao Paulo,1224,Sao Paulo,38.18,61.82,Fora,-0.66106160889144,0.025515984714238743,0.3635966011867124,0.38552183255325967,-0.2908415978954699,-2.0724323038207184,-1.123608934913051,-0.3061536150355515,0.3613545500909276,-0.47718816247814255,-0.16068107852619604,-0.7829968672706739,0.3762022649970515,0.3458572319330373,-0.29529184776398076,0.31635177006646625,-1.4260140641707522,-1.6300266793602631,0.49362588376987593,-0.4421273290819775,0.31594327607870765,-0.33698326746926494,2.197019063676443,-2.0370398424537712,-1.586394257336749,0.7940938130211044,0.4421273290819775,0.4319322819394071,1.1223625112637856,-0.9790282967455807,-1.8419789700368767,1.1895541989171459,0.47685407435709387,0.5542437645687299,1.4900177880327956,-0.7012389898750881,-0.10484610592170042,0.3342821918805097,-0.4364357804719846,0.07279643274845837,-0.8451542547285166,-0.24142756123682768,-1.4426028357022609,1.1137709718723012,-0.7669649888473704,-1.4517471271249471,0.18935832092934096
562,2025,10,1890168,2025-05-27,Red Bull Bragantino 1 x 0 Juventude,1220,Juventude,44.72,55.28,Fora,-0.28459250750848886,0.2208997097774795,-1.2251459681470676,-0.39820666832190904,-1.2109315170724977,-0.7455138021802613,-0.6618518383734407,1.1425908013258463,-0.6354852790664272,1.8233729819644144,0.22510798978122903,-0.26581593942280135,-2.0557071129635553,-0.3458572319330373,-0.48439015256373746,-0.07456689614857014,-3.3822487947444944,-2.51983991584738,1.3521056816305295,0.36174054197616334,0.7922289803829996,-2.110579412044345,-1.7992506310411767,-0.08538490357590692,1.1792038305924704,-1.3521056816305295,-1.1656084130343043,-0.7922289803829996,-0.8379467675561423,0.41329283408497464,2.007240611497006,0.3243865348604105,-0.9279171521465885,-0.18925907358522073,-0.8889432816408015,-0.7012389898750881,-1.1790050615777077,-1.0983557733216744,-1.5275252316519463,-1.5815929170778906,-0.8451542547285166,-1.5008907951737693,-0.5598647026274784,-1.727937615583628,-0.7669649888473704,-0.18935832092934096,-1.0730304852662653
563,2025,10,1890168,2025-05-27,Red Bull Bragantino 1 x 0 Juventude,5438,Red Bull Bragantino,55.28,44.72,Casa,0.4350842362152594,1.0391672542743575,-0.44000441685110175,0.037457653918127526,-0.03138323557915426,0.7887357153415167,-0.5848923222835057,0.32301538864139834,0.5456418706598648,-0.3243865348604105,0.9279171521465885,0.18925907358522018,0.9722240751737093,1.3142574813455419,0.32469744108705473,0.13645138884810365,-0.858412473782278,-2.216964652829935,1.3521056816305295,1.1656084130343043,0.7922289803829996,-1.046421725299297,0.28847201252179844,0.4025288311435592,1.1286653567967762,-1.3521056816305295,-0.36174054197616334,-0.7922289803829996,-0.5707593958659783,-0.41329283408497514,0.917906966011873,-1.8233729819644144,-0.22510798978122903,0.2658159394228008,0.5224155001159135,0.011885406608052512,0.2857571506804835,0.0955091976801457,-0.4364357804719846,-0.2320841134685377,0.8451542547285166,-0.3997296539951669,0.6055235715796226,-0.6393724253114416,0.7669649888473704,1.0730304852662653,0.18935832092934096
564,2025,10,1890172,2025-05-26,Fortaleza 0 x 2 Cruzeiro,1230,Cruzeiro,47.57,52.43,Fora,-0.33857560899741,1.0386719748591717,0.6908736523911915,1.1638083244613389,1.6939655405779785,0.3711118119234264,-0.35401377401370066,-0.16571410528623154,-0.30767020087818836,0.363340601566874,0.23920659360641733,-1.2386487733895786,-0.5428540383998586,0.760885910252682,0.8760878945191709,1.108427448516457,0.8561929434541102,1.1085711061280714,1.3521056816305295,1.1656084130343043,0.7254949600763271,0.3724551903607671,0.018375667181100046,-0.5732986382953731,0.08820894522672582,1.2233337119514311,1.2459952001401184,2.181121896960634,1.8583807830091053,0.40767350169171485,-0.9517584661328697,0.6942388283339986,1.066446717161021,2.1008136545753495,1.0802994244172703,1.4381341995743337,-0.3309848334282286,1.289374168681966,1.745743121887939,2.1894513210775215,2.53546276418555,0.9844875599089224,0.07935946270253595,1.3139302682369913,1.5339299776947408,1.0730304852662653,1.4517471271249471
565,2025,10,1890172,2025-05-26,Fortaleza 0 x 2 Cruzeiro,2065,Fortaleza,52.43,47.57,Casa,-1.1396847548614035,-0.23316249577259873,-0.7966230750787805,0.15439385843242365,-0.6646569505164031,0.4155398867551382,-0.9696899027331808,-1.6824608105788779,-0.8671498090756481,-0.6942388283339986,-1.066446717161021,-2.10081365457535,0.01145162043230474,0.6225430174794672,0.9141359115216875,-1.1110157282844892,0.07451669501289347,-0.20907866888751944,-1.2233337119514311,-1.2459952001401184,-2.181121896960634,-0.15962365301175693,-1.2412834239305095,0.03659353010395961,-0.14407253708334078,-1.3521056816305295,-1.1656084130343043,-0.7254949600763271,-0.8977108089695427,-0.4076735016917143,-0.4624141945200901,-0.363340601566874,-0.23920659360641733,1.2386487733895781,0.02580675563824812,0.8438638691717166,-0.6419255837497041,-0.3820367907205824,-1.5275252316519463,-1.049628120399098,-0.8451542547285166,-1.1180114295142747,0.6490082086769028,-1.2988345533687167,-1.5339299776947408,-1.4517471271249471,-1.0730304852662653
566,2025,10,1890166,2025-05-25,Palmeiras 0 x 2 Flamengo,1239,Flamengo,49.96,50.04,Fora,0.04358004837826568,-1.074478160144298,-0.2617669318226819,-0.714729974669518,-0.22893590963991722,1.0471020582090094,0.9542979995151947,0.7786205292350514,-1.086653594972364,0.8313589910128556,-0.8163811799717838,0.5550940244540739,0.22499321531460073,-0.899228803025897,-0.9839668522622587,1.3415771609637555,0.4346879996200876,0.41682529580218103,-0.3648539140907776,-2.049863071198259,0.20304272850110616,0.7271744192757831,-1.6547775939244942,0.2805503974636927,-0.7593702278365025,-0.06438598483954917,-0.36174054197616334,-0.7922289803829996,-0.4974222869353605,-0.8155854786695897,0.3938155062538411,-0.6425773965773192,-1.273739279697936,-1.280648144338351,0.5110530040278046,-0.938947122036135,0.7544810586031054,-1.3371287675220385,-0.4364357804719846,-0.5018969970788896,0.8451542547285166,1.3787497926325911,-0.4598500373037348,0.6502013670538694,1.5339299776947408,1.0730304852662653,1.4517471271249471
567,2025,10,1890166,2025-05-25,Palmeiras 0 x 2 Flamengo,1234,Palmeiras,50.04,49.96,Casa,1.0311282904848844,0.7367173179875289,0.8542029017253094,0.033504591112110294,0.6391721188110697,0.14510812690993632,0.26166235470577953,-0.5374657487403116,1.5793199929392716,0.6425773965773192,1.273739279697936,1.2806481443383506,-0.041377574169919024,1.5909432668919716,0.9297994782424318,-1.1939444423787748,0.8293375753628945,0.5655188287395964,0.06438598483954917,0.36174054197616334,0.7922289803829996,0.3724551903607671,1.2738391515193748,0.5245072648234257,0.614533575298295,0.3648539140907776,2.049863071198259,-0.20304272850110616,0.5396988183592524,0.8155854786695897,0.43900759741240797,-0.8313589910128556,0.8163811799717838,-0.5550940244540744,-0.9428542697388582,0.7250098030911931,-0.10484610592170042,0.0955091976801457,0.6546536707079772,1.4601420260300588,-0.8451542547285166,1.6817678997080439,-0.4511531098842793,2.23285675751867,-1.5339299776947408,-1.4517471271249471,-1.0730304852662653
568,2025,10,1890169,2025-05-25,Atletico MG 0 x 0 Corinthians,1237,Corinthians,45.92,54.08,Fora,0.28074262538542494,-0.35466018943631517,-0.24639462963328762,-0.5580421455558818,-0.4759170700136388,0.3868325153254169,-0.8157708705533108,-0.5374657487403116,0.45862083690604505,1.1707516836571978,0.07354799866045446,0.849068538545117,0.8531672343681478,-1.1759145885723268,-0.7234646227911591,1.2643661385092986,-0.3319231995145264,0.5410257930194395,0.9228657827002027,-0.4421273290819775,-0.08929710958871163,0.3724551903607671,-0.47651914135972656,0.03659353010395961,0.05627154831915825,-0.06438598483954917,-0.36174054197616334,-0.7922289803829996,-0.9847708300890133,-0.11919448013262808,0.4950457904490316,0.07688034189054657,0.11169199048715782,-0.9252841533094622,-1.2993819392685948,-0.8200930559556115,-0.7186512234394191,-1.3371287675220385,0.6546536707079772,-0.8790496215742559,-0.8451542547285166,0.4509278580388408,-0.11632140423522362,-1.1612394405891786,0.0,1.0730304852662653,-1.0730304852662653
569,2025,10,1890169,2025-05-25,Atletico MG 0 x 0 Corinthians,1235,Atletico MG,54.08,45.92,Casa,0.706468506186049,0.22421720182140573,0.20966533797079925,-0.045417144019738426,-0.258422328764383,1.120465340751631,0.8003789673353247,-0.09919012698392264,1.5470871219582276,-0.07688034189054657,-0.11169199048715782,0.9252841533094617,1.2633033925919437,0.48420012470625223,-0.0134578442363419,-1.1110157282844892,0.3628285719453628,0.4071727549280685,0.06438598483954917,0.36174054197616334,0.7922289803829996,0.904534033733291,0.27290308457275314,-0.9392339393349727,-0.5628050799652452,-0.9228657827002027,0.4421273290819775,0.08929710958871163,1.5005273024719494,0.11919448013262862,-0.16000260194023094,-1.1707516836571978,-0.07354799866045446,-0.8490685385451175,0.6217534809939896,-0.46353085771404123,0.5089590115960176,0.3342821918805097,-0.4364357804719846,0.04621282342145304,-0.8451542547285166,-0.27161104366929656,0.8403406119049346,-0.41488751847157945,0.0,1.0730304852662653,-1.0730304852662653
570,2025,10,1890170,2025-05-25,Gremio 1 x 0 Bahia,1244,Gremio,34.09,65.91,Casa,-1.4112725102395285,0.6468812007122774,0.4881995987123988,-0.5217437661655795,-0.5694709537772791,-2.5700267419358895,-0.2000947418338306,-0.5598507939375471,-1.9491140520136,-1.6100211968670244,-1.3980506248025457,-1.2087530600921848,0.5240099425105641,1.037571695799112,0.26534678237363185,-0.8889807840965629,0.12209866513913231,-0.2949217319993988,0.9228657827002027,0.36174054197616334,0.7922289803829996,-1.223781339756805,1.4828381535673896,-2.159018276133638,-1.635227621229845,1.2233337119514311,2.049863071198259,-0.13308252399057785,1.555962271447756,-1.3505345700642166,1.221694886967878,-0.7645379234919263,0.1945966010147607,-0.3049029486319102,-0.6261341469809518,-0.5823849237945646,-0.10484610592170042,-0.8595827791213104,-0.4364357804719846,-0.6672085352563962,-0.8451542547285166,0.0185619179649542,-1.912236916352884,0.5168547852982779,0.7669649888473704,1.0730304852662653,0.18935832092934096
571,2025,10,1890170,2025-05-25,Gremio 1 x 0 Bahia,1221,Bahia,65.91,34.09,Fora,0.0931372005584653,-0.2796341681701064,-0.45285755725210314,1.1178996536821968,1.0092100016336267,0.5316452556486781,0.5695004190655196,-1.4296696930301045,-0.650805952664293,0.7645379234919263,-0.1945966010147607,0.30490294863190964,-0.44958556563852586,0.3458572319330373,1.8088028785362276,-0.315012901161787,0.1018204659879009,0.026511488284616917,-1.2233337119514311,-2.049863071198259,0.13308252399057785,-0.5143428819267729,-1.4602357823492385,1.0124209995428919,0.2739705793696332,-0.9228657827002027,-0.36174054197616334,-0.7922289803829996,-0.47038135410313303,1.3505345700642155,-0.7874778027602768,1.6100211968670244,1.3980506248025457,1.208753060092184,0.5142603597698416,2.270112662137998,-1.9462614584748559,1.050601174481602,1.745743121887939,1.1767892950943881,-0.8451542547285166,0.28943363641711417,1.431731676427941,0.4970785159198216,-0.7669649888473704,-0.18935832092934096,-1.0730304852662653
572,2025,10,1890171,2025-05-25,Vitoria 0 x 1 Santos FC,1241,Santos FC,40.87,59.13,Fora,-0.25823391082121905,-0.7069532926967157,-0.6831868436436417,-1.4700108725011343,-0.037876920287377325,-0.3308517704176187,-0.8927303866432458,-1.2892301832807844,-0.9518696250348871,0.42825836460135047,-0.8068882856365613,0.9129760416083874,0.8439904594781882,-2.2826577307580465,-1.77514983790267,-1.235340713453755,0.07158093577328144,-0.5096967101312095,0.06438598483954917,1.1656084130343043,0.5231409432377426,-1.046421725299297,-0.37119262287206284,-0.8172555056551061,-0.984761729204887,-1.3521056816305295,-0.36174054197616334,1.9625767543513557,-0.1504049844286923,-1.3333960685252926,1.8793406130293921,-1.5344539502130212,-1.8309497277631717,-1.4155072364278591,-1.3001904572882137,-1.2955093202777053,-0.10484610592170042,-0.8595827791213104,0.6546536707079772,-0.19814341572816144,0.8451542547285166,0.884011761844701,-1.338239706668789,-0.6119945660526452,0.7669649888473704,1.0730304852662653,0.18935832092934096
573,2025,10,1890171,2025-05-25,Vitoria 0 x 1 Santos FC,1238,Vitoria,59.13,40.87,Casa,1.0134155774580207,0.9136994550227387,0.12926292367850659,0.2790181514388176,0.1940335090539606,0.7235745389216726,-0.7388113544633758,-0.5374657487403116,0.3113254770470406,1.5344539502130212,1.8309497277631717,1.4155072364278587,0.16949858978968366,0.760885910252682,1.1800656862315804,-1.1110157282844892,0.6148183795575289,0.5192552344243503,1.3521056816305295,0.36174054197616334,-1.9625767543513557,0.549814804818275,0.1844316934644075,1.8662700353019577,1.635887857437177,-0.06438598483954917,-1.1656084130343043,-0.5231409432377426,-0.5949445936397473,1.3333960685252932,-0.32684770742143854,-0.42825836460135047,0.8068882856365613,-0.9129760416083879,-0.11123570679819667,-0.22582272555299437,0.3725578743698585,1.766920157082694,0.6546536707079772,0.35821662002165344,-0.8451542547285166,-0.8409180275476319,0.5185542973850631,-0.1632133750326031,-0.7669649888473704,-0.18935832092934096,-1.0730304852662653
574,2025,10,1890173,2025-05-25,Sport Recife 1 x 1 Internacional,1219,Internacional,64.02,35.98,Fora,-0.00035740198738060114,-0.7353539809718362,0.727032477186619,0.32560128793217513,0.7483047824673732,1.2033977471041595,2.26260977304409,-0.3061536150355515,-0.5665414627641193,0.9755154960994491,0.41353392468813704,-1.7033768457056857,-2.229020700114606,-0.2075143391598224,-0.26457267263597306,2.0117645935045734,0.6365214473434457,0.6378757882001739,-1.2233337119514311,-1.2459952001401184,0.5736838654831298,1.791332106020831,-0.14590277321815132,0.15857196378382615,-1.324544757948802,1.652573610881758,0.4421273290819775,1.947031581024268,0.4634926265694724,0.2120078882037085,-0.17980988184227822,0.03342437304008661,0.018962645270407263,0.29838037129411527,0.7730542469604696,0.2495935387690994,2.208727029337393,1.289374168681966,0.6546536707079772,1.2289606838217748,0.8451542547285166,0.15053188940968518,2.2492428538568032,0.5391619447532593,0.0,-0.18935832092934096,0.18935832092934096
575,2025,10,1890173,2025-05-25,Sport Recife 1 x 1 Internacional,1231,Sport Recife,35.98,64.02,Casa,0.047680505826504,-0.4291680485938386,0.799388014076872,0.45189925315243484,0.680430463793765,-1.3147316821453434,2.26260977304409,-0.8485406871708523,0.1237474900702103,-0.03342437304008661,-0.018962645270407263,-0.2983803712941158,0.3449737470031744,-0.06917144638660747,0.4472001919749883,-0.5043001817041066,0.20372406059852163,-0.20140688223393965,-1.652573610881758,-0.4421273290819775,-1.947031581024268,0.7271744192757831,-0.15735009036674208,0.2805503974636927,-1.0857103414133473,1.2233337119514311,1.2459952001401184,-0.5736838654831298,1.4766244459969489,-0.2120078882037085,0.7219073574250885,-0.9755154960994491,-0.41353392468813704,1.703376845705685,0.7297619797958999,1.0815720013327634,-0.7832622884412843,0.5730551860808738,0.6546536707079772,0.675745404224682,0.8451542547285166,0.20851819782590536,-1.1425588397310296,0.09291743379828357,0.0,-0.18935832092934096,0.18935832092934096
576,2025,10,1890164,2025-05-24,Fluminense 2 x 1 Vasco da Gama,1232,Fluminense,52.71,47.29,Casa,0.7197580352450889,0.6703571123506712,-0.2546519161492591,1.2915940619248287,0.39963105825674045,-0.012391330023909256,-0.43097329010363566,0.18538466908706633,1.521817561177081,-1.6856037158220114,0.923825236982086,0.9960557955906386,-0.20364196473316812,1.037571695799112,1.2177302267878605,-0.15325831597107745,-0.4199147679499292,0.6253596377130389,0.06438598483954917,0.36174054197616334,-1.4166611543663847,-0.33698326746926494,0.6778529356813447,0.5245072648234257,0.4049162697980934,-0.06438598483954917,-1.1656084130343043,-0.5105693599507546,-1.1632940320572065,1.6168624401695377,-0.9259593981126732,0.3862820124043496,2.2227288479429723,0.35655727767095774,0.9702276819158471,1.200426067413287,-0.3309848334282286,1.289374168681966,-0.4364357804719846,0.16707556693848177,0.8451542547285166,-0.7714605593389547,0.12284409979981617,-0.31739502709875694,0.7669649888473704,-0.18935832092934096,1.4517471271249471
577,2025,10,1890164,2025-05-24,Fluminense 2 x 1 Vasco da Gama,1226,Vasco da Gama,47.29,52.71,Fora,-0.8447493268408913,-0.32786394094608473,-0.5081658247517956,-0.905278040233731,0.02751828692846342,0.24967507405008127,0.26166235470577953,0.7786205292350514,-1.043563597431202,-0.3862820124043496,-2.2227288479429723,-0.3565572776709583,0.18189437610595874,-0.760885910252682,-1.7805642514055104,-0.9953336565227124,1.2566494608734298,0.9884936215634921,0.06438598483954917,1.1656084130343043,0.5105693599507546,-0.869062110841789,0.17486502083410482,-0.8172555056551061,0.2739705793696332,-0.06438598483954917,-0.36174054197616334,1.4166611543663847,-1.1114158260322704,-1.6168624401695375,-1.0771806958742487,1.6856037158220114,-0.923825236982086,-0.9960557955906391,-0.08436868819266133,-1.5332174524387523,0.7544810586031054,-1.0983557733216744,0.6546536707079772,-0.05782645162702053,0.8451542547285166,1.712171332587288,-0.45550157359400706,-0.49880955954016504,-0.7669649888473704,-1.4517471271249471,0.18935832092934096
578,2025,10,1890167,2025-05-24,Sao Paulo 0 x 2 Mirassol,6332,Mirassol,47.69,52.31,Fora,-0.06411490249996443,-1.1642350843655809,0.08033932742060675,-1.6872102652688077,-1.4618990570676926,0.09417681213909024,0.33862187079571454,1.5745146024770704,-0.15506665020432367,-0.8549735776378296,-0.42188760256627766,0.08473480190840468,0.20678933585500006,-1.7292861596651865,-1.6368211088915428,0.4246962693170756,-0.06458421316927088,1.0995335189723894,-1.652573610881758,0.36174054197616334,0.29028923861441946,1.791332106020831,-0.06853469869664808,1.1343994332227585,0.10576664717197179,-0.06438598483954917,-1.1656084130343043,-0.7922289803829996,-1.1451664781494475,-1.3281670643349974,0.05256239608193056,1.2016144469328736,-1.7873417444107467,-0.9960557955906391,-2.637276456738847,-1.0578011881166585,0.7544810586031054,-1.5759017617224025,-1.5275252316519463,-1.8817862324985788,-0.8451542547285166,-1.8506559760682513,-0.10327601310603947,-0.46286983640305396,1.5339299776947408,1.0730304852662653,1.4517471271249471
579,2025,10,1890167,2025-05-24,Sao Paulo 0 x 2 Mirassol,1224,Sao Paulo,52.31,47.69,Casa,1.2221713256942837,0.31732462579183146,0.7895958655029182,0.6476162977151604,-0.6977597455258897,0.6643371058127239,0.49254090297558456,1.659999521454917,1.7467624689157022,-1.2016144469328736,1.7873417444107467,0.9960557955906386,1.431999137092245,-0.2075143391598224,0.24681844445329476,1.1548439816581386,1.1286474040890104,0.28076763124532905,0.06438598483954917,1.1656084130343043,0.7922289803829996,0.904534033733291,0.777519513979972,1.3783563005824915,1.9491723431268353,1.652573610881758,-0.36174054197616334,-0.29028923861441946,0.3863322758161605,1.328167064334998,-0.12842243558316974,0.8549735776378296,0.42188760256627766,-0.08473480190840524,0.925145325867771,-0.22582272555299437,2.0434718053903143,0.3342821918805097,-1.5275252316519463,-0.7935935596735568,-0.8451542547285166,-1.2251415029464285,0.4185396320613194,-1.0923073268941468,-1.5339299776947408,-1.4517471271249471,-1.0730304852662653
580,2025,9,1890159,2025-05-19,Cruzeiro 0 x 0 Atletico MG,1235,Atletico MG,47.51,52.49,Fora,-0.6451051646979948,-0.5375631469511817,-0.9442726801905296,-1.1896663413534188,-0.932429424574347,0.7951806524516084,-0.49414264769898714,1.134256139801719,-1.2416786778463775,1.880377352350264,-1.1387970808819443,-0.5934909467363693,-0.1694041245441028,-1.2224831060793628,-1.1402062577151515,-0.9502938310844281,0.2917719601711441,-0.14643781433403283,0.7641140603571578,-0.5516772843673704,-0.05125855849304846,-1.363695642831025,-1.3558369205938623,-0.5144192561697363,-0.48102785379427565,-1.3408039172304844,-0.2364331218717302,-0.6065936206809425,-0.8544472224463394,-0.7209316193293558,2.2421165149293607,-1.9486642941052001,-0.7898391183072427,-2.15280223540277,-1.0950923923743061,-1.4134183649115466,-0.4000686036780103,-0.8707884785141312,-0.5827524946624019,-0.9227401306621426,-1.0834726777719228,-0.711407439181798,-1.0596716497013103,-0.9011689825992439,0.0,1.0987983707358564,-1.0987983707358564
581,2025,9,1890159,2025-05-19,Cruzeiro 0 x 0 Atletico MG,1230,Cruzeiro,52.49,47.51,Casa,0.8586519554875224,0.9582562214726145,-0.03697424361452648,0.7459613510932401,0.6378307519715269,0.5586957547814907,-0.886838791565732,-0.4471987897675371,0.14708965709313096,1.9486642941051975,0.7898391183072427,2.15280223540277,1.5553903326773295,0.8421550286324498,1.413632818155793,-1.0195590878956187,-0.44015842316895487,-0.3237779626912318,1.3408039172304844,0.2364331218717302,0.6065936206809425,-0.8974749102392217,0.45448244890516587,-0.34712844115518804,-0.8294268573331405,-0.7641140603571578,0.5516772843673704,0.05125855849304846,0.7807122167918722,0.7209316193293565,0.3988921057068698,-1.8803773523502667,1.1387970808819443,0.5934909467363693,0.5306257574252906,1.3222300833043497,0.06699150845012407,1.4736420405623762,0.78842984571972,1.0766584170255993,-1.0834726777719228,-0.10210942679861633,-0.7916240607567119,0.9448570691661984,0.0,1.0987983707358564,-1.0987983707358564
582,2025,9,1890160,2025-05-19,Internacional 1 x 1 Mirassol,1219,Internacional,67.21,32.79,Casa,1.167146811071538,1.0969138448185576,2.3061866776839692,1.2368698800960132,1.1140900394525046,0.8066713479788381,0.8802938558346199,2.049357499736168,1.9127699200902601,-0.9509990362523942,1.9521461477111925,0.3384609452367256,-2.1881279083195015,0.9508201936172821,1.3598326687522966,0.8841297072216507,0.525221369121413,1.7111907546754797,1.052458988793821,1.0245435281108308,0.9824910556468699,2.7157357673472537,1.4061236634123628,2.496815414092132,1.4781940202671378,2.119335224009475,2.9160085030846723,-0.3886233697802232,2.183101494157921,1.7528955457161703,-1.0599546170500922,1.512162937354358,1.605901375537891,0.6376138971582208,0.9510687019717707,2.2341128993763153,1.412327700993121,2.1434793317270926,0.78842984571972,1.3346227258212475,0.12038585308576917,-0.27720452648751015,1.9359810750971116,1.1830331121633069,0.0,-0.057831493196624076,0.057831493196624076
583,2025,9,1890160,2025-05-19,Internacional 1 x 1 Mirassol,6332,Mirassol,32.79,67.21,Fora,-0.8978635412699686,-2.1648705036598277,-0.5953229421407316,-1.1583258636031184,0.057653185500478876,-1.1258174105112746,0.7493951412123716,-0.6901791345213739,-1.3096449266596102,-1.5121629373543606,-1.605901375537891,-0.6376138971582208,0.6858492171512374,-2.0918044259580206,-1.5323338615871422,-0.41754994227736936,0.3818312656739159,0.8075536932737151,-2.119335224009475,-2.9160085030846723,0.3886233697802232,1.0839632032759423,-1.1519428841168577,-0.5980646636770104,-1.6608120005554714,-1.052458988793821,-1.0245435281108308,-0.9824910556468699,-0.8288907914218118,-1.7528955457161708,0.8629904003584645,0.9509990362523916,-1.9521461477111925,-0.3384609452367256,-0.5898008157483848,-1.2831493911869802,1.2346417887704606,-0.7033291557229521,0.10283867552865908,0.3875249869395015,0.12038585308576917,2.0094360820994908,-0.9094471767763155,0.3085865934510703,0.0,-0.057831493196624076,0.057831493196624076
584,2025,9,1890154,2025-05-18,Flamengo 0 x 0 Botafogo RJ,1227,Botafogo RJ,39.95,60.05,Fora,-0.339641322389093,-0.437683717248184,-0.7734636010259073,-0.4422490177366408,-0.5030624594092814,-0.0012066239820104575,0.7493951412123716,0.9296898305042026,-0.6228786816682438,-0.20250145885341017,-1.0341829393138384,-0.15364806223296837,1.192763260923035,-0.35316178620070476,-1.033320001908492,-0.8050000432279576,0.6416912353857596,-0.6094400307726212,0.18742420348383124,-0.5516772843673704,0.027009938916678338,-0.66436454394332,-0.2547980971035275,-1.4345187387497516,-1.1149262094062913,-1.052458988793821,-0.2364331218717302,-0.9824910556468699,-0.9982081156932932,-1.240068601698325,0.6630785721286865,-0.29827906934517073,-1.2102890136009121,1.6210276481426025,-0.939666103789929,-0.6318045225641477,1.2346417887704606,-0.7033291557229521,0.10283867552865908,-0.5815146935503742,-1.0834726777719228,-0.15416573926300295,-0.2643656165689856,-0.5861187155267523,0.0,1.0987983707358564,-1.0987983707358564
585,2025,9,1890154,2025-05-18,Flamengo 0 x 0 Botafogo RJ,1239,Flamengo,60.05,39.95,Casa,-0.1225396695705205,0.6740045338259666,0.34316924644469915,0.43228268779211443,-0.1124919557552336,-0.48880011184784516,-0.23234521845449052,-0.7422463512543388,0.7262597362422352,0.29827906934516807,1.2102890136009121,-1.6210276481426025,-0.26861668350709705,0.6248246986627854,0.7823013259755293,0.49967886813626783,0.3576279811892545,0.9987803906042868,1.052458988793821,0.2364331218717302,0.9824910556468699,0.38463210438823736,0.3670697551082933,0.8239072639466496,0.29252613855497506,-0.18742420348383124,0.5516772843673704,-0.027009938916678338,0.11915327434147548,1.2400686016983251,-0.17369646459445515,0.20250145885340753,1.0341829393138384,0.15364806223296837,-0.6987688520766743,1.0616921358552167,-1.0491447889149033,0.4688861038153016,-0.5827524946624019,-0.12157089620545065,-1.0834726777719228,-0.6304376841994114,1.4234505204118362,-0.16145689248572745,0.0,1.0987983707358564,-1.0987983707358564
586,2025,9,1890156,2025-05-18,Corinthians 1 x 0 Santos FC,1237,Corinthians,63.9,36.1,Casa,-0.08691925882742202,0.8138519874772572,-0.4033408865924248,-0.2534186387874173,-0.49544018460824873,-1.8544853461618924,-1.9994778658548424,-0.22979532340884207,-0.32142514440851766,-0.016301919854023524,0.14981762405779422,1.416179671595356,-1.44314474481504,0.9508201936172821,0.5159301678237577,-0.7064957802744183,-2.2922251074451276,-0.9899651680332343,0.7641140603571578,1.0245435281108308,0.9824910556468699,-0.8974749102392217,0.0978436201454504,0.23838941139573075,1.3325797646460407,0.3892656533894953,-1.0245435281108308,0.1095130193164571,-1.2235255661351727,0.43253655456964923,-1.070924039671709,0.19107523054064687,0.5572621443102833,-1.8020295859706683,-0.20144366805893363,-1.2831493911869802,1.5265543588505455,-0.2009511873494148,-0.5827524946624019,-0.43134984009432653,0.12038585308576917,-0.5087503516321171,1.7916477579730972,-0.44747290533548817,0.7669649888473704,1.0987983707358564,0.057831493196624076
587,2025,9,1890156,2025-05-18,Corinthians 1 x 0 Santos FC,1241,Santos FC,36.1,63.9,Fora,0.12275726631577799,0.13426340894135463,-0.8628144309018629,-0.6444004381171649,-0.5910625835284886,-1.172532012413259,-1.2140855781213526,-0.1403493258212638,0.5065703441670804,-0.1910752305406495,-0.5572621443102833,1.8020295859706683,0.5588517221638247,0.4074943686931209,-0.5057186076490379,-1.6352502595506466,-0.7488724305426909,-0.2120502930724552,-0.3892656533894953,1.0245435281108308,-0.1095130193164571,-1.0140300933871724,0.20104803694226614,-1.769100368778848,-0.2190845894913501,-0.7641140603571578,-1.0245435281108308,-0.9824910556468699,-0.8061465717194352,-0.4325365545696496,-0.6408185603763714,0.016301919854020873,-0.14981762405779422,-1.416179671595356,-0.5790679022458597,-0.7620734962887142,-0.8087462017901285,-1.0382478013053102,-0.5827524946624019,-0.5756014456176406,-1.0834726777719228,0.5948432317684099,-0.5618689845184848,-0.5806590688009915,-0.7669649888473704,-0.057831493196624076,-1.0987983707358564
588,2025,9,1890157,2025-05-18,Sao Paulo 2 x 1 Gremio,1224,Sao Paulo,63.62,36.38,Casa,0.6314604591526112,0.46411227494665797,0.6832798630476292,0.9255117248475196,0.7168786580547256,1.4088822852816048,1.0766419277679924,0.2845191627197308,1.4050899490592668,-0.025077024576149316,1.132253733706814,-0.756547386357605,-0.03324385428395933,1.0594853586021145,0.5845269651947299,-0.8050000432279576,0.11436729114759231,1.4101383714093136,0.7641140603571578,-0.5516772843673704,-1.2771905557232177,0.38463210438823736,0.8863083234961568,1.4094251164975684,1.748049108581257,0.6776105818261586,0.5516772843673704,0.10426867920017657,0.19002576771028376,1.3991359480768095,-0.9994870625046736,0.4566708601452387,1.3069546269580852,0.4779926353379943,0.5179636890171896,0.8011541884060838,1.5752064538638924,1.138723394980018,0.78842984571972,1.117165148761508,0.12038585308576917,0.1724205264338506,1.0375798154476343,1.9664888897888166,0.7669649888473704,-0.057831493196624076,1.2144613571291045
589,2025,9,1890157,2025-05-18,Sao Paulo 2 x 1 Gremio,1244,Gremio,36.38,63.62,Fora,-1.0132531018758921,-1.094699567108387,-0.348861669539503,-0.44133249628060167,-0.33284545790373726,-1.6785107457713826,-0.6904907196323595,-1.9397923361125338,-1.2142654584992694,-0.45667086014524133,-1.3069546269580852,-0.4779926353379943,0.4907099951352628,-1.7658089310035239,-1.3837014712364957,0.8841297072216507,-0.7443581215919046,-2.2206545962876243,-0.6776105818261586,-0.5516772843673704,-0.10426867920017657,-1.1305852765351234,-1.6775199754564492,-0.17983762614063983,0.022353015232307278,-0.7641140603571578,0.5516772843673704,1.2771905557232177,1.107209636884982,-1.39913594807681,1.292510747484715,0.025077024576146665,-1.132253733706814,0.756547386357605,0.009512310303612501,-1.1528804174624137,-0.8087462017901285,-1.5406257696788475,-0.5827524946624019,-0.769908910862371,0.12038585308576917,2.381173285666355,-0.956576423184157,-0.7600613412039123,-0.7669649888473704,-1.2144613571291045,0.057831493196624076
590,2025,9,1890158,2025-05-18,Red Bull Bragantino 1 x 2 Palmeiras,5438,Red Bull Bragantino,52.14,47.86,Casa,0.09299405295149933,-0.26074635275230074,0.5448383961777469,-0.6518508982459863,-0.5499986765197732,0.5351462126704074,1.5347874289458614,-0.5652178143622585,-0.8347854521050759,0.08098650763459879,0.6148458996263807,-0.8538204740152464,0.8615732444398767,-0.35316178620070476,0.03969876358259358,1.4090005336325462,0.5546005234822742,0.9344827483636299,-0.9659555102628219,0.2364331218717302,0.9824910556468699,1.5501839358677456,-0.7159695364535983,0.15474400388845663,-0.7745290447013167,1.2543004386994852,-0.2364331218717302,1.8159581924468822,1.262204656936122,-0.20167921378746737,0.2748041324956785,-0.6496447353976658,-0.5065027826914174,-1.2132326387096397,-0.6859889577954206,-0.7620734962887142,-0.12761687160326515,-0.535869832931773,-0.5827524946624019,-0.7454137164263003,0.12038585308576917,-0.7232492328568696,-0.4676104917028022,-0.7374451563895635,-0.7669649888473704,-1.2144613571291045,0.057831493196624076
591,2025,9,1890158,2025-05-18,Red Bull Bragantino 1 x 2 Palmeiras,1234,Palmeiras,47.86,52.14,Fora,1.0441784728904082,-0.46838440065334846,0.37334519014110223,-0.10534872084565364,-0.12104733191218564,1.5183838618647174,1.8620342155014822,-1.0372939127411405,0.5815157711594842,0.6496447353976632,0.5065027826914174,1.2132326387096397,0.9683171516168165,-0.6791572811552015,-0.17651300463043748,0.09516598078506304,0.8814084085902097,0.6909091809242207,-1.2543004386994852,0.2364331218717302,-1.8159581924468822,1.0839632032759423,0.7153973485543039,-0.2634830336479139,-1.1691070729925503,0.9659555102628219,-0.2364331218717302,-0.9824910556468699,-0.025328765726810455,0.20167921378746737,1.0093113590667837,-0.08098650763460144,-0.6148458996263807,0.8538204740152464,-0.8620486715589476,0.4103472672323843,0.3932467338337482,0.4688861038153016,-1.2683436648534627,-0.5054570191678508,1.3242443839434612,-1.0875647315554666,-0.7268213469459298,-0.5158953733575756,0.7669649888473704,-0.057831493196624076,1.2144613571291045
592,2025,9,1890161,2025-05-18,Bahia 2 x 1 Vitoria,1221,Bahia,40.86,59.14,Casa,-0.6168222429574121,-0.6161652689418293,-0.6034395009412566,-0.388177965168626,-0.17181346682455156,0.36861730774203594,-0.23234521845449052,-1.0025824349191639,-1.2569645546109887,0.5059692474164386,-1.7393597454395902,0.18137114239196922,-0.46932380843735055,-0.13583145623104032,-1.2340379236376326,-0.7790547239678736,0.6689216001655417,-0.7737643459990262,-2.119335224009475,1.0245435281108308,0.6240826651163639,-0.66436454394332,-0.9003316060875411,-0.43077384866246216,0.07600581628200793,-0.4757691319204945,-0.2364331218717302,-0.06612769565858102,-0.9129647531619919,-1.0686197230544279,-0.30956226701081113,1.0112124021016025,-0.13361454825401026,-0.1619304413286782,-0.1885471480373878,-0.2409976013904482,-0.5533227029700545,-0.7033291557229521,-0.5827524946624019,-0.5389999119703808,1.3242443839434612,-0.05924180506992491,-0.9447941115821967,-0.546865213781165,0.7669649888473704,-0.057831493196624076,1.2144613571291045
593,2025,9,1890161,2025-05-18,Bahia 2 x 1 Vitoria,1238,Vitoria,59.14,40.86,Fora,0.3072122748730042,1.0469595198152737,0.30455316376479774,1.1376052845434863,1.0764397213476593,0.7410364951273039,0.16035092541225435,0.14289633320606518,0.737728414446924,-1.0112124021016051,0.13361454825401026,0.1619304413286782,-1.02376412759654,1.4941460185414432,1.9814898069274267,0.00046658454778523674,-0.27882673604178454,0.5016951685638165,0.4757691319204945,0.2364331218717302,0.06612769565858102,0.15152173809233574,0.015697689719299284,0.7402618564393755,0.7968978142786687,2.119335224009475,-1.0245435281108308,-0.6240826651163639,-0.17495399756086802,1.0686197230544279,-1.2800576043198686,-0.5059692474164412,1.7393597454395902,-0.18137114239196922,1.9238128120718965,0.4103472672323843,0.03264885314658487,1.8085606861447343,2.159612186101842,1.5855648734292294,0.12038585308576917,0.09777977417240613,0.25111051601677975,1.41472565915752,-0.7669649888473704,-1.2144613571291045,0.057831493196624076
594,2025,9,1890163,2025-05-18,Juventude 1 x 1 Fluminense,1220,Juventude,31.36,68.64,Casa,0.07017416804275792,-0.12284598102480628,-0.2488300003634659,-0.5590063737490594,-0.38759016604279706,-0.4239821429874283,0.6184964265901234,1.0280390176664702,0.6424122713269084,-1.4414380666551305,0.02424378657847161,-0.16229725084910235,-0.8077453357943084,-0.7878224461400337,-0.4157637317514161,1.9697835744820815,1.334211987223567,0.45109472881523494,0.4757691319204945,0.2364331218717302,-1.655653101446263,0.38463210438823736,0.8000809800093636,-1.3508733312424774,-1.1935198143112882,-0.18742420348383124,-0.2364331218717302,1.8498572618015232,-0.9029624299803571,-0.7172594966533121,1.2545976297231896,-1.0807446505638543,-0.718327466442467,0.11372873015850381,-0.9141672620589621,0.01954034605868479,0.21294779349016651,-0.535869832931773,-0.5827524946624019,-0.69120121668239,0.12038585308576917,-0.6156565621168897,-1.3218280828449283,-0.6873912604445439,0.0,-0.057831493196624076,0.057831493196624076
595,2025,9,1890163,2025-05-18,Juventude 1 x 1 Fluminense,1232,Fluminense,68.64,31.36,Fora,0.3639866807860588,0.1833305077609213,0.32854887919473535,0.7610789535473548,1.673523274890802,1.093912620942465,-0.23234521845449052,1.0280390176664702,0.507985546768549,1.0807446505638516,0.718327466442467,-0.11372873015850381,-0.18838833459974078,0.2988292037082887,0.010635501979835042,1.9229649532608768,1.1073493340898408,0.5286204432333956,0.18742420348383124,0.2364331218717302,-1.8498572618015232,0.38463210438823736,0.6374674572380753,1.074843486468472,0.7129556732720488,-0.4757691319204945,-0.2364331218717302,1.655653101446263,0.5865524808658522,0.7172594966533121,-1.4791673863128254,1.4414380666551279,-0.02424378657847161,0.16229725084910235,2.1890028532654764,1.3222300833043497,-0.22492106162995998,0.8038047493976598,2.845203356292903,2.679523066630444,0.12038585308576917,2.1105478479566635,1.4087226309093852,2.4247670671235166,0.0,-0.057831493196624076,0.057831493196624076
596,2025,9,1890155,2025-05-17,Vasco da Gama 3 x 0 Fortaleza,2065,Fortaleza,51.58,48.42,Fora,-0.7237989271033733,0.46476840827243737,-0.5683152532336034,0.2894345512934128,-0.60333000076188,-0.6067662782669987,-0.6250413623212354,-0.9192748881464202,0.25674395056312016,-0.6060141966125077,-0.8248187053763687,-1.1544827449570476,-1.7251033071290922,0.9508201936172821,0.7727410425535692,0.6479378353367476,-0.009791130308019766,-0.78620009453239,-0.10092072495283204,0.2364331218717302,0.778156302005185,-0.31469899449946753,0.2825006297654763,-0.34712844115518804,-0.08723568478410437,-1.052458988793821,-1.0245435281108308,-0.9824910556468699,-0.9535621966077894,0.2304301289605233,-0.038932138894765725,-1.0795019195190034,0.057784284678182384,0.4003626227587586,0.46916116877618663,0.01954034605868479,-1.217423799902246,-0.3684105101405939,-0.5827524946624019,-0.7780677354351635,-1.0834726777719228,-0.9440885340978906,0.4602465469515762,-0.7675943079206168,-2.3008949665421112,-2.371091221061585,-1.0987983707358564
597,2025,9,1890155,2025-05-17,Vasco da Gama 3 x 0 Fortaleza,1226,Vasco da Gama,48.42,51.58,Casa,-0.7243993558625008,0.5291180687155912,-0.13539160586734456,0.8576881982346635,0.5557448529780485,-1.3420887156130559,-1.6722310792992217,-0.2996750090241368,-1.3878448323233616,1.0795019195190008,-0.057784284678182384,-0.4003626227587586,0.35021632378780765,0.1901640387234564,-0.15069428076574362,0.07714081161489937,-2.7553516216715885,-0.3906981529276395,1.052458988793821,1.0245435281108308,0.9824910556468699,-0.5478093607953692,-0.8149338588108492,0.4893256339175531,1.5391052235117741,0.10092072495283204,-0.2364331218717302,-0.778156302005185,0.19658034740349642,-0.2304301289605233,-0.4565007747128054,0.606014196612505,0.8248187053763687,1.1544827449570476,1.6818814715657608,0.5406162409569508,0.6508166486102925,0.3014267810241225,0.10283867552865908,0.17487028574921393,2.528102914801153,-0.12951454208293375,0.20987242540991893,0.11224448903088852,2.3008949665421112,1.0987983707358564,2.371091221061585
598,2025,9,1890162,2025-05-17,Ceara 2 x 0 Sport Recife,1231,Sport Recife,55.15,44.85,Fora,0.8171055845992958,0.5653266827871453,1.221940052315617,0.4525571204398302,-0.613275857029127,0.6376255387801748,0.029452210790006053,-0.2996750090241368,1.4371277723936964,0.4440415940125075,0.9749943447658317,0.8134884830256534,1.0007326575243431,0.8421550286324498,0.9952943771605696,-0.3305713481864211,0.4116917591915043,0.27565610031234317,0.18742420348383124,0.2364331218717302,0.8238158700266167,-0.31469899449946753,2.329679073166398,0.5729710414248272,0.4370576068752928,0.6776105818261586,2.1278980968455716,1.3631653719913723,1.9381805151302154,0.9874176164393496,-1.059613149001004,1.5547562373992088,-0.05818643675363893,1.1544827449570476,-0.27348544288343735,0.28007829350781777,-1.8304401970704232,-0.535869832931773,-0.5827524946624019,-0.8830810991820762,-1.0834726777719228,-0.9964703802757514,0.08910373148982519,-0.8645521683154406,-1.5339299776947408,-1.2144613571291045,-1.0987983707358564
599,2025,9,1890162,2025-05-17,Ceara 2 x 0 Sport Recife,7334,Ceara,44.85,55.15,Casa,-0.30532514161629976,-1.2279465204939082,-0.5848346543591391,-1.0052129979999442,-0.41777291932609467,0.2300373099345095,0.6184964265901234,1.7164833278023401,-0.6718056051892115,-1.5547562373992114,0.05818643675363893,-1.1544827449570476,0.6524583236072031,-1.2224831060793628,-0.8837942972245398,-0.941623496546881,-0.0011111446619493312,-1.857133121525197,-0.6776105818261586,-2.1278980968455716,-1.3631653719913723,-0.31469899449946753,-1.3223661478398951,-0.7653554786915586,-0.9060550541317273,-0.18742420348383124,-0.2364331218717302,-0.8238158700266167,-0.6827299797683514,-0.9874176164393498,0.5704126025556321,-0.44404159401251014,-0.9749943447658317,-0.8134884830256534,-1.2449515477689421,-0.8923424700132807,-1.3195931994302756,-0.8707884785141312,-0.5827524946624019,-0.8110228885002693,1.3242443839434612,-0.4263397924789956,-0.6031070751253462,-0.7980214937202956,1.5339299776947408,1.0987983707358564,1.2144613571291045
600,2025,8,1890147,2025-05-13,Santos FC 0 x 0 Ceara,1241,Santos FC,61.91,38.09,Casa,0.33573932009390406,0.37362417055536634,0.20542365581756253,0.6436731456537294,-0.5290840821272124,0.2423164325940038,-0.501954561563517,0.5424248433438374,0.7195124074324909,2.481463472602393,0.6073923752842838,0.30735012348962854,0.33771675455291106,0.9109105965476851,1.0908640625718058,1.1636007779556987,-0.10399107866927132,-0.17842581036947308,-1.647631410703475,1.1403534338054497,0.5435168361699747,-0.5142217587880068,0.5142732438514146,0.820012904407501,0.30410039160464236,-0.21259760138109352,-0.4046415410277403,-0.4238257389260912,1.0297166878433004,1.4000781458576703,-0.1369402789759448,-0.01033841021486519,1.0800106432951455,0.45331638994971557,-0.35871259648761417,0.22431399981174863,-0.5877796647766445,0.33415943951558474,-1.0674899923282326,-0.7416294065787483,-0.9480982327478419,-1.120042028590652,0.5543406029114005,-0.7980179153763123,0.0,0.9354143466934852,-0.9354143466934852
601,2025,8,1890147,2025-05-13,Santos FC 0 x 0 Ceara,7334,Ceara,38.09,61.91,Fora,-0.31113742911106834,-0.2871798243167045,-0.26427887402996936,-0.9409316689747514,-0.49176077985168926,0.6676852292505815,0.8873839570497888,-0.9603237769408104,-0.4386140798324444,0.01033841021486519,-1.0800106432951457,-0.45331638994971557,0.7389151907551482,-0.8345468339628489,-0.9314116057128031,-0.806260134395231,0.509138294743831,0.2426385472482277,0.21259760138109352,0.4046415410277403,0.4238257389260912,0.1779998395804635,0.5294096450830938,-2.161852202528864,-2.2545798014404124,1.647631410703475,-1.1403534338054497,-0.5435168361699747,-0.638508503212535,-1.40007814585767,1.041774828161654,-2.481463472602393,-0.6073923752842837,-0.30735012348962854,-1.4489060312674238,-1.0781543861919525,0.8515057774499871,0.11138647983852826,-0.457495710997814,-0.2443128830206467,-0.9480982327478419,-0.3836343824962209,-1.2439524506127635,-0.2963555395188898,0.0,0.9354143466934852,-0.9354143466934852
602,2025,8,1890145,2025-05-12,Botafogo RJ 4 x 0 Internacional,1219,Internacional,56.19,43.81,Fora,-0.19145868061518975,-0.5124774699121023,0.8095484435750855,0.15882640658594266,-0.06514574905567996,0.03318401448530333,-0.18823296058631897,-0.3350451555247935,0.537515512267285,-0.19233638673617043,0.36929016817499616,-1.1774709107439707,0.877438007383134,-0.0709092081144903,0.1423898678431098,-0.8933845113169011,0.1640477930059048,1.170240909599738,-0.3188964020716404,-1.8024941373053884,-0.6342204659235295,0.8702214379489338,0.7856965424384302,0.820012904407501,0.12375302677460265,-0.21259760138109352,2.538206030083098,1.1564060298931762,0.055751347953643865,0.4318138390138531,-1.277725363186857,1.349751346765331,-0.0937691809556472,-0.12134563265615823,0.418606600941723,0.5137514189236821,0.8515057774499871,1.4480242379008674,-0.457495710997814,-0.2556794880808465,-0.9480982327478419,-0.9429072949935621,0.6214172532204727,-0.30782147284267297,-1.6064386578049978,-1.7371980724307585,-0.9354143466934852
603,2025,8,1890145,2025-05-12,Botafogo RJ 4 x 0 Internacional,1227,Botafogo RJ,43.81,56.19,Casa,0.02690111198401547,-1.0763471876011703,0.525500501634449,0.1735077283594867,0.34576413288805197,-0.3654350491218866,0.2599407550953926,-0.27677128586812877,-0.17675569671995217,-1.349751346765331,0.09376918095564721,0.12134563265615823,-0.18908027775887729,-0.9436379233697573,-1.0361423983329192,1.0053260478036319,1.0290305207926944,0.901342300950932,0.21259760138109352,-2.538206030083098,-1.1564060298931762,-0.11866655972030947,0.12719699274050714,1.049387143402606,1.0684149942661976,0.3188964020716404,1.8024941373053884,0.6342204659235295,-0.026305105993138993,-0.4318138390138531,0.22052364735323066,0.19233638673617043,-0.3692901681749961,1.1774709107439707,0.3176640098828253,-0.06512341930018495,1.0813076547802902,-0.11138647983852826,0.15249857033260467,0.13826635615015337,1.8610817161346525,0.31071497121764174,-0.42306201587793163,0.08956690822726053,1.6064386578049978,0.9354143466934852,1.7371980724307585
604,2025,8,1890144,2025-05-11,Flamengo 1 x 0 Bahia,1239,Flamengo,63.39,36.61,Casa,0.808940055322975,0.9457164549204922,0.26714286540120386,0.8758019361878981,0.5996505109369881,0.820162197049523,-0.5467719331316883,-0.19421663718785329,1.9681695967871726,0.5068038674452046,1.0748602227303745,0.6253578013662054,0.011850656516661088,1.2381838647684102,1.1917309197270147,-0.08487029348380297,-0.27888950224179465,-0.8698759190053459,0.21259760138109352,1.1403534338054497,0.7337613163965275,-0.7119993583218555,1.596373100250545,-1.014981007553339,-0.25864496780597296,-0.47834460310746046,1.066782244527679,2.1431088705774495,1.145026816611654,1.2294407026231813,-0.9384868768930825,-0.528250801088896,1.2239974658681905,1.0070816117335577,0.04268796452666309,1.5267823858154497,0.04719920679392865,0.33415943951558474,0.7624928516630234,0.5796413813232,-0.24580324552721833,0.5065512504036714,2.30791588956285,0.534798935082631,0.40160966445124946,0.9354143466934852,-0.2672612419124243
605,2025,8,1890144,2025-05-11,Flamengo 1 x 0 Bahia,1221,Bahia,36.61,63.39,Fora,-0.8005921563962621,-0.521428003197645,-0.6584720608697613,-0.7790179086343912,-0.8931034346498035,-0.046032810555871155,-0.501954561563517,-0.38574342212609236,-0.4365258762486443,0.528250801088896,-1.2239974658681907,-1.0070816117335577,1.3258855233743592,-0.28909138692830705,-1.208182984442055,1.7305967230298667,-1.7637497297851736,-1.1658491822290067,0.47834460310746046,-1.066782244527679,-2.1431088705774495,-0.6131105585549311,-0.9196728516753179,-0.32685829056802396,0.24805065407612834,-0.21259760138109352,-1.1403534338054497,-0.7337613163965275,-0.7382396292337515,-1.2294407026231824,-0.5703046433087607,-0.5068038674452046,-1.0748602227303745,-0.6253578013662054,-0.18641290781780237,-1.0781543861919525,1.655812348106047,-1.4480242379008674,-0.457495710997814,-0.9584198006297224,-0.9480982327478419,-0.4068148399104317,-0.40709138485196233,-1.0167027548917493,-0.40160966445124946,0.2672612419124243,-0.9354143466934852
606,2025,8,1890146,2025-05-11,Palmeiras 1 x 0 Sao Paulo,1234,Palmeiras,61.59,38.41,Casa,1.1433665885044606,0.7835817116298652,1.8871827762505866,0.6887536847658164,0.32379927950141907,0.9948762704851614,2.455991961935779,1.050707464910703,1.5383335131840898,-0.3955812378234805,1.7019301357617513,-0.10813117212689596,-0.2797407736264447,0.6927284177338684,1.292865282924025,0.05398735423912265,1.2126022468682947,1.6651334063657228,0.7440916048338274,0.4046415410277403,-0.6686976137001843,2.84799743328742,1.1130847496424767,1.8521969798854734,-0.3744368603394519,2.710619417608943,0.33107035174996924,1.6944664213240022,2.4681277253292366,1.2791326681861004,0.03672344334586083,-0.4315999397720481,0.804138479444177,-0.6724700499405133,1.344213641373501,1.8162198049273832,-1.1592606491901598,1.0024783185467543,-0.457495710997814,0.08929219695457923,-0.24580324552721833,-0.454445268799374,0.6852997773243504,0.040164783234723445,0.40160966445124946,0.9354143466934852,-0.2672612419124243
607,2025,8,1890146,2025-05-11,Palmeiras 1 x 0 Sao Paulo,1224,Sao Paulo,38.41,61.59,Fora,0.10781101145919363,-1.962538476084884,-0.2081282100914994,-1.0022993505971414,-0.7266304052506082,0.16191135517721184,2.3215398472312656,0.7634172875033445,-1.3786146500812817,0.4315999397720481,-0.8041384794441772,0.6724700499405133,-1.1242555620981494,-2.7981864432871997,-2.0102776916934246,-1.0142918099020757,1.025180236748593,0.9182720066584762,-2.710619417608943,-0.33107035174996924,-1.6944664213240022,1.859109435618177,-1.442648195577137,-0.9002938880557865,-1.991322274550817,-0.7440916048338274,-0.4046415410277403,0.6686976137001843,0.38379653332731767,-1.2791326681861006,1.085971802767109,0.3955812378234805,-1.7019301357617511,0.10813117212689596,-1.1362657705676098,-1.0781543861919525,0.3919020227893823,-1.4480242379008674,-0.457495710997814,-0.6836569048530017,-0.9480982327478419,0.3824486443446947,-1.1225756548153956,-0.739538814899091,-0.40160966445124946,0.2672612419124243,-0.9354143466934852
608,2025,8,1890149,2025-05-11,Atletico MG 3 x 2 Fluminense,1232,Fluminense,40.93,59.07,Fora,-1.0219639975607402,-0.4501195768426244,-1.2464655863205956,-1.2404553411319572,-0.6817573435073668,-1.5551133275902451,-0.8156761625407152,-0.6105792131405472,-1.2353985086782435,0.07319216942737747,-1.174534575088875,-0.6292618617539466,0.3228640057015686,-0.7254557445559405,-0.6908028107193142,-0.17896462055920676,-0.8495442749036914,-1.8871696761830332,-0.053149400345273434,-0.33107035174996924,0.5248764923749077,-1.3053321569234013,-1.2626179225384044,-0.785606768558234,-0.17098436861088506,-1.5413326100129283,-1.1403534338054497,-0.968619015546231,-1.4435506260851558,-1.2275507856854926,0.03025153345852199,0.8609015890741062,-1.2205564351306812,-1.2341930137111057,-1.2795211300005498,-1.8017479339717863,-2.3657205051742483,-1.6707971975779239,-0.457495710997814,-0.7925141886312923,0.4564917416934053,0.5081068379661021,-0.6945627433194131,-0.8493473594028871,-0.40160966445124946,-1.0690449676496976,0.4008918628686366
609,2025,8,1890149,2025-05-11,Atletico MG 3 x 2 Fluminense,1235,Atletico MG,59.07,40.93,Casa,1.0329034646128255,1.2190317084650675,0.23118189551065463,1.0232594042385925,1.0155090651003795,0.5562882212227142,0.663297099208933,1.3379976423180626,1.004004404270523,-0.8609015890741062,1.2205564351306812,1.2341930137111057,0.8384400777076754,1.0200016859545935,1.1744391040872983,0.5810280212036688,0.1997238293057942,0.39254991947359147,1.5413326100129283,1.1403534338054497,0.968619015546231,0.37577743911431216,0.23965729519412646,0.9347000239050535,1.0133569848574688,0.053149400345273434,0.33107035174996924,-0.5248764923749077,-0.5472631372448069,1.227550785685493,-0.5694261656146155,-0.07319216942737747,1.1745345750888747,0.6292618617539466,1.0616903944260558,0.22431399981174863,-0.33378811614841525,0.33415943951558474,0.7624928516630234,1.7838319351358547,1.1587867289140288,1.9890091079412542,0.8226472041476883,1.7495124336180259,0.40160966445124946,-0.4008918628686366,1.0690449676496976
610,2025,8,1890153,2025-05-11,Sport Recife 0 x 4 Cruzeiro,1231,Sport Recife,48.25,51.75,Casa,0.07716810351951464,0.47434630790316823,0.6293558511161186,0.3027240546297014,-0.3508016058161607,0.07596110000753739,-0.09859821744997667,-0.7927378401198509,1.1874890191231389,-1.3763549470122385,-0.31505973436367946,0.05457478979286177,-0.40324122406032553,0.58363732832696,1.1664736519282217,-0.3630622170110835,0.8627716432155643,0.904706537341534,0.47834460310746046,-0.33107035174996924,0.38892626282841924,0.07911103981353917,1.9788601499877185,0.361264426417291,0.21608840705573545,1.647631410703475,-0.4046415410277403,-0.7216286260032905,0.1139096208024279,0.668766665415612,-0.03843910816523829,-0.12915969838900382,0.3120232272090743,-0.015254182328920445,0.2453605082230398,0.9479075475915826,-0.6422064251969789,-0.33415943951558474,-0.457495710997814,-0.690728511454186,-0.9480982327478419,-0.7670236725878937,0.03050390525960121,-0.7466722174719591,-1.6064386578049978,-1.7371980724307585,-0.9354143466934852
611,2025,8,1890153,2025-05-11,Sport Recife 0 x 4 Cruzeiro,1230,Cruzeiro,51.75,48.25,Fora,-0.3987709226846554,-0.6895979537871146,0.10025657834934983,0.28571615515002297,0.23173423909868124,-0.5450988083152704,-0.4571371899953459,1.4438413918891948,-1.3208155708439528,0.12915969838900382,-0.3120232272090744,0.015254182328920445,-0.32780317563564493,-0.9436379233697573,-0.5717640221029664,-0.9182771904373782,0.009724640351896218,0.8828448618416309,-1.647631410703475,0.4046415410277403,0.7216286260032905,0.4746662388812365,-1.1599832300082458,1.049387143402606,0.8037813361403693,-0.47834460310746046,0.33107035174996924,-0.38892626282841924,0.3847435691779934,-0.668766665415612,-0.9956400245135955,1.3763549470122385,0.3150597343636794,-0.05457478979286177,1.5511463414448863,0.36903270936771543,0.8515057774499871,1.0024783185467543,-0.457495710997814,-0.062036432118915026,1.1587867289140288,-0.6078671671868513,0.3307517685478275,-0.11248624684388296,1.6064386578049978,0.9354143466934852,1.7371980724307585
612,2025,8,1890148,2025-05-10,Mirassol 2 x 1 Corinthians,1237,Corinthians,64.55,35.45,Fora,0.5732154355342429,0.36616139350967525,-0.6740916901424,-0.27180665096570983,-0.6367108468674206,1.0324086558667385,-0.4571371899953459,1.2204698424695974,0.5198447737757481,0.2478178984755702,0.23606631419718033,1.1879334755182334,-3.0812943355546074,0.03818188129241809,0.2777305468847154,0.6678843231194259,0.6551180390541815,-0.16183649934564195,0.7440916048338274,0.4046415410277403,-0.12055193209823598,-0.6131105585549311,-0.6923315630302973,0.4759515459148435,1.5001856996293914,-0.7440916048338274,-1.1403534338054497,-0.968619015546231,-1.3306145265447382,0.35035804665442205,-0.3686914134559095,0.2533162127279023,0.8226032425478539,-1.1398235557976462,-1.120364337267469,-1.2228730957479192,-0.5560307211981156,-0.7797053588696978,-0.457495710997814,-0.6443527791292224,-0.24580324552721833,-0.3771042980534901,1.0047123978437404,0.2982628319054441,-0.40160966445124946,-0.4008918628686366,-0.2672612419124243
613,2025,8,1890148,2025-05-10,Mirassol 2 x 1 Corinthians,6332,Mirassol,35.45,64.55,Casa,-0.011596116627728595,0.6484835384408852,-0.4247098705973363,-0.23795419320625277,0.8238939708724133,-0.3255097693011346,-0.5467719331316883,-0.3350451555247935,0.0715651229128261,-0.2533162127279023,-0.822603242547854,1.1398235557976462,0.7495940875902715,0.6927284177338684,0.01676069739039544,1.1413912593698443,0.09803519320998817,0.5723150944395929,0.7440916048338274,1.1403534338054497,0.968619015546231,0.27688863934738783,0.853589199755856,-1.473729485543549,-1.011381924525527,-0.7440916048338274,-0.4046415410277403,0.12055193209823598,-1.0562744312821448,-0.35035804665442205,0.6312163290570971,-0.2478178984755702,-0.2360663141971803,-1.1879334755182334,0.8225410635448247,-0.7887169670800189,1.253659062778017,0.33415943951558474,1.372487132993442,1.7400702642123778,0.4564917416934053,1.9351348828744002,-1.3046408485114476,1.7053683467698895,0.40160966445124946,0.2672612419124243,0.4008918628686366
614,2025,8,1890150,2025-05-10,Gremio 1 x 1 Red Bull Bragantino,1244,Gremio,38.55,61.45,Casa,-0.14275773708167133,-0.9650586817277762,0.09197115823079836,-0.2719889264198526,-0.3672785768073863,0.08705145551330208,0.5736623560725906,0.6038116333881447,-0.9526571443336821,-0.5260615110615395,-0.16862527701659144,-0.17748125425662883,-0.38050256284128464,-1.1618201021835741,-1.0469889764018445,1.5460980424898598,0.26095415430385327,0.6244466453337693,-0.5846434037980073,-1.066782244527679,0.6158706514145953,0.07911103981353917,-1.1458040352416894,-0.21217117107047145,-0.8095274712291411,0.5846434037980073,0.33107035174996924,0.70130254445573,0.9149773603354354,-1.1419077076144122,1.5806221532275442,-1.7731052723490797,-0.4232007999944571,1.3137823499523011,-0.8366295480228422,-0.06512341930018495,-0.5560307211981156,0.7797053588696978,-1.0674899923282326,-0.5992284534925295,-0.24580324552721833,-1.091894675895566,-1.1832640527140796,-0.654372576712539,0.0,0.2672612419124243,-0.2672612419124243
615,2025,8,1890150,2025-05-10,Gremio 1 x 1 Red Bull Bragantino,5438,Red Bull Bragantino,61.45,38.55,Fora,-0.03200841027587306,0.13280794126154385,0.5545955146391658,0.7073576150760335,0.24003138742620736,0.9342753993286629,0.17030601195905026,0.7634172875033445,0.6591639990483877,1.7731052723490797,0.42320079999445714,-1.3137823499523011,-0.8720332250181071,0.8018195071407768,0.6451260134533752,0.8642550926680943,0.3171860854245196,-0.597018982532216,-0.5846434037980073,-0.33107035174996924,-0.70130254445573,0.27688863934738783,0.8233596224101389,0.2465773069197385,-0.4941837489529822,0.5846434037980073,1.066782244527679,-0.6158706514145953,0.3293218708320432,1.1419077076144113,-0.6355515775012125,0.5260615110615395,0.1686252770165914,0.17748125425662883,1.341416221416502,0.8031888380356158,-0.4353847355997067,-0.33415943951558474,0.7624928516630234,0.0343898181957192,-0.24580324552721833,0.3691150819266983,0.5607288553217886,-0.015217365685924708,0.0,0.2672612419124243,-0.2672612419124243
616,2025,8,1890151,2025-05-10,Vitoria 2 x 1 Vasco da Gama,1238,Vitoria,36.9,63.1,Casa,-1.9334920299150578,0.6133626848996785,-0.668331086508905,-0.7398156368450328,0.37073748304704757,-3.191660917645417,-1.4879367360632825,-0.7927378401198509,-1.7230664849536663,-2.028635552175184,-2.381782416466903,-1.2175625105111265,0.7365511393655055,0.6927284177338684,0.346242174276911,-1.5903795266902614,-3.264303927554783,-1.3191514670560733,1.0098386065601943,0.4046415410277403,0.968619015546231,-1.4042209566903257,-0.7270212419516072,-0.785606768558234,-0.12051883209622166,0.053149400345273434,-0.4046415410277403,-0.968619015546231,-0.7416454111707959,-1.0201996760818415,-0.0113751539433335,0.0216790447621121,-0.563650405628716,-0.9893665898790172,-0.38604587579055666,-0.643998257524052,0.8515057774499871,-0.11138647983852826,0.7624928516630234,0.7278992846029062,0.4564917416934053,1.1575828465663376,-0.7233098791661586,0.6843524055098972,0.40160966445124946,0.2672612419124243,0.4008918628686366
617,2025,8,1890151,2025-05-10,Vitoria 2 x 1 Vasco da Gama,1226,Vasco da Gama,63.1,36.9,Fora,0.45583266136451783,0.7403305060464496,-0.7622251010511399,1.4236065472573285,-0.09502273831936978,0.6338542008844699,-0.7260414194043728,-2.2890408474498467,0.016643938861387625,-0.0216790447621121,0.563650405628716,0.9893665898790172,-0.5309697926302254,1.3472749541753186,1.262554929328013,-0.6494362559362249,0.11250185614529401,-1.784442466163017,-0.053149400345273434,0.4046415410277403,0.968619015546231,-0.8108881580887798,-0.9946273364874366,-0.6709196490606815,1.3512992495041527,-1.0098386065601943,-0.4046415410277403,-0.968619015546231,-0.6824353150820077,1.020199676081842,-1.7950288216302177,2.028635552175184,2.3817824164669026,1.2175625105111265,1.074881585969443,0.9479075475915826,-0.5560307211981156,0.7797053588696978,-0.457495710997814,-0.6342085323343041,-0.24580324552721833,-1.1295751169192696,1.6882554057552344,-0.6896583326208572,-0.40160966445124946,-0.4008918628686366,-0.2672612419124243
618,2025,8,1890152,2025-05-10,Fortaleza 5 x 0 Juventude,2065,Fortaleza,45.83,54.17,Casa,1.0924570320034543,0.11811339348697658,0.15296232259607848,0.5550987197468062,2.122612624530677,0.8884927342681017,0.3495754982317349,0.8768213049009859,0.04120109546339463,0.8839763851531994,1.262673659555644,1.8102856346944343,1.5708625051691523,0.03818188129241809,-1.184426344257422,-0.6648615554567829,0.1602283235860697,0.3966562523397687,0.47834460310746046,1.1403534338054497,0.968619015546231,-0.11866655972030947,0.3681512607880122,-0.32685829056802396,-0.3792867825398077,-0.7440916048338274,0.33107035174996924,1.6767471238726537,1.4081687781606502,0.5328902635533918,2.615762992129491,0.06109008677955104,-0.7293853638867674,2.0738667881465775,0.3430231911740231,1.2373449667035161,0.7568814750198629,1.6707971975779239,3.2024699769846983,2.5832146146319914,2.563376703355276,1.4445762449680861,-1.033140121069966,2.5558806020154163,2.008048322256247,0.9354143466934852,2.4053511772118195
619,2025,8,1890152,2025-05-10,Fortaleza 5 x 0 Juventude,1220,Juventude,54.17,45.83,Fora,-0.8105573041308567,0.0491873623508646,-0.5484190835094443,-1.3540557208762716,-1.2364371311491675,-1.0996165836034915,-1.353484621358769,-1.6306675242246487,-0.6009953714345923,-0.06109008677955104,0.7293853638867676,-2.0738667881465775,-0.32119701889272084,-0.28909138692830705,0.07281958324790722,-1.5903795266902614,-0.3557643436017658,-0.7073764787091729,0.7440916048338274,-0.33107035174996924,-1.6767471238726537,-1.1075545573895527,-0.5849454256321808,1.049387143402606,1.2358362881825387,-0.47834460310746046,-1.1403534338054497,-0.968619015546231,-1.0287036245246284,-0.5328902635533922,0.09476269768825187,-0.8839763851531994,-1.2626736595556438,-1.8102856346944343,-1.8103733257016164,-0.7887169670800189,-1.4005526203869774,-1.8935701572549803,-1.0674899923282326,-1.3698384708833695,-0.9480982327478419,-1.3219311227755741,-0.47097390895584007,-1.4317166500965264,-2.008048322256247,-2.4053511772118195,-0.9354143466934852
620,2025,7,1889952,2025-05-06,Juventude 0 x 1 Atletico MG,1220,Juventude,47.42,52.58,Casa,-0.2469858094371103,-0.9091275101931555,-0.2953609677609658,-0.8956477480704665,-0.29803580083780284,-0.39755394948039635,0.627563841955387,-0.6992282223819396,0.10563480084136755,-0.14428102567729856,0.8286454672876395,-1.8011069179963886,0.06571428936832495,-0.7430624087223401,-0.5540790129080988,-1.5328820911254821,0.256859580238224,-0.20489177946221557,-0.307771086403022,-2.0315975327391613,-0.5554811136413806,0.2804078471390766,-0.7893857391325936,-0.4510159300526152,-1.3704879008040975,0.307771086403022,-0.7900657071763404,-0.7622043621640708,-0.3298773637463444,-1.4302388650002797,0.8588994235730903,-1.8401890927542497,-1.2113412869054352,-0.1451097492457818,-0.7959010911303694,-0.5563743275758917,-1.074340641893447,-0.24283283362279245,0.0,-0.10926259162307982,-0.9176629354822471,-0.009361025144380562,-0.44198272607594635,-0.23632627613067853,-0.9128709291752769,-0.10050378152592117,-0.9045340337332908
621,2025,7,1889952,2025-05-06,Juventude 0 x 1 Atletico MG,1235,Atletico MG,52.58,47.42,Fora,0.6714386841695698,-0.5236290990657212,1.079763404351995,0.6537204012177934,0.4677050797525702,0.9649707610414588,1.3153050386188245,0.3794370710323812,-0.2965004997287487,1.8401890927542495,1.2113412869054352,0.1451097492457818,-0.06696887137291455,-1.3190797798249292,-1.2577312372112741,1.12857886176747,0.8329654216083859,1.0986749903025097,-0.307771086403022,0.7900657071763404,0.7622043621640708,1.6482510039150622,0.6664038059246159,1.0523705034561022,0.025343910253840297,0.307771086403022,2.0315975327391613,0.5554811136413806,0.7721864936740067,1.430238865000279,2.2147626784169003,0.14428102567729856,-0.8286454672876395,1.8011069179963886,0.21218128916214551,2.02051729488087,0.9413113050644559,2.502233981243556,-0.8770580193070292,0.48809199743142373,-0.9176629354822471,-0.7870526627909091,0.10152775852310164,0.21696129848657886,0.9128709291752769,0.9045340337332908,0.10050378152592117
622,2025,7,1889947,2025-05-05,Red Bull Bragantino 1 x 0 Mirassol,6332,Mirassol,45.23,54.77,Fora,-0.2796118067640531,-1.0331909691526189,-0.045650179851413286,-0.167367785341997,-0.9096603689018306,-0.43714355730061977,0.9714344402871057,-1.3194607660951738,-0.22798146692515456,-1.0597765516803241,-1.2132866233754396,0.1451097492457818,1.0734383411887571,-1.2038763056044115,-0.42968433772222314,0.8841589783385253,0.802626908272729,0.44631825620754806,-1.0319383485277798,-1.467264884756061,0.2725759535110004,1.1011137412046679,-1.328724315759937,0.7516932167543586,0.28041242471917993,0.6698547174654009,-0.7900657071763404,0.06673018544494948,-0.6777727315966295,-0.41756532865019685,-0.47913357276621293,1.0663266327389322,-0.14369956941580653,0.31183748160157426,-0.42004372490355896,0.1464142967304978,-1.074340641893447,-0.4539918193817424,-1.7541160386140584,-1.31713263257378,-0.9176629354822471,-1.2047756310510267,-0.15935727408444156,-1.1528882166390728,-0.9128709291752769,-0.10050378152592117,-0.9045340337332908
623,2025,7,1889947,2025-05-05,Red Bull Bragantino 1 x 0 Mirassol,5438,Red Bull Bragantino,54.77,45.23,Casa,0.22324142986877332,0.2604971696090306,1.0019986949367916,0.3781195328401356,-0.24191026482450556,0.36528430490844904,0.7994991411212463,-1.0481090282206338,0.8878375804040817,-1.066326632738932,0.14369956941580653,-0.31183748160157426,1.0818485168669434,0.2937688592623206,0.6280088294628623,1.0990070734019928,0.8423069602194623,1.3103950609190087,-0.6698547174654009,0.7900657071763404,-0.06673018544494948,1.374682372559865,1.9404864443872372,0.4510159300526152,0.33344013878960116,1.0319383485277798,1.467264884756061,-0.2725759535110004,-0.2533958106628085,0.41756532865019685,-0.5120950274188374,1.0597765516803244,1.2132866233754396,-0.1451097492457818,0.026735928580687792,0.49780860888369255,-0.06651466841449509,0.17948513789510734,-0.8770580193070292,-0.6773478992720938,0.2294157338705617,-0.8188532989335553,0.9537521983744092,-0.6674035893350554,0.9128709291752769,0.9045340337332908,0.10050378152592117
624,2025,7,1889944,2025-05-04,Vasco da Gama 0 x 1 Palmeiras,1234,Palmeiras,53.32,46.68,Fora,-0.861080052588266,1.0920745421783633,-0.4112245132947511,0.7747597401673347,0.6747415728454731,-2.229363244655105,-1.664906813589405,0.4171903563018822,-0.9670442408484443,-1.0286892529060772,-0.6898588424084863,-0.019823866622198844,0.37964492509407965,0.754582756144392,0.9589190054214699,0.1120486367041895,-1.9112251587027835,-0.4452397693836496,1.8647306999712516,0.7900657071763404,0.9180988736725019,-1.4977882566697045,-0.6550421486214261,-0.6514674545204442,0.22315042741431548,-0.41639617572173593,0.33859958878986024,2.690277030090545,0.4147473669749442,0.7732241696226034,-0.5827722714321173,-0.7646876710222934,0.8828732871873068,0.910465392309294,0.5324761115501344,0.7320714836524891,-1.746224624212748,0.39064412365405726,0.8770580193070292,1.1183447003229745,0.2294157338705617,0.6310567036732844,0.27979919747158954,0.6952127831564582,0.9128709291752769,0.9045340337332908,0.10050378152592117
625,2025,7,1889944,2025-05-04,Vasco da Gama 0 x 1 Palmeiras,1226,Vasco da Gama,46.68,53.32,Casa,-0.862068795637132,0.41301739159311346,-1.17596867682481,-0.18963735296254972,-0.3846718699224583,0.24796111136296672,-1.2637244488690664,0.32736357410893185,-1.4147406009050383,0.7646876710222933,-0.8828732871873068,-0.910465392309294,0.034374014098595695,0.754582756144392,0.819690223296186,0.23480466116909027,-0.7438874264220073,-2.3276455704578503,0.41639617572173593,-0.33859958878986024,-2.690277030090545,-2.1817098350576973,-0.20592713863582635,-0.7516932167543586,0.9231117607484739,-1.8647306999712516,-0.7900657071763404,-0.9180988736725019,-1.2616854633533865,-0.7732241696226028,-1.6808532736431532,1.0286892529060772,0.6898588424084863,0.019823866622198844,-0.6950079512582812,-0.43924289019149343,-1.074340641893447,-0.24283283362279245,0.0,-0.43108437099955993,-0.9176629354822471,-0.34812942005132147,-0.43328655832236207,-0.48053267632502716,-0.9128709291752769,-0.10050378152592117,-0.9045340337332908
626,2025,7,1889948,2025-05-04,Cruzeiro 2 x 1 Flamengo,1230,Cruzeiro,40.43,59.57,Casa,0.34648250393985225,0.18974843512389974,-0.3128299592013937,-0.10212597378207164,0.7472666098958367,0.47894114865563514,0.39831677640090773,1.5250540033482807,0.2524087816117245,-0.09702623251179232,-0.8368704533750855,1.4897380413220298,1.0802053055911929,-0.39745198606078647,-0.4120997874040699,-0.7926632636021298,0.31340302723660735,0.7902697042362258,0.7784798067841149,0.7900657071763404,0.9180988736725019,0.2804078471390766,-0.6814504586863437,-0.4510159300526152,0.0002807063251235727,-0.41639617572173593,-0.7900657071763404,0.14307741717136768,0.18154066928959617,-0.4381739495752755,0.05649006533893733,-0.3819025041724647,0.0956727949925696,0.21224641846817593,-0.2782491590137566,-0.5563743275758917,0.16606055623449378,0.39064412365405726,0.8770580193070292,1.5335912152086444,1.3764944032233704,0.9862107937227296,-0.7115639264370748,2.0330794979939824,0.9128709291752769,-0.10050378152592117,1.1055415967851332
627,2025,7,1889948,2025-05-04,Cruzeiro 2 x 1 Flamengo,1239,Flamengo,59.57,40.43,Fora,-0.2693338674633883,0.6332853146595873,-0.5013246477438008,-0.05459943016984637,-0.861952915392413,0.4684255739594224,-1.2637244488690664,-1.0909540394639823,-0.5318869007790905,0.38190250417246463,-0.0956727949925696,-0.21224641846817593,-0.012845554466749032,0.754582756144392,0.5720966195958807,-0.8362055475740917,-0.9151661538867805,-0.7669952531522946,0.41639617572173593,0.7900657071763404,-0.14307741717136768,-0.6770823626041133,-1.4847173482732712,1.653725076859589,2.022392609710949,-0.7784798067841149,-0.7900657071763404,-0.9180988736725019,-0.9313277384845542,0.43817394957527617,-0.6938039503171968,0.09702623251179233,0.8368704533750855,-1.4897380413220298,-0.0037040823077172753,-0.9077686397290864,-1.074340641893447,-1.7209457339354417,-0.8770580193070292,-1.3557264442857364,0.2294157338705617,-0.3040198596864733,1.527699270111004,-1.1821741644273664,-0.9128709291752769,-1.1055415967851332,0.10050378152592117
628,2025,7,1889949,2025-05-04,Gremio 1 x 0 Santos FC,1241,Santos FC,54.3,45.7,Fora,1.4619330234542578,0.968352766024367,-0.021401685765291518,0.1848944776735306,-0.6433580319597368,1.0313772747150591,1.487240337784684,0.46826833049003175,1.8377616136662283,0.8905911026683325,1.2603053509126032,1.6766361823056013,0.33716209836931205,0.9849897045854277,1.1600412314099278,0.5571475395286889,1.465518556474336,0.35857818516569173,1.5026470689088727,0.22573305919324008,0.26345328220825015,0.6907607941718723,1.480474429522874,0.3507901678187007,-0.2946202729349967,-0.7784798067841149,-0.7900657071763404,-0.6218957672987805,-1.081889992144741,1.0598739798486916,-0.7353362098269727,0.5832184850096351,0.5451417670111744,-0.26100904688274107,-0.6044287892830026,0.1464142967304978,-0.8223841485237088,-0.24283283362279245,-0.8770580193070292,-1.0549707972086997,-0.9176629354822471,-1.0048686986066382,0.34936853950026747,-0.9539532713196801,-0.9128709291752769,-0.10050378152592117,-0.9045340337332908
629,2025,7,1889949,2025-05-04,Gremio 1 x 0 Santos FC,1244,Gremio,45.7,54.3,Casa,-0.26075973864148216,-0.2965052323008476,-0.6752996167062387,-1.2633527023274196,-0.5400059233487825,-0.6008270696333892,-0.002865588319430827,0.5012218622243212,-0.712706761569321,-0.583218485009635,-0.5451417670111744,0.26100904688274107,0.5335442910508081,-1.2038763056044115,-1.5506901375594342,1.2538240830800793,0.8367555021386669,0.5187028950917951,0.7784798067841149,0.7900657071763404,0.6218957672987805,-0.12994509989371902,-1.0625177398862464,-0.4510159300526152,-0.4189130547881972,-1.5026470689088727,-0.22573305919324008,-0.26345328220825015,-0.6799388023027384,-1.0598739798486922,-0.32739883109336554,-0.8905911026683326,-1.2603053509126032,-1.6766361823056013,-1.0565952962427816,-1.142031514497883,0.9413113050644559,-1.298627762417542,0.0,-0.8774671909905823,0.2294157338705617,0.041692323027896785,-0.5680771585029258,-0.8192591036967612,0.9128709291752769,0.9045340337332908,0.10050378152592117
630,2025,7,1889950,2025-05-04,Bahia 1 x 0 Botafogo RJ,1227,Botafogo RJ,52.77,47.23,Fora,-0.7496939477423428,0.3571564604956789,-0.5720240583886019,0.021312206717664234,-0.14101504860152075,-1.6364298741983203,-1.7222185799780247,-0.8852979854959093,-0.6257232429746633,-0.25429587737136694,0.06480223059599657,-0.7929501910033575,-0.37153184505685516,0.5241758077033563,0.6244044304267625,-1.5328820911254821,-0.33907722629152875,0.6601527190274521,0.05431254465935697,0.22573305919324008,0.9180988736725019,-0.8138666782817118,0.2686840522841611,-0.2505644055847862,0.08494582617722295,-1.1405634378464937,-0.7900657071763404,-0.5366695501129297,-0.705768173726441,-0.11347658462038199,-0.4230314507283059,-0.3975216597122086,1.106567709230501,-0.6324136143102699,-0.27542868342919224,0.029282859346099564,-0.7642403423614613,0.39064412365405726,0.0,-0.09243818036275381,-0.9176629354822471,-0.4045076582715283,1.2972508246410077,-0.2235594928594101,-0.9128709291752769,-0.10050378152592117,-0.9045340337332908
631,2025,7,1889950,2025-05-04,Bahia 1 x 0 Botafogo RJ,1221,Bahia,47.23,52.77,Casa,-0.3931241066236715,0.6749534319146793,-0.22542873461591176,0.408084831459951,0.9250281399609173,-0.6495613192599741,-0.518671485817009,-0.10380498041723417,-0.7133512810300325,0.39752165971220854,-1.106567709230501,0.6324136143102699,0.8278748218697923,0.2937688592623206,0.4754157233735625,-1.5328820911254821,-0.3332423575590715,0.33168870309190857,1.1405634378464937,0.7900657071763404,0.5366695501129297,0.2804078471390766,-0.09616759992851175,-0.7516932167543586,0.4313312252801545,-0.05431254465935697,-0.22573305919324008,-0.9180988736725019,-0.5050738342990799,0.11347658462038131,-0.6464154297119657,0.254295877371367,-0.06480223059599657,0.7929501910033575,0.7907147808120618,-0.0878485780382987,-0.7642403423614613,-1.087468776658592,1.7541160386140584,1.5386604755391984,0.2294157338705617,3.4670695131697937,0.5885131527238491,1.0141588862117588,0.9128709291752769,0.9045340337332908,0.10050378152592117
632,2025,7,1889943,2025-05-03,Fluminense 2 x 1 Sport Recife,1232,Fluminense,60.92,39.08,Casa,0.8381411245485468,-0.15550611274263415,1.226437575232458,1.6158617719413038,1.1860443846489521,1.054396908755266,1.200681505841585,1.1227048747756867,1.586370654523257,0.3235512090144514,1.10631691773064,-0.019823866622198844,1.3834473799550524,-0.28224851184026867,1.0307619981873721,0.6402374025210568,0.9424494811067319,1.261198938045905,-1.0319383485277798,-0.33859958878986024,-0.1323412172039496,1.6482510039150622,0.8928634521255855,1.9544023635613326,0.14660091345627851,1.3940219795901587,1.467264884756061,0.4438458126750049,0.0018217674465489861,1.8737765263855741,-0.39978192267656126,1.705499498969973,-0.1830959427549069,2.3206478079805275,2.4521186961540202,2.8404373565716576,-0.06651466841449509,1.235280066689857,0.8770580193070292,0.7841064501552201,1.3764944032233704,-0.1625607137414151,0.6841709980132817,0.44158445495919396,0.9128709291752769,-0.10050378152592117,1.1055415967851332
633,2025,7,1889943,2025-05-03,Fluminense 2 x 1 Sport Recife,1231,Sport Recife,39.08,60.92,Fora,-0.8442674303869926,-1.6120819240970423,0.2425240355575687,-1.0390714244424828,-0.03969274731207828,-1.1612709403391166,1.1433697394529652,0.9960740637675686,-1.504612830258647,-1.7054994989699728,0.1830959427549069,-2.3206478079805275,-1.157695637261161,-2.125504099368554,-1.4615367326733948,-0.3940838949357094,1.0192789897766668,0.5908160181635587,-1.3940219795901587,-1.467264884756061,-0.4438458126750049,0.6907607941718723,0.11478461761307904,-0.4510159300526152,-1.4356809008928475,1.0319383485277798,0.33859958878986024,0.1323412172039496,-0.26992320570456385,-1.8737765263855741,2.7194593044839372,-0.3235512090144514,-1.10631691773064,0.019823866622198844,-1.1960161202759156,-0.43924289019149343,0.4373983183249809,-0.6651508051406922,0.0,0.11230347979905177,0.2294157338705617,0.6634045355042393,-1.5116113597668739,-0.06819640992946922,-0.9128709291752769,-1.1055415967851332,0.10050378152592117
634,2025,7,1889945,2025-05-03,Corinthians 4 x 2 Internacional,1237,Corinthians,69.19,30.81,Casa,0.6121585148151883,0.9954087855005035,0.7959855168260268,1.4938120922021694,1.7279716984928104,0.544427796591359,-0.518671485817009,-2.5599258535216425,0.21708765589578352,-1.2833289422796503,1.5381697250734991,0.3944280057904031,-1.5986368780499423,1.3306001272469812,1.0824895007945772,0.06759104946554975,-2.5083440913383055,-0.6156391553680254,0.7784798067841149,0.7900657071763404,-0.900542567097137,-0.2667294155713176,-0.804726092691534,1.252822027923931,2.055031876624055,0.6698547174654009,1.467264884756061,-0.6900117629941623,2.4574269790736194,1.510474582037805,-0.3562534195609426,1.4093145983025421,1.9876442282295412,-0.27705664194016577,2.754186200481497,0.49780860888369255,1.2292615832013,1.4464390524488067,2.6311740579210876,2.435489460086926,2.5235730725761796,0.816841874811961,1.8711978963776035,2.7174624013203275,1.8257418583505538,-1.1055415967851332,3.115617227303557
635,2025,7,1889945,2025-05-03,Corinthians 4 x 2 Internacional,1219,Internacional,30.81,69.19,Fora,-0.8098244240627357,-1.2086115078820188,-0.2865004343917366,-0.9504725193830182,-0.30053246822355584,-1.5041511966404473,-0.23211265387391,0.44935056227219866,-0.4885972608050647,-1.4093145983025421,-1.9876442282295412,0.27705664194016577,-2.2150638427064218,-0.9734693571633757,-1.7238570721432376,-1.5328820911254821,-0.33631749108023123,-0.8320616199119528,-0.6698547174654009,-1.467264884756061,0.6900117629941623,-0.9506509939593103,1.5151435910453455,-2.455531174730905,-2.1677716825017073,-0.7784798067841149,-0.7900657071763404,0.900542567097137,1.7405814852549053,-1.5104745820378056,-0.25522050073105695,1.2833289422796503,-1.5381697250734991,-0.3944280057904031,-0.3588177646303649,-0.9077686397290864,0.2694273227451556,-1.298627762417542,0.0,-0.8162611199746231,1.3764944032233704,0.14638958442771743,-2.185564360669694,-0.7728144090530169,-1.8257418583505538,-3.115617227303557,1.1055415967851332
636,2025,7,1889946,2025-05-03,Sao Paulo 0 x 0 Fortaleza,1224,Sao Paulo,55.15,44.85,Casa,0.13201410569434138,0.9810819182044043,0.8859126952659914,0.3206399587467285,-0.2740655665300346,1.245852889431136,-0.805230317760108,-0.5532911532729429,0.30309046273992835,1.5171576289137605,0.754343356171867,-0.6448354635955985,0.20424035592835096,2.0218209725700884,1.6224610963949313,0.9007140541567716,-0.741561114005673,-2.286436095802308,0.05431254465935697,0.22573305919324008,-0.1728022914843631,-0.2667294155713176,0.12813324535223278,0.7516932167543586,0.7547442743451362,1.3940219795901587,1.467264884756061,2.383049608908046,1.8410922607144544,0.20832480760508715,0.0057931777816596485,-0.6780880128466203,1.122247027306833,-0.4011261082050354,0.35311410828002926,-0.20498001542269695,0.3654107487907696,-0.24283283362279245,0.0,-0.22198085633870368,-0.9176629354822471,-0.12801485176975855,0.5928612366006412,0.7009075837594975,0.0,0.9045340337332908,-0.9045340337332908
637,2025,7,1889946,2025-05-03,Sao Paulo 0 x 0 Fortaleza,2065,Fortaleza,44.85,55.15,Fora,-0.2374693885028475,-0.7095555244587786,-0.23622638800093945,-0.271967194532718,-0.41715716729770436,0.2581140800351718,-0.1748008874852902,0.027940966799093934,-0.24181153834219316,0.6780880128466202,-1.122247027306833,0.4011261082050354,0.25228089762037065,0.17856538504180275,-0.1555006185306972,-0.6869177168130794,0.09804511878358967,-0.20255046088658812,-1.3940219795901587,-1.467264884756061,-2.383049608908046,-0.4035137312489161,-0.18281986732902197,-0.6514674545204442,-0.32840531091145647,-0.05431254465935697,-0.22573305919324008,0.1728022914843631,0.10048832894534239,-0.20832480760508715,-0.15569721176249524,-1.5171576289137607,-0.754343356171867,0.6448354635955985,-0.7700360779495165,-0.3221114528070952,2.150702473239199,0.6018031094130072,-0.8770580193070292,-0.37081910313373323,-0.9176629354822471,-0.7338351363617901,-0.5332924874885868,-0.43480188659794355,0.0,0.9045340337332908,-0.9045340337332908
638,2025,7,1889951,2025-05-03,Ceara 1 x 0 Vitoria,1238,Vitoria,53.12,46.88,Fora,0.6142382798587689,0.04584868251445393,-0.35830165728578073,-0.6060338379108337,-0.5356724938349319,1.099410070356176,0.7994991411212463,1.1941132268479342,0.13544607162188904,0.7175683368998697,1.36787207420394,-0.2245690449410712,-2.06364879280569,0.0633619108212849,-0.8841800467408242,0.6075096993034881,0.7973058044979349,0.7626498814075442,0.7784798067841149,0.22573305919324008,0.6689410707375423,0.14362353146147808,-1.085633636527615,-0.5512416922865297,-0.6570170991468556,1.7561056106525377,-1.3543983551594407,-0.9180988736725019,-1.0582654018551148,-0.13417529981344598,0.3569618623247538,-1.1204998794433294,-0.021570812064594283,-1.8356793118925823,-0.43270992787271184,-1.610557264035476,1.2292615832013,-0.4539918193817424,0.0,-0.2349767891715205,-0.9176629354822471,0.02929316126956338,-0.5637290746261336,-0.33172134757707544,-0.9128709291752769,-0.10050378152592117,-0.9045340337332908
639,2025,7,1889951,2025-05-03,Ceara 1 x 0 Vitoria,7334,Ceara,46.88,53.12,Casa,0.9145717015007286,-0.163217017925257,-0.11508040233919208,-0.3109290440432089,-0.14102681860920663,0.8571392316952794,-0.5759832522056287,0.8513531369011468,2.3993190028621663,1.1204998794433294,0.021570812064594283,1.8356793118925823,0.23261618471814804,0.2937688592623206,-0.5449296754702518,1.3557767479900389,-0.3786943310669457,-0.44798564723425854,-1.7561056106525377,1.3543983551594407,0.9180988736725019,-0.9506509939593103,1.3701384472172307,-0.3507901678187007,-0.6078898718641672,-0.7784798067841149,-0.22573305919324008,-0.6689410707375423,0.24503316650298274,0.13417529981344667,1.0354265597498988,-0.7175683368998698,-1.36787207420394,0.2245690449410712,-0.23458844672341347,0.26354573411489607,0.7973361659960353,0.812962095171957,-0.8770580193070292,-0.45111980260858037,0.2294157338705617,-0.8759795331983901,-1.1376761463627285,-0.49573606199724163,0.9128709291752769,0.9045340337332908,0.10050378152592117
640,2025,6,1889936,2025-04-28,Santos FC 1 x 2 Red Bull Bragantino,1241,Santos FC,53.03,46.97,Casa,0.12143401192567407,0.24124978862700003,1.0411047057549523,0.40857698808724935,0.21532605431159701,0.5939213799735819,0.6389147665625151,0.21836700598995712,0.9698048085904095,0.7216264153538211,0.5829884181371191,-1.1571599139966529,-2.1797389351134395,-0.45458770564513046,-0.4356689394940582,-1.0260297591225265,-0.8519167569974502,0.6303922123638125,1.272503304984787,0.5827524946624019,-0.6302642516651081,0.04035014446386333,0.7725199922120154,0.7991178604720096,0.5271851446706832,0.47065190732314016,2.845203356292903,0.3255060662183624,1.3187849737657826,0.49684615697919715,-0.08013485384163181,0.42196875123177346,0.16411525520521858,0.5737349011821206,0.3996116389824611,0.6927076084814657,0.1249317853305837,1.333697551689027,-0.6609789738588476,0.40932400939085084,-0.054312544659356886,-0.5807223215829084,-0.5016825030338572,0.20782698346452075,-0.6085806194501845,-0.8004987358916189,-0.14126448280440324
641,2025,6,1889936,2025-04-28,Santos FC 1 x 2 Red Bull Bragantino,5438,Red Bull Bragantino,46.97,53.03,Fora,-0.2169660691795907,-1.0074659432531947,-0.6279504105373165,0.2795600894237305,1.2461677849923505,0.2171340688844906,-0.15972869164062808,0.7295762197328796,-0.024488044219279494,-0.42196875123177346,-0.16411525520521858,-0.5737349011821206,-0.3884136641691105,-0.32088543927891555,-0.39312307011782005,-1.0260297591225265,1.6386168842979278,1.3369442853395055,-0.47065190732314016,-2.845203356292903,-0.3255060662183624,-0.6052521669579499,-0.2423881619807502,-0.9354015265990183,-1.0883542755628732,-1.272503304984787,-0.5827524946624019,0.6302642516651081,-0.12940480803899243,-0.49684615697919715,-0.8287365182668375,-0.7216264153538211,-0.5829884181371191,1.1571599139966529,1.0409150188145855,0.829877431943142,0.31806856538188366,0.6378553508077955,1.9829369215765427,1.8523618342641122,1.03193834852778,1.0889767563976993,-1.0402596618276005,1.4962580970594606,0.6085806194501845,0.14126448280440324,0.8004987358916189
642,2025,6,1889933,2025-04-27,Flamengo 4 x 0 Corinthians,1239,Flamengo,53.67,46.33,Casa,0.29735032698551955,1.6137720823677981,0.7792593683720476,1.6626055103083255,0.9102184123231164,0.18028552241926446,-2.056506904873093,1.3259869690996233,1.0567808106952299,-1.0159597657349284,1.6760408693201767,-0.32067730303128966,1.0699809380827554,1.9520530889467376,1.9621882706862055,-0.30353789214956745,0.07764627762634675,0.49023770381658216,1.272503304984787,1.2683436648534627,0.896514296149723,-0.7666527448134032,0.02266629962628844,-0.4398245588644389,1.667371074927479,0.8192829497847256,1.474021015910781,3.205579910235892,3.566063248588333,1.3479652258913872,-2.691908640256628,1.808135816416089,2.005779494904208,1.801162772969322,1.4955145474683849,1.5157265492515237,-0.9163273766851174,0.6378553508077955,0.22032632461961585,0.8407215759180885,2.1181892417149166,0.19953207307599896,1.2370311592136611,2.1694262631031593,2.434322477800738,1.0830277015004255,2.6840251732836635
643,2025,6,1889933,2025-04-27,Flamengo 4 x 0 Corinthians,1237,Corinthians,46.33,53.67,Fora,-1.651382678377204,-0.6519673714797392,-1.1144621177543705,-1.1515606374386997,-1.472260892403695,-0.5308267777868546,-2.056506904873093,0.8621119418143788,-1.2324163024536414,-1.808135816416089,-2.005779494904208,-1.801162772969322,0.11009440087173256,0.7487326916508036,-1.0632982118742538,-1.0260297591225265,-1.0695978111769993,-0.2671165579269462,-0.8192829497847256,-1.474021015910781,-3.205579910235892,-0.6052521669579499,-1.2110456878373883,-1.4309784943335977,-0.07696532227057891,-1.272503304984787,-1.2683436648534627,-0.896514296149723,-0.8986493875590383,-1.3479652258913872,0.054897683089751244,1.0159597657349284,-1.6760408693201767,0.32067730303128966,-1.9029137575745247,-1.502009566905356,0.31806856538188366,-1.2177238515421551,-1.542284272337311,-1.8262974924670323,-1.1405634378464937,-1.5714747977176438,0.3549520330002858,-1.7882705903939657,-2.434322477800738,-2.6840251732836635,-1.0830277015004255
644,2025,6,1889934,2025-04-27,Botafogo RJ 2 x 0 Fluminense,1227,Botafogo RJ,38.73,61.27,Casa,0.7990233416579493,1.4034847659877867,0.6414278813847567,0.5074117292249483,0.46912488098728067,0.3091219258212327,1.0382364956640868,-0.7306018218201817,1.1479378783915606,-1.2975489839005592,-0.12709003364394741,1.6814805947807203,1.6609068749549594,1.417244023481878,0.9585859857078481,0.3467047881260958,0.6321123481161913,-1.0966233695895478,1.9697653899079577,1.2683436648534627,0.896514296149723,-0.28245101124704325,1.3831151418889625,-1.183190010466308,0.02667637567149316,1.5165450347078964,1.474021015910781,0.7143201303466762,0.9405271175142514,-0.3713452245934485,0.679072665426247,0.9755560966647624,0.7029027399859189,1.7963588903003727,-0.09826948879305035,0.9670472554048184,0.1249317853305837,0.4059079505140517,0.22032632461961585,0.2998669113132015,1.03193834852778,-0.11311232410621073,-0.3914226122571852,0.11009709147125825,1.217161238900369,1.0830277015004255,0.8004987358916189
645,2025,6,1889934,2025-04-27,Botafogo RJ 2 x 0 Fluminense,1232,Fluminense,61.27,38.73,Fora,-1.2475742282282072,-0.9763514175628767,-1.0727339303737173,-0.5900455872773325,-1.4272780532991602,-0.8023423833201003,-1.5573547434961288,-0.5716835970672879,-1.3737709167511694,-0.9755560966647624,-0.7029027399859189,-1.7963588903003727,-0.38897155105700787,-0.5882899720113454,-0.3265496476214846,-0.5238098028120549,-0.9828853140373787,-0.7278117977420617,-1.5165450347078964,-1.474021015910781,-0.7143201303466762,-2.0578573676570295,-1.867558002232346,1.7902717959411685,1.4042294796411472,-1.9697653899079577,-1.2683436648534627,-0.896514296149723,-1.063150953532676,0.37134522459344904,-1.9411677083049492,1.2975489839005592,0.12709003364394741,-1.6814805947807203,-1.1771370125660061,-1.2276699199820034,-1.0338888949772131,-1.2177238515421551,-1.542284272337311,-1.8331955175577757,-1.1405634378464937,-1.5836044291587894,2.4159638375180754,-1.7944295628034748,-1.217161238900369,-0.8004987358916189,-1.0830277015004255
646,2025,6,1889935,2025-04-27,Palmeiras 0 x 1 Bahia,1234,Palmeiras,50.77,49.23,Casa,0.09456582797714518,0.8729987149523643,0.2866547894269727,0.7003308067196251,-0.005350894685215324,0.35628551120717517,-0.3593895561914139,-2.2922382437252873,1.1165865940470858,-0.3962190143022616,0.4642020600324792,-0.6438637663588163,0.685838106893538,1.417244023481878,0.9167571216035609,0.029919892607182832,-1.05015845999564,-0.5061642603249777,0.575241220061616,0.5827524946624019,0.896514296149723,-0.28245101124704325,0.2645147158613556,1.1708005862729443,0.9668942236944919,0.47065190732314016,-0.5827524946624019,-0.44815280601150886,0.6791650330138413,0.3201156447651206,0.4459421202866369,-0.3519101478859926,0.9727975110209897,-0.10300159255517478,1.611411663647565,1.5157265492515237,0.9584694676572454,1.7975923522765147,-1.542284272337311,0.05296187225981908,-1.1405634378464937,-1.023105111747246,0.5500272243743973,-0.11035460351303046,-0.6085806194501845,0.14126448280440324,-1.0830277015004255
647,2025,6,1889935,2025-04-27,Palmeiras 0 x 1 Bahia,1221,Bahia,49.23,50.77,Fora,-0.1936796926538678,-0.08889770866035113,-0.6641491642227105,-0.1029418926411124,-0.14470773419332464,0.49899874749820605,0.9384060633886938,-1.3459331880633871,-0.9329616892428251,0.3519101478859926,-0.9727975110209897,0.10300159255517478,-1.4861356839494728,0.08022135981972912,-0.5479127818003954,-1.0260297591225265,0.3709306696148893,-3.344323646171813,-0.47065190732314016,0.5827524946624019,0.44815280601150886,-0.9280533226688564,-1.4903548143727046,-0.19203607499714917,0.20680232129274115,-0.575241220061616,-0.5827524946624019,-0.896514296149723,-0.21645705857353442,-0.32011564476512006,0.15013800558730564,0.3962190143022616,-0.4642020600324792,0.6438637663588163,-0.27131363212566656,0.2811981380964366,0.31806856538188366,-0.5218816506609236,0.22032632461961585,-0.5470118365629868,-0.054312544659356886,-0.24847515470363982,0.3761558581496455,-0.6460472793818332,0.6085806194501845,1.0830277015004255,-0.14126448280440324
648,2025,6,1889938,2025-04-27,Cruzeiro 1 x 0 Vasco da Gama,1226,Vasco da Gama,58.32,41.68,Fora,-0.23762527221597368,-0.16559025247726897,-0.32055858731482995,0.1927613736470053,-0.14766848684891887,0.2749880669579133,-0.15972869164062808,0.41149048673728295,-0.7999671259594839,0.9927094369447718,-0.587057209193579,0.09928752431464395,-0.22034880674669474,-0.32088543927891555,0.23201501222163898,0.5182966065321735,0.47122119636998655,-0.27556739435620964,-0.47065190732314016,-0.10283867552865908,0.4869443686673938,-0.9280533226688564,-0.33343768866901236,0.6752236185383648,0.703395697528552,-0.9238722625232014,0.10283867552865908,0.905638330234873,-0.5160505440949329,0.12464433206446751,0.5888169648495407,-0.5566902187828927,-0.14347889314995335,0.5096170815919975,0.2802629740815096,0.14402831463476026,-0.8748350761114364,0.4059079505140517,0.22032632461961585,-0.16545471202351622,-1.1405634378464937,-0.5495023318486959,0.5542679894042699,-0.3053700896389723,-0.6085806194501845,0.14126448280440324,-1.0830277015004255
649,2025,6,1889938,2025-04-27,Cruzeiro 1 x 0 Vasco da Gama,1230,Cruzeiro,41.68,58.32,Casa,-0.06567282970714138,0.13484599559561083,-0.09401431632042141,0.10675845812701382,0.1883761333380119,0.28466546299928586,-0.3593895561914139,-0.5058460468125169,0.40598879438316704,0.5566902187828927,0.14347889314995335,-0.5096170815919975,0.8433267077113784,-0.05348090654648577,-0.22816869806561324,-0.4695157534811931,-0.11414693292723782,0.27258784834449074,0.9238722625232014,-0.10283867552865908,-0.905638330234873,0.36315130017476993,0.46479348929955,-1.5548727362672425,-1.3955063557242817,0.47065190732314016,0.10283867552865908,-0.4869443686673938,-0.41064853398140516,-0.12464433206446751,0.9539200790316689,-0.9927094369447718,0.587057209193579,-0.09928752431464395,0.06390847969358773,0.006858491173083915,0.04767707331006418,-0.5218816506609236,0.22032632461961585,0.49187718579972145,-0.054312544659356886,1.0801096908260224,-1.0911488421860642,0.2815354332209382,0.6085806194501845,1.0830277015004255,-0.14126448280440324
650,2025,6,1889940,2025-04-27,Vitoria 1 x 1 Gremio,1238,Vitoria,57.79,42.21,Casa,1.124265280896672,0.7792484239738255,0.5881240718400265,1.2305711488406756,0.0948806465302897,0.6235361538125647,1.0382364956640868,-0.12925525935523025,1.1705572494667589,-0.7297482075005502,0.9551856735316556,1.5335519743712906,0.30713811232640614,0.6150304252845887,2.0412316408098663,0.0035211513139401917,1.666062824648763,0.5940038855608917,-0.12202086486155476,0.5827524946624019,0.7629222227444574,0.20175072231931662,0.7627642426401083,1.418589070140234,1.0935762074281175,1.167913992246311,0.10283867552865908,-0.4751555724382576,-0.12511227183447013,0.9866448507388313,0.6883084287174416,-0.33222689327326776,1.3595781450051303,0.5978888743153855,1.9781727253033559,1.9272360196365528,-1.6216964864376895,0.17396055022030787,-0.6609789738588476,-0.35235476733311677,-0.054312544659356886,-0.582323111914424,0.9995483175408294,-0.4722457198149547,0.0,0.14126448280440324,-0.14126448280440324
651,2025,6,1889940,2025-04-27,Vitoria 1 x 1 Gremio,1244,Gremio,42.21,57.79,Fora,-0.9643695662774157,-1.2245069243516529,-0.3762586093554015,-0.863502543056295,0.1599686519891628,-1.1334452646018425,0.03993217291015773,0.470267198269078,-1.7349578619177726,0.33222689327326776,-1.3595781450051303,-0.5978888743153855,-1.0878801598944554,-1.6579081029410645,-1.9693669266905764,-1.0260297591225265,-0.5963214806025785,-0.10672952207337966,-1.167913992246311,-0.10283867552865908,0.4751555724382576,-0.12105043339158997,-1.0978293610089538,-0.31593031693079404,-0.6055969808441839,0.12202086486155476,-0.5827524946624019,-0.7629222227444574,-0.26200991500022414,-0.9866448507388313,0.2477994627806358,0.7297482075005502,-0.9551856735316556,-1.5335519743712906,0.02137232641659725,-0.8161604495969742,0.8974789055357817,-0.5218816506609236,0.22032632461961585,0.8070682758741035,-0.054312544659356886,1.483192307645317,-0.6755538692586089,0.5629570288159157,0.0,0.14126448280440324,-0.14126448280440324
652,2025,6,1889942,2025-04-27,Sport Recife 0 x 0 Fortaleza,2065,Fortaleza,45.02,54.98,Fora,-0.10260300816727884,-0.5616355188451683,0.16945548527528084,-1.2515864470175297,-0.6874672277698813,-0.4650559168191742,0.43925390201172937,-1.5643112778315187,-0.3260988777334018,-0.424591042111334,-0.021198309776406726,-0.16441132076303536,0.6435152548630758,-2.059014902039709,-0.9852189308712865,-0.5734799083812224,0.7384658477428958,0.7047475510262798,-0.47065190732314016,1.2683436648534627,-1.393564540975022,0.04035014446386333,0.35866345943996303,0.1796466508037854,-0.8573263420697098,0.12202086486155476,0.78842984571972,0.5374725783781724,-0.4723780536372014,-1.2161607424565422,0.5431750055701015,-2.4503908588670567,-1.081716436355862,-1.593580979754828,-1.1148876295028871,-0.6789906261352978,2.5713309993137115,-0.5218816506609236,-0.6609789738588476,-0.7039258136713737,-1.1405634378464937,-0.44914483890519924,-0.22603277609217692,-0.7861495322677726,0.0,1.0830277015004255,-1.0830277015004255
653,2025,6,1889942,2025-04-27,Sport Recife 0 x 0 Fortaleza,1231,Sport Recife,54.98,45.02,Casa,0.9777555154569837,-0.09486723873544685,0.48649315947025246,0.5159893001354807,0.7195620625812618,0.17316503034868935,1.1380669279394797,0.5804735323911941,0.0025152213901563063,2.4503908588670567,1.081716436355862,1.593580979754828,0.7243608148706618,-0.05348090654648577,0.5844626621859731,-0.09007438599846578,0.31446599353656324,1.3325421197832192,-0.12202086486155476,-0.78842984571972,-0.5374725783781724,2.461358812295663,-0.04050696108198402,1.1708005862729443,-0.09049759429021731,0.47065190732314016,-1.2683436648534627,1.393564540975022,0.12499827686521442,1.2161607424565428,-1.0171086997180112,0.424591042111334,0.021198309776406726,0.16441132076303536,0.662186827545938,0.41836796155811296,-0.1325839214044819,0.6378553508077955,1.9829369215765427,1.4329287011465583,-1.1405634378464937,0.7202067641177281,0.8765661316745413,1.121762924814944,0.0,1.0830277015004255,-1.0830277015004255
654,2025,6,1889937,2025-04-26,Mirassol 2 x 2 Atletico MG,1235,Atletico MG,61.77,38.23,Fora,-0.10744318314473225,-0.2641562240861406,0.35273096125184905,-0.19662966115005479,-0.47091880495719096,0.6414420971076873,-0.15972869164062808,0.4470658647696853,-0.16040212964544748,1.0399230469403444,-0.3365376345290107,-0.16441132076303536,-0.2883477240647998,-0.32088543927891555,-0.16224887421384773,1.719439335374718,-1.103884424502033,0.8214160142341396,-0.47065190732314016,-0.10283867552865908,0.23087265019951192,1.492955345162943,0.16947694043896522,0.4274351346710751,-0.8124780075984953,0.47065190732314016,0.10283867552865908,-0.0024528843370513944,-0.5469722356136882,0.3701202141059611,-0.09920080248246002,0.5748969933916623,-0.6918066902469635,0.24112371205836047,-0.7059558805175772,-0.2674811557502688,-1.2028835775220996,0.4059079505140517,-0.6609789738588476,-0.9889170119946112,-0.054312544659356886,-1.3217654321172945,0.38463738820938986,0.5358146954315535,0.0,-0.8004987358916189,0.8004987358916189
655,2025,6,1889937,2025-04-26,Mirassol 2 x 2 Atletico MG,6332,Mirassol,38.23,61.77,Casa,0.23739958554369467,-0.10243168192385144,0.2868218395575201,0.03589486632045584,0.7954925442062039,0.03852299846872361,1.0382364956640868,0.029441861780615617,-0.3102993034794573,-0.5748969933916623,0.6918066902469635,-0.24112371205836047,0.7936941741639939,0.08022135981972912,0.08354249533666437,-0.04550508251636775,1.8038059178114427,0.01044773704831308,-0.47065190732314016,-0.10283867552865908,0.0024528843370513944,1.1701541894520364,0.8513550567673435,-0.8115072846653735,-1.3450519794441667,0.47065190732314016,0.10283867552865908,-0.23087265019951192,-0.0625615070606849,-0.3701202141059605,1.634657872801465,-1.0399230469403444,0.3365376345290107,0.16441132076303536,0.012750724095737829,-0.40465097921194515,1.332036660651206,1.5656449519827709,1.1016316230980794,1.3941810186979213,1.03193834852778,0.005070895852282199,-1.748467421816223,1.0871666593629936,0.0,-0.8004987358916189,0.8004987358916189
656,2025,6,1889939,2025-04-26,Internacional 3 x 1 Juventude,1219,Internacional,50.18,49.82,Casa,1.1114836938589334,0.35057588297850106,0.14552604852535733,-0.13252160855004136,0.6261213230298752,0.8619679250581459,0.8385756311133009,0.11107618335255351,1.3185332003750792,1.5556618044787511,1.4172341485181632,0.9458996058798256,-1.2944761340395259,0.08022135981972912,-0.18454258509132818,2.268533154274167,-0.6684412004040549,-0.4396539882461954,0.9238722625232014,0.5827524946624019,0.3724522323546855,0.20175072231931662,1.7257141121494304,-0.06814183306350431,0.21903368523943703,0.47065190732314016,-0.5827524946624019,-0.896514296149723,-0.8740661229138369,1.2697179567246144,1.1191060013639957,0.3573809760753895,-0.09920397785640571,-1.051285049764571,-0.6493153633038031,-0.5418208026736215,0.994047295561432,-0.05798685007343596,1.1016316230980794,0.6702122490808294,2.1181892417149166,0.6885773224804248,-0.38718184722731347,0.4407637224700315,1.217161238900369,0.14126448280440324,1.7422619545876412
657,2025,6,1889939,2025-04-26,Internacional 3 x 1 Juventude,1220,Juventude,49.82,50.18,Fora,-0.43592408150669093,-0.48371310947565016,-0.6872276603951258,-1.2153764734521508,-0.6996167362232704,-3.6815642127147914,-1.25786344666995,-0.9403738784940022,-0.9186032640626373,-0.3573809760753895,0.09920397785640571,1.051285049764571,1.163568343281031,-0.98939677110999,-1.057556254131872,0.5578947184720376,-1.9070191826728002,-0.41556628485852515,-0.47065190732314016,0.5827524946624019,0.896514296149723,-1.0894539005243098,-0.7657828036072324,-0.4398245588644389,-0.4121539482245675,-0.9238722625232014,-0.5827524946624019,-0.3724522323546855,-0.3216799421891707,-1.2697179567246148,0.03397808029045154,-1.5556618044787511,-1.4172341485181632,-0.9458996058798256,-1.2286541826859998,-1.7763492138287087,-0.6958995298874386,-2.1455134527171307,-0.6609789738588476,-1.1235601155193253,-0.054312544659356886,2.047669685082235,-0.4211079674662893,-1.1608243200752768,-1.217161238900369,-1.7422619545876412,-0.14126448280440324
658,2025,6,1889941,2025-04-26,Ceara 1 x 1 Sao Paulo,7334,Ceara,37.87,62.13,Casa,-0.24429026329027986,-0.777025067244998,-0.6134508996305195,-0.9101935733602108,-0.3160849731960368,0.48909816765398895,0.5390843342871222,1.8069633798792557,-0.8935610995062059,-0.019152440394602982,-1.8090854904838305,0.9349528784340508,0.5055239581148882,-0.8556945047437751,-0.6330220539996616,-0.49119811733734897,0.4991893411504377,0.4021843100212833,-1.5165450347078964,-0.10283867552865908,0.4508215905526251,0.6859524558856765,-1.202273268190535,-1.3070842523999529,-1.702303242489151,-1.6211343474463722,0.10283867552865908,-0.896514296149723,-0.3390046611605921,-1.8650840354296014,0.22498629655226607,-0.020019265197063423,-0.9742846565994603,-0.0273696574752771,-0.7740359439365042,-0.8161604495969742,-1.0338888949772131,-1.449671251835899,0.22032632461961585,-0.607361033835751,-0.054312544659356886,1.0420902024429544,-1.7442266567863514,-0.6999306787678038,0.0,0.14126448280440324,-0.14126448280440324
659,2025,6,1889941,2025-04-26,Ceara 1 x 1 Sao Paulo,1224,Sao Paulo,62.13,37.87,Fora,0.7042532884458137,1.0024328036134498,0.7932073850454011,0.7738981531089192,-0.05388469071245261,1.0701014970318223,0.43925390201172937,1.0874226693529268,1.518822057631892,0.020019265197063423,0.9742846565994603,0.0273696574752771,-1.1736350270999234,1.283541757115663,1.2078937854204221,2.182960091588538,0.1318542624007198,0.5840531537511402,1.6211343474463722,-0.10283867552865908,0.896514296149723,1.0087536115965832,1.4755932986569436,1.0469063443392994,1.5710698384240889,1.5165450347078964,0.10283867552865908,-0.4508215905526251,-0.3913926545569747,1.865084035429602,-0.7065414434769913,0.019152440394602982,1.8090854904838305,-0.9349528784340508,0.35637596495629476,-0.2674811557502688,-0.49310591083357413,0.17396055022030787,0.22032632461961585,-0.10342533277970647,-0.054312544659356886,-0.33219584411860037,0.4779342188665739,-0.24998652255768394,0.0,0.14126448280440324,-0.14126448280440324
660,2025,5,1889930,2025-04-22,Bahia 1 x 0 Ceara,7334,Ceara,32.72,67.28,Fora,-0.33556598318245273,0.6604444577666041,-0.16096997775188013,-0.5983072436617509,-0.459384807898101,-0.20413782495192423,-0.05999295991694875,-0.20211260955670918,-0.48430644404410605,0.027733964392557355,-0.9955952408401091,0.2096807319710351,0.8591983190421973,0.5434614166124707,-0.028122821583815936,0.0509380564164513,-0.002577848907577632,-2.0755434771575487,1.4513864954821472,0.6750527405556145,0.7171074566569592,-1.543687338636113,-0.23711805247044254,-1.1887475639220408,-1.075252763560079,0.7148620052374757,1.0125791108334214,-0.3205871236260812,0.27629197244641823,-1.46022849259109,0.28840160611398985,-0.6283091359640878,-0.6230787591972609,-0.29126490811641664,-0.018656814742236127,-0.6811190909765554,0.5342353395697104,-0.44212732908197727,-0.28318968792195726,-0.30874945003343257,-0.9784921095801632,-0.08302345872426752,-0.9828304955678077,-0.6406959709832101,-1.2909944487358056,-0.0,-1.414213562373095
661,2025,5,1889930,2025-04-22,Bahia 1 x 0 Ceara,1221,Bahia,67.28,32.72,Casa,0.47998144388211966,0.18795624705294844,-0.46953905693702996,0.7156843529497336,-0.21734235313116435,1.0486075493391382,-0.33268823226671723,0.3925130611481055,0.8266682605877018,0.6283091359640878,0.6230787591972609,0.29126490811641664,-1.4034564281929514,1.3983445438680426,1.080921560414648,-1.2383103420859893,0.6124966664349688,0.2760137275391571,-0.7148620052374757,-1.0125791108334214,0.32058712362608127,-0.24099760139044818,-0.04169619115594763,0.5247624381277487,0.1551247401154491,-1.4513864954821472,-0.6750527405556145,-0.7171074566569591,-0.932863751165771,1.46022849259109,-1.5368398530284952,-0.027733964392557355,0.9955952408401091,-0.2096807319710351,0.6165944103387705,-0.5703680192730505,-0.05647461564075767,-0.040193393552906895,0.5259237061407775,-0.12356297952928123,-0.9784921095801632,-0.22755611071072793,2.153690579282573,0.926551483052708,1.2909944487358056,1.414213562373095,0.0
662,2025,5,1889927,2025-04-21,Red Bull Bragantino 1 x 0 Cruzeiro,5438,Red Bull Bragantino,44.88,55.12,Casa,0.4123314688825401,0.31527167553571134,0.3497112074872142,0.24888979415911622,0.6477160102636995,0.03777162663531541,0.158163257962866,-1.0150773937234474,0.3701149103555378,-0.6007718091464139,0.43783399130130135,0.6850265516610682,-0.2323050966829901,-0.06716938857008074,0.0683162549630136,1.2469877755090772,-0.5216130513926543,-0.6007782194795296,0.5848870951942979,0.6750527405556145,0.6358160481498889,0.14980931978325127,0.8244302657479924,0.6318568132558605,0.30598921007832464,-0.15163739505037344,0.4500351603704095,2.1816104808674686,0.19377308081614475,0.289193689743626,0.24554693701705352,-1.0103495397524382,0.3023705092900139,0.7788900274155817,-0.37489504981275673,1.3124001996865342,0.7207753254256475,1.5675423485633746,-0.28318968792195726,1.0545460274597445,0.3261640365267211,-0.26790600385436963,-0.4395979795112467,0.65211757965456,1.2909944487358056,1.414213562373095,0.0
663,2025,5,1889927,2025-04-21,Red Bull Bragantino 1 x 0 Cruzeiro,1230,Cruzeiro,55.12,44.88,Fora,0.006306986920757096,0.13415911103519784,0.19378951196729918,-0.5369034450295175,-0.08832657886132213,1.3646083156441144,0.5399366392525419,-1.1801153574264693,0.5755936545966117,1.0103495397524382,-0.3023705092900139,-0.7788900274155817,0.6142342815924392,0.5434614166124707,0.29157279284835663,0.5197556558718841,0.1437265167757935,0.965738256079873,0.15163739505037344,-0.4500351603704095,-2.1816104808674686,1.5827680307534826,-0.08351959880822457,2.0240836899213144,0.93119618721702,-0.5848870951942979,-0.6750527405556145,-0.6358160481498888,-1.1006552143128647,-0.289193689743626,-0.657206084328935,0.6007718091464139,-0.43783399130130135,-0.6850265516610682,-0.7355595474120743,-0.01661266075552559,-1.0409912076582046,-0.040193393552906895,0.5259237061407775,-0.022327577296656725,-0.9784921095801632,-0.13160683645362065,0.3623166870484383,-0.3690820146646292,-1.2909944487358056,-0.0,-1.414213562373095
664,2025,5,1889923,2025-04-20,Fluminense 1 x 1 Vitoria,1232,Fluminense,59.48,40.52,Casa,-0.22146325055924299,0.0950225612358659,-0.8474053320433921,1.0390969458339965,0.873107051416944,-0.252519715269372,-1.423469321665791,-0.6150471031017187,-0.49242638489520074,-0.0702494324343659,-0.9173476520937142,1.1428770043763992,1.041301593172424,0.665587577648981,0.8793998329023679,-1.2383103420859893,-0.3152904663996299,0.17879367334332025,-0.7148620052374757,-0.4500351603704095,0.3769976709224356,-1.4134183649115466,-1.407127013452518,0.4176680629996368,1.7383882938514847,-1.4513864954821472,-0.6750527405556145,-0.7171074566569591,-0.555115440858163,0.7570589387183567,-1.6264003333695558,2.474845973733252,1.0600344315724344,0.6676948572534508,1.6715995557917436,0.7586448411690093,-0.925165726244387,-0.24116036131744206,2.1441504942662473,1.057739289891685,0.3261640365267211,1.1552796649084895,1.9629124932865194,0.6551457514712422,0.0,-0.0,0.0
665,2025,5,1889923,2025-04-20,Fluminense 1 x 1 Vitoria,1238,Vitoria,40.52,59.48,Fora,-1.2817605389560622,0.5996078090486212,-0.33686287757854,-0.5434928852762675,-0.4244568010393929,-2.650111168778458,-1.9143208118953743,-2.060317830509254,-1.1613811616383931,-2.474845973733252,-1.0600344315724344,-0.6676948572534508,0.7756537945837568,0.2992090945394501,-0.027217094382726993,0.3010907307527456,-2.9146866832579454,-1.6347561184229895,1.4513864954821472,0.6750527405556145,0.7171074566569592,-1.4134183649115466,-1.2065162902479845,-0.5461813131533698,1.2749037939129864,0.7148620052374757,0.4500351603704095,-0.37699767092243547,-0.01995846276622454,-0.7570589387183567,-0.36446655680150525,0.0702494324343659,0.9173476520937142,-1.1428770043763992,-1.191383250104028,-0.7918701626800605,-0.4784102979339493,-1.0450282323755828,-0.28318968792195726,-0.6892675191792599,0.3261640365267211,0.12170549239366336,0.07776632149500129,-1.001541381369828,0.0,-0.0,0.0
666,2025,5,1889926,2025-04-20,Sao Paulo 2 x 1 Santos FC,1224,Sao Paulo,39.29,60.71,Casa,-0.12038634588160041,-0.3513963556649094,0.4216536193349138,-0.40445920023377563,0.4118255523254953,0.28832070149352806,1.0853271839520788,-1.2639441643867353,0.44007180082609654,-0.67108266552036,1.2134741023776578,-2.420859560325972,0.22312615033623098,0.17708293350293983,0.01547850958923239,0.5818050440351032,1.5333329510431206,1.2212251130448095,-1.1481117053814003,-0.4500351603704095,0.1037748007361457,0.28007829350781777,0.5869485239695299,-1.2958419390501528,-1.0670051999350536,0.2816123050935511,0.4500351603704095,1.9170249223607139,2.227089372118327,-0.8213785270824878,0.5737080833506608,0.5058571412636537,-0.40316124228760036,-0.8778056896464712,0.48450865808145704,-0.9026212343835655,-1.0409912076582046,-1.245995200140118,0.5259237061407775,0.4001638537164032,1.6308201826336053,2.540967186647283,-1.2221114847831978,0.03156674861476047,1.2909944487358056,-0.0,1.414213562373095
667,2025,5,1889926,2025-04-20,Sao Paulo 2 x 1 Santos FC,1241,Santos FC,60.71,39.29,Fora,0.5851773918708258,-0.4361473330239656,0.5347742205970191,0.5609424267133492,-0.4285633086976716,0.587565834788133,1.1944052928919862,1.2844515672053283,-0.27531628550058673,-0.5058571412636537,0.40316124228760036,0.8778056896464712,-1.9588201888665866,-0.5556740327161219,-0.45726783391577974,2.4019204301561956,0.9804742837233312,1.122838375977524,-0.2816123050935511,-0.4500351603704095,-1.9170249223607139,1.191961109579783,-0.33534564966533975,0.5247624381277487,-0.5376287937079911,1.1481117053814003,0.4500351603704095,-0.1037748007361456,0.2291205597881125,0.8213785270824883,0.13643972558533612,0.67108266552036,-1.2134741023776578,2.420859560325972,0.21500572182259436,0.8693959128725143,-0.1848898232952071,0.36174054197616345,-1.0923030819846922,-0.8386401370740706,-0.9784921095801632,-1.0621553901592151,0.2653108806097667,0.2484435788694271,-1.2909944487358056,-1.414213562373095,0.0
668,2025,5,1889928,2025-04-20,Atletico MG 1 x 0 Botafogo RJ,1227,Botafogo RJ,44.97,55.03,Fora,-0.6057787118716744,-0.13643372367077206,-1.060498453343528,-0.12097468175646703,-1.0488789465659645,-1.356765211926419,-1.1507740493160226,-0.006512059982756395,-0.4978117380515208,0.5717776504460276,-0.7800936849483975,0.09654286728457691,0.07493811280325675,-0.06716938857008074,-0.7427116912559835,-0.4686098056666219,-1.616674244027315,-1.4380225097966326,0.15163739505037344,0.1125087900926025,0.6183118941247049,-1.1528804174624134,-0.6401382701862356,-1.6171250644344883,-0.0728720429868273,-1.0181367953382225,-1.2375966910186265,-0.5587712245846008,-0.6971134816211814,-0.6733823960766345,0.9695852131937907,-0.9970289440569545,-0.5235890765191489,1.1281393947962308,-0.41506664922631553,-0.6811190909765554,-1.0409912076582046,-1.0450282323755828,-1.0923030819846922,-1.4212921813378385,-0.9784921095801632,-1.0676678497391539,-0.5269032053060516,-1.6957206097641233,-1.2909944487358056,-0.0,-1.414213562373095
669,2025,5,1889928,2025-04-20,Atletico MG 1 x 0 Botafogo RJ,1235,Atletico MG,55.03,44.97,Casa,-0.4259915702547554,0.7502726654380063,-0.07033262451891865,0.2739668388160962,0.024795052637078496,-1.0750118506659874,-0.9326178314362078,0.32880316785830443,0.17293112131496396,0.9970289440569545,0.5235890765191489,-1.1281393947962308,-0.9489877631692102,0.5434614166124707,0.20189575878270563,0.03502140952135937,0.7860412140018321,0.03036744330178042,1.0181367953382225,1.2375966910186265,0.5587712245846009,0.14980931978325127,-0.15710225662276434,0.20347931274341313,0.8744143976468711,-0.15163739505037344,-0.1125087900926025,-0.6183118941247048,-0.35403593787443605,0.6733823960766345,0.875421679469897,-0.5717776504460276,0.7800936849483975,-0.09654286728457691,-0.2610658584760703,-0.12736373245903057,1.079506067456296,0.1607735742116283,-0.28318968792195726,0.18936500770284492,0.3261640365267211,-0.09037970740193073,0.23944266555945437,-0.1683338665374648,1.2909944487358056,1.414213562373095,0.0
670,2025,5,1889929,2025-04-20,Gremio 1 x 1 Internacional,1219,Internacional,59.55,40.45,Fora,0.890256573702159,0.3357345208582389,0.2169204806509616,0.15147792818128722,-0.3097077585630567,1.0933765062887246,1.4671005652417546,-0.20211260955670918,-0.3938499826496796,2.4554067479077997,1.0151618752350207,0.9894146642695988,1.0709498276140368,0.05495677246642954,0.4612911753605382,-0.18586266983909902,-1.1810309195257067,-0.8412304078006326,0.15163739505037344,0.6750527405556145,0.4808464203401026,0.9314231621306501,-0.5546991745516547,-0.11780381264092242,-0.9353221896972829,1.5813614055253247,-0.6750527405556145,-0.5050257045544877,0.13629404399798634,0.3505378057498496,-0.19535864006799286,0.4875508293199979,-0.021623412863029285,-0.5357781867691439,0.8127755066074724,-0.23811480416253555,1.9125585683941364,0.1607735742116283,-0.28318968792195726,-0.2006109141734065,-0.9784921095801632,-0.4315608101195656,-0.11947881826363073,0.8534869012353177,0.0,-0.0,0.0
671,2025,5,1889929,2025-04-20,Gremio 1 x 1 Internacional,1244,Gremio,40.45,59.55,Casa,0.4138282547041788,-0.4139879513263103,-0.24278844200553998,-0.7652404683433952,-0.1719365030587542,0.7634999813970343,1.1398662384220324,1.965793481554595,-0.053807908710115336,-0.4875508293199979,0.021623412863029285,0.5357781867691439,-0.3308533117298276,-0.5556740327161219,-0.19396910761940908,-0.2369523626666181,0.5878161183845376,-0.11863474381672902,-1.5813614055253247,0.6750527405556145,0.5050257045544878,0.8011541884060837,-0.014966125127347013,-0.7603700634095936,-1.8011706764172928,-0.15163739505037344,-0.6750527405556145,-0.4808464203401026,-0.6558585162963951,-0.3505378057498496,2.9570024536012243,-2.4554067479077997,-1.0151618752350207,-0.9894146642695988,-0.7058475281191119,-0.9026212343835655,-1.6973356023365023,-0.8440612646110476,0.5259237061407775,0.16244958076495236,-0.9784921095801632,1.0669428366254987,-1.348219033153471,-0.19385777477377192,0.0,-0.0,0.0
672,2025,5,1889931,2025-04-20,Fortaleza 1 x 2 Palmeiras,1234,Palmeiras,46.04,53.96,Fora,-0.37791170919248607,-0.921455227369926,-0.49588134982064175,-0.8738114348968987,0.08074772171585831,-0.24682772817320167,0.9762490750121714,1.603001033654336,-1.2944297140929726,0.6582063242783374,-0.7445508936120909,-0.26403997380552807,0.8097030805722545,-2.3875664482637764,-1.691694896677991,-0.10490515658933815,0.9958701619431894,1.113938674215415,-0.2816123050935511,0.6750527405556145,0.7171074566569592,0.5406162409569507,-0.7299397363352962,-0.9745588136658172,-0.8488196531275543,-1.0181367953382225,-0.6750527405556145,-0.2673314402516743,-0.11821625398585031,-1.1114041466583866,0.7048839336872575,0.26338749932255723,-1.0923798904452793,-0.6312277224558397,-0.6602339800280895,-1.3456255211975854,0.6819128283723274,-1.245995200140118,0.5259237061407775,-0.15183415009554208,1.6308201826336053,1.494617654979996,-0.6627113343201917,-0.49189314033411474,1.2909944487358056,-0.0,1.414213562373095
673,2025,5,1889931,2025-04-20,Fortaleza 1 x 2 Palmeiras,2065,Fortaleza,53.96,46.04,Casa,0.7673235899873304,0.9616986778629387,0.24188559121071465,0.4171932352416878,-0.5729970528666712,0.62393683625055,0.9217100205422177,0.8231040640722815,0.3311629390846922,-0.26338749932255723,1.0923798904452793,0.6312277224558397,1.21598503737366,0.9098398997220015,1.2437652758359161,0.9104369887514114,0.45402488214176295,1.0990758648563972,1.0181367953382225,0.6750527405556145,0.26733144025167443,0.41034726723238424,0.5441938661959149,1.3815174391526435,0.14320216311872577,0.2816123050935511,-0.6750527405556145,-0.7171074566569591,-0.4913045898545914,1.1114041466583866,-0.40015010179572397,-0.6582063242783374,0.7445508936120909,0.26403997380552807,-0.4512220731092544,0.20488948265148438,-1.8286044812721618,-0.040193393552906895,-1.0923030819846922,-1.3968126263995788,0.3261640365267211,-1.4343214998045535,-0.09684413009460727,-0.2808715767270193,-1.2909944487358056,-1.414213562373095,0.0
674,2025,5,1889932,2025-04-20,Juventude 2 x 2 Mirassol,1220,Juventude,45.43,54.57,Casa,0.07658973767611976,-1.470829198022944,-0.34448315566693105,-0.6230296452818721,0.20833016731282972,0.7350400459161827,0.9762490750121714,-0.7486435568956925,-0.12107069933817066,-0.5186277336811767,0.2693136218444238,-0.7207782391863284,-2.2506207270709977,-0.9220525158256527,-0.24644220837441652,1.6917996545104668,0.44245038449471336,-0.04249440651341752,-2.0146111056692493,-2.7002109622224575,-1.235519856526261,-0.24099760139044818,0.9973956842088135,-0.22489818776903428,-1.0682953216194155,-1.4513864954821472,-0.1125087900926025,0.41328762187533186,-1.034503543476168,-0.33529703158681295,0.3102816043744305,-0.609331097322413,-0.5543729532640177,-0.5853132044272397,-1.017135391849418,0.5371426977619993,0.2120299094549093,1.3665753807988394,-1.0923030819846922,-0.21570858062655535,1.6308201826336053,-0.9369432191559304,-0.5915737429318324,-0.5524652838591622,0.0,-1.414213562373095,1.414213562373095
675,2025,5,1889932,2025-04-20,Juventude 2 x 2 Mirassol,6332,Mirassol,54.57,45.43,Fora,0.21382609025884616,0.41026607377394125,1.467077593640001,0.3718847324830906,0.6395489877783013,-0.2296019777505809,-0.6053835046164857,-0.20211260955670918,-0.1256126954969164,0.609331097322413,0.5543729532640177,0.5853132044272397,0.42047660324478703,-0.18929554960659103,0.26646455912760647,-1.2383103420859893,-0.09575071060408802,-0.3931312886867812,1.4513864954821472,0.1125087900926025,-0.4132876218753318,-0.37126657511501465,1.4025999168955687,0.8460455635120843,-0.17389886263944646,2.0146111056692493,2.7002109622224575,1.2355198565262613,2.210264588655659,0.33529703158681295,-0.6469130669989889,0.5186277336811767,-0.2693136218444238,0.7207782391863284,0.700777281003645,2.198408773314574,1.3425752782787714,2.371410219621515,-1.0923030819846922,0.5713154414035004,0.3261640365267211,-0.786140695752092,0.08423337525757972,1.585504918649484,0.0,-1.414213562373095,1.414213562373095
676,2025,5,1889924,2025-04-19,Vasco da Gama 0 x 0 Flamengo,1239,Flamengo,66.19,33.81,Fora,1.0981037979201376,1.7546459248569704,0.4961457097862743,2.1449796073467313,1.121340860342804,0.4900371230810244,-1.0962349948460688,1.0366908710783218,2.4633014861065705,0.6152060543477924,0.9592453814620753,1.8757212274532602,0.4093918903120164,2.375353832160125,2.3874963809109073,-0.5414193158684539,-0.6801780746128983,0.12112313397589365,1.0181367953382225,1.2375966910186265,0.7171074566569592,-0.6318045225641477,1.9173052157385306,1.3815174391526435,2.19709608410445,0.2816123050935511,-0.1125087900926025,-0.7171074566569591,0.14075261138967105,2.1355841704144694,-1.112588493637565,-0.05289290656280791,3.0005999689931544,0.7715269353397499,2.6722073546395513,1.4231512713900392,0.18965453236360388,0.964641445269769,2.1441504942662473,2.0885893764974206,-0.9784921095801632,0.7301431598714686,1.9047090094233163,1.6327012283591815,0.0,1.414213562373095,-1.414213562373095
677,2025,5,1889924,2025-04-19,Vasco da Gama 0 x 0 Flamengo,1226,Vasco da Gama,33.81,66.19,Casa,-1.7693387278096788,-1.0081438110762084,-1.3930363013715403,-1.5275217833747525,-0.8927440399914605,-1.3283052764455676,-1.0416959403761152,-0.5933137087046135,-2.4127537070018743,0.05289290656280791,-3.0005999689931544,-0.7715269353397499,-0.174442467465269,-1.410557159971694,-2.452914569332192,-1.2383103420859893,0.43835914466169956,-0.21332148727002273,-0.2816123050935511,0.1125087900926025,0.7171074566569592,-1.28314939118698,-2.4050719091948154,-1.5100306893063764,-0.3280234991327457,-1.0181367953382225,-1.2375966910186265,-0.7171074566569591,-0.904232332184221,-2.1355841704144694,0.6213124348216146,-0.6152060543477924,-0.9592453814620753,-1.8757212274532602,-1.1395363541692047,-1.5671276646045953,0.9280419763766885,-1.245995200140118,-0.28318968792195726,-1.0264399961201303,-0.9784921095801632,-0.1632568501116389,-0.9601958073987845,-1.3212821523821339,0.0,1.414213562373095,-1.414213562373095
678,2025,5,1889925,2025-04-19,Corinthians 2 x 1 Sport Recife,1231,Sport Recife,40.41,59.59,Fora,-0.44611166848582373,-0.9588176262195403,0.19430756067911018,-0.5457591357418821,-0.7493745350810203,-0.7417143840346788,-0.2781491777967635,0.2624386956814281,1.4773864245577633,-1.3382632086502757,-0.17399555900295924,-1.516386830494818,-0.9817956372880698,-0.6778001937526322,-0.30494129412860754,-1.2383103420859893,-0.23143509543960486,-0.537748981263627,-0.7148620052374757,-2.1376670117594454,-2.2546339129672965,0.28007829350781777,1.0722681135166023,-0.22489818776903428,0.08765370756855302,0.7148620052374757,-0.1125087900926025,-0.5490771840221528,-0.5639560703255979,0.2271898053632412,-0.5729651294876411,0.6956060719591792,-0.8613536335560508,-0.3476630601866138,-1.2012096545881046,-0.6811190909765554,-0.05647461564075767,-0.44212732908197727,-1.0923030819846922,-1.304386677481552,0.3261640365267211,-1.2154020609546168,-0.7985194633343318,-1.584859081926113,-1.2909944487358056,-1.414213562373095,0.0
679,2025,5,1889925,2025-04-19,Corinthians 2 x 1 Sport Recife,1237,Corinthians,59.59,40.41,Casa,0.6405831703887546,-0.5078684980904643,1.3055320756844322,0.6153840618714906,1.3563012819615718,1.0522306171624494,0.3763194758426808,0.3925130611481055,0.655536123989534,-0.6956060719591792,0.8613536335560508,0.3476630601866138,0.766322929818843,-0.6778001937526322,-0.7513205834643518,-0.010454724464617317,0.5846447705624863,1.7665473778737404,-0.7148620052374757,0.1125087900926025,0.5490771840221529,1.973574951927182,0.4680986815455951,0.5247624381277487,0.20032042520981355,0.7148620052374757,2.1376670117594454,2.2546339129672965,2.014227365509146,-0.2271898053632412,-0.5696954116988482,1.3382632086502757,0.17399555900295924,1.516386830494818,0.9983436633514263,1.2016491279830293,0.749038959646244,0.964641445269769,1.3350371002035124,2.175464211910765,1.6308201826336053,0.7882644975152868,0.6986034827024993,1.715084663414888,1.2909944487358056,-0.0,1.414213562373095
680,2025,4,1889918,2025-04-18,Cruzeiro 3 x 0 Bahia,1230,Cruzeiro,36.81,63.19,Casa,0.2689094471730052,1.0361212058764928,1.2285641752489338,0.4413750636423701,0.45304429778016003,0.4013678300115586,0.4611482057056939,0.8219483000566138,1.5294801075109745,-0.5954214605644959,0.8180450100351634,-0.9847895831154696,1.196059685304173,0.7085548924391253,1.0473055688551294,1.0425242812203122,0.2883698671552928,0.876978938418651,1.1741630050826128,1.2144613571291045,0.642667473124285,0.6192178095778198,2.202394177137014,-0.8681113300923358,-0.761791118047169,0.7506943802987193,2.255428234668337,3.1378448457638637,2.411761779904048,0.19505725939039917,0.2965922731752517,0.9555447344348478,0.46723961181554113,0.24537770852511445,0.8578256748384258,0.27212388279741134,-1.0433931916793169,0.0659221260433575,0.16529490122682156,0.5628415442729657,1.120224067222408,0.6561917212480098,-1.1838780950458598,1.257503213822756,1.1677484162422844,1.0,1.0
681,2025,4,1889918,2025-04-18,Cruzeiro 3 x 0 Bahia,1221,Bahia,63.19,36.81,Fora,-0.6335808258385762,-1.4428145549464966,-1.0466416034092494,-0.22675990218921974,-1.107908680826118,-0.4664014273242083,-1.3983203656882324,0.36734759575780257,-1.2837454300104072,-0.9555447344348478,-0.46723961181554113,-0.24537770852511392,-0.057074378733544665,-1.570712593728691,-1.194423011090239,0.47466295198288894,-1.9615194840508632,-1.2801598610212912,-0.7506943802987193,-2.255428234668337,-3.1378448457638637,-1.1732547970948177,-1.8513715324193472,0.3432068049202266,0.533326341461115,-1.1741630050826128,-1.2144613571291045,-0.642667473124285,-1.2098057336498413,-0.19505725939039917,-0.9035335566166245,0.5954214605644959,-0.8180450100351634,0.9847895831154702,-0.8787269224467866,-0.4700321611955289,-1.5121975477468217,-1.2525203948237893,-1.157064308587751,-1.419736885936399,-0.9801960588196068,-1.3899491043871348,0.38151883954284266,-1.4102864071290762,-1.1677484162422844,-1.0,-1.0
682,2025,4,1889913,2025-04-17,Flamengo 6 x 0 Juventude,1239,Flamengo,69.37,30.63,Casa,0.9430980793693744,1.4322988478328198,-0.042989859381491934,1.8202851268034372,2.147881210416535,-0.4718026353562174,-1.4726991085439893,1.2920909087758974,0.7206266970401018,0.12488507345348361,0.9858510199936069,2.7017537098421323,0.04546839568021537,1.6995407559903497,1.4494022509429192,-0.6657296187389771,1.7793720514814186,1.56000635571362,1.9441059592351457,0.6361464251628643,0.5285103517398698,-0.032590411030412055,-0.019359938506450985,-0.2624522625860546,1.3092350764744447,0.3657229032224528,-0.6361464251628643,-0.4712073167482284,0.3268869777743776,1.9562189882547667,-1.5969973802594568,0.9016915952551096,2.047234052417738,0.9612213482800422,2.316466118261202,1.2616652747879982,0.2774836431354412,0.9448838066214553,2.810013320855967,2.7787541789066066,3.2206441932644223,2.004027864811779,1.6482708899492808,3.1561676694530063,2.335496832484569,1.0,3.0
683,2025,4,1889913,2025-04-17,Flamengo 6 x 0 Juventude,1220,Juventude,30.63,69.37,Fora,-1.6139885720830223,-0.4883779324217335,-1.3116790988763876,-1.966659414345465,-1.5050949866427255,-2.9466361556228295,-1.6214565942555035,-2.814857334333878,-0.7677968891743295,-0.9016915952551096,-2.047234052417738,-0.9612213482800418,0.06272737728003121,-0.6788253165325889,-1.5451099350947568,0.06724997615880896,-1.1132047647385237,-1.43782656829062,-0.3657229032224528,0.6361464251628643,0.4712073167482284,-2.3139191831592236,-1.1603091578963907,-1.2718840417631898,1.3578915606935091,-1.9441059592351457,-0.6361464251628643,-0.5285103517398698,-0.5437098260415112,-1.9562189882547663,0.5871093892724375,-0.12488507345348361,-0.9858510199936069,-2.701753709842132,-2.222813939291355,-2.0780369231802327,2.738295280598552,-1.9117416552573627,-1.157064308587751,-1.497598665681188,-0.9801960588196068,-1.3019220406409389,-1.1540136066276332,-1.477000857573998,-2.335496832484569,-3.0,-1.0
684,2025,4,1889916,2025-04-17,Santos FC 2 x 0 Atletico MG,1235,Atletico MG,69.08,30.92,Fora,0.7071506775875254,-0.0139637178744908,0.4209163699059358,0.6337793112989318,-0.2937752078817952,1.4824984628388955,0.6099056914172081,-0.21682528995951078,0.9012981250186213,-0.5580040197934993,0.7564156570763729,0.2702189218710557,-0.8119950952719419,1.104949237859615,1.073660118753264,-1.737007488204972,-0.0984701558226568,-0.6870851131339935,-1.1356658573749858,-1.0987983707358564,-2.2187832445917803,0.9451219198819357,-0.365226962469086,1.756411295768216,1.4483926213409664,-0.019248573853813594,-0.057831493196624076,-0.5319349284838935,0.2662720333049868,0.9111047769317467,-0.2616563028546347,-0.5268766208116166,1.5484694313774132,-0.29997754750186434,0.37552058438843156,1.1379726007891748,-1.2797487211966838,0.7251433864769309,-1.157064308587751,-0.6921555318079087,-0.9801960588196068,-0.9945174984078817,1.0236053405347112,-0.7868715512940743,-0.778498944161523,-0.3333333333333333,-1.0
685,2025,4,1889916,2025-04-17,Santos FC 2 x 0 Atletico MG,1241,Santos FC,30.92,69.08,Casa,-0.35564750055950617,-0.29471713172437386,0.4781880049590755,-0.48760185957519214,0.5120957025705509,-0.3280224775441328,1.2793143771190214,-0.6647188680557152,-0.8095414150512014,0.5268766208116166,-1.5484694313774132,0.2999775475018649,0.864999056979756,-0.5797267301774665,-0.6762218637704667,1.517507558274,1.7962219285352932,1.3156328095464715,0.019248573853813594,0.057831493196624076,0.5319349284838935,0.9451219198819357,-0.15049297575069875,-1.2718840417631898,-1.590333175735945,1.1356658573749858,1.0987983707358564,2.2187832445917803,1.1119188992755633,-0.9111047769317467,0.9369362280330632,0.5580040197934993,-0.7564156570763729,-0.2702189218710552,-0.012668082421593714,-0.5937248351943523,0.14077188549860156,-0.3735587142456914,0.8264745061341078,1.109858768671608,0.42008402520840304,1.8633293123353194,-1.402884343446187,0.7571516413998627,0.778498944161523,1.0,0.3333333333333333
686,2025,4,1889920,2025-04-17,Vitoria 2 x 1 Fortaleza,2065,Fortaleza,58.94,41.06,Fora,-0.42671520754822856,0.6518371173439876,-0.5619643504541727,0.07992027808910017,-0.10905349901210647,-0.4139737013601722,-1.4726991085439893,0.03237865574815201,-0.525095070040672,0.8182222862421846,0.2601010800138123,-0.6105882696435369,-1.0383046572611216,0.9067520651493702,0.4686019059473432,-1.737007488204972,-0.8300805986336848,-1.4290125614479214,1.1741630050826128,0.057831493196624076,0.5719137550589593,-1.3362068522468757,-0.34500841468517496,0.3432068049202266,0.5824574168909058,-1.1741630050826128,-0.6361464251628643,-0.07727551815412691,-0.22346821046773496,0.22904713072907687,-1.686559817137348,1.6304686636861683,0.23192129087478852,-0.504678390115947,0.3633910808684822,-0.9648028571908224,0.9849669889060854,-0.8130395545347403,0.8264745061341078,-0.06808713863611442,-0.2800560168056019,0.742396908323723,0.9315231679118462,-0.2521498941862029,-0.3892494720807615,-0.3333333333333333,-0.3333333333333333
687,2025,4,1889920,2025-04-17,Vitoria 2 x 1 Fortaleza,1238,Vitoria,41.06,58.94,Casa,0.03255685872607512,0.20374044913640094,-0.5885293593322686,0.014025142462597884,0.27333083103945605,-0.2212766028048573,-0.5801541942749048,-0.10409017166318753,0.4319037642327177,-1.6304686636861683,-0.23192129087478852,0.5046783901159475,0.2849312538752796,-0.6788253165325889,-0.3165223171672845,0.2664212546924732,-0.5546987168761053,-1.7506625588913058,1.1741630050826128,0.6361464251628643,0.07727551815412691,-1.1732547970948177,0.15281234361891388,-0.46433861842148166,-0.388620136011817,-1.1741630050826128,-0.057831493196624076,-0.5719137550589593,-0.8144005858169892,-0.22904713072907687,0.6321053062437189,-0.8182222862421846,-0.2601010800138123,0.6105882696435374,-0.0653394890502567,0.14843120879858795,0.6509996952503778,0.5054029663324064,0.16529490122682156,0.3195843170446228,0.42008402520840304,0.0736225560851254,-0.3725594930173749,0.08001934473559551,0.3892494720807615,0.3333333333333333,0.3333333333333333
688,2025,4,1889914,2025-04-16,Botafogo RJ 2 x 2 Sao Paulo,1224,Sao Paulo,40.04,59.96,Fora,-0.9961471167874594,-0.508844913174435,0.13702278038211888,-0.1577258736247111,0.13489893468925102,-0.7023261941623697,-0.5801541942749048,-0.37702782648586575,-1.7488402664548586,0.44417713225668143,-1.2524987016949987,-0.7207380632000292,0.006966127608659203,-1.0752196619530787,-0.8456120356088062,0.12159508050711552,-1.5923418679665229,0.026078555635559598,-0.7506943802987193,0.6361464251628643,0.3845641265153691,0.6192178095778198,-1.4928842130095843,-0.36339544050376815,-0.19872668244276542,-0.019248573853813594,1.0987983707358564,1.37394703639052,0.9796487293462031,-0.7692526277316175,1.43541936827622,1.2136702041238945,-0.2353753490320742,0.3317716047036662,0.04195287756118107,-0.09895413919905878,0.040867139533218806,0.28566254618788195,0.16529490122682156,0.0874997002610107,0.42008402520840304,-0.0335113038361609,-0.5617012529994755,-0.11883813985041815,0.0,-0.3333333333333333,0.3333333333333333
689,2025,4,1889914,2025-04-16,Botafogo RJ 2 x 2 Sao Paulo,1227,Botafogo RJ,59.96,40.04,Casa,0.3105417467527957,0.15963032633590996,0.3083239461685422,1.0168007096954241,1.1057839308420465,0.8269278381774896,1.1305568914075075,-0.011486324491206876,0.5884699463220514,-1.2136702041238945,0.2353753490320742,-0.3317716047036657,-0.7294452935027437,0.7085548924391253,1.0095162097865575,0.7411292700778118,-0.3350424296590558,-0.27329244944853365,0.019248573853813594,-1.0987983707358564,-1.37394703639052,1.4339780853381097,0.6408347688950901,0.5450931607556536,-0.10404864976542427,0.7506943802987193,-0.6361464251628643,-0.3845641265153691,-0.8845102931134556,0.7692526277316172,0.36848792311849465,-0.44417713225668143,1.2524987016949987,0.7207380632000298,1.3247134461550503,2.3748993407774086,0.3473930646542795,2.263326327488602,0.8264745061341078,0.7680705334185702,0.42008402520840304,-0.31975697871656233,0.8344635805526099,0.46429660574326836,0.0,-0.3333333333333333,0.3333333333333333
690,2025,4,1889915,2025-04-16,Corinthians 0 x 2 Fluminense,1237,Corinthians,60.39,39.61,Casa,0.4038108594330198,-0.2604796569968,0.2932852896909312,-0.02500516444078664,-0.7819335298927517,0.7560719905872058,-0.2826392228518766,1.3220090747853064,0.3507903655432673,-1.2806556708392602,0.5286550048373674,0.4510598007044336,1.5648560843110506,0.21306196066351313,0.5945121623838625,-0.04179855190713361,0.942692180880437,0.07325161714457011,-0.7506943802987193,-1.0987983707358564,0.3778601773289873,0.45626575442576184,0.5455192205186667,0.4441499828379401,0.17383601722260247,0.7506943802987193,-0.6361464251628643,-0.3778601773289873,0.19922882522736382,0.5404346403734855,-1.1136375408516481,0.6168245030181533,0.4215808331255444,-0.9838945329813508,-0.07814159828082573,-0.34633948719670554,-0.1839185388888923,-0.5932991343902159,-1.157064308587751,-0.8894051254723677,-0.9801960588196068,-0.7489014088771914,0.37654142480647135,-0.9558812796221663,-0.778498944161523,-0.3333333333333333,-1.0
691,2025,4,1889915,2025-04-16,Corinthians 0 x 2 Fluminense,1232,Fluminense,39.61,60.39,Fora,-0.04968295361221861,-0.4690984206002528,0.2917799628072199,-0.7366566267766601,-1.0366605781231373,-0.9537104186565929,-0.20826047999611952,0.15520060041835673,-0.4758570781144924,-0.6168245030181533,-0.4215808331255444,0.9838945329813512,0.44139467671023375,-1.174318248308201,-0.587527478956955,-0.6068681973397464,0.8545895264845863,1.6772364809822282,-0.7506943802987193,0.6361464251628643,0.3778601773289873,0.9451219198819357,-0.0629515423163469,-0.46433861842148166,-0.820426402129759,0.7506943802987193,1.0987983707358564,-0.3778601773289873,-0.5166447333353635,-0.5404346403734851,0.30898160188609725,1.2806556708392602,-0.5286550048373674,-0.4510598007044331,-1.4264770611913549,-1.2121882051884691,-1.3528040666838699,-1.2525203948237893,-1.157064308587751,-1.2256923993028581,-0.2800560168056019,-0.9756383114619684,-0.9126089919136363,-0.27496958013152883,0.778498944161523,1.0,0.3333333333333333
692,2025,4,1889917,2025-04-16,Mirassol 4 x 1 Gremio,6332,Mirassol,41.68,58.32,Casa,-0.4476942960413399,-0.8599322225312462,-0.9416442630141851,-0.42406766387957673,-0.19846952686700067,-0.8132309990862915,-0.2826392228518766,-1.0764305669689787,-1.069579174280591,-0.40015077177094904,-0.8672807574148209,0.337388391152025,1.07980454338607,-0.9761210755979562,-1.5791169052386411,-0.2020421827014569,-0.2608556238600377,0.16553510755880768,-1.5206373344512523,0.6361464251628643,0.33216288511041625,-0.6843986316386439,-0.9990073234058645,-0.46433861842148166,-0.17098123255719522,-1.1741630050826128,-1.2144613571291045,-0.642667473124285,-1.1134966424074033,-1.1420358505361266,0.3476149924898113,-0.8182222862421864,-1.1400729857439886,0.9292358867176757,-0.34339770595586716,0.14843120879858795,0.9849669889060854,-0.5932991343902159,-0.49588470368046467,-0.7237951344253767,1.120224067222408,-0.5013818553553652,-0.4521981287993118,0.15507196677199528,1.1677484162422844,0.3333333333333333,1.6666666666666667
693,2025,4,1889917,2025-04-16,Mirassol 4 x 1 Gremio,1244,Gremio,58.32,41.68,Fora,0.318202658332835,1.266174796844132,0.23425141928763116,0.3008311545591181,0.4935636267426447,1.0298682277431386,-0.5057754514191477,1.3775713830884941,1.3880436883630662,0.8182222862421864,1.1400729857439886,-0.9292358867176751,-1.252786205222536,1.4022449969249824,1.2738298282398284,0.3476413388639914,0.6331084496596825,-0.43491647766449504,1.1741630050826128,1.2144613571291045,0.642667473124285,-0.521446576486586,1.154065991577797,0.6460363386733672,1.056221358535316,1.5206373344512523,-0.6361464251628643,-0.33216288511041625,-0.7576381473271796,1.142035850536127,-0.7158158586785777,0.40015077177094904,0.8672807574148209,-0.33738839115202446,-0.46860359856245126,0.5195092307950581,-0.1839185388888923,0.7251433864769309,0.8264745061341078,0.7150299590296307,-0.2800560168056019,0.31996359891488496,0.7125169195115187,0.41884975385727713,-1.1677484162422844,-1.6666666666666667,-0.3333333333333333
694,2025,4,1889919,2025-04-16,Internacional 0 x 1 Palmeiras,1234,Palmeiras,30.22,69.78,Fora,-0.045691629307096734,-1.1962092263859518,-1.0018137670898632,-1.2631904700099246,-0.2865523780162452,-0.6375344397068149,1.0561781485517503,-0.2892978660071471,-0.893197683373824,1.18759896109028,-0.9741825089279056,1.0327899554726447,0.9937794512642862,-1.9671069391491807,-1.5465521473262918,0.21570153968241143,-0.15647134941443444,0.6237919643584057,-0.7506943802987193,-0.5204834387696161,0.2188600729450434,0.45626575442576184,-0.9906280073284337,-1.5747135755163304,-1.8790482158382635,-1.5591344821588793,-1.2144613571291045,-0.20939300290239812,-1.1282109348321925,-1.2246562896297413,1.785934277109,-1.3752704644249376,-1.8157515041456591,-0.759596483775258,-1.2527576024890401,-0.5937248351943523,0.7901527342735885,-0.15381829410116696,-0.49588470368046467,-0.1440290118715323,-0.2800560168056019,-0.011593517647264108,-1.268494145564168,-0.3172193076425258,0.3892494720807615,1.0,-0.3333333333333333
695,2025,4,1889919,2025-04-16,Internacional 0 x 1 Palmeiras,1219,Internacional,69.78,30.22,Casa,1.3565100669024988,1.032353385152201,0.7894678635593245,0.20334940431749687,-0.36639141430352506,1.4965246587557444,0.8330419199844792,0.26632521702473333,2.0497259502064527,1.3752704644249376,1.8157515041456591,0.7595964837752586,-0.9457447698134066,0.6094563060840029,0.7463613952368177,0.5740638706430173,-0.31407895452111967,-0.8113271947060516,1.5591344821588793,1.2144613571291045,0.20939300290239812,-0.6843986316386439,1.6117871913716237,1.756411295768216,0.9186174066736836,0.7506943802987193,0.5204834387696161,-0.2188600729450434,0.7818295067864157,1.2246562896297413,-0.5617387285362291,-1.18759896109028,0.9741825089279056,-1.0327899554726443,-0.3526512258150151,-0.4700321611955289,-0.8582755741552253,-0.3735587142456914,0.16529490122682156,-0.4064361865750578,-0.9801960588196068,-0.19689251561619472,1.4815274962808498,-0.54205812471724,-0.3892494720807615,0.3333333333333333,-1.0
696,2025,4,1889921,2025-04-16,Ceara 2 x 1 Vasco da Gama,7334,Ceara,34.33,65.67,Casa,0.07545071097160075,0.21088119878095893,-0.12908680485477017,-0.26299229345900393,0.5982008642678143,0.10130708459405033,0.7586631771287221,1.3220090747853064,0.07983366140941994,-0.699561360407623,0.07466486440802113,-0.24085312700588193,1.1232254131531842,0.21306196066351313,-0.2182756194463291,-1.042124545848651,0.6536869525315505,0.5229706321836268,-0.3657229032224528,1.2144613571291045,0.642667473124285,-0.032590411030412055,-0.21029429766966753,-1.2718840417631898,-1.3221075900925,-0.40422005093008,0.5204834387696161,-0.58407030648639,0.6239845334951124,-0.5719226058352456,0.44966043111892995,-0.8762940083748738,-1.0896263995284792,-0.5435830410377895,1.1531628725654988,-0.22264681319788215,0.5466349159829688,-0.3735587142456914,0.8264745061341078,1.1657353586597063,0.42008402520840304,1.939250009668412,-0.8503913077089977,0.8050284816931478,0.3892494720807615,0.3333333333333333,0.3333333333333333
697,2025,4,1889921,2025-04-16,Ceara 2 x 1 Vasco da Gama,1226,Vasco da Gama,65.67,34.33,Fora,0.5607829690789955,0.06251290881944782,-0.33126995017423955,0.20126264796344284,-0.23042565318339012,0.6145224369343053,-0.2826392228518766,0.5441367585406736,0.199267812735932,0.8762940083748738,1.0896263995284792,0.54358304103779,-2.528771668914822,0.411259133373758,-0.04494411025643063,-0.45147404484577797,0.6912988997624933,0.20437522251132517,0.40422005093008,-0.5204834387696161,0.58407030648639,-0.6843986316386439,0.42656936402819196,0.5450931607556536,1.0021287705621227,0.3657229032224528,-1.2144613571291045,-0.642667473124285,-1.4261451402839873,0.5719226058352456,-1.4771400235075662,0.699561360407623,-0.07466486440802113,0.24085312700588246,0.06693972342066443,-0.5937248351943523,0.08173726288269317,-0.3735587142456914,0.16529490122682156,-0.2676034493308097,-0.2800560168056019,-0.008257557282295202,1.4491743004944375,-0.42310181779267186,-0.3892494720807615,-0.3333333333333333,-0.3333333333333333
698,2025,4,1889922,2025-04-16,Sport Recife 0 x 1 Red Bull Bragantino,5438,Red Bull Bragantino,39.4,60.6,Fora,-0.2306126764509268,-0.6053102161884203,0.6719965321068463,-0.006795037154098529,0.18800517874168746,0.6313040850477935,1.874344319965078,-0.8449209490390284,-0.9970163959550028,0.5293597606235175,-0.7471717075757466,-0.6920403290641732,0.3493479793737515,0.11396337430839067,-0.3007400109512295,2.353326195210645,0.6769056136634499,1.1408018693026976,-1.1356658573749858,-1.0987983707358564,0.0494550955287331,1.2710260301860516,-0.08326344353804133,0.04037727116708598,-1.196677385241825,0.3657229032224528,1.0987983707358564,-0.08750499304190591,1.3393180608676718,-1.1124935273587362,1.3820756154555867,-2.1510863903741972,-0.8530200204099455,2.1683248541989038,-0.22999145504661628,0.14843120879858795,-0.012023608330807138,0.7251433864769309,0.16529490122682156,0.31862822506534305,-0.2800560168056019,-0.05032346674544552,-0.9822927982228314,0.07920013470492937,0.3892494720807615,1.0,-0.3333333333333333
699,2025,4,1889922,2025-04-16,Sport Recife 0 x 1 Red Bull Bragantino,1231,Sport Recife,60.6,39.4,Casa,-0.1772532960993432,0.08419775672185187,1.1018227124700657,0.8458254666227183,0.009460877658650502,0.6145224369343053,0.684284434272965,-1.1013623719768193,0.3312292840728103,2.1510863903741972,0.8530200204099455,-2.1683248541989033,-0.6494379762065862,0.6094563060840029,1.1918559947617136,-1.2377711995217897,-1.0994815246112168,-0.0823767687517672,-0.3657229032224528,-1.0987983707358564,0.08750499304190591,0.9451219198819357,0.9968147518477695,1.8573544736859295,0.050654018008007375,1.1356658573749858,1.0987983707358564,-0.0494550955287331,0.5771809012939163,1.1124935273587355,-0.21383819773653723,-0.5293597606235175,0.7471717075757466,0.6920403290641738,0.8315963024922174,1.6327432967844684,-1.1579898120513739,1.823845487199553,-1.157064308587751,-0.49146305629044973,-0.9801960588196068,-1.0661364124128478,0.30188020376090524,-0.6149118522419307,-0.3892494720807615,0.3333333333333333,-1.0
700,2025,3,1889908,2025-04-14,Atletico MG 2 x 2 Vitoria,1238,Vitoria,37.16,62.84,Fora,-1.3938961309250217,-2.127969560613503,-0.1229463374414591,-0.9617157619931919,0.4394537862129666,-3.6216879670346893,0.7832585259711503,0.15371569525636672,-1.742579697953415,-0.36981669584764526,-2.3094017165921854,-0.30091465803924106,0.14324778995693346,-1.7322238461004793,-1.3215560666984436,0.25778446541808675,1.241371419436024,0.933063681658985,-2.829067547515576,-2.6290307821395125,-0.053811206128017694,1.4854174725574416,-0.26629146911883667,-0.28865250975847284,-0.7943777674341899,0.1203858530857693,-0.9723812481885868,-0.6721203187835195,-0.816156123226069,-1.357839006371523,2.0055702201601338,-1.6785747250757737,-0.5898188218744304,-1.4631385015381346,-0.4360667181886789,-1.2715588956622073,2.5764979673482595,-0.4923828810938522,1.0390328276550267,0.7378795053000687,1.118033988749895,1.796525603771007,-0.8729059801727616,0.7378795053000687,0.0,-1.0987983707358564,1.0987983707358564
701,2025,3,1889908,2025-04-14,Atletico MG 2 x 2 Vitoria,1235,Atletico MG,62.84,37.16,Casa,0.8186458543815402,0.9131429993018705,1.7237460694996394,1.4742549614632525,1.5332509503407183,0.48194875674837845,0.32024855987983014,1.9194921601388446,0.7184926135550714,1.6785747250757694,0.5898188218744304,1.4631385015381346,-0.15314475996407798,1.083405020352597,1.7171715817520674,-0.2510487848629923,0.3517579641537697,0.7376668305525624,-0.1203858530857693,0.9723812481885868,0.6721203187835195,1.1625006306971284,0.15994303983570757,1.5095106657861137,0.39621020355093944,2.829067547515576,2.6290307821395125,0.053811206128017694,2.0524237510237984,1.3578390063715229,-0.30924447846771225,0.36981669584764154,2.3094017165921854,0.30091465803924106,1.928864464850061,2.5312340633275716,1.7273334681642167,3.571729788252229,0.3224584637550083,1.7896506181098568,1.118033988749895,-0.48061274216388233,1.2738146512168484,1.7896506181098568,0.0,-1.0987983707358564,1.0987983707358564
702,2025,3,1889911,2025-04-14,Fortaleza 0 x 0 Internacional,2065,Fortaleza,54.23,45.77,Casa,0.06988487109321603,0.7843624298357953,-0.6957892875214112,0.07632868512887223,-0.7221070846618061,-0.1238624426015207,-0.37426638925714995,-0.19564652221614168,-0.8800658344788965,0.7049400677942615,-1.2373869674610134,2.08286750058843,1.3133285488097088,1.2058236667201219,0.47770139209139556,-1.3804103891453874,-0.5739046981683138,0.023190026857350096,0.4815434123430767,0.9723812481885868,0.7564327285274022,-0.2906251576742815,-1.3084658571143497,-0.38329267689239843,0.7927122129212988,-0.4815434123430767,-0.9723812481885868,-0.3480567097385317,-0.7384273729157744,-0.09287106411503337,-0.35794680735337703,-0.1378655193815188,0.7085674312516714,0.6152368573821184,-0.9256184840032674,-0.08318609597790132,-0.19102195914224243,-0.33607085534977216,-1.1106902640450287,-0.8885903672189502,-1.118033988749895,-0.8743860626385515,0.548866781519047,-0.8885903672189502,0.0,1.2144613571291045,-1.2144613571291045
703,2025,3,1889911,2025-04-14,Fortaleza 0 x 0 Internacional,1219,Internacional,45.77,54.23,Fora,-0.7659009148418132,0.9018197241367977,-0.7762308592943468,-0.5286544287666759,-0.9453582960794538,-0.593719602600006,-1.9948012705767704,-0.22385589381330043,-0.17717633871079594,0.13786551938151498,-0.7085674312516714,-0.6152368573821184,1.069336148561886,1.3282423130876468,0.8251119229278802,-0.7350609009840189,-3.2098191576036887,-2.8543862245321483,0.4815434123430767,0.9723812481885868,0.3480567097385317,-2.2281262088361613,0.2633479223166972,-0.4779328440263241,0.722750216638075,-0.4815434123430767,-0.9723812481885868,-0.7564327285274022,-0.7607493646886285,0.09287106411503383,-0.30467727982098436,-0.7049400677942655,1.2373869674610134,-2.08286750058843,-1.362008246054321,-0.7962097757884848,-0.09613556166256843,-0.4923828810938522,-1.1106902640450287,-1.100682618965412,-1.118033988749895,-1.1010615219048892,-0.15733243637622488,-1.100682618965412,0.0,1.2144613571291045,-1.2144613571291045
704,2025,3,1889903,2025-04-13,Fluminense 1 x 0 Santos FC,1232,Fluminense,60.04,39.96,Casa,-0.08919232286284223,1.3208376859234516,0.277927730698918,0.7488248411179678,-0.5274154753698038,0.6086084835914045,-0.7601080276665834,0.6964748545440137,2.3486004109295107,-0.5417604471963359,1.4967920644139445,-2.770589081447566,-0.4496856315168782,1.695498252190222,1.6503517061798485,1.1356357165976698,-0.8107505466790548,0.5188088391430663,1.6854019432007685,0.252098842122967,0.3973841932054392,-0.12916673674412485,2.1547250938128624,0.6577491615807832,1.137484930605029,1.0232797512290381,-0.9723812481885868,-0.7564327285274022,-1.0666396374964637,2.0702674120750366,-0.6694412969004694,0.8888381775695717,0.9805842497792346,-0.22412731598192104,0.16857501859952118,-0.2020233759463319,-0.9184843398197461,0.132865221882468,-1.1106902640450287,-0.8908474674241751,0.0,-1.10029130267678,0.861344311561203,-0.8908474674241751,0.8164965809277261,1.2144613571291045,-0.057831493196624076
705,2025,3,1889903,2025-04-13,Fluminense 1 x 0 Santos FC,1241,Santos FC,39.96,60.04,Fora,-0.553956997950606,-0.5018422888184125,-1.1594205124246713,-0.33826004515002484,-1.194892578006631,-0.20843673140124802,-1.06878133839413,-0.08751059776036542,-1.1754313137902115,-0.8888381775695753,-0.9805842497792346,0.22412731598192104,1.040214463257159,-0.5080373824252288,-1.4484332698079703,0.6900858853723364,1.5217576765310696,-0.14865228036654293,-1.0232797512290381,0.9723812481885868,0.7564327285274022,-1.5822925251155346,-2.0504886800605773,-0.8564935125620264,-0.19722486830061,-1.6854019432007685,-0.252098842122967,-0.3973841932054392,-0.5297475714861528,-2.070267412075036,-0.5404637045056515,0.5417604471963322,-1.4967920644139445,2.770589081447566,-0.5565697855586847,-1.1527216156937765,-0.7128971452804517,-1.2739430098142526,-1.1106902640450287,-1.3686363149958392,-1.118033988749895,-1.1242601259872667,-0.7572892940571638,-1.3686363149958392,-0.8164965809277261,0.057831493196624076,-1.2144613571291045
706,2025,3,1889904,2025-04-13,Vasco da Gama 3 x 1 Sport Recife,1226,Vasco da Gama,43.87,56.13,Casa,0.05659038636476871,-0.38862779358747696,0.394172462968901,-0.05321806266957463,0.8391257982745983,0.24358995175626913,1.4006051474262438,-0.18550877929841242,-0.8195622644158509,-1.1115731457779565,-1.0636808738517962,0.8858120129491754,-0.2903568137878753,-0.5080373824252288,-1.0598336403251027,1.846337051661455,1.3246424404560446,1.189009208091126,0.4815434123430767,-0.4681835639426528,-0.26449066552388617,1.323959051627285,0.18598830277509942,-0.28865250975847284,-0.7128699470936867,0.7223151185146153,-0.252098842122967,2.20614780191943,0.6735236567778465,-0.836446577454353,-0.5440138014468717,1.8931669882680304,-0.7546710912693241,-0.3754219288342985,1.753667346879677,0.39216302389582103,0.8632713461874724,-0.33607085534977216,1.0390328276550267,0.6554792954183614,2.23606797749979,1.3157323374415235,-0.610424854937351,0.6554792954183614,1.6329931618554523,0.057831493196624076,2.255428234668337
707,2025,3,1889904,2025-04-13,Vasco da Gama 3 x 1 Sport Recife,1231,Sport Recife,56.13,43.87,Fora,0.5652922178438796,0.41193564506218333,0.1481906321603775,0.42263557743278046,0.41069277870573906,0.5305171652890901,0.5517535429254902,-2.2199510280282753,0.6147116303813667,-1.8931669882680338,0.7546710912693241,0.3754219288342985,-2.194899921520871,0.8385677276175467,1.2793911290228348,0.23997799960761398,-0.26374171176267264,0.03699643884884831,-0.7223151185146153,0.252098842122967,-2.20614780191943,0.5166669469765017,-0.6577631570666247,0.8470294958486345,0.325530694211205,-0.4815434123430767,0.4681835639426528,0.26449066552388617,0.19657035560417746,0.836446577454353,-0.9326959476555198,1.111573145777953,1.0636808738517962,-0.8858120129491754,0.6762268713741482,1.224023983674835,0.28341002825612893,0.9144253506028682,0.3224584637550083,0.8131469827730308,-1.118033988749895,0.03625526918145616,0.3301325104895384,0.8131469827730308,-1.6329931618554523,-2.255428234668337,-0.057831493196624076
708,2025,3,1889906,2025-04-13,Sao Paulo 1 x 1 Cruzeiro,1230,Cruzeiro,41.65,58.35,Fora,0.6209979289597518,0.55734436257312,-0.4675423455669776,-0.4992922229505765,0.15846180981291236,0.7230405865315519,2.0951200965632237,-0.6651840889320126,0.565665489246928,0.5750210246432929,0.8009509358165658,-0.2348805825470392,0.2647918114697429,0.5937304348824967,0.30007549551509377,-1.3804103891453874,0.6878921864885997,0.23208391662455022,1.0834726777719226,0.252098842122967,0.4317985881055098,0.03229168418603179,-0.3213635666909035,-0.7618533454281009,-1.6031063660850227,-0.18057877962865368,-0.9723812481885868,-0.540293307235924,-0.6013688176516526,-0.01585238775554534,0.5199132637161492,-1.8750683376049804,-0.6349969069207689,-0.5172363450929472,-0.8290832520330446,-0.2020233759463319,-0.3204125011599803,0.4454892733706281,0.3224584637550083,0.3565113215402278,0.0,-0.019762897753372057,-1.2728772186267208,0.3565113215402278,0.0,0.057831493196624076,-0.057831493196624076
709,2025,3,1889906,2025-04-13,Sao Paulo 1 x 1 Cruzeiro,1224,Sao Paulo,58.35,41.65,Casa,0.530170799789359,0.09076009685068237,-0.13256599533968147,-0.35934061351201907,-0.3683052050663119,0.9042010869678149,0.9375951813349236,0.6964748545440137,-0.4580400869134072,1.8750683376049762,0.6349969069207689,0.5172363450929472,-0.15721821020298307,-0.26320008969017866,-0.5267195507243324,0.3734217492696259,0.20944443340707805,0.9048881636400333,0.18057877962865368,0.9723812481885868,0.540293307235924,0.19375010511618843,-0.3112152782158815,-0.0047320083566960115,-0.5210741315686753,-1.0834726777719226,-0.252098842122967,-0.4317985881055098,0.6623727293131899,0.01585238775554534,1.1311270394545987,-0.5750210246432969,-0.8009509358165658,0.2348805825470392,-0.8871444885340948,-0.43969793588319306,0.0066580356070790785,-0.17975882960569212,-0.3941159001450102,-0.5929089825765327,0.0,-0.5811394441965804,-0.1885801893804407,-0.5929089825765327,0.0,0.057831493196624076,-0.057831493196624076
710,2025,3,1889909,2025-04-13,Gremio 0 x 2 Flamengo,1244,Gremio,39.92,60.08,Casa,-0.13090562875692954,-0.1723785423072035,-0.2063175447096854,-0.3064141267938122,-0.847588664423413,-0.8267146140395839,-0.37426638925714995,1.1019845712531755,-0.1025826494047267,-0.37366142327757046,-0.05930101038661167,0.20231053795305123,1.1226370666912187,-0.018362796955128585,0.21838267746915968,-0.07272853155524599,-0.5149802059701645,0.6717980042029489,-0.4213504858001923,-0.4681835639426528,0.7564327285274022,0.6781253679066583,-0.07487707783712991,-0.7618533454281009,-0.6628679693527233,-0.7825080450574996,-0.252098842122967,-0.7564327285274022,-0.0446933257190734,-0.1727075929156764,1.1628091630617405,-1.5139543681192966,0.1633361029468768,-0.35896215724231095,-0.8573228599641382,-0.43969793588319306,-1.0212779370893934,-0.33607085534977216,-1.1106902640450287,-1.0512988721246477,-1.118033988749895,-1.105172858769777,-0.04484052556104853,-1.0512988721246477,-1.6329931618554523,-1.0987983707358564,-1.2144613571291045
711,2025,3,1889909,2025-04-13,Gremio 0 x 2 Flamengo,1239,Flamengo,60.08,39.92,Fora,0.1240718395684706,-0.035883196567330675,0.3178913119751972,0.013472549885909279,-0.2839368820244983,0.5494194648292592,0.47458521524360353,-0.08751059776036542,-0.53362450547406,1.5139543681192924,-0.1633361029468768,0.35896215724231095,0.5317715466962277,-1.120130614262854,-0.058009059186935365,-0.28828048610307133,0.7580478342667669,0.423309347974728,0.7825080450574996,0.252098842122967,0.7564327285274022,0.5166669469765017,-0.6583443588468172,1.5095106657861137,1.3076325055658302,0.4213504858001923,0.4681835639426528,-0.7564327285274022,-0.3500194318074602,0.17270759291567594,-0.7643460281539939,0.37366142327756674,0.05930101038661167,-0.20231053795305123,0.02419213419440073,-0.3208606559147625,-1.5352459234376297,-0.6486949068379323,-0.3941159001450102,-0.8038818271394012,1.118033988749895,-0.4821343638699264,1.9425165655070618,-0.8038818271394012,1.6329931618554523,1.2144613571291045,1.0987983707358564
712,2025,3,1889910,2025-04-13,Bahia 1 x 1 Mirassol,6332,Mirassol,41.64,58.36,Fora,-0.37267897382149273,-0.32020095347823363,-0.45258778498419305,-0.9389386582112761,-0.4786965541837824,0.02445105487274885,0.32024855987983014,-0.40110477868211686,-0.9656618994186495,-0.04872730735753871,-0.8844603010803803,-0.08181970736189732,0.05720569038722602,-0.26320008969017866,-0.9667052211823048,-0.6602377719218312,-0.16783808888976565,-1.4324333836866014,-1.0232797512290381,0.9723812481885868,-1.5625291643612307,-0.12916673674412485,0.8733336780636732,-0.7618533454281009,-0.4763127319058384,-0.7825080450574996,-0.9723812481885868,-0.7564327285274022,-0.9429510125505194,-1.5565825361502605,-1.1808609486878563,0.7660486437629818,-1.1937575921357975,-0.2179245065423406,-0.7874899980167059,-1.3903961756306378,0.0800820336568266,-1.1176309840701724,-0.3941159001450102,-0.6045007611316896,0.0,0.8997740965818791,-0.3666923815044693,-0.6045007611316896,0.0,0.057831493196624076,-0.057831493196624076
713,2025,3,1889910,2025-04-13,Bahia 1 x 1 Mirassol,1221,Bahia,58.36,41.64,Casa,0.8867775251556974,0.6736421932110432,0.6779184867549409,0.8716428769384442,0.9185339861856991,0.44535519209198493,0.860426853653037,0.0775389711458201,2.1687646708968984,-0.7660486437629854,1.1937575921357975,0.2179245065423406,0.9535281218677579,-0.26320008969017866,1.202879569288265,1.508654179949111,0.5374964167256883,1.446555209500446,0.7825080450574996,0.9723812481885868,0.7564327285274022,1.6468758934875982,1.6854099399595457,0.46846882731293205,0.27965757351098786,1.0232797512290381,-0.9723812481885868,1.5625291643612307,0.21585775672911903,1.5565825361502614,-1.1217659236922775,0.0487273073575349,0.8844603010803803,0.08181970736189732,0.9637089631612378,2.17472222342228,-0.6358019473282163,0.7581133248587882,1.0390328276550267,1.0101779789866348,0.0,0.311172493828144,1.0832033578911335,1.0101779789866348,0.0,0.057831493196624076,-0.057831493196624076
714,2025,3,1889905,2025-04-12,Palmeiras 2 x 0 Corinthians,1237,Corinthians,68.65,31.35,Fora,-0.22604554554001374,0.3552666639640385,-0.4803821802142738,-0.12699718816559175,-1.0011334108005887,1.1160383962833713,-1.2231179937579035,0.45316902451851687,-0.49265391241895956,-0.5662074740290557,0.7441148533629588,-1.231051778543675,-1.0693134956058794,0.47131178851497163,0.2161126128751387,0.039358484809623444,-0.1896145316586468,-0.8483070444715277,0.4815434123430767,0.252098842122967,0.12227718117309777,-1.2593756832552214,-1.0285070602048814,0.94166966298256,1.8637137726903241,-1.0834726777719226,0.4681835639426528,-0.38117593630489777,-0.9207908869788304,0.0,-1.2609244512363236,1.1865099325801949,0.6934074797129123,-0.36885953623879997,-0.8325366961364793,-0.7962097757884848,-1.329658728898335,-0.6486949068379323,-1.1106902640450287,-1.196668415118374,-1.118033988749895,-1.1785481611659079,1.2019448193071527,-1.196668415118374,-1.6329931618554523,-1.0987983707358564,-1.2144613571291045
715,2025,3,1889905,2025-04-12,Palmeiras 2 x 0 Corinthians,1234,Palmeiras,31.35,68.65,Casa,-0.11976494360855831,-0.2536064015250924,-0.4910489308523973,0.026608341177172104,0.7496769519330193,0.10262099236506964,-1.06878133839413,0.15371569525636672,0.7981561417816257,-1.1865099325801984,-0.6934074797129123,0.36885953623879997,1.1814976414933316,-0.38561873605770375,-1.2440959838719357,-1.3804103891453874,-0.8758927206838267,-0.9431613882693627,1.0834726777719226,-0.4681835639426528,0.38117593630489777,-0.2906251576742815,0.8584706405727336,-1.708255016767357,-1.2885050852083548,-0.4815434123430767,-0.252098842122967,-0.12227718117309777,-1.0722417967794353,0.0,1.1318824999280928,0.566207474029052,-0.7441148533629588,1.231051778543675,-0.38050356047202777,0.27332574392739045,0.7262132164946095,0.132865221882468,1.7556071915550455,0.6581858954985521,1.118033988749895,0.5898309624628687,-1.6134777263726705,0.6581858954985521,1.6329931618554523,1.2144613571291045,1.0987983707358564
716,2025,3,1889907,2025-04-12,Red Bull Bragantino 1 x 0 Botafogo RJ,1227,Botafogo RJ,62.26,37.74,Fora,0.0138392313885069,-0.8695546276656788,0.6816376240451545,-0.1304865479460507,-0.5313292355936674,0.35973323084721276,-0.9144446830303568,1.1668661259266415,-0.07641085287947379,1.2061719146526353,0.6453629503679257,-0.3187333768228503,-2.1599638046965763,-0.7528746751602788,-0.09428034091392869,-0.8733500770185978,-0.22850687687916416,0.4525657678748632,-0.7223151185146153,-1.9087483760738926,-2.69868507877865,-0.2906251576742815,-0.5130574301190315,1.9827115014557417,1.617849792753978,1.0232797512290381,0.4681835639426528,-0.7564327285274022,1.4193335154368072,0.07572563689379597,-0.3190497636979744,0.36387814096199045,0.2235647068322969,-0.6707295956317199,-0.15050693987857572,0.15448846395895985,-1.0212779370893934,-0.02344680386161206,-1.1106902640450287,-0.5517138505662464,-1.118033988749895,-0.6375713849416391,0.9644618964751145,-0.5517138505662464,-0.8164965809277261,0.057831493196624076,-1.2144613571291045
717,2025,3,1889907,2025-04-12,Red Bull Bragantino 1 x 0 Botafogo RJ,5438,Red Bull Bragantino,37.74,62.26,Casa,0.20838241160000617,-0.7196969874256488,0.5729074944632634,0.40637093895730814,0.7874082301827352,-0.5364934100360877,0.7060901982892636,0.9578033386454734,0.3871502989481688,-0.3638781409619942,-0.2235647068322969,0.6707295956317199,0.25963079652772747,-0.997711967895329,-0.38961266663557537,0.9308412661302118,-0.4139178501652001,-0.06122323895941996,-1.0232797512290381,-0.4681835639426528,0.7564327285274022,-0.12916673674412485,1.010285952087339,-0.7618533454281009,-0.9248770767223916,0.7223151185146153,1.9087483760738926,2.69868507877865,0.6871156022759586,-0.07572563689379644,0.6796485600294812,-1.2061719146526393,-0.6453629503679257,0.3187333768228503,2.0278389662681042,0.5110003038642515,0.7578420156545008,-0.17975882960569212,1.0390328276550267,1.411710994590961,0.0,2.003738688629597,-0.9822731156875162,1.411710994590961,0.8164965809277261,1.2144613571291045,-0.057831493196624076
718,2025,3,1889912,2025-04-12,Juventude 2 x 1 Ceara,7334,Ceara,35.22,64.78,Fora,-0.5843449684145696,-1.104768265931956,-0.6794181865155419,-0.4592680510295032,0.01474369703899124,-0.9000884525405387,-0.83727635534847,-1.185090230986495,-0.3903549277932136,0.63106675097169,-0.14272401940453572,-0.8594393261185975,-0.7995457725026537,-1.7322238461004793,-1.3779973945333024,-1.3804103891453874,0.22188937465668673,-1.1120660666111328,-0.1203858530857693,-1.1884659700082727,-0.7257720406116716,-1.2593756832552214,-0.8626289305065529,-1.5189746824995058,-1.4723546883671965,-0.4815434123430767,0.4681835639426528,-0.07973335161155412,-0.4221699744315477,-0.8385913122683387,2.0160808688638676,0.21247433161460982,-1.6059496431377929,0.9547245703301559,-0.3472558190420372,-0.3208606559147625,0.24027984758354964,-0.6486949068379323,0.3224584637550083,-0.030587291371377556,0.0,0.8889231023571831,-1.6478502546773077,-0.030587291371377556,-0.8164965809277261,-1.0987983707358564,-0.057831493196624076
719,2025,3,1889912,2025-04-12,Juventude 2 x 1 Ceara,1220,Juventude,64.78,35.22,Casa,0.34203336057664246,0.48541681706154804,0.8698581522982486,0.6624469350865936,1.0494153975225755,0.7214788580795152,0.1659119045160568,-2.12587277375175,0.21260302791206334,-0.2124743316146136,1.6059496431377929,-0.9547245703301559,-0.6630612159211328,1.3282423130876468,0.6000651067581213,1.380251310211578,0.3946666423387592,-0.16970580807278135,0.4815434123430767,-0.4681835639426528,0.07973335161155412,0.03229168418603179,0.861498296357924,0.6577491615807832,0.21002872959101662,0.1203858530857693,1.1884659700082727,0.7257720406116716,2.3587579485707106,0.8385913122683387,-0.34160118359505226,-0.6310667509716938,0.14272401940453572,0.8594393261185975,0.8090330825549021,0.15448846395895985,0.5206260219553148,0.7581133248587882,1.7556071915550455,1.647574176414948,1.118033988749895,0.8429883118149105,0.3082590833865874,1.647574176414948,0.8164965809277261,0.057831493196624076,1.0987983707358564
720,2025,2,1889896,2025-04-07,Santos FC 2 x 2 Bahia,1241,Santos FC,58.41,41.59,Casa,0.1929917750711393,1.0989345705517677,0.6093075338681387,0.861207537988691,0.5252556289603977,0.7208647890276327,1.6165768519102384,-0.08565734797890333,0.8023218812894897,-0.017900698182727447,1.3783730137660302,-2.1305175511855037,-1.6367148062103767,1.2287470546985977,1.2472784917548605,-1.5845283046010075,1.0263203125266576,0.036122167096082895,0.9867049131056443,0.933007822647968,0.758044525819192,-0.41264680307236984,1.1215943913310944,0.3500507246928093,0.49791920827132913,1.9368651997999686,-0.08481889296799716,-0.4680995296256611,0.7448005834253266,0.843752794741123,-0.6197671358260014,-0.5279447365238042,1.7247832336714313,-0.27230366759377655,1.1485977911359868,0.9871331309310909,0.2710941939462016,1.4947596398017178,-0.35805743701971643,0.48008454138779627,1.03193834852778,-0.5681406764094978,0.7164143967438332,0.29200110752488806,0.0,-0.7547319081399414,0.7547319081399414
721,2025,2,1889896,2025-04-07,Santos FC 2 x 2 Bahia,1221,Bahia,41.59,58.41,Fora,-0.4630322547493519,-1.2861694759320073,-0.6496531977550266,0.16897958767558852,0.8531683804677854,0.11649747507475965,0.5912638380136815,-0.801439876120624,-0.9124242000338574,0.5279447365238042,-1.7247832336714313,0.2723036675937766,-0.5303988580158996,-1.6449355732255424,-1.6476960236705154,-0.527532994506606,0.839256821874122,-2.2919928525613718,-1.9368651997999686,0.08481889296799716,0.4680995296256611,-1.4086908104884355,-1.018401185134813,1.0707433931780037,0.5138491805265358,-0.9867049131056443,-0.933007822647968,-0.758044525819192,-0.6218578483313024,-0.843752794741123,0.3882483423684498,0.017900698182727447,-1.3783730137660302,2.1305175511855032,0.7675266080240037,0.28203803740888317,1.4511469446350376,-0.43396247607146626,1.7902871850985822,0.8901734024568944,1.03193834852778,1.7058920142157477,-0.6024699654520768,0.6951697767273668,0.0,-0.7547319081399414,0.7547319081399414
722,2025,2,1889893,2025-04-06,Fluminense 2 x 1 Red Bull Bragantino,5438,Red Bull Bragantino,59.46,40.54,Fora,0.5495516896049017,0.3821676444900579,0.2565926455166297,-0.08880839287193289,-0.18397984841888906,0.8362440035095449,1.5482226509838013,-0.06295811347123802,0.23307687632410237,-1.4471271151280687,0.7414130348502134,-0.07292674986385161,0.9658037638874591,1.0305620458762432,0.5184044984324521,-0.9725836513884595,1.0223445382188043,0.757604317229083,0.7430740703635099,-0.7633700367119737,-1.2887082098074916,0.8679812064625717,0.6776306476026697,0.4530068201906942,0.09831002621085129,0.23144930060502772,-0.08481889296799716,-0.4351911779751598,-0.6056932087931877,0.053512919408166104,-0.4761574845888217,-0.35116912308369663,0.4040210451077637,-0.3483524468395228,-0.46441508916413854,0.28203803740888317,0.8141866530700412,0.6911254248545577,-1.0741723110591495,-0.24569279464582333,-0.054312544659356886,-0.7677345274514497,0.8420224312386816,-0.4215288380170638,-0.5872202195147035,-0.7547319081399414,-0.2515773027133138
723,2025,2,1889893,2025-04-06,Fluminense 2 x 1 Red Bull Bragantino,1232,Fluminense,40.54,59.46,Casa,-0.19305296094063737,-0.23751609199983748,-0.21279469754859023,-0.28703327830132475,1.1144816485659361,-0.0761993496638377,-0.6391117786621867,-0.192668024943612,-0.6073317326252139,0.35116912308369663,-0.4040210451077637,0.3483524468395229,0.1756545269816463,-0.4558255202914155,-0.3476084400709039,-0.43618772079474427,0.17530002534733918,-0.4204923624517962,-0.23144930060502772,0.08481889296799716,0.4351911779751598,-1.4086908104884355,-0.18884736874684782,-0.06177365729873037,0.015210016525095548,-0.7430740703635099,0.7633700367119737,1.2887082098074916,0.3622476848940087,-0.053512919408166104,-0.2128890365382221,1.4471271151280687,-0.7414130348502134,0.0729267498638516,-0.4261339088107711,0.38276590791205567,1.6079371702510372,0.3696717388756937,1.7902871850985822,1.7911687478960074,1.03193834852778,1.3417301321657327,-0.6563019802355835,1.5809609524040658,0.5872202195147035,0.2515773027133138,0.7547319081399414
724,2025,2,1889894,2025-04-06,Botafogo RJ 2 x 0 Juventude,1220,Juventude,45.21,54.79,Fora,-1.1575224368888768,-1.16285992139403,-0.1343585348372695,-0.4093777211750881,-0.8160815451343446,-2.2743330010583693,-0.8441743814414981,1.062923918108974,-0.7183463698729557,-1.5188248990626874,-0.8250280644745279,-1.328111724100473,-1.544552526501325,-0.4558255202914155,-0.5298935976392235,-0.42183346349716594,0.3056999670369349,0.3118616210639865,-1.2059726715735652,-2.4597478960719155,-0.4173331109945763,-0.12806280095349395,-0.34541782788170977,0.6589190111864641,0.2968636493533481,0.47508014334716214,-0.933007822647968,-0.21100602814366234,-0.5336619120740715,-0.5711212811893943,0.37701346961380133,-0.1613971774571261,-0.24106590302364847,-0.3871788054071688,-0.43814489508014065,-0.6245127971196697,-0.2735455371409531,0.20894489588626172,-1.0741723110591495,-1.0513349087822528,-1.1405634378464937,-1.3353925551285262,-0.3093845516307636,-1.2135758547613855,-1.174440439029407,-0.7547319081399414,-1.2578865135665689
725,2025,2,1889894,2025-04-06,Botafogo RJ 2 x 0 Juventude,1227,Botafogo RJ,54.79,45.21,Casa,0.10135706367507213,0.19626805349928816,1.1666972952118737,0.8942187001484316,0.7348964485924665,-0.16303445641859493,-0.2973407740300011,-2.6658036703502215,-0.192997385957702,0.1613971774571261,0.24106590302364847,0.38717880540716887,0.2531109076498407,0.23782201058682526,0.0893225241095215,0.18159044137951144,-0.4647758573616787,0.8922011613266545,-0.47508014334716214,0.933007822647968,0.21100602814366234,0.7256892054031338,-0.09306535355364548,0.3500507246928093,0.623588989395734,1.2059726715735652,2.4597478960719155,0.4173331109945763,2.3517886270834647,0.5711212811893943,0.17592337922101467,1.5188248990626874,0.8250280644745279,1.328111724100473,0.8526137308293313,1.4907724834469536,0.2864195543447578,0.5303985818651257,0.35805743701971643,0.7577159643719458,1.03193834852778,0.20760276426763244,0.4442636553383275,0.5649475392848328,1.174440439029407,1.2578865135665689,0.7547319081399414
726,2025,2,1889897,2025-04-06,Mirassol 1 x 1 Fortaleza,6332,Mirassol,71.05,28.95,Casa,1.1348210638503644,0.7094420904091413,1.2966977033302218,1.0220215104026404,0.9321173754008555,0.7330742297135493,1.6849310528366754,-0.15909604785664458,0.5965878619783461,1.6161041113315562,1.571170717800819,0.871746986354364,0.6432881963540859,0.6341920282315342,1.1320525273313893,-0.615615937014473,0.1380573175428029,1.2719771817920178,0.9867049131056443,0.08481889296799716,-0.5587882915826906,2.290901217056951,0.08589486651241574,2.9239531121399325,1.1638895789813293,1.9368651997999686,-0.08481889296799716,-0.758044525819192,0.6273907174400616,1.525535186920334,-1.2016516415383065,0.6267370023346533,1.0243544422975772,-0.3510487217400535,1.8892451341327046,1.2893167424406085,0.2864195543447578,1.1733059538228536,1.0741723110591495,1.546695180232049,-0.054312544659356886,0.3376898285179559,1.3594079066579385,1.3406128418182173,0.0,0.2515773027133138,-0.2515773027133138
727,2025,2,1889897,2025-04-06,Mirassol 1 x 1 Fortaleza,2065,Fortaleza,28.95,71.05,Fora,-0.12988367410941873,-1.0203514905734563,-0.6079711237005337,-1.2720147955800396,-0.22082160265281228,-0.06312218116997544,1.5482226509838013,0.08348856077176542,-0.944290154380038,-0.6267370023346533,-1.0243544422975772,0.3510487217400536,-1.6364139362342083,-1.1494730511696563,-1.079886604292197,-1.0619688254532136,-0.07636410534242974,-1.718447579689188,-1.9368651997999686,0.08481889296799716,0.758044525819192,-0.12806280095349395,-0.7721830645887869,-0.7824663257839248,-1.7945149385941668,-0.9867049131056443,-0.08481889296799716,0.5587882915826906,-0.8935907448033551,-1.5255351869203337,2.6301877194023935,-1.6161041113315562,-1.571170717800819,-0.8717469863543638,-1.1196062912446423,-1.0274242791323598,-0.004762293227812078,-0.9161430050397623,-0.35805743701971643,-0.05906254399436771,-0.054312544659356886,1.336303669691182,-1.7359329433936863,-0.23804794660266806,0.0,0.2515773027133138,-0.2515773027133138
728,2025,2,1889898,2025-04-06,Atletico MG 0 x 0 Sao Paulo,1224,Sao Paulo,40.07,59.93,Fora,-0.755038394589583,-0.9296556970051889,-1.0230089076518079,-1.055546178486432,-0.8533232940861042,-0.5083386070868564,-0.775820180515061,0.8450112668353842,-1.0861850460841178,0.42811989378484877,-0.9323581207816282,-0.5309503795454108,-0.08180057696136254,-1.050380546758479,-1.0598267771724394,-1.5845283046010075,-2.3683394496332366,-0.842460211516552,-1.693234357057834,0.08481889296799716,0.520043408395282,-0.41264680307236984,-0.2920139503473386,-1.5031589942691193,-1.7977260368876546,-0.9867049131056443,-1.7811967523279388,-0.4121876162156866,-1.1623320327884359,-1.017876307806803,-0.04073812249145538,-1.2806848154867898,-0.5325148787232297,-1.3799706696513832,-1.2918228577643116,-1.1281521496355322,-0.3323418717469532,-1.0768698480291943,-0.35805743701971643,-1.0080080587625506,-1.1405634378464937,-0.38198978037270903,-0.5576099531324881,-1.1709801392434371,0.0,1.2578865135665689,-1.2578865135665689
729,2025,2,1889898,2025-04-06,Atletico MG 0 x 0 Sao Paulo,1235,Atletico MG,59.93,40.07,Casa,0.5958009961616122,1.304785407550726,0.291184240527869,0.7925860765036049,0.14122394997284776,0.5313530357723181,-0.5707575777357496,-0.8347320867318666,0.2048195293326445,1.2806848154867898,0.5325148787232297,1.3799706696513834,1.2095032026428512,1.327839559109775,1.1234004056595457,0.30092278908089787,1.7951783859603339,1.376394456928585,0.9867049131056443,1.7811967523279388,0.4121876162156866,0.2988132022248199,-0.21496651821814708,0.2470946291949244,0.8108140011489282,1.693234357057834,-0.08481889296799716,-0.520043408395282,-0.1922513341242197,1.017876307806803,-0.4080213217118503,-0.42811989378484877,0.9323581207816282,0.5309503795454107,0.6891594978805781,0.5842216489184008,0.43201047813104315,1.9769401687700137,-0.35805743701971643,0.30105550266209335,-1.1405634378464937,-0.8394634262204445,1.0812758302764882,0.11599315865382898,0.0,1.2578865135665689,-1.2578865135665689
730,2025,2,1889899,2025-04-06,Internacional 3 x 0 Cruzeiro,1219,Internacional,66.49,33.51,Casa,0.8027755626177188,1.7753617744093346,0.6251145819885516,1.5372644914985436,1.703418802115598,1.2479056453030337,0.6596180389401186,0.06415759977168968,2.6394840201984144,1.2340400200166506,1.4017762032731436,-0.746749974299222,0.8773861857324433,1.8233020811656613,2.022981665553825,1.3683474823293835,-0.2330368602189376,-0.14658679617689518,1.473966598589913,1.7811967523279388,0.6089473149864263,0.014229200105943998,2.3165395465982286,-0.06177365729873037,-0.04369984840568312,-0.4994432276213755,0.7633700367119737,-0.26971634843212894,1.217765593435269,1.6328179083416168,-1.2807490713548715,1.4338075945200894,0.9583454462518736,1.1543714310564204,2.4035231803442643,1.9944118359628162,0.9023811549790405,1.8162133257805817,1.7902871850985822,2.083028956127879,2.1181892417149166,0.27333791892423404,1.4999692785926497,1.8678960606614328,1.7616606585441106,1.2578865135665689,1.7610411189931965
731,2025,2,1889899,2025-04-06,Internacional 3 x 0 Cruzeiro,1230,Cruzeiro,33.51,66.49,Fora,-1.1171809594062743,-0.6163064836361346,-1.3520108508486297,-0.8394864616965096,-1.1269144086768514,-1.3383336916564939,-0.8441743814414981,-0.3068127470393021,-1.4427361485054029,-1.4338075945200894,-0.9583454462518736,-1.1543714310564204,-1.3499066968558386,-0.8521955379361245,-1.3491035875178157,1.6009370134917091,-0.34732608726527114,-0.4165587614179179,0.4994432276213755,-0.7633700367119737,0.26971634843212894,-1.1241068083695596,-2.356578400201316,-0.6795102302860399,-0.036017308594661096,-1.473966598589913,-1.7811967523279388,-0.6089473149864263,-0.6967063153170108,-1.6328179083416174,0.09918909736451482,-1.2340400200166506,-1.4017762032731436,0.7467499742992219,-1.0701017094704997,-1.228880020138705,-0.3323418717469532,-1.0768698480291943,-1.0741723110591495,-1.2527565531208216,-1.1405634378464937,-0.967407432260002,-1.1617247857029502,-1.41159853717429,-1.7616606585441106,-1.7610411189931965,-1.2578865135665689
732,2025,2,1889900,2025-04-06,Vitoria 1 x 2 Flamengo,1239,Flamengo,62.38,37.62,Fora,1.0286414028936268,0.8960646176687326,0.573389862778895,0.5884650684191307,0.5069066796128697,0.4851438132043714,-0.023923970324252607,-1.1743126349665431,1.1466936090282607,-0.04110385568040534,1.2190084375985462,1.4951680378653747,1.4499946962023025,0.7332845326427115,0.9312612022786065,0.6568111481292896,-0.2081108416938753,1.071477332070355,0.9867049131056443,0.933007822647968,0.6390439671072369,1.4371492107003234,0.6958678903691778,0.5559629156885791,1.3066633099080933,-0.012181542137106677,0.7633700367119737,0.030666683552971086,0.00017066534042248655,1.5009064137221901,-1.2476179841885784,1.4286420964768514,1.4440516407918045,-0.8327831706349249,0.24168538979745285,0.9871331309310909,1.04349235803344,0.20894489588626172,0.35805743701971643,0.3613255937304846,1.03193834852778,0.11273494839587259,1.957541404252456,0.17524620041021366,0.5872202195147035,0.2515773027133138,0.7547319081399414
733,2025,2,1889900,2025-04-06,Vitoria 1 x 2 Flamengo,1238,Vitoria,37.62,62.38,Casa,-0.8133245583342862,-0.7777457149845749,-0.39599009492913595,-1.3469929652788517,-0.9894307367748364,-2.687095342428847,-1.1859453860736837,-0.9346087185655947,-0.851539401151636,-1.4286420964768514,-1.4440516407918045,0.832783170634925,0.9454654587065029,-1.2485655555808335,-1.1112288097825995,-0.42183346349716594,-0.37304969221929785,0.8263199904886361,0.012181542137106677,-0.7633700367119737,-0.030666683552971086,0.8679812064625717,-0.4729822354519887,-0.06177365729873037,0.19662118998742764,-0.9867049131056443,-0.933007822647968,-0.6390439671072369,-0.7894531475330558,-1.5009064137221897,0.009231675553631493,0.04110385568040534,-1.2190084375985462,-1.4951680378653744,-1.1728889719292963,-1.4303357611450498,-2.625398921380942,-1.2375966910186262,-1.0741723110591495,-1.2399273732108842,-0.054312544659356886,-0.7295215413335595,-0.35424456395035236,-1.3989858478713804,-0.5872202195147035,-0.7547319081399414,-0.2515773027133138
734,2025,2,1889902,2025-04-06,Sport Recife 1 x 2 Palmeiras,1234,Palmeiras,47.9,52.1,Fora,-0.5134779160758891,-0.4676835795828213,-0.49649528774287305,-0.7794441686783767,-0.7837298781967814,0.6211543567593134,-0.3656949749564382,1.3292616029989164,-0.12404377252958751,1.2417538185892567,-0.10610173903817231,-1.6638982520029195,-0.08402435753519526,-1.3476580599920107,-0.376445850702244,-0.5153836231262108,0.30896453140346336,-0.8290174177096804,-0.23144930060502772,0.08481889296799716,0.46961560206215,-0.41264680307236984,-0.33272522565658297,-0.6795102302860399,-1.4034573295511357,-0.7430740703635099,-0.08481889296799716,-0.6351900544111639,-0.7261965041107387,-0.40111918101057376,0.6601058900901956,-0.4981994348168225,-1.1307449800288627,-0.8929999767467839,-0.6929125369272865,-1.1281521496355322,-1.2665502993756153,-1.2375966910186262,-0.35805743701971643,-0.9254398640302112,-1.1405634378464937,0.17315141518938487,-0.6891993226032819,1.3099557252560432,0.5872202195147035,0.2515773027133138,0.7547319081399414
735,2025,2,1889902,2025-04-06,Sport Recife 1 x 2 Palmeiras,1231,Sport Recife,52.1,47.9,Casa,0.6509008488444824,0.5741581079325494,-0.0412047754569618,0.4170772572844551,-0.5635980478023335,0.5261920403132953,-0.5024033768093125,1.1243864607758836,0.30454155008443023,0.4981994348168225,1.1307449800288627,0.8929999767467841,-0.16131746026261445,0.7332845326427115,0.7354549357559793,2.0871396146742813,0.345112642911383,0.07276731687821138,0.7430740703635099,0.08481889296799716,0.6351900544111639,0.014229200105943998,0.4898423240268931,-0.37064194379238513,-0.04004026018489287,0.23144930060502772,-0.08481889296799716,-0.46961560206215,-0.5272886407192533,0.40111918101057376,0.38163194837869296,-1.2417538185892567,0.10610173903817231,1.6638982520029193,-0.5028101429138448,0.18131016690571064,-0.3725709427931638,-0.5946893190608983,-1.0741723110591495,-0.9642923418766923,-0.054312544659356886,-0.8425233347499995,-0.41106724622183144,-1.1280021189330194,-0.5872202195147035,-0.7547319081399414,-0.2515773027133138
736,2025,2,1889895,2025-04-05,Corinthians 3 x 0 Vasco da Gama,1226,Vasco da Gama,45.89,54.11,Fora,0.22731748082659753,-0.5456391760199146,0.0869838748935386,-0.31318464272669794,-0.8822001248445517,0.500522539148981,-0.16063237217712686,1.6621837091113443,1.1249332831814627,-1.2377740487970732,-0.5820941687913633,0.6887864603674364,0.42620502348958733,-0.05945550264670649,-0.28009293443597955,0.6658488072128794,-1.1425315936564846,1.025365797612896,-0.23144930060502772,-1.6115589663919445,-3.670398581831432,1.1525652085814475,0.46465294859341005,-0.7824663257839248,0.14347732559299017,0.23144930060502772,-0.08481889296799716,-0.241083297706365,-0.4594789896667317,-0.046406403710761594,-0.5034830725449283,0.8030594882390009,0.052555333846942345,-0.4240776142586907,-0.8348098867842817,-1.1281521496355322,0.15406416908449894,-0.43396247607146626,-1.0741723110591495,-0.8046161650588105,-1.1405634378464937,-0.7263837756547324,-0.24059919940739424,-0.9710204551463554,-1.7616606585441106,-1.7610411189931965,-1.2578865135665689
737,2025,2,1889895,2025-04-05,Corinthians 3 x 0 Vasco da Gama,1237,Corinthians,54.11,45.89,Casa,0.03031828444268901,-0.0212316671299876,0.5778972938920061,0.0065344677674307045,0.4310948705231737,0.320883512157004,-2.006195797190929,-0.15909604785664458,1.076774287427659,-0.8030594882390009,-0.052555333846942345,0.4240776142586908,1.4531901543126204,0.43600701940917974,-0.3743032802920996,1.1115756747702192,-2.191159989116857,-1.1640172833862643,-0.23144930060502772,0.08481889296799716,0.241083297706365,-1.5509828115478734,1.6708223176388413,-0.9883785167796947,0.9444192157385367,0.23144930060502772,1.6115589663919445,3.670398581831432,2.492914507043791,0.046406403710761594,-0.9015672061782029,1.2377740487970732,0.5820941687913633,-0.6887864603674364,0.08642375893503434,-0.8259685381260147,0.43201047813104315,-1.0768698480291943,1.0741723110591495,0.21911101508935724,1.03193834852778,2.553175024967864,0.40837564548265665,0.03543147278640325,1.7616606585441106,1.2578865135665689,1.7610411189931965
738,2025,2,1889901,2025-04-05,Ceara 2 x 0 Gremio,1244,Gremio,64.83,35.17,Fora,0.06381196517347781,0.35859975324467275,0.004973697792488241,0.1859640569278846,-0.19385204715769475,0.75932452718827,0.5229096370872444,1.2081990189580336,-0.043247496770391525,0.6950701982678195,0.5909245197619911,-0.9288787102971197,-1.007950675025101,0.7332845326427115,0.9650412894265777,0.5294623155877956,1.0935403808154576,0.7197952939798398,0.4994432276213755,-0.7633700367119737,-0.820667912302699,0.2988132022248199,-0.31137867824814625,0.9677872976801188,0.7986340832975242,-0.2558123848792411,-0.08481889296799716,-0.36034939337255234,-0.5847483570546248,0.7168289546576794,-0.194809228436969,-0.5204934690631952,0.7532984537733945,-0.6119882148914425,-0.11428296582809315,0.0805822964025381,-1.4788703965639476,-0.11250879009260228,0.35805743701971643,-0.2372151010253229,-1.1405634378464937,-0.25551869255985554,0.11529023166134346,-0.4131942042843334,-1.174440439029407,-0.7547319081399414,-1.2578865135665689
739,2025,2,1889901,2025-04-05,Ceara 2 x 0 Gremio,7334,Ceara,35.17,64.83,Casa,-0.2357749780673629,-0.23062272149831653,-0.5753512593293836,-0.0824301498211488,-0.32863225046673034,-0.2887033376890986,0.04443023060218452,-0.002426821450796597,-1.2060911909339156,0.5204934690631952,-0.7532984537733945,0.6119882148914426,-0.366522222357407,-0.65401052911377,-0.6091116347267345,-0.3606389981759112,0.35491955287075316,-0.5323133715566825,0.2558123848792411,0.08481889296799716,0.36034939337255234,-0.9818148073101216,-1.1242851246434171,-1.6061150897670042,-2.2948040527195173,-0.4994432276213755,0.7633700367119737,0.820667912302699,-0.003819343346356605,-0.7168289546576794,2.3659197834055155,-0.6950701982678195,-0.5909245197619911,0.9288787102971195,0.049154164837955865,-0.020145574100634434,-0.9947805749745499,-0.2732356330820343,-0.35805743701971643,-0.6420131994467714,-0.054312544659356886,-0.6275419741948297,-1.7060262685139604,0.3887191065066441,1.174440439029407,1.2578865135665689,0.7547319081399414
740,2025,1,1889887,2025-04-01,Red Bull Bragantino 2 x 2 Ceara,7334,Ceara,37.54,62.46,Fora,-0.37349899826778477,-1.0432637546031822,0.11783658195851454,-0.808121013731809,-0.07358623782641503,-0.7027366541455788,1.3768684145887493,-0.6707844926894403,-1.3506915102580057,0.5220530057466591,-1.1609320824633966,0.21662864371070753,-0.3613298937514987,-1.9085390136200722,-1.3779556706465945,0.21899099806150915,-1.9883903060554076,-0.21950932322062153,-0.6881413866129259,-0.19841894753313627,0.5122780934910137,0.41653520533931615,-0.580649030752131,-0.7190082644628102,-1.6585559333009046,1.0601097037009943,0.9920947376656813,0.23276429634277926,-0.4620628597399632,-1.1867167218774506,2.0568792289497932,-2.1453735079817893,-1.2099455843458926,-0.16967666755622768,-0.6661450811476652,-0.6414656901688489,0.6381257919430182,0.1167217983139177,0.0,-0.3708018138534557,1.18060255540228,-0.6263741509185957,-0.8598844275826477,-0.4765423461068792,0.0,-1.18060255540228,1.18060255540228
741,2025,1,1889887,2025-04-01,Red Bull Bragantino 2 x 2 Ceara,5438,Red Bull Bragantino,62.46,37.54,Casa,0.9717912312090087,0.18378726502020645,0.7268701672491757,0.8200576892222999,0.5464400420931375,1.239759800294129,1.9427047493512493,1.0919154439792844,1.0018196176424157,2.1453735079817906,1.2099455843458926,0.16967666755622768,1.2957115002964197,1.019333336819811,1.7680201646276903,-0.7636956049362421,0.974379981355087,0.9428265767219043,-1.060109703700994,-0.9920947376656813,-0.23276429634277926,1.6282739845082357,0.6816967598878906,1.5950413223140494,0.7400652057588799,0.6881413866129261,0.19841894753313627,-0.5122780934910137,-0.4303513973611839,1.1867167218774506,-0.5213330547615076,-0.5220530057466576,1.1609320824633966,-0.21662864371070753,1.1492105962590597,1.302369734585239,-0.7275003795159266,1.2839397814530946,0.0,0.10238223107321795,1.18060255540228,-0.6744759797448402,0.8139068282706292,-0.014576485763595364,0.0,-1.18060255540228,1.18060255540228
742,2025,1,1889890,2025-03-31,Bahia 1 x 1 Corinthians,1237,Corinthians,59.95,40.05,Fora,-0.718283298912453,-0.2670983685339823,-0.7689882389985376,-0.12283601746117805,-0.7684835806338092,0.47278854696642114,-0.8864769244612505,0.21776016926397712,-0.0747303331006346,-0.9354358985335395,0.0235510088019809,-2.200753689356618,-0.7237039799988259,1.4530922035516456,1.118070343944191,-0.5031347632322929,-0.05654065691506042,0.47770904226086175,-1.060109703700994,-2.5794463179307714,-3.786013646143564,-0.6437362264334886,-0.5262976578139231,-0.3057851239669424,0.21229206794498234,-1.171700198827415,-1.3889326327319538,-0.5780904398067523,-0.5774775942175032,-0.01856589056034547,-1.571404076505155,0.9767815468284617,1.0201194072780018,-1.1259824012316682,-0.3669151853307004,-1.5485888883874233,0.30166716998936527,-0.8170525881974239,-0.6201736729460422,-0.7975116493996306,-0.062136976600120054,-0.6472056288730013,1.2943469109692551,-0.8931358014622413,0.0,0.062136976600120054,-0.062136976600120054
743,2025,1,1889890,2025-03-31,Bahia 1 x 1 Corinthians,1221,Bahia,40.05,59.95,Casa,0.003115173378793558,0.6370891611959322,0.9830407572332561,0.947807287864426,0.838307366244193,-0.5013288945585442,0.3395018008574994,0.5225422765401956,-0.053000842353752846,-0.9767815468284603,-1.0201194072780018,1.1259824012316682,1.0473918678185796,0.15181560335614194,-0.16409179013178166,-1.706677698721963,-1.6264307790962358,0.3472325739520447,1.1717001988274147,1.3889326327319538,0.5780904398067523,0.11360051054708621,-1.1432052781297684,-0.6363636363636366,-0.17896948432438242,1.0601097037009943,2.5794463179307714,3.786013646143564,3.92465692571409,0.01856589056034547,-1.274860521810245,0.935435898533541,-0.0235510088019809,2.200753689356618,1.5954605803427215,1.1727807062682998,0.5850007463713891,0.3501653949417531,1.2403473458920844,1.0943681336062017,-0.062136976600120054,1.1502475740683444,-0.2580428186107134,0.9538915465494404,0.0,0.062136976600120054,-0.062136976600120054
744,2025,1,1889883,2025-03-30,Flamengo 1 x 1 Internacional,1239,Flamengo,65.28,34.72,Casa,0.9126425443543869,1.261200585163987,1.0716358073134287,1.0918474117035566,0.8557663975129159,0.357719512215331,-0.7921708686675004,0.7118479332334979,1.4125085986214265,0.7469562945029219,1.131085315076874,1.4763643918069678,0.3531184482638062,1.9952907869664387,1.6545228293507532,0.7325026505371021,0.7475783487514303,0.7758647884869464,0.7997318817393466,0.5952568425994088,-0.281382844271345,1.7797413319043507,0.8789124536543265,0.8512396694214874,1.1273392466394672,2.9199512891413355,-0.5952568425994088,-0.2981016970063465,0.5952269423584815,1.4490165923948555,-1.1269462481648795,-0.21945707643401444,1.768038258422313,0.5668569409888327,0.5834778550082251,0.654424593000543,0.30166716998936527,1.51738337808093,1.2403473458920844,1.2482838350848093,-0.062136976600120054,0.3300672826181316,1.1651963511040329,1.1041582349897143,0.0,0.062136976600120054,-0.062136976600120054
745,2025,1,1889883,2025-03-30,Flamengo 1 x 1 Internacional,1219,Internacional,34.72,65.28,Fora,-0.8508961528759337,-1.234889166855941,-0.5343201193619441,-1.259913304327064,-0.7127171128856495,-0.3585588371297599,0.15088968926999946,-0.7718991057140119,-0.9205378000346647,0.21945707643401596,-1.768038258422313,-0.5668569409888327,0.4272901480174527,-1.366340430205279,-1.2485217906765589,-0.6553068585240902,1.3153330277708295,0.01914701368891035,-2.919951289141335,0.5952568425994088,0.2981016970063465,-0.7952035738296035,-1.363925068598033,-0.057851239669421725,0.3698470554360028,-0.7997318817393468,-0.5952568425994088,0.281382844271345,0.4060478902641486,-1.449016592394855,0.9542603227041863,-0.7469562945029204,-1.131085315076874,-1.4763643918069678,-0.9831869180295597,-1.418999860070484,-0.37125007391794074,-1.7508269747087655,-0.6201736729460422,-0.8380442791990532,-0.062136976600120054,0.7100751421075254,-0.9632048754748253,-0.932707489049822,0.0,0.062136976600120054,-0.062136976600120054
746,2025,1,1889884,2025-03-30,Vasco da Gama 2 x 1 Santos FC,1241,Santos FC,49.42,50.58,Fora,-0.316745776794559,-0.545562872429917,0.40605454331086244,0.1961465433893676,0.4475063678403017,0.3956579841086091,0.9053381356199993,-0.8220846673254713,-0.8154840304235265,-1.0511432153104094,-1.0275410635701259,-0.2440613432139961,0.7647102549446486,-0.2819432633756926,0.1518962150227001,1.447434821871655,0.47388390083655635,0.9871985147622413,-1.060109703700994,-0.9920947376656813,0.5780904398067523,1.476806637112121,-0.9743926304219802,-0.14049586776859527,-0.05810206212652101,0.6881413866129261,0.9920947376656813,1.4985056612924281,0.3941729966650218,-0.5263429973858007,0.10116874234869576,-1.136315883675749,0.7030320412814792,0.10803272582961483,0.4998644038321771,0.5248355646836038,0.49392923967716623,-0.3501653949417531,0.6201736729460422,0.6303484263081253,-0.062136976600120054,1.3827884483734434,0.12682584978764827,0.5008727569336306,-0.9534625892455922,-1.18060255540228,-0.062136976600120054
747,2025,1,1889884,2025-03-30,Vasco da Gama 2 x 1 Santos FC,1226,Vasco da Gama,50.58,49.42,Casa,-0.0895699213710004,-0.21219344045852473,0.47502111943495096,0.5254607860989828,0.9535206297612231,0.9560092139723266,0.9053381356199993,-0.6841460665534019,-0.7082260338748675,1.1363158836757505,-0.7030320412814792,-0.10803272582961483,-0.858793925381696,0.15181560335614194,0.6796467590883664,1.5994402445508655,0.8890272575785387,0.6992551528973219,-0.6881413866129259,-0.9920947376656813,-1.4985056612924281,0.870937247527661,-0.10606764476021843,0.2727272727272725,0.482388752414803,1.0601097037009943,0.9920947376656813,-0.5780904398067523,-0.23967460025168513,0.5263429973858007,-0.6917983561926092,1.051143215310411,1.0275410635701259,0.2440613432139961,0.3038977402260087,0.006479451415847052,-0.37125007391794074,-0.1167217983139177,1.8605210188381267,1.1293160308880332,1.18060255540228,1.816674489706437,0.2094822081013906,0.988010903717309,0.9534625892455922,0.062136976600120054,1.18060255540228
748,2025,1,1889885,2025-03-30,Palmeiras 0 x 0 Botafogo RJ,1234,Palmeiras,61.57,38.43,Casa,-0.21902462312795085,0.24616505464332558,0.019180175427153712,0.21327597927238767,-0.016818586978315897,0.6989971438241972,-0.8864769244612505,-1.0449085608803539,0.121978368377431,-0.3703513625025272,0.9260486149774247,-1.62701895328854,-2.2604975648860224,1.1277730535027697,1.1651549722610721,-0.5339948385012588,0.016723102233974958,0.020013254615888574,-0.3161730695248578,-0.9920947376656813,0.5780904398067523,-0.34080153164125865,0.2825574638190167,1.5123966942148759,1.7104771256852758,-1.171700198827415,0.19841894753313627,-0.4163185937582176,-0.3657903225354329,0.42653943441204467,-0.06300147282102508,0.021596544610683735,0.781001120734268,0.0014372010956551894,-0.3558738391524172,0.5248355646836038,-0.37125007391794074,0.1167217983139177,0.6201736729460422,-0.06769614297087811,-1.30487650860252,-0.20028811305438615,0.7209184251676691,-0.18062266427167087,0.0,1.30487650860252,-1.30487650860252
749,2025,1,1889885,2025-03-30,Palmeiras 0 x 0 Botafogo RJ,1227,Botafogo RJ,38.43,61.57,Fora,-0.20707138157505234,0.2941373871530669,0.21137000352077562,0.2333967723226889,-0.39033416584627767,0.0897954072586634,0.9053381356199993,0.7321807630264825,-0.7876826805742283,-0.021596544610682222,-0.781001120734268,-0.0014372010956551894,0.06751373678965028,0.5855744700879765,-0.3823061727699873,0.7654645471487107,1.6208618486328992,0.11150971972469968,1.1717001988274147,-0.19841894753313627,0.4163185937582176,0.11360051054708621,-0.842320840964405,0.2727272727272725,0.19176291242467686,0.31617306952485785,0.9920947376656813,-0.5780904398067523,0.4159452716241607,-0.42653943441204467,0.6324644947397434,0.3703513625025287,-0.9260486149774247,1.62701895328854,0.659156185391685,1.302369734585239,0.49392923967716623,0.1167217983139177,-1.2403473458920844,-0.5445344035172651,-1.30487650860252,-0.8705960111107731,-0.8211392596230811,-0.6461561065753785,0.0,1.30487650860252,-1.30487650860252
750,2025,1,1889886,2025-03-29,Sao Paulo 0 x 0 Sport Recife,1224,Sao Paulo,67.07,32.93,Casa,1.034477898019679,0.07658770382879905,-0.07490180769108686,0.7043185926172905,-0.1936068617031948,0.9946189049837167,-1.1693950918425005,0.999412240305706,2.104271166505481,0.051460439648335785,0.6414454342423684,1.9492609015358071,1.4280078504091887,-0.06506383000977534,0.09233087225042051,-0.5774275370279516,-0.723561548292134,-1.3891252738152793,-0.3161730695248578,0.5952568425994088,0.5122780934910137,-1.0981382686218335,1.9048597509145966,0.02479338842975183,0.46569300615970644,-0.42776356465127857,-0.5952568425994088,0.2915592990440321,-0.25790530961834873,1.1783151875632738,-0.9169207860190799,0.08128805006899444,0.5367762453959558,0.6003357413772444,0.5018471961326881,0.5248355646836038,0.032500272426443017,0.5836089915695885,-0.6201736729460422,-0.05332503506141575,-1.30487650860252,-0.49327272570546893,0.9120612537681978,0.9787222601221222,0.0,1.30487650860252,-1.30487650860252
751,2025,1,1889886,2025-03-29,Sao Paulo 0 x 0 Sport Recife,1231,Sport Recife,32.93,67.07,Fora,-0.6013138429300319,0.01292841957207605,-0.2818289161093323,-1.199257998158303,-1.3552838302213501,-1.4390465166503204,-0.03772242231750053,-1.4840976844088172,-0.47458291276771764,-0.08128805006899292,-0.5367762453959558,-0.6003357413772444,-1.2120527767524545,-0.17350354669273396,-0.7978031822696492,-0.5031347632322929,-0.05654065691506042,0.5436132986314763,0.4277635646512785,0.5952568425994088,-0.2915592990440321,-0.34080153164125865,0.6880041750820866,-1.5454545454545456,-1.5140860149578352,0.31617306952485785,-0.5952568425994088,-0.5122780934910137,-0.21363782156772534,-1.178315187563274,0.7988865425727201,-0.05146043964833427,-0.6414454342423684,-1.9492609015358071,-1.0280104692917618,-1.6781779167043624,2.6568775236649356,-1.0504961848252592,-1.2403473458920844,-1.3067606446667837,-1.30487650860252,-1.5752699187699102,-1.273166219151358,-1.3903115890862712,0.0,1.30487650860252,-1.30487650860252
752,2025,1,1889888,2025-03-29,Cruzeiro 2 x 1 Mirassol,6332,Mirassol,57.43,42.57,Fora,0.846329789296368,0.15373330726294138,-0.2774785562143036,-0.11244427455351627,-0.24220724657061324,1.699668036081371,0.43380785665124943,1.9013184761230864,1.34955898662399,-0.3606633348036059,1.5067469614129272,-0.23366316569463852,-0.042789262178310104,0.26025532003910057,0.1253332918945227,0.39606398167378243,0.4528187723344612,0.5563810528286421,0.4277635646512785,-0.19841894753313627,0.47352308684762345,0.26506785794320115,-0.11017866599321106,1.3471074380165287,1.023754636408964,-0.7997318817393468,-1.3889326327319538,-0.5780904398067523,-0.9782034527810396,0.43725274964552446,-0.31606634581150017,0.27086008234460546,0.4066899356689948,-0.23078876350332866,-1.0629310200252557,0.26565750804972543,1.0263472788126178,0.5836089915695885,-0.6201736729460422,-0.5834649712523556,-0.062136976600120054,-1.1391438318617038,-0.004907721274877826,0.46115081123116725,-0.9534625892455922,-1.18060255540228,-0.062136976600120054
753,2025,1,1889888,2025-03-29,Cruzeiro 2 x 1 Mirassol,1230,Cruzeiro,42.57,57.43,Casa,0.17998416578274443,-0.10070835592017124,-0.2106824060952411,-0.5144972828913073,0.03986746108116718,0.6612272873615557,0.9053381356199993,-1.2892960570373204,0.17909345776177718,-0.27086008234460396,-0.4066899356689948,0.23078876350332866,0.08732266092120917,-1.5832198635711963,-1.008278074580789,0.28178454252183976,0.4268046869174827,0.23207324244739724,0.7997318817393466,1.3889326327319538,0.5780904398067523,0.5680025527354311,-0.7299733796392556,-0.9669421487603308,-1.2537602544137245,-0.42776356465127857,0.19841894753313627,-0.47352308684762345,0.09416315621085083,-0.4372527496455249,0.6796287016485684,0.3606633348036074,-1.5067469614129272,0.23366316569463852,-0.3476525862014155,-0.9006437468027273,-0.37125007391794074,-1.0504961848252592,0.0,-0.013989285668045874,1.18060255540228,1.3778312719842054,-0.8779655059637789,-0.12818908201916354,0.9534625892455922,0.062136976600120054,1.18060255540228
754,2025,1,1889889,2025-03-29,Gremio 2 x 1 Atletico MG,1244,Gremio,34.88,65.12,Casa,-0.7695335097997538,-0.15425847611956753,-0.6899043791904326,-0.8196597029712236,-0.1625619983420757,-2.143184554989562,-0.03772242231750053,-0.20312940745079985,-0.8658694611227695,-0.5431328249740625,-0.22564689196416154,-0.9853419458439809,-2.1961058725485203,-0.39038298005865124,-0.4559955415377612,-0.07329800055741076,-0.4259517541827603,-0.43943030281899914,0.4277635646512785,-0.19841894753313627,0.40937693144269827,-1.2496056160179483,0.7038500708349796,-0.9669421487603308,-1.1619241202403663,-0.7997318817393468,-1.3889326327319538,-0.07222510936267389,-0.4380640667279954,-0.901525104418647,1.6564660124808719,-2.4220861043148196,-0.5366263932058093,-0.9088885801323605,-0.9315987341280776,-0.38228763353497053,-1.8853138727093788,-0.1167217983139177,-0.6201736729460422,-0.3924449736046457,1.18060255540228,-0.5007831195499457,-1.102687480129265,-0.4976723926970068,0.9534625892455922,0.062136976600120054,1.18060255540228
755,2025,1,1889889,2025-03-29,Gremio 2 x 1 Atletico MG,1235,Atletico MG,65.12,34.88,Fora,0.19613606077049034,0.639686539043151,0.02298438021954019,1.2215290311644122,1.9363072437029072,-0.9379827714998258,0.05658363347624946,-1.0449085608803539,-0.8999890962086281,2.422086104314821,0.5366263932058093,0.9088885801323605,0.981109162998122,-0.06506383000977534,0.43514547171107887,2.0267616113684426,0.3667032471461982,0.7057794165320926,0.7997318817393466,1.3889326327319538,0.07222510936267389,0.719469900131546,-0.27927023984619265,0.8512396694214874,-0.19863607028501187,-0.42776356465127857,0.19841894753313627,-0.40937693144269827,-0.9241884312714572,0.901525104418647,-0.23433803404523018,0.543132824974064,0.22564689196416154,0.9853419458439809,2.77360218243086,1.950314876169935,-0.9218187280239184,2.217714167964436,2.480694691784169,3.159577462307901,-0.062136976600120054,1.5278338700219876,0.8733160858086313,2.9701391663746195,-0.9534625892455922,-1.18060255540228,-0.062136976600120054
756,2025,1,1889891,2025-03-29,Fortaleza 2 x 0 Fluminense,1232,Fluminense,74.39,25.61,Fora,0.23209345945915544,0.785706636570856,0.12337638135281655,0.44858720707971467,-0.40353508334026533,-0.9746796206765967,-2.2067617055737503,0.6386497459787541,-0.0846884392356089,-1.1064324568875743,1.5880738924171711,0.6371842015515496,0.3532994724708519,1.019333336819811,1.1004728022129258,0.7993295094209116,-1.9397522841323045,0.46258569187726034,0.4277635646512785,0.5952568425994088,0.5780904398067523,0.5680025527354311,0.39701364870020894,0.7685950413223138,0.7206905664184489,-0.055795247563210366,-0.5952568425994088,-0.5780904398067523,-0.3423008644784356,1.599817993967501,-1.5178355868705042,1.1854210197262909,0.7489435042965366,-0.7053374737708168,0.150924803825638,-0.12310957690109214,-0.37125007391794074,0.5836089915695885,-0.6201736729460422,-0.3231756214393805,-1.30487650860252,-0.8220325206628352,2.0279220910037155,-0.4300452691463649,-1.9069251784911845,-1.18060255540228,-1.30487650860252
757,2025,1,1889891,2025-03-29,Fortaleza 2 x 0 Fluminense,2065,Fortaleza,25.61,74.39,Casa,-0.19241215959083274,-0.5634861978234322,-0.7886423657983865,-1.2219538094122753,-0.46188175934096537,-0.7773995668315501,-0.4149466454925005,1.6382624906763503,-0.15263141592432566,-1.1854210197262893,-0.7489435042965366,0.7053374737708168,0.5834957070668785,-1.2579007135223204,-1.6470961679340277,-1.706677698721963,-0.6741446317675109,0.2533080315445776,0.05579524756321035,0.5952568425994088,0.5780904398067523,-0.9466709212257185,-0.4866177538073465,-1.8760330578512399,-1.1968378834612288,-0.42776356465127857,-0.5952568425994088,-0.5780904398067523,-0.39951205465532663,-1.5998179939675012,0.4721949899277018,1.1064324568875759,-1.5880738924171711,-0.6371842015515496,-1.0627391497128793,-1.0302327751196665,-1.5825011129510913,-1.7508269747087655,-0.6201736729460422,-0.8430354774272936,1.18060255540228,0.6918327658933464,-1.5185522828952795,-0.9375803566124007,1.9069251784911845,1.30487650860252,1.18060255540228
758,2025,1,1889892,2025-03-29,Juventude 2 x 0 Vitoria,1238,Vitoria,64.15,35.85,Fora,0.2624047279742014,0.3393262131153657,0.4542369562537603,0.1774305216715105,-0.44738418266246754,1.188116785015402,-1.4523132592237504,0.6062736246930022,1.906455655555457,0.56937459515959,1.365412972333387,-1.2206235152403195,0.028574392885144306,-0.39038298005865124,-0.019269208906709377,-0.1475425322921632,-0.6204878687973672,-2.8092584333722987,1.1717001988274147,0.5952568425994088,0.03587407883966072,-1.7040076582062933,2.5816442498090435,0.9338842975206609,1.4171703580460095,-0.42776356465127857,0.9920947376656813,0.10829257598561266,0.3495696753847479,1.0396898713793588,-0.09428870785466217,0.9099705708731118,0.5502156257386085,-0.3680131971300007,-0.5121702133019245,0.13606847973278624,-0.8371158581614603,0.3501653949417531,-0.6201736729460422,-0.5028995796561464,-1.30487650860252,-0.9347054348983395,0.6589261564323629,-0.6055083555967432,-1.9069251784911845,-1.18060255540228,-1.30487650860252
759,2025,1,1889892,2025-03-29,Juventude 2 x 0 Vitoria,1220,Juventude,35.85,64.15,Casa,-0.30062538499947816,-0.5088876398249963,-0.9848600838149734,-0.5211744188999583,-0.3893148618844455,-0.9194412055999833,-0.03772242231750053,-1.0449085608803539,-0.8875712952092345,-0.9099705708731103,-0.5502156257386085,0.3680131971300007,0.2377280726153668,-0.2819432633756926,-1.1892761229098896,-1.0968826114071966,0.8276863125963858,-2.2771740377450644,0.4277635646512785,-0.9920947376656813,-0.10829257598561266,-1.4010729634140633,-0.9756403819756969,-1.2148760330578514,-1.2406091102272483,-1.171700198827415,-0.5952568425994088,-0.03587407883966072,-0.5506140830154049,-1.0396898713793596,0.9768441554841256,-0.5693745951595884,-1.365412972333387,1.2206235152403195,-0.9002183471274062,-0.6414656901688489,1.2804558883999912,-0.8170525881974239,-0.6201736729460422,-0.7265922415519406,1.18060255540228,-0.5032034096236188,-1.1233515697077006,-0.8238977415304628,1.9069251784911845,1.30487650860252,1.18060255540228
