,Temporada,rodada,game_id,data,partida,team_id,clube,possession,opponent_possession,place,Defesa,Transição defensiva,Transição ofensiva,Ataque,Criação de chances,PPDA,Intensidade defensiva,Duelos defensivos vencidos (%),Altura defensiva (m),Velocidade do passe adversário,Entradas do adversário no último terço (%),Entradas do adversário na área (%),xT adversário,Perdas de posse na linha baixa,Altura da perda de posse (m),Recuperações de posse em 5s (%),Tempo médio ação defensiva (s),Tempo médio para recuperação de posse,Entradas do adversário no último terço em 10s da recuperação da posse,Entradas do adversário na área em 10s da recuperação da posse,xG do adversário em 10s da recuperação da posse,Recuperações de posse,Altura da recuperação de posse (m),Posse mantida em 5s,Posse mantida em 5s (%),Entradas no último terço em 10s,Entradas na área em 10s,xG em 10s da recuperação da posse,xT em 10s da recuperação da posse,Field tilt (%),Bola longa (%),Velocidade do passe,Entradas no último terço (%),Entradas na área (%),xT (Ameaça esperada),Toques na área,"Finalizações (pEntrada na área, %)",Finalizações (exceto pênaltis),Grandes oportunidades,xG (exceto pênaltis),Gols (exceto pênaltis),xG (pFinalização),Bola em jogo (minutos),xG (Total),Diferença de gols,Gols sofridos,Gols marcados
0,2026,29,1956011,2026-10-09,Palmeiras 1.0 x 0.0 Bahia,1221,Bahia,66.09,33.91,Fora,-0.9678037651009501,0.42764939151561254,-0.2569904417000078,-0.9309312578118026,-1.1147356516492644,-1.7448074190120986,-1.0660807160229702,-1.5118111674444283,-1.127792746902634,-1.1787228971424766,-1.0901142061177207,-0.38537350780202273,-1.5281869005801099,0.011604222023011613,-0.15646029271809864,0.7383141538612155,-0.05035623230253351,0.563654978203972,0.5200579149783596,1.3353957217791774,-1.0973014808309225,-0.7828985295214705,-0.020445051416339243,0.6730147019607216,1.357658654858213,-1.1799699654434508,-0.45643546458763845,0.728653341196756,0.22479165880813096,-0.5692494038283993,-0.8011924200436016,-0.2687873649316876,-0.46775885500757824,-1.9510840392825608,-0.7356327331286723,-1.5730049241337642,-0.5176349771669257,-0.7764536663298178,-1.0037590752791055,-0.9926324183737947,-1.4670289407654775,-0.8943836387603898,1.509232214270765,-1.296483562337719,-0.9931270663228416,0.23230315905999022,-1.6562981139083928
1,2026,29,1956005,2026-10-09,Fluminense 4.0 x 0.0 Coritiba,1232,Fluminense,70.87,29.13,Casa,0.3735136704992984,0.6804225817499667,0.6279626976866725,0.7221679903888354,0.58395614542845,-3.2896198242001904,-1.3625151325620004,-2.3879213838474023,1.3032014136116563,-1.8784400996946007,1.0619417015067967,1.671518774891102,1.4748286541390865,0.8369257035967779,0.10261825894638595,0.06959739837119215,-0.5593478703990108,1.2178109637914043,0.9905072696163267,0.7916390948403763,0.21027222287104497,0.7425501522150822,1.3358033090146617,0.067366181770787,0.6429737951876736,0.5738539217988251,-0.26356833569584015,1.7068687864936696,1.311770957016519,1.49893835772016,-1.4045064292719325,1.4504084698389108,1.2037977248211806,0.020694997621330903,0.16524088139266957,0.24184784596731881,1.1481844525516622,1.2488020172874212,-0.26117584882778494,0.5323774193803643,2.261597344129335,-0.4240497140482076,2.537971744000943,0.453464846523339,2.877807571144925,1.3846153846153846,2.2845046783235463
2,2026,29,1956011,2026-10-09,Palmeiras 1.0 x 0.0 Bahia,1234,Palmeiras,33.91,66.09,Casa,0.48016449045881204,0.7703126905642506,-0.08466053644834944,0.5476921341552038,1.1868965682962294,-1.1417682141596426,0.14767103226409745,2.060157134794159,0.5377006661489746,0.27886761855099734,0.3977308485703771,1.4056603488463613,0.28857274561284707,0.7254554127027142,0.6612351706618642,-0.7680060518726273,-0.25815461619572405,0.634436577463482,1.243650540411842,0.4509096384805817,-0.7514666356839369,0.185884365825946,0.9135032497065562,-1.217925840945499,-0.9325699397613431,-0.23484063767639016,-0.5241424183609591,0.920535812748483,0.36955806276024933,0.24491488372540304,-0.3152443461599381,0.9794913692293986,0.8753581569373928,0.5701592568990799,0.5003362390589395,1.240845043010335,0.5539999465149169,1.767011288700372,1.4687160460053161,1.9109228220824663,-0.4564354645876384,0.9170015201309297,-1.1568717200373502,1.8378023913362416,0.05259516830382171,0.9244734516419049,-0.5285941398709242
3,2026,29,1956019,2026-10-09,Athletico Paranaense 2.0 x 2.0 Atletico MG,1235,Atletico MG,47.62,52.38,Fora,-1.1395992385751028,-0.11821644627121303,0.783702857472842,-0.420764735871327,-0.12718807880596747,-0.48433314240569364,-0.5463086175491061,0.4601217734355551,-0.32655871618013266,-0.5483459308244798,-1.5367150946902477,-1.6587488222779025,0.3543829634283377,0.64070388664392,0.3043558600862118,1.4137130805107918,0.34755708460537016,1.1383001904351644,-1.837886057380792,0.4199605255658081,-0.2582775085223094,0.6657523270956333,0.2791449204747119,0.8433258595588382,0.7514339529912925,1.6921064814154108,0.33659453374915754,-0.24879368366482996,0.8852930225433001,-0.49467526496570624,-1.2640637320012424,1.2284226176945245,0.22337258078972796,-1.0336061145617317,-0.37815014474759817,-0.7471506529276413,0.4395033389686293,0.3273532990521259,-0.21147221305507238,-0.20270999068863105,0.6875000000000001,-0.5624443748173613,0.24541680883898648,-0.26806094013425014,-0.10640706634484358,-0.8717192547505778,0.554051251343814
4,2026,29,1956005,2026-10-09,Fluminense 4.0 x 0.0 Coritiba,1236,Coritiba,29.13,70.87,Fora,-0.9494687885578019,-0.09435409103807932,-0.26369273595955184,-1.0959186835517682,0.13589518488470453,-2.884650672151505,-2.3592773576817008,-0.8619431849045464,0.6186303280285664,-1.3880429783119266,-0.5161032953808763,-0.5931047990097348,0.7705241175455154,0.36649602178532,-1.094753638388435,-1.594613797125106,-2.5814838953048467,-2.4910922013206527,-0.3584833285814293,0.7093245810322272,-2.6255285262194783,-1.8544517954704858,1.7216042704345633,-0.4715089270716805,0.5653563890622204,-0.6800123130916322,-0.362514603543555,-0.03737710511436203,0.06472695298547954,-1.1336091017142602,-1.446565166622358,2.1154531440476965,-0.46221916757439,-1.483686661130547,-1.3041598037878757,-1.353072098608367,2.8617793100358075,-0.5865681557778261,1.0629880069054678,1.1914064639251398,-1.1500671555359552,1.6888218022488353,0.16702381111231376,1.1063585587861853,-2.0460423066777844,-1.7972163006936501,-1.1819216452498889
5,2026,29,1956019,2026-10-09,Athletico Paranaense 2.0 x 2.0 Atletico MG,1243,Athletico Paranaense,52.38,47.62,Casa,0.2337252140305684,-0.033581807394251165,0.6255895730143854,1.356633745073335,1.1278322552701459,0.2569116774463476,-0.30859744387984184,0.5446893464720829,0.9282445559259758,-1.083151773298033,-0.08759646148358752,0.47709882403326814,0.6027717423936985,0.7490457887524822,0.9590620268826087,-0.6154080127579964,-0.09468139416245845,0.863836603560415,-1.3990368700381637,-0.4433981751739318,-0.17426583403885004,0.9832129821088735,0.9566472844688165,0.6072421931254526,0.3654016527411147,2.1934360933471,-0.7939992333804207,0.027267758910101903,-0.19300188158350942,0.6364275703446539,-0.7739102091507408,0.9114836112077039,1.5868576117499444,1.7441902848515927,1.4590595133471491,2.0442381382278283,0.8848359417024921,3.1538680778832866,0.15022315323773597,1.2218023259126438,0.6453312654438671,-0.7916032081146378,1.225682176229249,0.8702215944108549,-0.28651274358884277,-0.8118121097900861,0.4191368221424546
6,2026,29,1956015,2026-10-08,Cruzeiro 2.0 x 0.0 Sao Paulo,1224,Sao Paulo,45.05,54.95,Fora,-0.040201942953791925,-0.9854199851679204,0.2902934673026896,-0.6843313323452803,-0.2762870962421323,1.0055011877750089,0.8345885959274998,0.07322340119101327,-0.09993869288737552,-0.591032755702449,-0.27733856356983405,-0.6300683977495315,-0.34133621583061935,-0.5585900035113338,-0.27825526056949773,0.3405739194743952,0.43962632183193656,0.22057134865772865,-0.9423702678410872,-2.162464408749763,0.1191997963736242,0.6626477623609891,0.812123159768766,-0.11212094057059452,-1.007669887833998,1.187940745690855,-0.40325254197910865,-0.6091750876025425,-0.405577381454769,-0.5720952420590949,0.7998726728006536,-0.35496489952914734,-0.7380971326313395,-0.3595216075657245,-1.0676113471249624,0.17900605377771156,0.8510141995498309,1.035469495688166,-0.6689891862376227,-0.4000179697411298,-1.0526899013331488,-0.9589371993493795,-0.527246630960484,-0.5569557384396135,-1.5126229434376843,-1.046449728472674,-1.2654922315981614
7,2026,29,1956007,2026-10-08,Botafogo RJ 1.0 x 2.0 Vasco da Gama,1226,Vasco da Gama,47.02,52.98,Fora,-0.641398496592484,0.06950587212102352,-0.24772292457747694,-0.332581739827986,0.2665304795286,-1.0169374017937207,-1.0074925953971203,1.4198620587283226,-1.036144964024933,2.2842869099107674,-0.5636886239831074,-0.21405082634038433,1.3783846372500237,-0.721446868603997,-0.27543472291602705,-0.29708982924857275,-0.45430840489726904,-2.0741213687734406,1.0203272817125795,0.2545777982915386,0.7011569212295022,-1.232123195016328,-0.7713613587454137,-1.150744469500402,-1.425137039701594,-0.7409354009379207,0.11990028442779196,2.9726036481906752,2.2889265923074107,-0.05324576478561791,-0.8975419195212772,0.35548819386950303,-1.0014627184649487,-0.015678566041724743,-0.25993991001965255,-0.2461710439536103,-0.2086352479822937,-0.15724313381376273,0.3625135725463334,0.3836311808101149,0.7269004605005989,0.6501170648361465,-0.32510393417574474,0.31161190680663836,0.7242243488319183,0.47519096331149147,0.5997601439040671
8,2026,29,1956007,2026-10-08,Botafogo RJ 1.0 x 2.0 Vasco da Gama,1227,Botafogo RJ,52.98,47.02,Casa,-0.12256272881211508,0.4250134846390964,-0.6176799436807897,-0.4019070278503682,-1.0961466379512848,-0.06430015974797745,-0.4663955023192103,0.9875722749170978,-0.9685216964258154,-0.1767454586922101,0.4564351777705504,-0.19865878114737698,-0.2838606711792911,1.0002638817043972,0.516892786230607,1.2056201753028521,-0.16800497961236058,-0.6636242476168016,0.6140805908568017,-0.4311833202354204,-1.7880765276512414,-0.8465068317243454,-0.22255972263814178,0.5641015050393308,1.1252459621328608,-1.754744222771997,-0.6947820837245289,-0.9119649332272337,-0.7515883062650562,-0.5353528711610775,-0.13074450222996728,-1.5671824909470498,0.17098315871588995,-0.0966917234807188,-1.1465666754755663,-0.6943574616364061,-0.6017694678306683,-0.5256959125062638,-1.7117636168976955,-1.541929835999314,-0.3278109752951825,-1.7604619795004224,1.09863285876517,-1.567510291027206,-0.5107539184552492,-0.3278109752951825,-0.37621940211260124
9,2026,29,1956015,2026-10-08,Cruzeiro 2.0 x 0.0 Sao Paulo,1230,Cruzeiro,54.95,45.05,Casa,0.17776016288537352,-0.628295185342457,0.3241021371967829,-0.0418945936067029,1.7814823926093055,-0.7145953436300769,0.600879843573677,-0.27632018090696425,-1.0331139426014064,-0.5351628440721332,0.6751190323699424,0.42711681842921645,0.7152164710945189,-0.3675767951577198,-0.1444735390508848,2.321578579671305,0.779269367977108,1.434306766469942,-1.90137947355046,-0.09975093361076331,0.2552826585803986,1.4093726589015267,-1.037107667368043,1.0277994479055537,-0.4022571299504335,0.15570561406712483,0.830773163432567,-0.49929234672527045,-0.4419303937580319,-0.1519974602236325,0.3571312510186192,0.4011615258235525,-0.5579127393415501,0.2970924108746507,0.24523941426372023,0.8334094389193377,0.4823879363865777,1.827677792865423,2.7999126845331204,2.8989815924256632,0.6708203932499368,1.4524171306112987,-0.014845249346067717,2.545894875067247,1.139433237752325,1.2239801227242093,0.5174548896682011
10,2026,29,1956021,2026-10-08,Vitoria 4.0 x 0.0 Chapecoense AF,1238,Vitoria,52.14,47.86,Casa,-0.10634398557452393,0.5384398405732954,1.2731485693994602,1.246821703356305,2.0317193801949474,-0.37286058661908267,-0.07923184685641954,-0.6313757025139206,-0.650099872742674,-0.6627745187476259,-0.3245667270318532,0.4599500223248518,1.180575340030652,0.9662273739248423,0.10677041347435261,0.0852604384941653,1.0708764079054458,1.6798211316016949,0.47991980676787693,0.6008417681261098,0.6180643453240608,1.29974380904942,0.33699190338725077,0.38235927476558396,0.3822030877002509,1.6478002454245861,2.0050168916254156,3.9853197720263984,1.9669792921445035,-0.0230478468551955,-1.3676638440987456,1.8488105711276341,0.40525706361424363,1.492042434864874,3.113035161801298,1.0730277566615425,1.4129692140046235,1.5081619374813566,2.2440628346390668,2.788925907523838,3.0362884611063583,1.6252992311698558,1.5203126262353912,2.2432284457395832,2.167265885884412,1.05,2.7281931703388493
11,2026,29,1956009,2026-10-08,Santos FC 2.0 x 2.0 Flamengo,1239,Flamengo,55.88,44.12,Fora,-0.13834840433652953,-0.7209440511740263,0.15421852386156096,-0.6315412779371012,0.1535154790901964,0.3899239192102434,0.16216874328520037,-0.03039684453230078,-0.5191565853200589,-0.2618906917666746,-0.639781397615909,0.16398179330508392,-0.11999261018746947,-1.2682685656591728,-0.919183494667395,-0.9187899551468642,0.3716682479813983,-1.3373153594849483,-0.7943233358795422,0.09799919151000508,0.47806320589878937,0.09141886113755719,-0.47611828985061055,-0.11424230884621096,-0.6265406943030667,-0.13349689912781193,1.3331619553002287,0.2958874200281661,0.22458782455621323,-0.7338799958622994,1.0748658717290909,-0.6393923838519725,-1.1716665191995714,0.4274402209385546,-1.048058817625089,-0.5188636350863316,-0.3641727329255152,-0.6536397990655145,1.1544366369843346,0.1312191434838592,0.15034619483106582,0.7410792617345044,-0.5846967249555846,0.02368261099017088,-0.6106603353392058,-1.2654922315981612,0.02974820586543654
12,2026,29,1956009,2026-10-08,Santos FC 2.0 x 2.0 Flamengo,1241,Santos FC,44.12,55.88,Casa,0.1279420285638206,-0.01858340749822346,0.15209876149998025,0.1544686351464534,-0.6290156837344789,0.7302579900929389,0.35378160358747346,0.7775786707793011,0.6936001534045264,-1.1621880067576456,0.5432593418767966,-0.9068480231462563,0.26115485738189326,0.789982776759034,0.9764481548952313,-0.48232289314127047,-1.3089637875568891,0.47824318847005254,-0.06435694035637854,-1.7764076212907807,-0.600773066688312,1.8487749322186302,0.020074521488741563,-0.10937927271129372,-0.26284663533451585,0.23769671600866057,-0.8988771049900601,-0.8646381746172234,-0.1856972230147971,0.08925439700761496,-0.8617100890568501,0.05855424839243189,0.5462415822261182,0.010504686341319947,-0.02812612498923946,-0.00948351433115115,0.08974647347750878,0.13630324345693762,-0.7222222222222222,-0.8718850569958798,-1.4717809757251006,-1.0098214407303912,-0.24581046456076183,1.3167368401260613,-0.050604539936925735,-0.4831174698006232,0.5513228042919811
13,2026,29,1956021,2026-10-08,Vitoria 4.0 x 0.0 Chapecoense AF,8865,Chapecoense AF,47.86,52.14,Fora,0.095364440756403,-0.23459941132765477,0.22505263556368246,0.4018513263737916,-0.6920745456176054,0.5339225835588789,0.2048188675869211,-1.9220035440480658,0.6856930779911244,-0.5008484928325379,0.7081986409478527,-1.023399184709587,-3.019180776425608,0.3928337420867878,0.8758889300123807,0.05921605487425837,-1.065623680939804,0.6160883181517639,-0.6971212166978731,-1.5099991007119145,-3.1553887980528628,1.0837396207139804,-0.40768978098645936,0.9277311129098212,0.7748409033986265,0.3840647809260993,-0.20115274729832733,-0.6296246030491982,-0.4363771728830197,1.261374778263166,-0.36842776185297255,1.1883592852871931,1.0581196325403543,-0.2974691755618415,-0.4146199297465123,-0.0657471179743297,-1.5980099877643117,-0.24695630240035693,-1.13829930063565,-0.8417513977439439,-0.9510448211356669,-0.9879056777683748,0.7587200666896503,-0.9634545225936963,-2.0160645150967413,-1.7578076232766309,-1.0183277314699042
14,2026,29,1956017,2026-10-07,Internacional 2.0 x 1.0 Corinthians,1219,Internacional,26.74,73.26,Casa,-0.2906850586461804,-0.4525337717074993,0.07276708105643805,-0.44080606748817586,0.2663307979931895,-0.15746566642477688,0.8597638794487039,-0.4074883376953527,-0.2502450340742113,-0.4732791665727163,-1.415691053996169,0.24582833453124953,0.04825630173012534,-0.3959899160584606,-0.8951289958075651,-0.7674619048649073,1.0962726710887085,0.29292299925895765,-0.289222179115401,-0.22979399584857052,0.8275896389788039,-0.2044571918642858,0.7267993710943247,-0.9330098191702877,-0.9719135032216044,-0.3428817554403394,0.5742439355892021,2.6579775495007856,0.6159079461300144,-1.2687581359475102,1.0945326961683721,-1.0526694045686802,-1.2070384472815732,0.5069241840357561,0.20564812924062414,-0.020174670026927913,2.391364029657537,0.42438194557149284,0.13112569439434393,0.21821904812999074,1.1149412193707493,-0.21854658716320205,-1.219021062770983,0.1257444203790719,0.9503288904374108,0.2692307692307693,0.9498566853858941
15,2026,29,1956017,2026-10-07,Internacional 2.0 x 1.0 Corinthians,1237,Corinthians,73.26,26.74,Fora,0.1309780369176669,-0.09526155066582442,0.9342101521843397,0.8615159683932602,1.0183566131060255,1.1816970494106678,-0.8745118449901657,1.222821408405772,0.38005596867774105,0.7588478815905176,0.5458191072411718,-0.41466617222594576,-0.16140022406966378,0.4032182163302599,0.808309026004792,-0.3654150005268208,-0.3208151753018235,0.6580164656942349,-0.25369608220794343,-1.338877362790406,-3.7424906124785773,0.14538578417117354,-0.9502992691551798,1.9375877863097297,1.1760379632934412,0.038436670702117,0.3365945337491576,-0.6541342445664671,4.0975554073290406,0.6964884547575466,-1.2708540210545023,0.05590574473574526,0.9261814486227421,-0.012704731418828802,1.8360987016115808,1.2360957443459084,1.247631566323591,1.704396746994506,1.087261621706831,1.6362219697532994,-0.04055535528269071,0.22162734605555892,1.7904394516775282,1.6362219697532994,-0.6601846662748077,-0.8118121097900862,-0.04055535528269071
16,2026,29,1956023,2026-10-07,Remo 1.0 x 1.0 Gremio,1244,Gremio,40.27,59.73,Fora,-0.5060837361771165,-0.16939020240018632,-0.2610671192956361,0.2470954159575066,1.6875233057467354,-2.3043632169717867,1.4579853008092418,1.4151761035710446,-0.9196070236378829,-0.622559374025327,-0.8561346128457256,-0.04592897894447303,0.1256219050015262,-0.5603320942871498,-0.9278742232985986,-0.7772902266528885,1.1796029647499893,0.022457572060224796,-0.5029107243210124,1.3135562323060155,0.6547090949600488,-0.07114430000745056,-0.7821366813195303,0.13404187498934061,-0.6355072279853701,-0.7180146943118217,-0.2635683356958402,2.636004237875988,0.13441942057148573,-0.4408897804958434,0.24194152083794532,-0.8819692537431315,-0.6663996519332578,1.8993907319681256,0.19628036429100196,2.310553440630889,0.9946073330192342,1.2850190984112033,2.3647005885989323,2.453086349126255,0.0,1.434569315416411,-0.40443712334956994,2.158316146762052,0.2244854133065255,0.36037498507822363,-0.06035716402834562
17,2026,29,1956023,2026-10-07,Remo 1.0 x 1.0 Gremio,4617,Remo,59.73,40.27,Casa,0.524396423682101,0.9371130968505306,0.5918444578189394,1.9549484050145804,0.9708207884914701,0.8809856474367094,2.191856933395561,0.13506163134885416,1.3566151827461344,1.0536018504698401,1.3736682173410935,-1.594328033324492,-0.5965406213708246,0.368627868340415,1.5229020167499794,2.0045660570559507,1.239356277708608,1.239766845948911,1.3918036563821614,0.4651188459295668,-1.1541078272323018,2.0991577458402095,0.38132673905738296,1.1474705794759472,0.14982627190681452,1.4309874299685488,-1.1605839599982106,-0.714111285460171,-0.34729178743024186,1.671714078267654,-1.6213001589932203,1.4163860519997304,1.951368562538293,1.238422311822638,2.958288667429737,3.061221655796381,0.6314469303278921,1.8481934524010475,0.318222913670292,0.9026115205271332,-0.0679627666030584,-0.6118564429144687,2.640632948356976,0.6782200015541533,0.38911847780746406,0.6847124716486249,-0.13245323570650444
18,2026,29,1956013,2026-10-07,Red Bull Bragantino 1.0 x 1.0 Mirassol,5438,Red Bull Bragantino,72.77,27.23,Casa,0.4212768452494244,0.8463699550705032,1.4662279785874102,2.0076155088391703,1.2029230453109314,1.2476710766079895,-0.08843594350093195,-2.247328764240837,1.47566362240356,0.9938804517522013,1.320803054537605,-1.0876130172664649,-3.092896840483557,1.269402145662984,2.0235050699986497,-0.9815754462086504,0.7555429399652489,-0.007517814300374384,0.27299823454831645,-0.18042562992793792,0.6547096937158557,1.027507945788781,0.9218181869678919,2.1894825470897157,1.8689355909315344,1.6485344567654723,2.127562594454094,0.1156350882239854,0.882462140458507,1.8741163748839405,-1.2589139115953725,1.2704763582257077,2.5772029008800694,0.9230275005444926,2.656115259048179,2.6841001198389676,-0.1372273229578218,2.4382678021710578,0.7150297935287753,1.2768672833780905,0.08333333333333338,-0.36382219666349636,2.5680474781008136,0.9969961379118527,-0.024182541670333724,0.11695217633781756,-0.14177624100166725
19,2026,29,1956013,2026-10-07,Red Bull Bragantino 1.0 x 1.0 Mirassol,6332,Mirassol,27.23,72.77,Fora,-1.7007043904018713,-1.9906199627677321,-0.7534273707119884,-0.4933676766477428,-0.020013704989359615,-1.7101861237694462,-0.9612398906208175,-0.7675491902953162,-2.6806977493533526,-0.08198717718879618,-2.7058057166673506,-0.5844872452306136,-0.3503482280710391,-2.2601453229237154,-2.171460826257171,2.3089072436249096,-1.016209861746312,-1.0947375960664825,-1.9032967843477226,-1.627576917542319,0.36667485971549496,-0.8569193233418135,-2.2163555137652957,-1.4600721785997588,-1.7677836364552943,-0.3908541319407833,0.6875,-0.5782319495950857,-0.28386307662427895,-2.314652670478626,1.6940812502216742,-1.150495946018061,-1.4181480400917348,1.2524340304169486,0.5068959735624412,-0.08594851887219625,0.8147046941369384,-0.9857625858939163,-0.04721921646498866,0.06647652294141322,0.0,1.0944380647422385,-1.8082269119312844,-0.024408065279177632,0.25136134806507554,0.4807619738204117,-0.2180103600984736
20,2026,28,1955999,2026-09-21,Athletico Paranaense 2 x 1 Bahia,1221,Bahia,51.19,48.81,Fora,-0.4152879282630208,-0.022580541224588524,-0.457275444961629,-0.690891146059997,-0.6567624233995762,-1.5669224045236245,-0.2024957784624631,0.7807392278909948,-1.0459261246619558,-0.650626988380529,-0.6361750252930058,0.5031460678154004,0.7755209662879387,-0.10056992419943545,-0.4692843131190545,-1.557459942558747,-2.463526773149529,-0.7662539853634167,-0.049062067450788685,0.5285941398709245,1.0796588829782492,0.5703234321017342,-1.0902393180127932,-0.302856615882324,-0.10292289548523038,-0.27946657076292264,-1.1182668882397142,-0.356185901983491,-0.5231467089737538,-1.109546246852928,-0.5322759849115366,1.5344292146884682,-0.43938950233189644,-0.0791798499481646,-1.1354489851069989,-1.0139713113901472,-0.26386001223321015,-0.9689079938816529,-0.4545324114471422,-0.7982371159198874,-0.1778216897897549,-0.42567082812878543,0.32658907815622934,-0.14786509770093115,-0.9931270663228416,-0.7300956427599691,-0.5392598510399419
21,2026,28,1955999,2026-09-21,Athletico Paranaense 2 x 1 Bahia,1243,Athletico Paranaense,48.81,51.19,Casa,-0.2731508748913043,0.44964879579243083,0.30589183495260636,0.2144029659578232,-0.12792946812366426,-1.1991129072343696,-0.8057822145751434,1.5117104336933003,0.18849025757197876,-0.5441544016977795,0.13617081732698788,-0.23938268285909797,0.6957797661625058,0.18846958555707619,0.7657845311576262,-1.4279934080391818,-0.6554423556812864,1.2696998726261106,-0.14098821170927225,0.9853292781642932,0.5802793885050381,0.304327827795604,0.13219175187157226,1.392402481051993,0.8188188519915793,0.6031949256704523,0.0,-0.7394685270765334,-0.5967659766739832,0.7878627449310511,-0.1804700674753761,0.6776774523782096,0.2953396748894971,-0.013033461739561469,-0.2125570942496937,0.6856715421972508,-1.9131200509632522,-0.2975347243286119,-0.3943357772490567,-0.6849116026778707,0.6453312654438671,-0.6918987305336257,1.1884508123341526,-0.7717669112814547,0.4688390349635609,0.16912752287293448,0.4191368221424546
22,2026,28,1955988,2026-09-20,Sao Paulo 1 x 0 Internacional,1219,Internacional,56.17,43.83,Fora,0.19080232370825354,0.12100278798234035,0.029573012645471203,0.13552126869506848,-0.9971451262293316,-0.488840651059555,-1.234891208964264,-0.037017093897469766,0.015616646968208548,-0.6449542400704229,0.5084797636845899,0.8866902989231932,0.8317889092726553,-0.008898649799066717,0.17892274174133185,-1.5728660739321836,0.7315523375157157,0.6561650201566269,-0.289222179115401,0.6032092391024972,0.7432057921387313,0.16612146838973227,-0.44616324378385847,0.32686375039668636,0.7840358186507835,1.2609200038773776,-0.7067617668790178,-0.5888028279251061,-0.42354213612809255,0.8384920050718846,-0.9705496159359979,1.3388497550716782,1.441536574825573,-0.9427291133587848,-0.7952143917583989,-0.6052401008078335,-0.8607194697401098,-0.26897447254531215,-1.3899323605800464,-1.306178544498968,-1.0406118047460329,-1.441642645278658,0.9536360945600759,-1.3082596063414798,-0.6708203932499369,0.2692307692307693,-1.0905761943319523
23,2026,28,1955988,2026-09-20,Sao Paulo 1 x 0 Internacional,1224,Sao Paulo,43.83,56.17,Casa,-0.3698845693511892,-0.8205176533557841,-0.47125073556813374,-1.103202560471573,-1.3295263685654362,-0.8074736379410618,0.3815899730042848,-0.9585269596023988,-0.36331840279495453,-0.8936591685437054,-2.026136285739776,1.1439441957832481,1.2219437287365944,-0.8869503434132666,-0.9278904524009677,0.3161240608403351,1.038816395292472,0.8500405359153759,-1.9545457407074402,0.4873159230985381,0.25721757681014396,0.4047043380862418,-0.41742225933620997,-0.3559839863116374,-0.6586942752983367,-0.4370725385088996,-1.0187432639472216,-0.7459715851319543,-1.002986703391076,-1.5643379323169664,0.3603665485178245,-0.13915580821504023,-0.9167108598349736,-0.8058197601173309,-1.1259416896170211,-1.4360263425278628,-1.2604038381933824,-1.4374752998965128,-1.5124972906241902,-1.4151328629192959,-1.0526899013331488,-1.0428321271405883,-0.527246630960484,-0.5334506914585755,0.7961173386514129,1.482470448669621,-0.15339299776947415
24,2026,28,1955986,2026-09-20,Vasco da Gama 5 x 0 Coritiba,1226,Vasco da Gama,66.21,33.79,Casa,1.063005527066184,0.26245851120688746,0.8716078171558909,1.3873943071443455,1.5939438244159376,0.7260305126400044,0.19009294252775888,1.2192277413232762,2.0555923354781216,-0.9689737002118446,1.452760793995454,0.7698283892714325,0.6289933774266605,-0.30919151511599874,0.4503918118362537,0.8604908199481738,0.49410683135541655,-0.351162784285155,0.6540559498157561,0.2545777982915386,0.7011569212295022,0.4545165563838012,1.645486591179868,0.7633651431339304,0.061997274470892656,-0.17254660021842,1.4627834700190634,0.1895686149927748,1.0760417424371018,2.094681916037203,-1.3759435550590549,1.6664236105961214,1.1332932995037734,1.3843205736589184,0.9372814393774873,2.3918100196480414,-0.5951879995971904,2.5227267990121014,0.3625135725463334,1.478991039449663,2.57719254177485,0.16705128523257343,1.6509726479316336,2.1043167549381763,3.1099045567488264,1.4255728899344744,3.1187527483011492
25,2026,28,1956001,2026-09-20,Vitoria 1 x 3 Cruzeiro,1230,Cruzeiro,55.99,44.01,Fora,0.510525763471177,-0.7296583566021737,0.7269782361960931,-0.26151884251741675,-0.06011426920921717,-0.18899688549115617,1.4842009039423547,1.5104598537000788,-0.6710133944146017,0.04978492514665614,0.3250313333900343,1.0993031563865125,0.8951067274596664,-0.8310431890522361,-0.4445118089807113,0.2888563850180614,-0.031008845813283274,0.3376517095689918,-1.543327494764984,-0.09975093361076331,0.5019592932051121,0.858910610306991,0.949721969459795,0.6472949714469017,-0.24251843934532327,1.4100008384967397,0.830773163432567,-0.12955592261635404,-0.33483213596643624,0.16906573206083234,0.017948609022788962,1.1737429931598353,-0.15952260439088758,-0.7673135839268845,-0.28830491381272705,-0.40601998306326686,0.5867014273997206,-0.3625146035435549,-0.6552987134013684,-0.3227695933852202,1.7515865823748353,-0.11464500147730433,0.4880539939879557,-0.4863842599508323,1.139433237752325,0.3365945337491576,1.5893257325523318
26,2026,28,1955990,2026-09-20,Corinthians 1 x 3 Fluminense,1232,Fluminense,41.46,58.54,Fora,-0.7837925025938143,-1.6666376414915158,-0.2789802377118092,-0.8203252895048064,0.5627056874911303,-0.28649045298452525,0.7530308159237302,0.7447864131586762,-1.6113571162873586,-0.44173274513839733,-2.1253851369834518,0.021550907603250423,-0.28689134376129594,-2.446087201333578,-1.9611079233622477,0.1081231940208589,0.7684869484362786,-1.4506454884797277,-1.7755759944233414,-0.48377944684689683,0.7301150641188573,0.11382155617895438,-1.167811852216987,-1.1536458628247328,-1.7983095655689036,-0.9961237887828663,0.5857074126574227,1.4624213811538507,0.944171108717354,-1.957381414966706,0.5394943657542778,0.35319659607932374,-1.7307670790867153,0.1042709996340964,0.30257633640009907,-0.9779065076069842,2.31005606915575,-0.8506332581523016,1.2536440743733686,0.9786231697141834,1.3246498729900391,1.955705985567852,-1.3441913732181507,0.9051986085617947,1.2728764256987166,0.2692307692307693,1.310230624332622
27,2026,28,1955997,2026-09-20,Gremio 0 x 0 Palmeiras,1234,Palmeiras,72.92,27.08,Fora,0.7200523153751865,0.715715439211732,0.6420410445733126,1.657950270938655,1.5298996142548662,1.3595415863201659,0.8954021321410365,1.4655434319018277,0.1677006020178624,0.2720399306421404,1.7017927693319235,-0.37834919384977467,-1.9911419496135077,1.2417304303316397,1.48242352610999,0.281914157715424,-0.1287595570937628,0.37867986405772247,0.621825270205921,-0.4831174698006231,-1.925800973605011,0.6873398643331481,-0.8155837827091559,1.6850754785684288,0.17388107757565185,0.6534696004908247,0.23586408826243155,1.4507655988035408,1.406081018494198,1.589663136347379,-0.8014179597062732,0.8532839753459242,1.4376504014085736,1.0052123821969388,2.599275163801729,2.2722480883151044,0.5426311271246188,2.849616796566093,2.155696132040061,2.2344110257407994,-1.338877362790406,0.4409074080504489,1.6907391804583736,2.160785288634983,-0.7100347721015928,0.9244734516419049,-1.335395721779177
28,2026,28,1955986,2026-09-20,Vasco da Gama 5 x 0 Coritiba,1236,Coritiba,33.79,66.21,Fora,-0.48882292889971635,-1.081217831015531,-0.13361361381779877,-1.204486082783113,-1.2853905313517955,-0.11363044610967672,0.9048678359677246,-0.666612955496575,-0.437170355990178,-0.9329244499467347,-0.3504571956694971,-1.4363156934930552,-1.354945015388711,-1.3116699727053565,-0.7097957844611671,0.6128598114428088,0.4499916027856551,-0.5225596102539611,-0.3584833285814293,-1.944922238314171,-0.5154836044978001,0.07248671513239716,0.0980817528813167,0.8073318319644595,0.3023279382851739,-0.6800123130916322,-0.362514603543555,-0.6919331907643042,-0.7370550662497787,-1.5087082157898843,-0.19532573738169962,0.7002267947991111,-1.52445822573946,-0.6872358842450261,-1.0975420053580822,-1.353072098608367,0.3971708649957754,-1.351083954319712,-1.2490109081139247,-1.5436023330325643,-1.1500671555359552,-1.0063055437223527,-0.3951271327116874,-1.5295055170479437,-2.6058085981273673,-2.5525680792460537,-1.1819216452498889
29,2026,28,1955990,2026-09-20,Corinthians 1 x 3 Fluminense,1237,Corinthians,58.54,41.46,Casa,0.5887085384511052,0.5938854935411008,1.6593415251302217,1.3355278910247934,1.2239699282296637,0.3009866730904429,0.7985993584458807,-1.7460960724352619,2.289469686472062,-1.3638519570793914,1.3337767871164883,-0.8776619780609758,-3.511992834511944,0.7866060285787037,1.2958148036498691,-0.3805373520398683,0.42976601728221225,1.1629743901518836,0.749556606523469,-0.4564354645876384,-1.435128758391187,1.0177004891982149,2.7307202849515098,1.378085196521856,0.7082049932462625,2.8250952966055936,1.2239801227242093,-0.5737871251912806,0.7804677607799468,1.3681428260950896,-0.13095301054656944,0.3988421360527685,1.993593816405541,-0.0555359607932319,2.0359108823917746,2.2869784455650684,-0.746947693063481,1.3436120341270559,1.087261621706831,1.8330045034425588,-0.04055535528269071,0.5576888378320171,0.6453392485931302,1.8330045034425588,-1.4259988791535847,-1.792751742453107,-0.04055535528269071
30,2026,28,1956001,2026-09-20,Vitoria 1 x 3 Cruzeiro,1238,Vitoria,44.01,55.99,Casa,0.04107899681495632,-0.5470590206276069,0.9980587518981582,-0.16639509048459544,0.07973815326928355,-1.2950564378111884,0.41757324694599257,1.1437104217148826,0.25285177537407355,-1.074296013550394,0.09046255658529252,0.3240813952383941,0.7771178103865765,0.4598310996389311,1.0498045070580995,-0.31101028806627984,0.6943564026269476,1.6362941740625139,-1.685051765984991,-2.0128199232224673,-0.6128024149151413,2.109093481555654,0.2172308854621767,1.5264025016435614,0.20448016196472088,1.3434294994544398,0.2948554252390317,-0.4720052398952891,0.497340718034085,0.3263170629646036,0.34731767134403063,0.40267850107870207,0.17548387169824256,-0.7798953822995071,-0.3874859143017209,0.30783583182913116,0.39453887609019583,1.6974982846110507,-0.3080086243622249,-0.2843254610090944,0.03450327796711767,-1.1514156257522337,0.3689531864536542,-0.4292709067120915,-0.8256250993845379,-1.125,-0.0974354703692446
31,2026,28,1955984,2026-09-20,Flamengo 2 x 1 Red Bull Bragantino,1239,Flamengo,65.12,34.88,Casa,0.8084844249686277,0.0036606261123973693,1.1193036388411712,0.23083110021716657,0.7044310564377715,0.3162386233882836,1.2943468214059528,-1.4186032238711228,-0.1668435254120621,1.8648306195014734,0.3628892569787064,1.6903957509690863,0.24341771837829906,-0.22074294655460297,-0.09433764910814559,0.9480868558176175,0.805792645711947,0.7195635860174376,-0.47877022984520357,0.8084933299575416,-0.7719700488905151,1.2697064046882962,0.1758971343864673,0.9139384707696877,-0.4799257332414728,-0.41002619017827974,2.7390418354350157,2.2218807279416755,2.02726417794584,0.6008339499335471,1.7162933859648588,-0.3215345154967529,-0.29840230893549574,-0.16817993931853623,0.7890726991891511,0.43482234207939036,-1.0304324666287976,-0.8451100432362209,1.1544366369843346,1.127887430998412,0.15034619483106582,2.361818420123842,0.48126353238303393,1.0165768059057505,-0.05724940643805054,-0.15339299776947413,0.02974820586543654
32,2026,28,1955997,2026-09-20,Gremio 0 x 0 Palmeiras,1244,Gremio,27.08,72.92,Casa,-0.8279512846420366,-0.24656552981865568,-0.11616196802978895,-0.7199290464979528,-0.29100003103113947,-1.4659347010563333,1.382075832724021,-1.1366111609095764,-1.4565154200814856,-0.8415095599490452,-1.029661319185859,-1.0455655014370198,-0.37389647411935456,-0.21943075021035227,-0.39586710521137525,-0.8130528143292269,0.3363005180396357,0.2065442211398275,-0.2470438645787428,-0.12392039927415234,-1.793946680043147,-0.2430763583587887,-1.1326065130056175,-1.6405559917173664,-2.2340805473146497,-0.13146747924019267,0.5857074126574228,3.399070538630399,1.865027121485809,-1.5183097114617923,0.3141128514400653,-0.3845939655235996,-1.3633571637043482,0.0396824487291098,-0.03773175955478031,-0.6870856283981331,0.15480054088457054,-1.0012111993755999,0.22169068018114987,-0.11204009254423089,-0.983192080250175,0.8849458202021948,-2.042239454276574,-0.13369664084997251,0.2244854133065255,1.405462441805072,-0.9355360424393582
33,2026,28,1955984,2026-09-20,Flamengo 2 x 1 Red Bull Bragantino,5438,Red Bull Bragantino,34.88,65.12,Fora,-0.7030340258801943,-1.1439449254558947,-0.37712727459188516,-1.3888618930860122,-0.8793922547567687,-1.710650149208409,-0.32158524909429737,-0.295660913554786,-0.15221026953050343,-1.3471722357169993,-0.8936510413342751,-0.4789309703405014,-0.14671934850439894,-1.1776823374503411,-0.874498335038517,-1.7334633628861844,0.19560687014736855,-0.3429342297956899,0.27299823454831645,-2.796597263883037,-2.008508143507148,-0.30871314963160673,0.3379249143305969,-1.2106229774692823,-1.891994774584063,-0.12211366346410897,-1.0859434075859438,1.1052161137012058,0.12670463626903414,-1.4389301991820738,-0.06369561596222356,-0.0883775535958427,-0.7747600035649282,-2.1471896944128477,-1.1945676751841996,-1.165076425644387,-0.1372273229578218,-0.22444306128771246,-1.1700487530470867,-0.785582511168197,-1.1250000000000002,-0.8349391553731775,-0.943667791250144,-0.8332385440048985,-0.7254762501100118,-1.0135855282610855,-0.14177624100166725
34,2026,28,1955992,2026-09-19,Mirassol 2 x 0 Botafogo RJ,1227,Botafogo RJ,50.4,49.6,Fora,-0.23739031317280057,0.7533242656169623,0.9409314003979512,1.0135872515755884,-0.024106959353465983,-1.9509998058422822,-1.9301909100310164,0.20134469346925565,0.4640239326828235,-1.1327691606408163,0.3149429518809703,0.4124967967387945,0.05572953565034333,0.6082685767121334,0.831541142234992,-1.3713829792454462,-3.2702999711811827,-1.5707098974974663,0.21833976563797378,1.35514757788275,0.9390680908497528,-1.3475006709081414,0.24512898806743344,1.13809952771093,2.116587831134007,1.153117632107312,0.9388947077358496,2.2268165614622997,3.5178482176743238,0.37846444586751254,-1.0595742440340457,1.0971512716238725,2.176476511305579,-0.31334157486541536,1.8127496239946772,0.10576305707044582,0.9954451149948824,-0.3563050073653566,-0.02901294265928285,0.3386301511667032,-1.1920399101642998,0.9624057132265987,2.331885176785843,0.23242431836759736,-1.127914903255342,-0.3278109752951825,-1.2154780683637885
35,2026,28,1955994,2026-09-19,Atletico MG 1 x 1 Chapecoense AF,1235,Atletico MG,68.6,31.4,Casa,0.4184562639922425,1.2213785232297594,2.3015289536903962,2.502862417646457,1.821382370608779,1.0837441011421713,0.793642369772831,-1.3624514710799238,1.6993663586821695,-0.4456872807224788,1.2811667794632569,-1.4759804904211917,-2.9870478731731924,1.3622733123788204,2.256369454737574,0.7715219230678555,0.5532769420912415,0.36053730071918455,1.4558535623072564,-0.1889822365046136,0.6699529240159997,1.7299076215870783,1.560456570335898,2.7933418005985433,1.5267079525292349,2.798973127153311,2.998751300674312,0.578060408683238,1.9277433017932357,2.2151526400488217,-1.569176075635474,1.083033958797882,2.9945764188995705,1.2447456145398565,3.5569749970975786,3.9707441958009317,-0.431998394644827,2.5491767543208095,1.8327591798106277,2.1400761496721525,-0.21875000000000008,0.11975014451992019,1.9570206154509395,2.031127120251344,-0.10640706634484358,0.18160817807303692,-0.2916059217599022
36,2026,28,1956003,2026-09-19,Remo 1 x 2 Santos FC,1241,Santos FC,51.27,48.73,Fora,-0.39725874543162515,-0.16969221181316194,-0.7885167144515391,-0.23372198268297145,0.08056461238812948,-2.523708346367934,-1.1713039578233932,1.4831875094431,-1.185449882593029,-0.3639768828247222,-0.13985532791429503,0.9847538150463697,-0.9659734557689496,-0.08368461618210113,-0.795853525548547,-1.3294040893017012,-0.8402517242873948,-0.2186003622742359,-0.43762719442337383,0.6383964889013743,0.7100003603922289,-0.4489881978245242,-1.5210890351070987,-0.5625219739437946,0.6290418991596763,-0.31375966513143155,-0.8988771049900601,0.8144618910479047,-0.9858643097123257,0.03506941652927101,-0.3317309010246076,0.557688343658318,0.3417808215054842,-0.29062459269423097,-1.0211135760724102,-0.7428752892735163,-0.8992993221699115,-0.4718189196586305,0.08333333333333331,0.31738067024715977,0.8353351483845164,0.6514058404466095,1.580577353169132,-0.04131715191316473,0.6831612891484975,0.4509096384805818,0.5513228042919811
37,2026,28,1956003,2026-09-19,Remo 1 x 2 Santos FC,4617,Remo,48.73,51.27,Casa,0.34354967104184786,0.36694387640310605,0.5499162803631812,0.4822035319880917,-0.17483321421118933,-0.459129697697948,-0.9442656824977258,1.1556559338564711,0.8509261016332501,-1.2033778066410301,0.12707878834481195,1.2636286833779804,1.2650359179151578,0.5074617408322597,0.12955158539426725,1.1986179102604269,-0.007774464230275688,0.9612832463057268,0.36564333345633043,0.4651188459295668,-1.6198251791737937,0.2893433649671643,0.6449298837440471,2.116693301945922,2.0182907026119272,0.06290054637224402,-0.33968311024337866,-0.8448311961494738,0.5253136953930888,0.46243618248087665,-0.17450044456836078,0.38430432228523,0.17469295919927394,-0.4458846642045371,1.7375696504767533,0.015752427045264458,1.3737333997193957,0.06160644841336829,-0.45081579436624714,-0.20359082548337123,-0.0679627666030584,-0.42436962634872066,2.140484037238565,-0.31200016910550854,-0.3631772459536331,-0.3603749850782237,-0.13245323570650444
38,2026,28,1955992,2026-09-19,Mirassol 2 x 0 Botafogo RJ,6332,Mirassol,49.6,50.4,Casa,-0.9544951733637435,-0.5529114256712526,-0.3024139019888556,-0.08485595219194486,0.49873544532408365,-1.882399388371984,-0.8037486091066722,0.16771260984313358,-0.6485768850909247,-0.9194167326636039,-1.8583860683377291,0.15883543826728683,-0.879956454648898,0.09417272178848814,0.11187753820950035,0.7144330094930961,-1.8811326733690363,-0.21964542121999567,-1.3801156777497705,-1.0375802849332283,-2.4395033186690114,0.6172723939326618,-0.15741208378868057,-0.6046763567938399,-0.696201704639024,0.4187722842222677,-1.125,-0.5782319495950857,-0.9634396495055424,-0.018082848428043925,0.30942081516360204,1.7968065908015443,-0.1850188631570302,-0.23012565309096233,0.09380355590825704,0.2072876043388271,0.052756513405034865,-0.2480305861281467,0.6374594222773455,0.6349079139773086,1.2692955176439846,0.6187123709736831,1.3393939815899485,0.5908165190716617,1.8712455911511177,1.476626062448407,1.046449728472674
39,2026,28,1955994,2026-09-19,Atletico MG 1 x 1 Chapecoense AF,8865,Chapecoense AF,31.4,68.6,Fora,-0.8497864397794272,-1.465125223356205,0.0013109311444792031,0.2116719297255915,0.4300905788609969,-0.5557123607478436,2.377140190478505,-0.4601724729417708,-1.582656670518708,-1.0178055413451785,-2.029209429335766,-0.9095325518009711,-0.6066359304365256,-1.9228177902142776,-1.2030115947861482,1.332498183988591,1.335182389051372,0.9081158439100422,-1.2246724077124798,-1.5099991007119145,-0.7738861031434645,1.5554190411283553,-1.5514409375054794,-0.4928571537333421,-0.799049455524591,-1.0035241050004535,0.603458241894982,-0.712933073662111,0.896810500082813,-1.3577490964650423,0.18701185706402113,1.3760891594126923,-0.8340438407855494,1.4760999519581017,1.562380704194856,-0.31120302507849357,-0.20060314838134657,-0.905506442134642,0.3441369978665918,0.6866161328765757,0.11412537853627996,2.9700942064186617,-0.6998250071171512,0.5828729718502792,0.6720215050322471,0.9268440195458597,-0.035114749361031275
40,2026,27,1955980,2026-09-15,Bahia 2 x 1 Remo,1221,Bahia,65.34,34.66,Casa,0.4748521608881679,0.5894092244101858,-0.11132360320677735,1.1752192776716512,0.897770062939927,0.5890188874083621,-0.37521276597456454,-0.05291546132188646,0.21141032619669323,-0.3476761233209512,0.6663618593678134,0.7274935890903058,0.46875082679235475,0.34812666069035275,1.2454181733156804,-0.8406359630858474,1.0385105474052843,-0.6113226561015019,0.23549792376378548,0.5285941398709245,0.8474369154905721,-1.2339725167292055,-0.15319655980066185,-0.9999075571987851,-0.593370805547923,-0.27946657076292264,1.5290588063685886,0.370273120539429,0.46954277888232243,1.1746451233722777,-0.7064324548843267,1.2624718968209983,0.8113289156307747,1.8134592780988592,0.9014437935846934,1.7811967523279386,-1.4481431819238824,0.3782722989811931,1.193147580048748,1.1287106800793831,-0.1778216897897549,0.9347402460457951,0.6379853100743421,1.7266384535336432,0.6069109849750698,0.23230315905999022,0.577778411828509
41,2026,27,1955980,2026-09-15,Bahia 2 x 1 Remo,4617,Remo,34.66,65.34,Fora,-0.4518062527083485,-0.056411444155998025,-0.28894318041438677,-0.3478144057494329,-0.8997354315531365,0.5520275488433493,0.738531818713306,-0.586995193366427,-0.22819853605284968,-0.8407420791503744,-0.6531606384370333,-1.3250205734813754,-0.04536040309139119,0.22979399584857038,0.1589887479941228,-0.7089266408011393,-0.033042168603721174,-0.7151299678545348,0.36564333345633043,-0.9800718539230158,-0.1259301021139744,-0.8623566955884099,0.1699226979202252,-1.6525061743262024,-2.1249499398988387,0.06290054637224402,0.48121773951145325,-0.4860711645136712,0.06716280362436952,-1.1869692601391837,-0.8699715788164882,0.5231532828891334,-0.5887952893140624,0.506490994412355,-0.12198406795684048,-0.2887944958298472,-1.1211739001798253,0.06160644841336829,-1.2198545024027863,-1.2474904891985252,-1.0534228823474063,-1.801191449152749,-0.6529402515264876,0.007850965199517931,-0.3631772459536331,-0.3603749850782237,-0.13245323570650444
42,2026,27,1955967,2026-09-13,Santos FC 2 x 1 Cruzeiro,1230,Cruzeiro,46.92,53.08,Fora,-0.8751118858388728,-0.10914749475584383,-0.4135313667599829,-0.31482611780434916,0.38346936043337365,-1.2715275560042034,0.2796721852577942,-0.40199584083345435,-0.2697096215551505,-0.906183996158622,-1.6833918983610923,-0.6729521689677906,0.23555477708035036,-0.2517101966840907,-0.33206124789091856,-0.33181735703567644,0.5618983982232892,-0.6497802834204434,0.24693239916239726,-0.09975093361076331,-0.8815870916565361,-0.2420134868820807,0.04997232031833736,0.26679049498824964,-0.3348800537889333,-1.0985896103624901,-0.7753882858703957,-0.5760566586422117,-0.6819596327515177,-2.027180166952547,0.043861843671013034,0.49890752993774085,-0.9781125532128687,0.5857943108345192,1.1601939381134996,-0.2820770408650064,-0.10176761328702569,-1.2385915621071462,1.0723069855658758,0.5965814607006833,-0.40994579587496155,2.793485048253978,-0.1939078587150007,0.37889951222225643,-0.6963203119597542,-0.5507910552258941,-0.5544159532159296
43,2026,27,1955961,2026-09-13,Flamengo 2 x 1 Corinthians,1237,Corinthians,35.85,64.15,Fora,-1.9301097752452283,-2.237413295569366,-1.2155554730973144,-0.5328281596418553,-0.20448468405032305,-2.706772703009234,0.5344239052717681,-0.5208285406595967,-2.771670239857851,-1.5179751524678171,-3.2729555142261195,-0.9634019421044997,0.29126430390982744,-2.855578187781512,-2.2813893996529524,0.4700949205690572,-0.007429384393585999,-0.31621596321793993,-1.5913663338498267,-2.2213192609931736,-0.11660960351761326,-0.14538578417117354,-2.8566765153498186,-1.2595698696209767,-1.6278440417927167,-0.7975609170689261,-1.4381766442009458,-0.6541342445664671,-0.7959631081720463,-2.564299931368965,1.409540357630384,0.43590550174454196,-1.5393967697440414,1.2872732169848693,0.6851108455607168,-1.0991991472522251,-1.8297192910164626,-1.7230580252462706,-0.450815794366247,-0.5465548462359427,-0.04055535528269071,3.133556576898003,-0.8143489223715964,-0.5465548462359427,-0.6601846662748077,-0.8118121097900862,-0.04055535528269071
44,2026,27,1955973,2026-09-13,Mirassol 2 x 2 Vitoria,1238,Vitoria,23.05,76.95,Fora,-0.3579925080526532,-0.7564466948611022,-0.8243364714790048,-1.027058633366981,0.3814145097621436,0.5840121516253924,0.04496942659418349,0.19612123638582765,-1.0351406608634586,-0.5890223800599571,-1.7704224382340503,0.7576292259002654,1.3369543852674712,-0.5529614489328913,-1.388615332652636,-0.7880929809768893,-1.0073946646755052,-1.8531412887440428,-1.685051765984991,0.6008417681261098,0.4340987087291859,-1.359547972042492,-0.41736079418262584,-1.9057271789903707,-1.9974754859544233,-0.7871657223365858,-0.275198396889763,1.6849584468536074,-0.2010187644321908,-1.5299074445197134,3.4606985185554615,-1.322025229980882,-0.9569867511467063,-0.9603691222461959,-0.6609712155553088,-1.0950160303636227,-1.2640476742275881,-0.763874228074973,0.968027105138421,0.4250158712848515,1.035098339013531,2.0511535550853033,-1.7946286006890662,0.18757230716654721,0.1720052290384454,-0.39999999999999997,0.84444074320012
45,2026,27,1955961,2026-09-13,Flamengo 2 x 1 Corinthians,1239,Flamengo,64.15,35.85,Casa,0.5546614781821427,1.1067717914264734,1.0923607549095349,1.2138042236064672,1.7071950862104774,0.8377246324223739,0.07507812189129633,0.49379566849928586,2.1457748930518443,-0.3018278193716112,1.368269832261415,-0.8787660815945016,-4.346169082856822,1.0595661434620933,1.7755854979941075,-0.31131416745207247,-0.09429139500276051,0.03753170782979805,0.783442194292151,0.8084933299575416,0.6506386965891837,0.23870480408139955,1.903408068010602,2.056361559231797,0.9302698542212182,0.9726202650740593,1.3331619553002287,-0.22512840618998098,0.04990787775912259,1.8692255629591468,-1.034866600368719,0.5108323707469417,1.558331010154291,0.12402546450527117,1.3036348568071598,2.9779849478546487,0.6121894574783747,2.984294840177905,1.774411867957403,2.070484875219944,0.15034619483106582,-0.21075157317276752,0.9677628358776945,1.9556049080677307,-0.05724940643805054,-0.15339299776947413,0.02974820586543654
46,2026,27,1955967,2026-09-13,Santos FC 2 x 1 Cruzeiro,1241,Santos FC,53.08,46.92,Casa,-0.004999230132232746,0.6359626755574328,-0.0791976531877031,1.2688799491064056,1.2465981433275137,0.13278186557816796,0.839036100400022,-1.7361528169604832,-0.1369972009856136,-0.8492542199478107,0.4391893029831625,-0.82688485453175,-1.5021291405227815,0.30461200290284784,0.5453883885809019,0.5207995759960814,1.2869161407729544,1.2608514566088243,1.0554538218446072,0.6383964889013743,0.3764436541181449,0.7764854715318248,-1.1612562088253415,1.0687917504932085,0.40576722532768283,-0.5894878557014777,-0.1747816593036227,-0.17041083245482436,-0.39493741732081,1.144547830832616,-0.5093693546309829,0.15426043919552926,0.8003552422444521,0.8913475851915066,2.2392691381570473,0.9989301762146009,0.7744704858487996,2.872852977476994,0.08333333333333331,2.7326324734991525,0.8353351483845164,-0.32705464681251845,0.8910227689241723,2.258272446472493,0.6831612891484975,0.4509096384805818,0.5513228042919811
47,2026,27,1955973,2026-09-13,Mirassol 2 x 2 Vitoria,6332,Mirassol,76.95,23.05,Casa,1.1295008979962156,1.352353617531631,1.0323503613094467,1.0256166012646835,0.8627260819103738,1.7963327599214933,0.14119907997819878,1.9273356014079648,0.6467871620690777,1.5335894320290036,1.061317245794804,1.5550995244286834,1.340916808100651,1.6951089921927864,2.0076965630986794,-1.8433694077600224,0.10517905914218262,1.1106284556159765,0.9741993019410146,0.7324096128940434,-1.0887393386465902,-0.014524056327827653,0.8901164774070296,1.640737675446697,0.2736925723862734,2.8476515327114207,-0.21875000000000003,-0.1829233989109676,1.0488705386193604,1.9369609018127878,-1.943039957356323,0.801530182346244,1.7208183992010464,-0.707032963869731,1.1517200679146309,1.3802320971829205,0.2532691925450092,2.7028974129349317,-0.04721921646498866,0.5220254378730197,1.2692955176439846,-0.8353799916883572,1.8291690168888954,0.468641573182072,0.25136134806507554,-0.5151021148075837,1.046449728472674
48,2026,27,1955982,2026-09-12,Chapecoense AF 1 x 2 Internacional,1219,Internacional,32.71,67.29,Fora,-1.1870251695688832,-0.38084890669336824,-0.8674901831641985,-1.2436202416618545,-0.618097044430759,-2.945666770668673,-0.01863986730512136,-0.0799137642319612,-1.4112588280002545,-0.31825474669951864,-0.9362943499619805,-1.0757604526124975,-1.652485102564352,-0.6540507602313899,-1.1491328053254093,-0.168571625302061,-2.209961259111649,-1.7524920077938475,0.5095819346318966,-0.22979399584857052,0.12842803903547587,-1.4397193927110126,-1.0088543220460764,-0.75302788066072,-0.664307775126566,-0.022121403576795998,-1.3472646181131278,-0.8378079883825558,-0.6339534818774581,-0.8074303768534187,1.3305960947891247,-0.017205414110517802,-1.0044054225706,-1.6477134866488834,-1.514931680574516,-1.3574670832404265,-0.6005527897882984,-1.8290264133081233,-0.6294033330928513,-1.2759312401768652,1.1149412193707493,0.7048778992121684,-0.8953097279203153,-1.2798059034459424,0.9503288904374108,0.2692307692307693,0.9498566853858941
49,2026,27,1955970,2026-09-12,Palmeiras 2 x 0 Sao Paulo,1224,Sao Paulo,41.23,58.77,Fora,-0.10750532939965474,-1.6375993794799746,-0.5511076628467734,-1.0302474905828582,-0.36992355248815495,-0.7079811170176188,0.4463040619933155,1.3940417509998213,-1.0915543691996263,-0.7492048846085656,-0.30746116454423705,0.5505462550893567,-0.40994587991140896,-2.3098451496549752,-2.356369626578958,-1.8843632162250803,-0.9842313424085383,-1.0575611512508862,-0.6049784435523029,-1.2792042981336627,-4.3408625403984775,0.5336760502236154,-1.0050445257755551,-0.19340862248427548,-0.373509903763818,-0.7620751953488506,-1.0187432639472216,-0.7021370746718537,-0.8610504197483526,-1.320787453799125,0.36994552814963,1.0686963326439844,-1.2563071298850463,-0.4403915247431958,-1.1035038539040658,-1.3206668856488932,0.01687374019448742,-0.9075585579855101,0.17451891814894502,-0.062350886562503996,-1.0526899013331488,1.0552665321347385,-0.6441072703743416,-0.2683718130895413,-1.5126229434376843,-1.046449728472674,-1.2654922315981614
50,2026,27,1955976,2026-09-12,Gremio 1 x 2 Vasco da Gama,1226,Vasco da Gama,47.33,52.67,Fora,0.15853168323016703,-0.44499622207436473,0.1814324430543135,-0.19277721270664538,0.47744466133926516,0.2828157415662427,1.387678480452638,-0.9169376381069134,-0.5498062743786506,-0.6395616449706049,-0.771147157434877,0.8015025692508871,0.36077493715618264,-1.3398298988359945,0.20082303997917433,-1.1758034453868305,0.7889553508449746,0.36268813494624563,-1.5435720415651846,0.902594012124546,0.35142208042841133,0.4545165563838012,-0.21192893797186751,-0.40636850903149496,-1.5850867740326382,-0.7409354009379207,0.7913418772234276,-0.04502921155842005,1.2019690726599355,-0.5122889611508388,-0.5120338697431085,0.8565232992969162,-0.6823406862552932,-0.15359523424286475,0.5771160308224152,0.349502099440311,-0.01196805856418848,-0.15724313381376273,0.3625135725463334,0.6659101426297483,0.7269004605005989,1.0319341541581009,-0.16313044383907474,0.5803175810864845,0.7242243488319183,0.47519096331149147,0.5997601439040671
51,2026,27,1955964,2026-09-12,Botafogo RJ 1 x 1 Red Bull Bragantino,1227,Botafogo RJ,62.66,37.34,Casa,0.3531286603018027,0.5462216459548368,0.8048327939987118,1.1488784080550882,0.1449476847717678,1.0830305931854352,0.41188174230787333,0.9033336054762567,0.5882584905746854,0.8070182258742339,-0.1794945786916523,0.43073641255633066,0.5010690180826852,0.7389336783762214,1.0633528273345156,-0.5932290855190973,0.8133879827531523,1.6417823999946304,0.21833976563797378,0.1642603124706364,-0.5702388986642152,-0.01151709975135188,0.29244509145980263,1.233765864822863,0.6292817732875917,1.153117632107312,0.9388947077358496,1.1995044304887847,1.2222905676177944,1.0873116023980853,-0.7779750343159535,0.3483074558727935,1.4323724495237495,0.18661962063773022,1.8892099596607876,0.9058835757772977,0.9470446730910779,1.5069949491846226,-0.8703882797784892,0.34121791459165274,-0.3278109752951825,-0.9035306459639633,1.1707060461819627,0.23490113643310986,0.10640706634484359,0.5364179595739348,-0.37621940211260124
52,2026,27,1955974,2026-09-12,Atletico MG 3 x 1 Fluminense,1232,Fluminense,54.04,45.96,Fora,-0.031640693847207635,-0.8011452115027554,0.008436934841747698,-1.3341238819660266,-1.073894765762015,-0.5325819157483715,-0.2706204494725911,1.7603125340551486,0.16344656447561656,-1.7481782558858423,-0.05220370483097632,0.2310706367826603,0.6930961407995644,-1.3908330533202495,-0.8310461655926882,-0.019141793855568384,-0.11841209162465588,-0.7439407627164866,-0.49892218025118684,-0.48377944684689683,-2.5612721173698105,0.4281858541970183,0.782481006966068,0.433669795149443,-0.06522661640252726,-1.3101193308992047,0.5857074126574227,-0.4349561197996542,-0.8693031290202612,-0.7821314033918548,0.40307377306217507,1.2693375323988325,-1.495009230146969,-1.6263008103831258,-1.4330540839421564,-1.3844912921317518,-0.7938009637723138,-0.8506332581523016,-1.0185858104283618,-1.5213167803728354,-0.5492450692885529,-1.0391883711920877,-0.08138547287273558,-1.6254860594227123,-1.9369858651936993,-1.9615384615384615,-0.6383174836492261
53,2026,27,1955970,2026-09-12,Palmeiras 2 x 0 Sao Paulo,1234,Palmeiras,58.77,41.23,Casa,0.967761319137927,0.581560092687431,1.3130317139356327,0.14709101884838713,1.2339245654222721,0.9057126093934824,0.9633776866753038,-1.3823432503719721,2.015424353663007,-1.7323620829392183,1.342286982546785,0.1571331258099521,0.8215594722340304,0.7254554127027142,0.5280500493605074,0.3055267174247289,0.5588421305987633,0.30021407684059603,0.621825270205921,0.4509096384805817,0.5232133896857175,0.6873398643331481,0.9833252003895763,1.007708504015179,0.4872472015989165,0.06126277504601481,0.9958705948858222,3.589356625287324,4.142683344944055,0.801755216264665,-0.7887427982424748,0.3865892268838573,-0.12225478401502494,-1.235777606273295,1.1446412494172036,-0.019758679028827008,1.208519119984896,0.6844057808346511,2.155696132040061,1.9675473326180541,0.4260064336151293,2.2142850083254215,0.7542069546885424,1.8943384512731405,0.8152251087092363,0.9244734516419049,0.27820744203732856
54,2026,27,1955974,2026-09-12,Atletico MG 3 x 1 Fluminense,1235,Atletico MG,45.96,54.04,Casa,0.9867136296051401,0.6306126166035466,1.346160492126878,0.05870270915503539,0.6616413933495917,-0.6138290108668532,0.00543590664227978,-0.7727954213837391,1.4287332891557594,-1.6529109944000588,1.683603730064371,1.2408460642055692,0.7369613668050755,0.5505077084270574,0.7050714321844864,-0.3132550101737768,1.007222114703343,1.5524517678775562,1.4558535623072564,-0.1889822365046136,0.22676175126715614,1.4258632517323797,1.8039581729543341,0.2745712100889241,-0.013250666230071949,1.6921064814154108,1.223980122724209,3.053932040539495,1.6564837138460091,0.708152922778004,-1.305131621708077,1.6447911196639486,0.3926923074554201,-0.6719629829583055,-0.19407141065497713,-0.22294011418002205,-0.28062092230502067,0.3273532990521259,0.8106434833777777,0.9420016892343588,1.5937500000000002,0.6506245385989975,0.11804164183530619,0.8553482271479015,1.1279149032553417,0.18160817807303692,1.3997084244475304
55,2026,27,1955978,2026-09-12,Coritiba 3 x 3 Athletico Paranaense,1236,Coritiba,53.07,46.93,Casa,0.9228065640614105,0.1356839158908628,-0.03171523867195638,0.3286484218292914,0.8982159989309803,1.0213789469980226,1.1608792237049343,1.3648214303463206,-0.5178386312044205,4.236199032942187,2.353284578063748,-0.01700471541395119,-2.477444200173859,-1.1718228064978,0.6930064738129402,-0.3640106934981651,0.1693724404614249,0.32662546416992055,0.31222741521608377,0.7093245810322272,0.8254434150543632,0.7731916280789001,-0.090651057200073,0.11872526940653794,-1.5152475568722643,0.050371282451232124,-1.0195723224662485,-0.49051911164452366,-0.022356232302086842,1.630148039025154,3.045086584769465,-1.977652064227256,-0.8112417831910623,-0.0692540105412107,0.5649414420242846,1.9050473590514918,0.9363039623482825,2.2803660887542456,-0.4783446031074604,0.4758343019145332,1.792751742453107,-0.6846987539615166,-1.271941183456042,0.4167260582952241,0.19302285912054576,-1.0418645221412466,1.5971914124998496
56,2026,27,1955978,2026-09-12,Coritiba 3 x 3 Athletico Paranaense,1243,Athletico Paranaense,46.93,53.07,Fora,0.8197066474707501,-0.38595609840612055,-0.08737711593825637,-0.8116065982319332,0.06788040239202546,1.5838086995712823,3.171695950987269,2.0805463673528393,-1.3268946941285191,2.876803152673114,1.257542044618395,-0.04901320035146443,-2.079462598729656,-2.1939792780233995,-0.5086983466383265,0.7389009793773125,0.8582698878284887,-0.9271061047412689,0.1735239528729506,0.9853292781642932,0.43528383643999463,1.4923768478438257,0.09525370112785762,-0.9630783827276282,-3.111140817477396,-0.03290154140020664,-0.7939992333804207,-0.7926963306905871,-0.321914087092966,-0.46251429682475714,4.606630490401195,-3.8281364454896614,-1.92216395590461,0.09657521031765642,-0.9583233505160217,-0.30237689127953277,-0.21640038194145966,0.04760555589257801,0.15022315323773597,0.04069310424206737,0.6453312654438671,-0.11829765860535398,-2.3336362121419345,0.7325085634702772,-0.28651274358884277,-1.7927517424531065,1.354134348460238
57,2026,27,1955976,2026-09-12,Gremio 1 x 2 Vasco da Gama,1244,Gremio,52.67,47.33,Casa,0.3856159625816743,-0.028737893997797748,0.6482319396779964,0.08444112166763855,0.5003855127412546,0.5455375445672118,0.6988906199570335,0.7085273226379487,0.04832683532726176,-0.6090161762220011,0.5085109792710176,0.20231778495611566,-1.1762354311386232,0.007836812507512754,0.9180519277075507,1.3602121290790352,-0.38506884329815017,0.8480688827747672,0.5205567146480659,-1.5613970308543204,0.09958222926644232,0.9604480501005783,0.8160684715255037,1.7396304210573137,0.7272592731739697,1.0416269509030656,-1.1128440840491032,-0.007860545261558067,0.4444618285306209,0.15845719963312344,-0.6319417041558101,0.24194882371753967,0.573987108383447,-0.7268096235324859,0.33212980218646965,0.5472363412020526,-0.06484123551988001,0.5991500090751624,0.7574431572855954,0.6674385486668489,0.0,0.3360906860070949,0.43489727656887617,0.562789498898667,-0.5892742099296294,-0.6847124716486248,-0.06035716402834562
58,2026,27,1955964,2026-09-12,Botafogo RJ 1 x 1 Red Bull Bragantino,5438,Red Bull Bragantino,37.34,62.66,Fora,-0.8034392954844416,-0.9787119778315744,-0.3340310836691262,-0.309149104387003,-0.5086642557087601,-0.26684951397126355,0.06699692689464501,-0.01685122059963533,-0.8125835259153347,-0.3123024249020764,-1.7412587584645203,-0.4869006207094173,-0.2504271886692274,-0.22012753971034424,-0.0697010021584244,0.014676043389081966,-0.051293961472854435,-1.1337519580150228,-2.136507922552042,-1.4885114469054872,-0.8513813210036825,-1.244067916425878,-0.6039913475820899,-0.8943340914637941,-1.7333413028779838,-0.12211366346410897,0.19945899323007127,2.46135928982895,0.6608615236910427,-0.8743579721996982,1.107588463252908,0.6136950507628273,0.053838876997166,-0.349593135879514,-0.06648418646596586,-0.4166254306892904,-0.4203159104648159,-0.3723714425909775,-0.5416892375217993,-0.42156406719532485,-1.1250000000000002,-0.22180316372810957,-1.2201289745917379,-0.5102056232626583,-0.024182541670333724,0.11695217633781756,-0.14177624100166725
59,2026,27,1955982,2026-09-12,Chapecoense AF 1 x 2 Internacional,8865,Chapecoense AF,67.29,32.71,Casa,1.4252046122427955,0.709548419987466,0.35955523163557507,1.2787957381988766,0.4983381185849991,0.9933911134803546,2.2902473375628416,0.9680532861850688,0.5241438750239652,1.0195211253872853,1.1162503462506754,1.9420839940843488,1.9101378723624265,0.3928337420867878,0.7787128852480764,0.14929427457855987,2.078939910764892,0.02441160592982539,0.35798116533134045,1.3086658872836594,1.0584720896062265,0.14038077988523107,-0.008349933843296542,1.333613474807868,0.937625480756138,-0.3097296620371771,0.603458241894982,0.3951064447854602,0.3979584891058429,1.1726794406108816,-0.6425441369371533,0.5176702310558265,1.0954517121399339,1.0444376246252058,1.8026141754194853,0.9160765104423257,-0.37221451462136007,0.08231876746678564,1.0853551471177127,0.353819480014118,0.11412537853627996,0.36429718948261536,1.6113599064096866,0.2461656000499818,0.0,0.03196013860502954,-0.035114749361031275
60,2026,26,1955954,2026-09-08,Vitoria 1 x 0 Gremio,1238,Vitoria,45.38,54.62,Casa,0.6020748842864393,0.33183894101684264,0.9442136345491527,1.0558600759081975,0.7263249057824346,0.250283411364242,0.8522777040231032,0.8412883412907162,1.7629196909895515,-0.2404336709785138,0.38579178229167016,0.3475774736067291,0.4335281128281773,0.29103234154362734,1.1926884606313952,-0.9127850484421622,1.124227405254912,1.5253269091505457,-0.7572068062337619,0.6008417681261098,0.7135771887123606,1.1841224272628152,1.8106059497956326,0.5583659250545036,-0.2961151371101163,0.4303172615440002,0.8649092473678264,-0.3932435715015455,0.8169609962701383,1.3642328937231543,0.271655173587789,0.41271868949367824,1.263769843765205,1.2221406061097746,0.3732969600346558,1.7106876940218851,-0.014098389930127943,1.5081619374813566,0.33000924038809804,0.7382953292631715,0.03450327796711767,-0.194017140764483,0.3098199221748343,0.46000011998914164,0.670820393249937,1.05,-0.0974354703692446
61,2026,26,1955954,2026-09-08,Vitoria 1 x 0 Gremio,1244,Gremio,54.62,45.38,Fora,-0.029665428552565543,-0.6489761892523968,0.36894027622266584,-0.12977069256896828,-0.6435081707573891,0.5157624619839685,0.5470716837865918,1.51238704697983,0.5132659233509518,0.511187740546447,0.2630184052147508,-1.0623920866661969,0.4018442227838272,-1.1285010010818124,-0.8894348957693347,-0.16282394748670895,1.0747758673674823,0.4416431209058845,0.2646898549057963,-0.8426587150642363,0.6074699322829621,0.2727198166952257,-0.0868301645171078,1.3171071194604786,0.9298611481449879,1.33490055843888,-0.2635683356958402,-0.7292535819007145,-0.3606873370456413,0.08192101439069273,-0.0859817778634151,0.5748099104229045,0.4437181792177658,-0.3724412705482347,-0.672280693336097,-0.3344222085123658,0.15480054088457054,-0.08671908026087856,-0.8498142740277413,-0.7730058894119005,-0.983192080250175,-0.9222406972173856,0.24942637920862024,-0.7242882132514857,-0.5892742099296294,0.36037498507822363,-0.9355360424393582
62,2026,26,1955946,2026-09-06,Internacional 2 x 3 Santos FC,1219,Internacional,41.98,58.02,Casa,0.6876777688876656,0.3513057490057233,0.7452438917305545,0.013576593365502078,-0.34057103262582056,-0.13586541565564395,0.9273333984297674,-0.6564450135275292,1.2046526312134007,-1.7877012955370957,1.0820256926498808,0.32306881964788275,0.10686847662744509,1.0233447268926503,0.9350935652979848,0.21303012704308108,-0.023746786980274315,-0.18910268383412257,0.5095819346318966,-1.0627972307996383,-0.22053336002555668,0.7837525688130957,2.0396311136967715,0.5068456889062541,0.09752907812214333,0.9401596520138342,0.5742439355892021,-0.5806165057117932,-0.3731696086358307,0.6632554386887295,-0.7323473223612581,-0.0753407931763804,0.3152431254316833,-0.6817799734056451,-0.24241221725275938,-0.020174670026927913,-0.3322559010879925,-0.09563536801611092,-0.6294033330928513,-0.6170780071065722,0.03716470731235827,-0.7182983168682892,0.2974644698627763,0.4932318404474422,-0.6708203932499369,-1.9615384615384615,0.9498566853858941
63,2026,26,1955923,2026-09-06,Fluminense 1 x 0 Vasco da Gama,1226,Vasco da Gama,53.47,46.53,Fora,0.4866730482264573,0.9766409283515721,1.6218134010057221,0.9686843634958944,-0.5139326976494739,0.6617858740119241,-0.07603717701110317,-0.024705026588005885,2.351900491931141,-0.8943367689553768,1.289664996438724,-0.9730433640980717,-0.33948868762988227,2.164340605811991,2.4958931190498412,-1.1379222762312755,-0.16166239240194255,0.2698174444651077,0.2877846179189327,-1.0414546293744764,-1.0380165897986096,-0.15880698957988212,2.360102273777509,1.1887228348304488,1.089521082813347,2.6693974033790835,1.4627834700190634,0.36391672335912784,2.2086814136081103,1.6041889340494364,-1.141031724190048,1.8778852992049455,2.3215166105921243,-0.1399534350755741,0.08898534441759064,0.8600790794922436,-2.0769735474542954,-0.7315224051335908,-0.7059474833797021,-0.8059228233120331,-1.1233916207736525,-0.6889604591675775,0.4199741213729389,-0.8207427990115428,-0.4686157551265354,0.47519096331149147,-1.0795682590273208
64,2026,26,1955924,2026-09-06,Botafogo RJ 0 x 0 Palmeiras,1227,Botafogo RJ,33.65,66.35,Casa,0.12208402807451485,0.07391884598793552,0.03335482932633821,-0.4047951302532002,-0.2403180086114532,-0.24489125334599662,1.1145035380095403,1.0838450399923434,0.4528464805399734,-0.7057517016289641,0.08100358192602357,-0.2618162728792039,0.036989541745822446,-0.8290475415928338,-0.049358803001690134,-0.007608113951845217,0.8553444531883544,0.8960416172036866,1.0098214160756296,0.1642603124706364,0.8058027389878099,0.8234726322216417,0.44000145002189,-0.5838945403038677,-1.1616669422545138,0.28075907564351926,-0.6947820837245289,-0.4401083221150375,-0.06542755790062528,-0.5761455622585356,1.0296182669579923,-0.570601528715393,0.1614792927906008,-1.0437610738195338,-0.16075317772533215,-0.1609437824985048,-0.33370548190190436,0.15186770805736502,-0.02901294265928285,-0.05934216273153539,-1.1920399101642998,-0.29641043744143736,-1.1636644129285976,-0.14848570112391835,0.10640706634484359,1.4006468944430521,-1.2154780683637885
65,2026,26,1955942,2026-09-06,Cruzeiro 3 x 1 Athletico Paranaense,1230,Cruzeiro,59.85,40.15,Casa,0.426298301469882,-0.5840824909210699,0.8023954700734434,0.8231587046064195,0.639921706982756,0.1702138950712428,-0.3627431313739714,-1.1412644286363323,2.0456068525569515,-0.6386063828093096,0.7697723732052509,-0.1723680866408543,-0.09269053893063411,-0.01997699973683261,0.42215233410597314,0.3145416786913171,0.574903498977791,1.5172159368414924,-0.4691715584085552,-2.269333739644865,-2.3124270075162383,1.5469881710501607,1.395287155305014,0.26679049498824964,-0.5410493696662784,1.1591417936108168,0.2953860136649128,0.3302677420654557,0.15077919182150656,0.7798437332864333,-0.27938701338928235,1.7689414548908144,-0.02880084136020152,1.565631062213467,0.9759608642859793,1.8249529765054213,-0.15653219606892613,0.7325815946609341,0.4964384192434611,0.2108479332047502,0.6708203932499368,-0.21363342424855797,0.9757138663118572,2.133974338132632,1.139433237752325,0.3365945337491576,1.5893257325523318
66,2026,26,1955923,2026-09-06,Fluminense 1 x 0 Vasco da Gama,1232,Fluminense,46.53,53.47,Casa,-0.9677306853693539,-1.8728393403307346,0.0018689951029802754,-1.0912218620162482,0.36960862770366903,-1.022699738092032,0.8895176513099063,-0.527876129375043,-2.1147851638978086,-1.2953543868106232,-1.7304561673530356,-0.4962162280203958,0.5818169594932968,-2.3288367404432084,-1.2021953665315008,-1.5099602232651455,-0.10890772559912422,1.0395019389562705,-2.2011272658140597,-1.75919798853417,-0.07301877788128161,0.5853680032060503,-1.4867607743892963,0.433669795149443,-0.3785072792240502,-0.682128246666528,1.4349831610106856,1.105062663508492,-0.2739179676924729,-2.0228678562503406,0.704906974977868,-1.1032856445414212,-1.7307670790867153,0.3263443764108729,-0.9375968891388096,-0.9779065076069842,-0.5116321425970354,-1.2005391373922554,1.2536440743733686,0.9844252542001556,-0.5492450692885529,2.943741623143015,-0.9113081279032376,0.9110720481420093,0.47041085297561275,1.3846153846153846,-0.6383174836492261
67,2026,26,1955924,2026-09-06,Botafogo RJ 0 x 0 Palmeiras,1234,Palmeiras,66.35,33.65,Fora,0.6539485488208114,0.16649021658106478,0.6657471710624033,0.2361339251804419,-0.3085987834187158,1.2563296450793147,1.9830110046893115,0.24133874947643916,0.19803846141879247,0.9058280486180549,0.11362327374165217,0.538481172911089,-0.5402330959986862,0.33824914948102003,0.49862734856857843,-0.5137190818084995,0.9978037454891456,1.2735409762066263,-0.621825270205921,0.4509096384805817,0.14808311422842552,1.4395231120939513,0.2949184044501925,2.265675742471214,1.168480916961753,-0.5309440503987951,0.23586408826243155,-0.6317566420709126,0.2894457294954261,0.5615452675414631,-0.20235587667759697,0.8753271549484265,-0.07793729071826426,-0.15937974186327944,0.6203074657618483,0.32404233607276267,0.4088803107681792,0.32353727821274403,-0.5922242120989177,-0.2199296569952576,-1.338877362790406,-0.5264445627242529,1.3900812334400146,-0.28972157901426354,-0.7100347721015928,0.9244734516419049,-1.335395721779177
68,2026,26,1955949,2026-09-06,Coritiba 1 x 2 Mirassol,1236,Coritiba,48.65,51.35,Casa,0.6554827726128167,0.5248199673002567,0.18597488409947305,1.2427941896120847,0.9412657675375148,0.40723048618661406,0.5208507543619099,-0.5562089127877227,1.0075321468148282,-0.1567165036996988,1.0389780200913734,0.2856919386787483,-0.8202751186286984,0.08680168937020727,0.6627198506446655,0.12526523926917305,0.4057352469711525,0.23464052768328406,-0.02312795668267276,1.3728862858688267,0.9056139808774476,-0.45304196957748005,0.3728191572092577,0.4138423676456472,0.015187782191165851,0.7807548779940965,0.951600834301832,-0.5381430138815987,-0.950125962976515,1.1550649679882437,-0.4667886025400439,0.07460012313222286,1.0913002944835815,1.588337763999319,1.1364737319771945,1.338417888154125,-0.21898124626423263,1.133592390941417,1.0629880069054678,1.7577827147203506,-0.1691275228729345,0.26932147228144676,1.3054678608690968,1.6522035354229476,-0.3667434323290369,-0.2865127435888428,-0.2555506259999761
69,2026,26,1955935,2026-09-06,Corinthians 1 x 2 Chapecoense AF,1237,Corinthians,62.7,37.3,Casa,0.319112086891871,1.3340888127406896,1.2687698564440109,1.450715622564369,1.4219797176239197,-1.7540042049900817,-0.6983948762074239,-1.7460960724352619,1.1668838679771962,-1.2090398329759495,0.9914370956738386,0.64360995539698,-1.1734473284319493,1.5533816530755913,1.3905510966353296,-0.9373148395657108,0.5500096503690534,1.445967941385321,1.0839741694339398,1.308448331817897,0.752331892821965,2.180786762567603,0.8499269984610404,1.5379430793183912,1.7983118063388555,1.7104318462442032,1.2239801227242093,-0.26496452647554986,0.10955032934861696,1.50257063465413,-1.362384585496543,1.701234899007461,1.4587651526024559,1.4543438574272867,1.3871828455736022,1.2360957443459084,0.32405464839001213,0.6220426083921556,2.625339037779909,2.330783476828498,-0.04055535528269071,1.5704491275379415,1.91627463882966,2.330783476828498,-0.6601846662748077,-0.8118121097900862,-0.04055535528269071
70,2026,26,1955958,2026-09-06,Remo 0 x 1 Flamengo,1239,Flamengo,65.61,34.39,Fora,0.2996652671064212,0.10109148152842388,0.19284769385899722,0.7995547040968483,0.7091221482208668,0.2627325033502463,0.7718030930425286,-0.06265484533424454,-0.35511145929225135,-0.012424319348252721,0.5032631486219523,0.19365479191033017,0.38428523671625053,0.5939992016378401,0.8222439748797312,-0.20247704198432168,0.8249792879763737,1.0089556296360254,-1.109876441913881,0.09799919151000508,0.3577582591591444,0.9751345188006114,-0.5817362365165576,1.1424230884621096,0.5461261996379518,1.525678847174995,-1.4785978049693447,-0.9788300145233808,-0.4258162497978301,0.6761761110117516,-1.635303032890713,0.4321320145888636,1.1198205078234729,-0.05363117847290604,1.4558533760250743,0.8586827763752668,-0.07863284705267948,1.069592398470842,1.1544366369843346,1.3448694819014433,-0.7216617351891165,0.28363121397436086,1.0111449393740337,1.232737208961969,-0.05724940643805054,0.9587062360592129,-0.8329497642322214
71,2026,26,1955946,2026-09-06,Internacional 2 x 3 Santos FC,1241,Santos FC,58.02,41.98,Fora,-0.19392537795365783,-1.29531856587,0.18887698301948486,-0.7414887193888369,-0.14101701883265838,-1.15391608734173,1.185646455266128,0.5099339388723426,-1.3349710067531828,0.38590207857804837,-0.9115165736880335,0.8443167088775229,0.09395409755765892,-1.1515003186657107,-1.500863070296534,0.7882989010993755,1.5535562731618013,1.10758827738768,-1.5574379566243597,-0.9714729178933956,0.41505134232068175,0.6233012628622812,0.19697230673538432,0.5250205090142075,0.537115342239125,-0.8652160462715237,0.5493137863828147,0.21713063813101702,0.10387007939374521,-1.0034921769789085,-0.5235616470031176,1.4843425978502383,-1.2494375946617966,-0.14434923070837194,-0.5686758752062704,-0.9262232330091076,-0.6520378732580562,-1.3840021643319826,0.08333333333333331,-0.746536409938575,0.8353351483845164,1.6935512790018146,1.4594393856666394,0.19089883183658699,0.6831612891484975,-0.4831174698006232,1.7811967523279388
72,2026,26,1955942,2026-09-06,Cruzeiro 3 x 1 Athletico Paranaense,1243,Athletico Paranaense,40.15,59.85,Fora,-0.9130374214062406,-1.3368694784740422,0.6778799319678125,-0.38071297708386836,-0.12597922547006435,-1.1008921446412288,-0.16654465225261283,0.03273700617849799,-1.0263589290457427,-1.091117219835666,-0.5904747765901667,-1.4335185276797089,-0.5630562938181879,-1.0728268716325873,-1.088827941217928,-0.6386247383374588,0.07067992539509715,0.8956044172855957,-2.028061199202609,-1.1577619018430443,-1.5482465024963614,0.6437704049522388,-0.8676840217095413,-0.6265811164733965,-0.6188613481925985,0.28514669213512284,2.381997700141262,0.8846026992767176,2.2506299327611887,-0.912046984215554,-0.3369680655825154,0.5475516445755332,-0.9860943381396083,0.40157325430295854,-0.0262838402832697,-0.17887083709493484,2.1696116526204365,0.7378861163349578,-0.3943357772490567,0.00614327882355317,-0.39436910666014113,-0.6447856407572272,-0.3045268798591994,-0.1766570968444784,-1.7972163006936501,-1.7927517424531065,-0.5158607041753288
73,2026,26,1955958,2026-09-06,Remo 0 x 1 Flamengo,4617,Remo,34.39,65.61,Casa,-1.0515716934186197,-0.8993160847520136,0.22818240342433568,-0.37645680055828323,-0.1003680234784869,-1.8264429112943255,-0.10286693189220988,1.0118449185031257,-2.1754529029020686,-1.6840443411776918,-1.823519778609802,0.14261979880933845,-0.19952619679199105,-2.2692157090046328,-0.5882203968218519,2.3202176533336893,0.32734295628116955,0.8416873653978997,-1.6866773123953314,0.946849079213761,0.8306181707970904,0.453871945046532,-1.6826775884122191,1.0397791658681723,0.4682312622373112,0.9749584687697805,-0.33968311024337866,-0.5954807410058809,0.922845539517127,-1.0901765502151086,0.16309819926342636,0.7363899574674131,-0.7048455030880891,0.644317777141585,-0.3551229260715202,0.16802588848282027,-1.1211739001798253,-1.0103457539792393,0.318222913670292,-0.2969821888598875,-1.0534228823474063,1.3422283899578438,-0.13426730666294945,-0.3955997131802001,-0.3631772459536331,0.6847124716486249,-1.0927391945786613
74,2026,26,1955949,2026-09-06,Coritiba 1 x 2 Mirassol,6332,Mirassol,51.35,48.65,Fora,-0.604515560665099,-0.18902626679112622,-0.21322066837661993,0.044677093948157776,1.4471397711159506,-0.07754098395164348,-0.1737834830500916,1.6131172100571027,0.04685000522153387,0.4827740153803693,-0.08834678835140469,-1.8358275419632806,-0.1111601761542984,-0.09417272178848814,-0.142185781796989,1.3538836138063757,-0.341430904254836,1.4156098566570146,-0.07216291125488987,-0.44758365232413777,0.7409939550190932,-0.014524056327827653,-0.24434536189633385,0.3576439427378188,0.0666940739791427,0.4187722842222677,-1.125,-0.5782319495950857,-0.6718708189956445,-0.018590566665890273,0.02156683564457404,0.4900567258608682,-0.23382671293074433,-0.08140493248828741,0.5125305878775531,0.7937598507608737,0.34581350599422855,1.0430004134619502,3.376173977246683,1.7031783260094537,1.2692955176439846,0.309504961070234,0.379434912404012,1.7470268033402054,1.0613034696080965,0.4807619738204117,1.046449728472674
75,2026,26,1955935,2026-09-06,Corinthians 1 x 2 Chapecoense AF,8865,Chapecoense AF,37.3,62.7,Fora,-0.629041017025027,-1.068129702533633,-0.617325331855727,-0.8478302021953736,0.14642940193569556,-0.20737584258602104,-0.4034311028227224,-1.6027530802432428,-0.15688636136660936,-1.448376526394107,-1.1128025010951699,-0.6428038637547633,0.3810844377907963,-1.5754700603691176,-1.3536188320465525,0.778468668915617,0.15563878430995728,0.23220748183533158,-0.9608968122051764,-0.3825331055136849,0.7583525988320184,-0.17407216705768544,-0.4784021590495729,-0.3913865632588304,-0.3480924565261158,-1.0035241050004535,-1.0057637364916368,-0.712933073662111,-0.6508032602761833,-1.20723093809622,0.01366785871399449,1.6294720071110236,-1.1933086330784415,-0.6282538937897677,-0.36252734381706564,-0.6793868857347394,0.4515200433307038,-0.905506442134642,0.3441369978665918,-0.044088869058560624,1.1792955782082268,1.2958865002679856,0.04350203263877746,-0.15641860048592107,1.3440430100644942,0.9268440195458597,0.9480982327478418
76,2026,26,1955939,2026-09-05,Red Bull Bragantino 2 x 3 Bahia,1221,Bahia,48.7,51.3,Fora,-0.6025372451690761,-1.8854469486256276,-1.0494029722619709,-0.5647970104580722,0.8028429365975035,-0.038072820541605074,0.3156551840738411,-0.7160498731957687,-1.6013213414948344,0.573298419947494,-1.995433676536662,0.5753046272897855,-0.35215200711134076,-2.5684011410932706,-1.5159572405608062,-0.27043507032331354,-0.39786381840682056,-1.1998442142569044,-3.1792219708111045,-0.27820744203732845,0.7384734223036001,-1.5346885082010289,-1.2813114162375838,-0.9999075571987851,-1.1200449816947922,-0.5796343689897654,-1.1182668882397142,-0.48686144124828956,-0.782609094704948,-1.5335446431679578,1.5899880432956885,0.2631932191690306,-1.3968551551361599,1.3638881069205326,-0.6926763504487038,-0.1195175310003597,0.505924048065727,-0.7764536663298178,1.7423742438807115,0.8844414215227008,1.1113855611859678,2.221582136711949,-0.9024322201588758,1.4890172820765877,0.6069109849750698,-0.7300956427599691,1.6948166746969597
77,2026,26,1955932,2026-09-05,Sao Paulo 2 x 0 Atletico MG,1224,Sao Paulo,55.97,44.03,Casa,1.3998130862172902,0.4403481647724419,1.714274469999311,0.2451808721260359,1.2557079108091158,0.4694818609571105,1.2875872188507147,-0.04204801842866402,2.8282732527116003,-2.2972887297842854,2.2341585633094203,0.3939551318506904,1.8482327031325536,0.9737582493643525,0.984858029967459,0.3161240608403351,0.39562448095568253,1.3422675241519462,1.0819806778916188,-1.2792042981336627,0.4839930496400843,1.6944214594599782,2.145812372103982,0.21302978708412934,-0.4770621172461185,2.1629487162107077,2.6742010678614565,2.2874436387875345,1.3952334172756122,1.3173559606279215,-0.19407261386259692,-0.16065274493738088,0.11061358367377362,-0.352548198932106,-0.09469785686544549,1.2172411656884379,0.9004040951695558,1.7420251515695029,1.8615351269220803,1.2480608021387438,1.3895506697597566,-0.09850388507087521,0.5802735198481189,0.851558934646312,1.5656974326811117,1.482470448669621,0.958706236059213
78,2026,26,1955932,2026-09-05,Sao Paulo 2 x 0 Atletico MG,1235,Atletico MG,44.03,55.97,Fora,-0.006736885226996427,-2.6368067048049877,-0.0974626711628737,-1.3946757301563808,-0.8197573958132902,-0.2116069951920385,0.5571804308336656,-0.5552217987685693,-0.7060113234251411,-0.011967809122540241,0.00411135506762936,0.13362697763505543,-0.15450395669587974,-3.0573394202474447,-2.1188744202178977,-1.056252909654347,0.3329710288288876,0.22197420615095823,-2.1373169318978875,-3.2336960468567217,-2.7294153288717733,0.5137301421682839,-0.8949221829938612,0.599573866928875,0.2270812097172776,-1.25953790721899,1.223980122724209,-0.7792653078194279,-0.7676000685857589,-1.3989750242954209,-0.5444202167221696,1.994486995668908,-1.8826817758601144,-0.6427124355492041,-1.6543336849207833,-1.1839927685506573,-2.6810351265505203,-1.8944701562165576,-0.7225300612714974,-0.9774114655698455,-1.1250000000000002,1.2347558881213825,-0.16855248392297434,-1.0283456074900592,-1.340729035945029,-0.8717192547505778,-1.1372630948636184
79,2026,26,1955939,2026-09-05,Red Bull Bragantino 2 x 3 Bahia,5438,Red Bull Bragantino,51.3,48.7,Casa,0.016473758241974057,1.077119057317383,1.4124678485645912,0.7758300371985107,0.6887810621475341,0.03130738062300354,1.3881763252570491,0.03221928536047073,0.15046536298059857,-0.21098519452830003,0.8391775320764729,-1.4820201463190712,-0.12727151200672215,1.1630071681363179,1.7448106395352856,2.2395807422848755,-0.8134160608384089,0.6671369932592299,0.27299823454831645,1.1276601870496115,0.6547096937158557,0.49301950762062585,1.3253057039590819,0.7661825600650187,0.26850099548496814,2.9132831140723163,0.8421601936380788,-0.015078061593227346,2.134856012032425,0.8910055411753461,-0.8206317284921277,0.3236249273202102,1.503141847538019,-0.04734573472881254,0.7565184948094905,1.294119700636645,-0.1372273229578218,1.1069123704416726,0.7150297935287753,0.7974286280986471,0.08333333333333338,-0.05719849383980169,0.0733144188992904,0.5715383851634992,-0.7254762501100118,-2.1441232328599886,0.8861015062604198
80,2026,25,1955922,2026-09-01,Remo 2 x 3 Coritiba,1236,Coritiba,44.07,55.93,Fora,-0.7133232126050788,-0.5128104894489538,-0.21604428313236215,0.13365765787802564,0.5465020658718175,0.42574859481320576,-1.3352318067328612,-1.3014362010724803,-1.065418851369709,-0.021182672562519222,-1.0672530453296456,-0.4327567463364553,0.824536241764895,0.08680168937020727,-1.4828187839205509,-1.594613797125106,-0.3391736249739136,-0.24305302917070173,-1.3645494442776989,0.7093245810322272,-0.6327295674711557,-0.9785706542873572,0.1887420448862085,0.4138423676456472,0.8767309599416077,-0.31482051532020006,-0.362514603543555,-0.5698467422755016,-0.2429443381749164,-0.6534730162692655,0.6504464999214538,-1.3692761151458392,-0.7356080067874131,0.4712379730430037,1.4524736815257775,-0.07815578908929187,1.4925523961246792,-0.013181306871411766,1.0629880069054678,0.9350222715512736,0.8118121097900862,0.607082949776653,0.40744056696157294,0.8592683545273391,0.7527891505701284,-0.2865127435888428,1.5971914124998496
81,2026,25,1955922,2026-09-01,Remo 2 x 3 Coritiba,4617,Remo,55.93,44.07,Casa,0.6774828596453066,1.4425220431369863,0.40927401719062456,2.1690192858644575,1.4485796708249987,0.8802484864314581,-2.091627615141611,-0.41869623422226426,1.771142538829884,2.9362059698106653,1.8175975463721434,0.19189491461455369,-1.884154915010142,2.0346343382425505,2.2205847729689427,1.1686797773275408,-0.0174118348077938,-0.733147017572536,1.0497502154068843,0.4651188459295668,0.6709341845927448,-0.6978281155090421,1.4551445716612574,0.17824785700597237,0.8921791433654112,1.887016391167317,-0.33968311024337866,0.27870454819404517,-0.027253490938378696,2.6177273088533366,-0.2941129578888434,0.3388381219798878,2.950736230793764,1.291245698084504,1.8163679057262245,2.908948194358825,0.9407329592410183,3.2774630555911908,0.318222913670292,1.636513932356733,0.9174973491412896,-0.7583056556145115,1.2365111904763995,2.58947571115585,-0.3631772459536331,-1.4054624418050723,0.8278327231656524
82,2026,25,1955921,2026-08-30,Bahia 3 x 2 Internacional,1219,Internacional,41.07,58.93,Fora,-0.3902015284505463,-0.7145576090251493,0.34187087607019845,0.19536709865960822,0.2520554808161908,-0.052948323993489,0.454346765562323,-1.084921469211481,-0.5456761084702145,-0.37219631793294405,-0.21554239285988863,-1.0210059611302078,-0.6665158763915009,0.24916219437386256,0.3100353062163641,-0.23707379352792052,1.5772724251512518,0.8100861749370772,-0.6886242359890499,-2.728803700701774,0.17852451822921628,0.41317390855907765,-0.20606257046695012,0.0868878323839294,0.312585320594363,0.2986389482867474,1.214746786823312,1.1404528036688706,0.24384035083507416,-0.4194595445010845,-0.03848423840048483,0.8752733920251617,-0.009825766124093322,0.44443154037151056,0.7663221648921001,-0.2709169975044589,0.35339170336834475,-0.4423135770745134,0.13112569439434393,0.3477259752729534,1.1149412193707493,0.8388707084674769,0.20705860157114792,0.24757185956502226,-0.6708203932499369,-1.9615384615384615,0.9498566853858941
83,2026,25,1955921,2026-08-30,Bahia 3 x 2 Internacional,1221,Bahia,58.93,41.07,Casa,-0.25327463550261947,-0.4237816531937365,0.6937965417029036,0.4104611366827856,1.0948609021191262,-1.0249171398944474,-0.02977879095036172,-0.5603574460601614,-1.1200548567758875,-0.4776089867818394,-0.22114377460768853,0.34345089520815564,-0.9412150789259781,-0.4370923628667766,-0.12396315851179923,-0.17626251869633075,0.3339044933905663,1.3395759530525964,-0.049062067450788685,-1.0850090239455814,-1.4473746612806546,0.5703234321017342,-1.5598668990859925,1.6488860198037671,0.772876943912436,0.020701227463920096,2.1908902300206643,0.42002703047337675,1.2918452399133282,0.03735200587163424,0.6266076758861094,0.6492344227928244,-0.22661935726428198,0.6866588464602231,1.144453051663567,0.32770935919453403,-0.10711665153885673,-0.19909068367431237,1.193147580048748,1.3144829532791573,2.4005928121616904,1.8228557916430026,0.7671816190616447,0.9478408382766967,0.6069109849750698,-0.7300956427599691,1.6948166746969597
84,2026,25,1955914,2026-08-30,Sao Paulo 2 x 1 Red Bull Bragantino,1224,Sao Paulo,32.71,67.29,Casa,0.37724887159298326,-0.4304944698948736,0.15219296247602312,-0.8545896224479133,-0.26356625063459627,-0.43957240501526396,0.7051604179494384,-0.31558892689123275,-0.24135877566253208,0.7509395654854741,0.02307332182353638,1.2236543669212334,0.055721261617949755,-1.4342175765831546,-0.5074896068313591,0.2015153484931779,0.6313151924577475,0.46791554463404783,-0.2675866192635186,0.4873159230985381,0.4839930496400843,0.6626477623609891,0.8030535171314654,-1.41272385118949,-1.9976063292695985,0.21293277517100226,0.8277289019571173,0.23632852035345978,-0.18048133057494564,-0.5409691432199529,2.983225677302449,-1.4669820028866114,-0.6769367603776131,-1.5137867699685403,-0.6866658162255461,-0.8592290581330148,2.2064924460022652,0.5055527537771636,-1.5124972906241902,0.31718497948174246,0.1684303842133039,-0.11838533702926363,-1.5577449967008627,0.9470580931350424,0.7961173386514129,0.21801036009847358,0.958706236059213
85,2026,25,1955912,2026-08-30,Vasco da Gama 3 x 1 Cruzeiro,1226,Vasco da Gama,41.72,58.28,Casa,0.12588474491244006,0.28651877564318456,0.8523419971991646,1.382746626174171,1.6029347115429866,-0.17865792460281643,0.19009294252775888,-0.3858467979170877,0.5332516011231839,-0.6767983551808748,-0.1505538260537596,0.3280867006293926,-0.284887156026848,-0.5153191918599979,0.7527605463254414,-0.4328626859794346,-1.0882302838963969,0.11116416764087529,0.6540559498157561,0.2545777982915386,0.396666917489407,0.607847442874722,0.7068675620141253,0.018989182665023356,-1.3087983932553633,0.9642310012205814,0.7913418772234276,-0.8533123116070469,2.024774917197108,-0.010458984613322835,0.8963579925844697,0.5600488021810239,0.23082269645274164,2.0103150971991903,3.300307695658075,1.4557522228861648,-0.7068587945081606,0.7998889850526173,1.430974628472369,2.322001209708834,1.6520465011377246,2.0241316886755376,-1.2599223641188138,2.1567760744142865,1.3206444008111453,0.47519096331149147,1.439424345369761
86,2026,25,1955909,2026-08-30,Flamengo 3 x 0 Botafogo RJ,1227,Botafogo RJ,37.95,62.05,Fora,-0.8225173617424495,-0.07614450559460456,0.42069502238281714,0.24700061360356762,-0.31744232843987735,-2.902976921500084,-0.9348100327869883,1.2512759357753795,-0.5836962741537204,-1.511083148544302,-1.0427207623652723,0.26609988030857107,0.30734612439119996,0.4776034750480455,-0.1735971176101892,0.5458077734136743,-1.6256301951814278,-1.2092698965830186,-0.17740105958085417,-0.4311833202354204,-1.9827293704586721,0.32247879303784555,0.34715327037419746,-0.5838945403038677,-0.1880717746258302,0.28075907564351926,2.0280125687094355,-0.018366357467661597,0.12966096683577255,-0.4028161694195997,-0.19656100368460094,0.7893989145993309,0.26511275253244593,0.5383164616123559,0.5873894096890683,0.9058835757772977,0.21819095971613892,-0.017523197083542198,-0.02901294265928285,-0.7729515114995678,-1.1920399101642998,-1.025037524725605,-0.24272924038069202,-0.8315004271635382,-1.7450758880554347,-1.1920399101642998,-1.2154780683637885
87,2026,25,1955912,2026-08-30,Vasco da Gama 3 x 1 Cruzeiro,1230,Cruzeiro,58.28,41.72,Fora,-1.0027039905494093,-1.5827601398423876,-0.5678442590146716,-0.8923625791984559,-0.746755783549684,-0.46493607601408987,1.2432951602054425,1.2671340175652324,-1.8746032268596104,-0.8900286567666728,-1.4692687237954962,-1.3858582924055316,-2.526239547778058,-1.5262427798940104,-0.999226856172773,0.08254547777158745,0.1728762539147081,0.1981118724906954,-2.2594314523359365,-1.546139470966831,0.6823754850374834,0.583679586009723,-1.7718627705764822,0.393625320474467,-0.5249524442911029,-1.0985896103624901,-0.7753882858703957,-0.6105342369081388,-0.7385297937628518,-1.3945700356939181,-0.04375871410866558,-0.18482668311278388,-0.8917748946875274,-0.7339858032677368,-0.5491195831446412,-0.9017917518563087,-0.9780009377974305,-0.8005530828253505,-0.6552987134013684,-0.9387790100578828,-0.40994579587496155,-0.7225997766252031,0.4842441512354254,-1.0661659977143703,-1.3082381618637804,-1.4381766442009458,-0.5544159532159296
88,2026,25,1955920,2026-08-30,Athletico Paranaense 3 x 3 Fluminense,1232,Fluminense,50.68,49.32,Fora,-1.1616100718775446,-0.981417463340871,-0.8879287620235186,-0.3470549920491929,-0.6022858082038023,-0.5952233789973507,0.0023532212997612236,0.2760820496679971,-1.2552050443073275,-0.42251338640518044,-1.646461518202371,-1.404205298276148,-0.1826639625804949,-1.2735825924298796,-1.4566099981401615,1.3997511850123188,-0.5818341707328705,-0.678343305372177,-0.7116978159465459,-0.48377944684689683,0.4382652809137666,0.11382155617895438,-1.6631740625484148,-0.9094434539056289,-1.112130337555101,-0.9961237887828663,-1.112844084049103,-0.9228307761133641,-0.7598087390340532,-1.0856260045673622,-0.5376159122377651,1.2125365288480703,-0.7388217741655548,0.8250354681201252,-0.38880765758397984,-0.9779065076069842,-0.891474786486833,-0.5007273789123478,-1.0185858104283618,-1.2712732887683595,1.3246498729900391,-0.9433134443466598,-0.46188157385017525,-1.3723674873103169,-0.3320547197474913,-1.9615384615384615,1.310230624332622
89,2026,25,1955917,2026-08-30,Mirassol 1 x 1 Palmeiras,1234,Palmeiras,49.51,50.49,Fora,-0.7462558649899931,-0.6673800969657522,-0.6084110124765008,-0.06764278958904749,0.33890125732365484,-1.6182984489907004,-0.8719622857499104,-0.7147068120367223,-0.7395510971622214,0.16631853866772178,-0.012320799842739247,-1.0397268248337566,-0.3000863491206641,-0.9524383945912938,-0.3012266181622098,-1.0245590429795581,-1.667203978999207,-1.6426860073091776,-0.9327379053088816,-0.4831174698006231,0.40269848965504396,-1.0677543804420593,-1.3153195519669052,-0.4437921557417849,-0.8989278480179894,0.06126277504601481,-0.5241424183609591,-0.7228115449385442,-0.3607203433933104,-0.3404901788140407,0.6411883577832097,-0.7191493755833828,0.29522699064871366,0.47384176287310986,-0.6991497330639728,0.20944199770556612,-1.2496298120516776,-0.21776547572011645,0.7817359599705714,0.4670424504355851,-0.4564354645876384,1.26857975895513,0.3671530458832983,0.3961774402148425,-0.7100347721015928,-0.3521803625302495,-0.5285941398709242
90,2026,25,1955916,2026-08-30,Corinthians 0 x 1 Santos FC,1237,Corinthians,64.72,35.28,Casa,0.6869353225876424,1.0613724791159147,0.8667555816090792,1.0732649680182407,0.39743823194122563,-0.703675533971147,-0.2581024542505696,-0.8884088001922968,1.170464767099793,-1.0245291660997575,1.3770454191233064,0.8199893100008014,0.5689774674592275,1.4575347000134804,1.6123921763115803,1.1726171033590174,0.23390900589850075,1.2169000553174747,0.749556606523469,0.4260064336151293,0.5462400145085221,0.2907715683423471,1.000907141174008,1.6978009621149266,0.9442366281618515,-0.2402291918882307,2.111365711699261,-0.44816005954502525,0.339917298212164,1.4315194798963644,-0.48619886401147866,0.2939064958883072,0.8465665773126974,1.3521463911992115,0.6628274236646896,2.053448956405255,-0.48558903148862304,0.9828273212596058,0.31822291367029193,0.2694763025078321,-1.2166606584807191,-0.3617225380612586,1.4443926870091663,0.2694763025078321,-0.6601846662748077,0.1691275228729345,-1.2166606584807191
91,2026,25,1955909,2026-08-30,Flamengo 3 x 0 Botafogo RJ,1239,Flamengo,62.05,37.95,Casa,-0.11529289671795487,-1.058839098683559,0.6284872052622901,-0.23453128813471413,0.336966956479339,0.9644421850937871,0.2492593646791044,-0.9022117609427286,0.24472219814880125,-0.16602526970344383,-0.3084641378368188,-0.7240338502993389,-0.7112416433499177,-0.10435121109853966,0.4333427590058616,0.6166655339045409,1.0073262287401885,1.0170446517826366,-1.109876441913881,-3.4544715007276774,-0.45868081039182634,0.827848575856769,0.742519620849083,0.5712115442310548,-0.7289344185508119,0.4195616829731237,0.6302220152328355,2.3299834742166583,0.5795597924308743,0.002275576651638678,-0.8022418830826001,1.5887007875913073,0.20644151959316262,-0.883140767115372,-0.2637014816682857,0.8586827763752668,-0.33057980517576996,0.49518166595872315,-0.08551382496180245,0.06678477534052042,1.022354124851248,-0.3335657064871474,0.5680277393757126,-0.04050776296274803,1.0495724513642601,0.9587062360592129,0.8924461759630945
92,2026,25,1955916,2026-08-30,Corinthians 0 x 1 Santos FC,1241,Santos FC,35.28,64.72,Fora,-1.1835475722916025,-1.2805523664637695,-1.0843021469392544,-1.4108483587278344,-0.2811305450601968,-0.4507602278911492,-0.3394391061447387,-0.9711041033005483,-1.4967394592349226,-0.7891843282568635,-1.9907020027990243,-0.938039330052624,0.730020010341533,-1.636871092521897,-2.0178440657530166,-0.8411558998481197,0.7736709879836619,-1.9074794737522804,0.30891331371061675,-1.7764076212907807,0.5848082732818494,-0.7553566151636115,-1.9104454583705985,-0.9250361349297953,-0.35489610301016306,-1.1409442368415699,-0.8988771049900601,-0.8074352436298713,-0.8751533313398906,-1.8976299346191268,0.4604335605000918,0.34444665129917024,-1.5364939057672866,-0.7653779605430735,-1.4438916339818508,-0.7428752892735163,0.08974647347750878,-0.7758800012164145,0.08333333333333331,-0.300862676673753,-0.3182229136702921,0.4696846860710555,-0.7179379276474007,-0.6299539010654577,0.6831612891484975,1.3849367467617868,-0.6785511437439767
93,2026,25,1955920,2026-08-30,Athletico Paranaense 3 x 3 Fluminense,1243,Athletico Paranaense,49.32,50.68,Casa,0.18457861913883283,1.2071646590542624,0.7795599308027361,1.1367863226018016,0.5156084416975499,0.5234337167428348,-0.024491860625383825,0.3512851290278389,2.310288692921252,-1.3255848175369305,0.5739763628259393,-1.2072612097136979,0.7396069969166893,1.3096219919478882,1.7311590840674722,0.7531568635050526,0.6044987802754952,0.39127657030779966,0.8025482820373964,0.9853292781642932,0.7600690403775552,0.304327827795604,2.0682516115372285,0.27074492687122104,0.3751039022177328,1.5573396262764407,0.7939992333804207,-0.42863260553952126,-0.3173036410444983,0.7874971404073792,-0.6882533043021669,0.6686968230863132,1.8513666907105528,0.9935924345861177,0.9146890247031564,1.4267078673048386,-0.17029386919630193,0.5653159762243629,0.15022315323773597,0.40695263445139135,0.6453312654438671,-0.18200789054825134,0.7453975819825093,1.0479171466280761,-0.28651274358884277,-1.7927517424531065,1.354134348460238
94,2026,25,1955919,2026-08-30,Gremio 3 x 1 Chapecoense AF,1244,Gremio,53.76,46.24,Casa,-0.42175075338359713,-0.2413566773223865,-0.4583570214254787,-0.4938295780219392,-0.12263344314394645,-0.22640904092428038,-0.13611352898039564,-1.403941255283737,-0.7997258687873202,-0.45462805682161295,-1.0915987679272188,0.20231778495611566,0.09727228137183117,-0.9012334383639473,-0.15610046312051773,1.2661673994113827,0.23844853279099246,0.9748566851289034,-0.5029107243210124,0.5948179165159316,0.4078301240768404,0.6165839333979021,-1.3898187225609344,0.4720605162668086,0.5533655882701943,-0.13146747924019267,-1.1128440840491032,0.7107318261947552,-1.2046562923673525,-0.27723273993635655,-0.7285092493585198,0.7560941125213495,0.028313087856524383,-0.7193821566745701,-1.0070165033333547,-0.15809049856948215,-0.7969804902013821,0.14190394951780175,-0.8498142740277413,-0.7210374313724824,1.96638416050035,-0.9323958179327716,1.2145037603882562,-0.677852930980856,1.8520046597788353,0.36037498507822363,1.6900005927936794
95,2026,25,1955914,2026-08-30,Sao Paulo 2 x 1 Red Bull Bragantino,5438,Red Bull Bragantino,67.29,32.71,Fora,0.644922948186395,-0.8949554635524873,0.05638794704039027,-0.636122246996474,-0.5040643955409301,1.2045009861652483,0.3778626676857989,0.65998334436735,-0.5991540823882763,0.24364159909218436,0.2468697048888145,1.4658914239712706,0.6235554552455228,-1.0712873599236747,-0.2603757860289506,0.7638786460784817,0.8124661836055089,0.552928521920333,-0.759647261351837,-1.4885114469054872,-0.20378493514552917,0.09215317899450956,-0.06337128910904948,1.319688110574623,0.8397862124532636,-0.37506339492547774,-0.4432422071779363,-0.6390676735968801,-0.19183671611432745,-0.1819850392700495,-0.13977498339451452,0.06626412386061103,-0.5134900862705737,-1.5520559626867507,-0.29695789975852205,-0.9512332842286452,-2.345318305512375,-1.2599417304105676,-0.5416892375217993,-0.7041319427840336,0.08333333333333338,0.5893995904963533,0.9092803780512518,-0.7609586487498858,-0.7254762501100118,-1.0135855282610855,-0.14177624100166725
96,2026,25,1955917,2026-08-30,Mirassol 1 x 1 Palmeiras,6332,Mirassol,50.49,49.51,Casa,-0.24633938185860982,0.3674727533704478,0.7381283247081741,0.4473172978980571,0.15124569462575535,0.0492329831757563,0.4561816430064891,-0.2452601330751426,0.2763928833697019,0.2557527814496123,-0.38109839300602544,-0.7875028841013172,0.5126090003466514,0.37669088715395255,0.43295342468868525,-0.264479026739579,-0.26860512653175284,0.27702607294885906,-0.07216291125488987,0.7324096128940434,0.8737020152488325,0.6172723939326618,0.5333966347873328,0.5714928981892985,0.19533123050351,1.6332119084668442,0.6875,-0.08912384903690121,0.3858961128729075,0.22635901323411992,-0.15022585532865013,-0.2628230252046782,0.08307602492891586,0.8121587304661144,0.667675422963078,0.35390566594433875,-0.6195507048878214,-0.4324635860695891,0.6374594222773455,0.06060526190204396,0.0,0.2855467394418735,0.48065508636579485,-0.03076264771344213,0.25136134806507554,0.4807619738204117,-0.2180103600984736
97,2026,25,1955919,2026-08-30,Gremio 3 x 1 Chapecoense AF,8865,Chapecoense AF,46.24,53.76,Fora,0.8286948925015757,1.5200807147977047,0.7345716129368919,1.181659573634926,1.9759392876981843,0.292435618874356,0.8130688379965646,0.06717242273583181,1.3476794484499135,0.07637832129955177,0.6690502311214249,1.0029621192967901,0.9237628897197118,1.7822246614674269,2.1038999540937855,2.790804456131192,1.5744479632415773,1.409415854768799,0.8855323563459472,1.3086658872836594,0.2136857227485606,1.0837396207139804,1.6008579495664244,0.9277311129098212,0.20398955527021786,1.7716536668526521,-0.20115274729832733,-0.24763591407564597,-0.7753999251231982,1.2459126985258853,-1.650311981134439,1.2091380300583472,1.847618022807888,0.29883905923202103,1.3342685139739099,2.388811953067309,1.000676415298746,3.21043193120464,2.567791445619955,2.7702934239873525,0.11412537853627996,0.2985863265924828,1.0117011180351558,2.6910357142797663,-0.6720215050322471,-0.8629237423358007,-0.035114749361031275
98,2026,25,1955918,2026-08-29,Atletico MG 2 x 1 Vitoria,1235,Atletico MG,58.99,41.01,Casa,0.7866108893735375,0.8552865879602463,0.2819260675782873,0.4733897442702365,0.4263253604696389,1.0886341549162293,0.8724630160858862,0.9532886513632732,0.20723785135107528,1.0204945574586959,0.8081699285047591,0.8501619150278366,0.41260766839187185,0.7309000648607825,0.8043511860709068,1.4137130805107918,0.22161289761750122,0.9130402631929181,0.8569918132730658,1.0289032876362298,0.6699529240159997,1.4258632517323797,0.18961524527731363,0.9245765237688259,1.2248103300070927,0.21628428709821043,-0.550791055225894,-0.4221621533667022,-0.5139918471811117,0.6793550194012767,-1.1330932680483816,1.408551452595193,0.7253280074125128,0.23480398672381633,0.2540719635433403,1.0002178095644227,-0.25394965336895964,0.9333051504890396,-0.21147221305507238,0.40226384565681456,0.6875000000000001,-0.32369795496681253,1.4554808953739484,0.3256546352690234,0.5107539184552491,0.18160817807303692,0.554051251343814
99,2026,25,1955918,2026-08-29,Atletico MG 2 x 1 Vitoria,1238,Vitoria,41.01,58.99,Fora,-0.1808863823485014,0.5557376284134152,-0.17889829033997998,-0.2912207133466591,-0.24745608441890055,-0.7188554542709542,0.35547261022069104,-0.2094123724115311,0.38228834563605196,-1.7407284327695478,-0.1143344238082695,-0.497022629169308,0.7653357073938474,0.4598310996389311,0.6823578391207431,-0.2071746431386765,0.21182276158680688,0.6467607214061626,0.47991980676787693,0.6008417681261098,0.09535981909723411,0.37477275475658106,-0.6289770635861317,1.1743892010657222,1.0478213082379662,-0.4827949763664393,-0.8452522190185577,-0.610269012372018,-0.6655274388910543,0.22878139229763084,-0.1826058715423134,0.19528808435087905,-0.09300478684255689,-0.7892706415175167,-0.5113888173241938,0.5628998067732682,-0.526898096308573,0.3721438547031918,-0.9460264891125479,-0.5676248508886349,0.03450327796711767,-1.009168215814278,0.6715763624687935,-0.675628052683021,-0.32680993517304624,-0.39999999999999997,-0.0974354703692446
100,2026,24,1955882,2026-08-25,Botafogo RJ 2 x 3 Athletico Paranaense,1227,Botafogo RJ,60.1,39.9,Casa,1.377559656828848,1.6351330969137572,0.7783212715818522,1.4359790613303733,1.4816470320612325,0.08575523310758351,-0.11508460446837684,-0.023291758372985107,1.4806865913285143,-1.1306653991105473,1.4262054761098304,2.5206123933340097,2.1848396329024893,1.261594085032573,1.7267468330075928,0.22242620067599142,-0.32711866692992053,0.5189289912047814,2.1970438917321133,1.35514757788275,-0.4853510694892934,1.157468525010839,1.5092014980202455,1.3294322019347964,0.5228791152239519,1.7346900030831738,-0.6947820837245289,-0.5398955897807777,-0.3660825148334128,1.7698717590139672,-1.06099493378976,0.25777314486100206,1.637107639167349,0.1929861676965715,2.143950679443605,1.7060040944841497,0.31783892834161837,3.2009040005936944,0.8123623944599235,2.5560462641253405,0.5364179595739348,-0.31330729177267796,1.8994460522850873,2.354772997687659,-0.5107539184552492,-1.1920399101642998,0.4630392641385861
101,2026,24,1955882,2026-08-25,Botafogo RJ 2 x 3 Athletico Paranaense,1243,Athletico Paranaense,39.9,60.1,Fora,-0.9577684941081223,-1.2505026289971592,-1.0935289206178895,-1.6802396313345231,-0.13761200010239572,-0.835696085639749,-0.16654465225261283,1.028199890082691,-1.8326443503457444,0.2726074139231398,-1.4866042831381354,-0.44600843578311355,-0.8881552135463483,-1.0728268716325873,-1.543063667484176,0.007222355054859961,-0.19350114862963824,-0.5547940244418791,-2.657085528367055,0.2709655514951807,0.24431724098028312,-1.3928850579875698,-0.7470666810112561,-0.290083850219165,-0.5420684233686963,-1.3050944755415246,-1.5879984667608413,0.884700809156631,-1.2380449921869812,-1.0695966193307984,0.2335951175836745,1.3667565580236543,-1.4064589350062988,-2.445280957875642,-1.7996220131253537,-1.2904253247563164,1.5510159399562407,-0.9878152847709917,0.15022315323773597,-0.5330825637318348,1.6850316375478753,0.5021717184611282,-0.3268656981962574,-0.6410175980040349,0.4688390349635609,-0.8118121097900861,1.354134348460238
102,2026,24,1955903,2026-08-23,Vitoria 0 x 2 Bahia,1221,Bahia,56.52,43.48,Fora,-0.184133463432211,-0.21543315461325296,0.0827424398828281,0.6991262773562281,1.936704909229035,0.2503893651153797,-0.11613728470641242,1.7231314852620783,-0.48917266993076935,1.395170082533056,-0.07428998673305319,-0.38174574047573806,0.3032389337932795,0.23595251446790572,-0.48585563221822625,-0.7484728800107603,0.9739945477241508,-1.1984564788159218,-0.3336220586653629,-0.27820744203732845,0.42350695779598724,0.1192494448939993,-0.3052927250527115,0.6730147019607216,-0.7064374005849775,0.3208690256907628,-0.45643546458763845,-0.48686144124828956,0.14504965639183487,0.052211941144972476,1.7848249699381498,-1.2086963407751483,0.3762293870939584,0.7362523859536682,1.6318113952323137,0.8867429719381512,1.5125647423027977,2.687724229603215,2.8408275715446383,2.988703034574052,1.1113855611859678,0.828649724737533,-0.9951885445600155,2.5764949691521273,1.4069300106240255,1.1947019608799496,0.577778411828509
103,2026,24,1955906,2026-08-23,Chapecoense AF 1 x 0 Sao Paulo,1224,Sao Paulo,76.38,23.62,Fora,0.1501981309027479,1.165073480309111,0.4834914019260373,1.0364229014360382,1.3254639535940118,-0.242832322614856,-0.97740589576536,-0.5179120840381032,-0.21940058732817977,1.676758806506286,1.721805278076698,-0.5813053725304734,-1.3554572337390018,0.8643048027303749,1.0060405826110275,-0.4489199028705798,-1.564667891582447,-0.4607355139927458,1.4193725021804031,1.3705760337146384,0.21123911754608707,-0.24015422260062638,0.6398116675446495,2.3265095168398346,1.526214542618982,0.5379354320109532,0.21223817998900435,-0.40429872022813645,-0.5753921622275916,1.7701436955863232,-1.3991877610854009,0.9055697528287922,1.5458007476703877,0.17458983889071145,0.6551573235967312,2.601554648236073,0.5246114111064356,1.5653862375991687,1.0180270225355126,2.561423237662872,-1.0526899013331488,0.8516599215873301,2.720947960020143,1.9740115097774955,-0.7430428494079853,0.21801036009847358,-1.2654922315981614
104,2026,24,1955888,2026-08-23,Palmeiras 4 x 1 Vasco da Gama,1226,Vasco da Gama,42.24,57.76,Fora,0.13830727066350043,-0.6954053690816498,-0.15332028000279604,-1.040737895485572,0.03463389663964228,-0.4859228581709262,0.7888857114901986,0.4296346212130977,-0.47153264569979325,-1.2913461242521376,-0.15356757533956614,0.6895117186092435,0.2641174579078243,-0.721446868603997,-0.855706814409596,0.5826438862815335,0.16091280627675722,-0.052433105594669016,-0.8110293777715376,-0.39343841554146886,-1.2729262507276196,-0.005476103088961302,-0.14111165324777997,-1.5761021611969204,-1.0572992885454258,0.6800366008608311,0.7913418772234276,-0.6295956072382392,-0.6686102405673733,-1.177925834787363,-0.6587653586644285,0.7375790319898131,-0.6888093760973806,-1.5430124794313778,-0.7532038916261665,-1.1822288407154866,1.2860353915953078,-1.1143752526801427,0.3625135725463334,0.5109733449255589,-0.19824558013652685,2.0894415963118353,-0.6999568689548965,0.4328308664213441,-1.6614558590849893,-2.3759548165574573,-0.23990405756162692
105,2026,24,1955894,2026-08-23,Cruzeiro 2 x 1 Flamengo,1230,Cruzeiro,48.19,51.81,Casa,-0.432084667952577,0.33880379109560516,0.9236207531838536,0.8924239028294059,0.5847940928475001,-1.3308142255860538,0.6811817581526477,-0.5385998190144206,0.7700697446990579,-1.6203145624561783,-0.7043250046097491,-0.7894849006835749,-0.08210064407985636,0.32762279568405456,0.5223589243612559,1.2181371381709822,0.27578618162424523,0.9352439099303743,0.6049843779478735,-0.09975093361076331,-3.2029200265712734,1.2717571467528928,0.1259548960172097,0.774129796933119,0.6761701066228215,1.4100008384967397,0.830773163432567,1.143809582604613,1.1291086774705943,0.018268958774360945,-1.91417924024358,0.8203931399265645,1.1898633365710338,0.6713356145263322,1.6902277014458968,0.9573523811175981,0.7147225300067608,2.0466970325063207,-0.07943014707895366,0.3858473017654995,0.6708203932499368,-0.6344041039621444,0.5032933649980775,0.18055868565904362,0.5275153878482985,0.3365945337491576,0.5174548896682011
106,2026,24,1955888,2026-08-23,Palmeiras 4 x 1 Vasco da Gama,1234,Palmeiras,57.76,42.24,Casa,0.36044833149085215,-1.3538764643740788,0.3429072659249754,-0.5735000681349554,-0.02953072463153053,0.25399425000030723,0.07969547772983027,0.5050136041526759,0.4609274403799388,-1.0734187170536822,0.19437144558372052,0.6539598068924194,0.43962128906146547,-1.339644657812988,-0.48103897290845204,0.11233304707587095,-0.3654578359388137,-0.07827846027938537,-1.243650540411842,-2.3511716863630325,0.4679242428203351,0.3112482404527465,0.051409550703976424,1.394775346617036,0.7772398994303247,0.06126277504601481,0.23586408826243155,0.8473529138170401,0.002883594467647014,0.04481939367179221,-0.5128771294042292,0.2244497704609494,-0.5131271989196176,-1.3553169955565876,-0.4703754717354086,-0.821961047599203,-0.38582245641633545,-0.5786339783420235,0.09475587393582688,-0.28193187750418286,1.308448331817897,0.34707970506641206,1.0859674479501804,0.6653372827620806,1.5778550491146508,-0.3521803625302495,1.8918106058538342
107,2026,24,1955900,2026-08-23,Coritiba 2 x 1 Corinthians,1236,Coritiba,34.59,65.41,Casa,0.2870758565553602,0.5116951963574277,0.7617246074207648,-0.3208270128208525,-0.45354396731520624,0.2828439349739522,0.7768621420991196,0.12691610147330618,0.4015191627403688,-0.15909549036015366,-0.4827002802324657,0.7901863621665819,0.9436743597113775,-0.3327398092524618,-0.3116592220990077,-0.6300870402283144,0.921444288222168,1.4608834488798257,1.3182935309123534,1.3728862858688267,0.7285754967237829,2.174601453971906,1.605393790152969,-0.2747641949122744,-0.7972244523248733,1.5111384735369608,-0.362514603543555,-0.4185102325384414,-0.08350727468141801,-0.10024346279505404,0.14956360418000117,0.44149258516145395,-0.03770348674256953,-0.08400689346782701,-1.0613542082779595,0.06350157863504982,-0.21898124626423263,0.1779476427640597,-1.2490109081139247,-1.2781220975899228,0.8118121097900862,-1.168807476869267,-0.20067240371596376,-1.2736490034507526,0.7527891505701284,0.46883903496356083,0.6708203932499368
108,2026,24,1955900,2026-08-23,Coritiba 2 x 1 Corinthians,1237,Corinthians,65.41,34.59,Fora,0.1464199023159764,0.22653227718634666,-0.3749053013377937,0.2372412508098248,-0.10338101240725817,0.6226374192247859,-0.43421942303331135,-1.3562382214157327,0.5689488382617275,-0.2858843987030106,0.2812045354015194,-0.1297456763274657,0.8369330934170356,0.4990651693923709,1.2380062766772424,1.5177157194663657,-0.14798465829251978,0.11204001435690977,-1.2569487709393559,0.4260064336151293,0.43797586677598843,-0.4361573525135206,0.05099398897741827,1.378085196521856,1.4745735454142135,-0.7975609170689261,-1.4381766442009458,-0.4767058819965136,-1.0066160797426442,0.6327122080325234,-0.7161542473635603,0.07359730630771387,1.0002288464146012,-0.4105314905506605,-0.2734445606571648,1.4696252335057216,-0.301100564494606,0.6220426083921556,-1.219854502402786,-0.622207289748083,-0.04055535528269071,-0.9398584521372066,1.2839528233901982,-0.622207289748083,-0.6601846662748077,-0.8118121097900862,-0.04055535528269071
109,2026,24,1955903,2026-08-23,Vitoria 0 x 2 Bahia,1238,Vitoria,43.48,56.52,Casa,-0.21997413595349813,0.45473400872629977,0.8292264406643067,0.7781423657984774,-0.3676621399846074,0.7781419417119436,-0.017131210131118024,-0.48936881257561665,0.040299888655040084,1.305557460648213,-0.09865177215651076,-0.9907334011266457,-2.0783651156918737,0.29103234154362734,1.0657054249684044,-0.1909282497146298,-0.15039438024379503,-0.1327195217492288,-0.1386434997329425,0.6008417681261098,0.7135771887123606,0.027908609396766468,0.8905034720489737,0.11834929933220457,0.4112162468099196,1.0390587534842932,0.8649092473678264,0.30721003957780224,2.0346292623557756,0.6130156953349326,0.7600960546378744,-1.3851906203915048,0.9917717694877256,0.8997014957340074,0.608080502637244,1.0730277566615425,-0.3534511367982167,0.3721438547031918,-0.9460264891125479,-0.7302841667955745,-0.966091783079296,-1.215326931517467,-0.6119633151126594,-0.817076591804324,-0.8256250993845379,-0.39999999999999997,-1.0393116839386092
110,2026,24,1955894,2026-08-23,Cruzeiro 2 x 1 Flamengo,1239,Flamengo,51.81,48.19,Fora,-1.2063573505107898,-1.3679772307542064,-0.44344979161770043,-0.2542905011402316,-0.04340511065849757,-1.2370281484090015,-0.18619374229041577,-1.7245870466503879,-1.37033455412129,-0.5140613476139048,-1.884225056826485,-0.8953854694002781,-0.08796057504628776,-0.45352641746672956,-0.6128104156662565,-0.79024131714618,0.5413578453058367,1.0334540022654901,-2.3720888660512354,-2.0334832238326044,-2.8505696165556023,0.09141886113755719,-1.127737785362743,-0.34272692653863285,-0.3536234402990336,-0.6865554812287475,-0.07271792483455793,1.1137939911416195,-0.5223794928790789,-0.9819492703596886,1.050824871742572,0.42522338211894956,-0.5586813632860483,0.45239741339460554,0.07107121569020496,0.010961907783513903,0.9921417249704537,-0.27069931072410197,0.534461406011266,-0.023653980880945117,-0.7216617351891165,0.139379304911111,-0.00833449278993633,-0.13060405394799446,-1.1640712642403612,-1.2654922315981612,-0.8329497642322214
111,2026,24,1955885,2026-08-23,Santos FC 1 x 1 Mirassol,1241,Santos FC,63.95,36.05,Casa,1.687758304607921,1.031778299839695,1.6221286126837562,1.0236393698865363,0.47611616926959976,1.7341529372938689,2.502765803757331,-1.1858546194156174,1.970073869530832,0.6036862853269148,2.0807079677178937,0.7864896651609392,1.3102014788160015,1.3724277053864575,1.4341054372933355,3.9062786231367053,2.083311147516789,2.1435400823235655,0.682183567777612,0.6383964889013743,0.5641029735854659,3.0742486015749795,1.1122944283576168,1.7938200724652098,1.113711313087659,2.167794049998983,1.273409232069252,-0.469881766675073,0.3112052916364947,1.7153823588075159,-1.2459804583990508,0.6830135334245069,1.4712974608828921,0.0380508158165054,0.8698268440392319,0.723908260611214,-0.051545783043551556,1.2005170289091818,-0.7222222222222222,1.7658414296259675,-0.3182229136702921,0.029612129056126545,1.4687576908591382,1.3377793428922566,-0.050604539936925735,0.4509096384805818,-0.6785511437439767
112,2026,24,1955891,2026-08-23,Red Bull Bragantino 1 x 0 Gremio,1244,Gremio,39.96,60.04,Fora,-0.6803608268750834,-0.8011123551471149,-1.1097840456522683,-0.8093889586932109,-0.3613568416079237,-0.3553495694898925,0.31934327953092934,-1.4823371773875966,-1.262579019433466,1.4857339151924134,-1.554070008841403,-0.13665038767890636,-0.5978043652425448,-1.1285010010818124,-1.7049841556537517,-0.6820912256553113,0.12888187325201844,0.08321496387963129,-0.2470438645787428,-0.12392039927415234,0.644367029652028,-0.9308045917641413,-1.0434707651855935,-1.4715466710786325,-1.596523085296439,-1.0112883018476362,-1.1128440840491032,-0.7292535819007145,-1.088749859988504,-1.0609048100738767,0.23323118783424035,1.389230812122886,-1.0023377328523657,0.4605637970410982,-1.6348770888876993,0.5472363412020526,1.4526837650926878,0.5991500090751624,-0.8498142740277413,-0.6648943630007467,-0.983192080250175,-0.9961441959261643,-0.6402052132143018,-0.6276875166943018,-0.5892742099296294,0.36037498507822363,-0.9355360424393582
113,2026,24,1955891,2026-08-23,Red Bull Bragantino 1 x 0 Gremio,5438,Red Bull Bragantino,60.04,39.96,Casa,-0.158109789825983,1.3628862042716716,0.2928386066170694,1.382994216421991,1.1228167004104348,-1.1557329305640531,-1.2541824714677592,1.7761095740965613,0.4321078079703087,-1.290031925675006,0.9189885715244155,-0.5669956069170241,0.4360029180716869,1.4821921007163168,1.536048798872288,0.13121867047409994,-0.7297882373894642,-0.11798307788293771,1.3056437304484698,1.1276601870496115,0.6547096937158557,-0.709579478257723,1.5706840225969423,0.6871103385636468,0.7261060898347231,0.38378579945862856,0.19945899323007127,-0.5108615762508194,-0.37442803588914986,0.9846304676901468,-1.2284915752946617,-0.1660165772703558,1.7345045802723504,0.6733520515874818,2.1394897661379857,1.5079628420523867,0.3427924558583854,1.5506975143514676,1.3433893090540627,1.658967608006083,0.08333333333333338,0.33092451702823256,1.452329131043668,1.3360750662596068,0.6771111667693444,1.2474898809367208,-0.14177624100166725
114,2026,24,1955885,2026-08-23,Santos FC 1 x 1 Mirassol,6332,Mirassol,36.05,63.95,Fora,-0.49447007362343354,-1.825512660407638,-0.36203642610197484,-1.4143750218414977,-1.2897290219340953,-0.9688003892109402,0.9286554875489247,0.056527640595905634,-1.0105529530494501,-1.0826391114098073,-1.4141645580094602,0.23290780358088853,0.5087715760646978,-2.3543180447122034,-1.7452649743384212,1.2607597393918202,1.6220186130970198,-0.8680534918335744,-2.1648873376466984,-1.0375802849332283,0.26840092973114804,1.6702664777001441,-1.1757118461470921,-0.6046763567938399,-1.1745992270932597,-0.7956673400223088,-0.21875000000000003,-0.27150874330019403,-1.0476794913487524,-1.7613369051481824,1.897870960704452,-0.5113023222615071,-1.4255793053362726,-0.8009507718747564,-1.6696331050067792,-1.6987471965328247,0.052756513405034865,-1.5390615857182435,-1.416576493949657,-1.7825504393952496,0.0,-1.0884351446986653,-1.174784532944646,-2.0256466708459717,0.25136134806507554,0.4807619738204117,-0.2180103600984736
115,2026,24,1955906,2026-08-23,Chapecoense AF 1 x 0 Sao Paulo,8865,Chapecoense AF,23.62,76.38,Casa,-0.1615554625669611,-0.3977886294765196,-0.9300205262767552,-0.8068174899225473,-0.08965422442817467,-0.175775694313957,1.3344259554905447,-0.4229144096602006,-0.5964193710100348,-0.9035131006296067,-0.8910139004617246,0.10261529627560848,0.8985767676546023,-0.07029656437342525,-0.9687548223357018,0.9041380572305151,-0.5328637233646831,-1.357409187303436,-0.16957002568326632,-0.3825331055136849,0.5048945232888606,-0.3312986405291437,-0.6303017724204417,-1.3046218775294354,-1.9350544102847893,-1.350421326482092,-1.0057637364916368,-0.2805105065486425,-0.9577158042077815,-1.3485469709912086,2.8420141288276026,-2.175404923886014,-1.6489037652828347,0.7206908791255338,-0.9505101025416797,0.17970878912983418,0.4515200433307038,0.08231876746678564,-0.39708115138452915,-0.2008144338967229,0.11412537853627996,-0.31997417459204014,-1.3119766869161518,-0.3149858594312339,1.3440430100644942,1.82172790048669,-0.035114749361031275
116,2026,24,1955897,2026-08-22,Internacional 0 x 0 Atletico MG,1219,Internacional,50.81,49.19,Casa,0.7431717342613957,0.07556458461137294,-0.09484834797243848,-0.14045680633597604,-0.31543069144023117,0.47199002836765475,0.9949029174108309,0.17428872663910047,0.9309568662435352,0.0817589729017251,1.531304714993457,-0.11977662835414758,0.6242377268943919,0.3781926164603272,0.4772810181529062,-1.5728660739321836,0.5938876549460939,0.130413006016981,0.5095819346318966,-1.0627972307996383,-1.4924801296493793,0.16612146838973227,1.149250643731944,0.026893852880740154,-0.4281291398264779,-0.3428817554403394,-0.7067617668790178,-0.7506783345840226,-0.8617125305176901,0.5774170405812366,-1.1680409720634186,1.2418283429178003,-0.05712263865663436,-0.13666888642848685,-0.9454527408400195,0.48130998492813404,0.5620670612463602,1.4644165727467002,-1.3899323605800464,-0.4222508652130928,-1.0406118047460329,-1.2180600253841525,0.3266276531826559,-0.47674697633287094,0.13975424859373686,1.3846153846153846,-1.0905761943319523
117,2026,24,1955879,2026-08-22,Fluminense 2 x 1 Remo,1232,Fluminense,75.01,24.99,Casa,0.732650329906406,1.3838351190107725,0.6495670423471408,0.6796156270099635,0.24328397854826403,0.9113932999452374,0.4800571451513778,1.2105975398376854,1.6917201768278645,0.4496463396328413,1.1218621267216013,-0.04999241455557257,-2.0336202059240707,1.4231780080486272,2.117858104084841,0.30761293039858545,1.3092239940307209,1.5692967700698726,0.5649559982256085,1.429348365684013,0.7709053621567983,0.8997323012241143,1.4033948154269196,0.9220746129876509,0.07110848686239434,0.8878494639151634,-0.26356833569584015,-0.7444619501490702,0.047919396224837256,1.4187230763921388,-2.4516601467469306,-0.024143249121386736,1.591557344787869,-1.3938430500505068,1.1020251369103526,0.3434940420985107,0.5736325542309592,0.7239431984274906,-0.26117584882778494,0.4509785515894785,0.38770240185074306,-0.2325891453646267,1.876239394474961,0.3710649205961093,0.47041085297561275,0.2692307692307693,0.33595657034169796
118,2026,24,1955897,2026-08-22,Internacional 0 x 0 Atletico MG,1235,Atletico MG,49.19,50.81,Fora,-0.008007108061783258,-0.4800444309258664,0.19159401581547628,-0.8022730141248642,-0.7098088210677046,-0.45406138094724013,0.6360010771467207,0.6051708551790009,-1.0173033810321226,-0.3279280903260376,0.09969222193736191,0.24489016667120148,0.17215357915039892,-1.4338082123439184,-1.1644601011642304,-0.3639139578656338,0.8495670347486163,-0.6530382038783847,0.2581300642388752,0.4199605255658081,0.5589816313713012,-0.5504251523231611,-0.07937880370774245,-0.8629380888509041,-1.4012136158866857,-0.5216268100603898,1.223980122724209,1.9321855006996358,1.9399528271108457,-0.666946963460728,0.07384127979322602,-0.4127942489139835,-1.555602506578982,-0.1280609122161081,-0.8584816742436385,-0.5724138066784348,1.9419848223667382,-0.4805825028637589,-0.7225300612714974,-0.7316336214291814,-1.1250000000000002,-0.6820388161680127,-0.23489371673739073,-0.7871415662759075,-0.10640706634484358,1.2349356108966516,-1.1372630948636184
119,2026,24,1955879,2026-08-22,Fluminense 2 x 1 Remo,4617,Remo,24.99,75.01,Fora,-0.4580871973329319,-0.5428543530542312,-0.9018983004633897,-0.5346243040317331,-0.617039688004743,-3.0615971289819375,-0.02637613638261753,-0.6951293072126767,-1.2547256706491223,-1.1898625978943103,-1.6430333594835422,2.046164451046515,0.842111014577938,-0.6032092391024974,-1.372810029574494,0.11525667319573776,-0.6052631410689584,-0.2295736499701959,-0.6605169894695004,0.4651188459295668,0.6445243302050707,-0.5332995354296745,-1.036867309235066,-1.4371233471106526,-0.8135486596109281,-0.8491573760252925,-1.1605839599982106,-0.8448311961494738,-0.3943582749814414,-2.004989825001517,-0.9047920634056996,-0.3538890411629238,-1.3141091254017319,0.5741282118628103,0.6064735224135062,-0.8978883415800704,0.012874872501638887,-1.0103457539792393,-0.45081579436624714,-0.9300300009291709,-0.0679627666030584,-0.20837528076471348,-1.1271555154017219,-0.962274259445372,-0.3631772459536331,-0.3603749850782237,-0.13245323570650444
120,2026,23,1955867,2026-08-18,Internacional 1 x 1 Remo,1219,Internacional,43.77,56.23,Casa,0.22338365186149384,-0.30928981544071865,1.0713245228857275,-0.010936124353170918,0.17080866264725966,-0.6242492061874677,0.048929651675942126,-0.7433822654054328,-0.4601934472082967,-1.2908106257750647,-0.2824836141462396,1.4873237877822514,1.2487446620085803,-2.0733854031825008,-1.1095682672658354,-0.40760046762208174,0.2214954733378986,0.5667973913848153,0.5095819346318966,1.4362124740535651,0.8275896389788039,0.41317390855907765,0.38854770634315733,-0.3330700241383953,-0.7306858532944434,1.9024407076044645,1.214746786823312,0.46475154231474153,2.8421080521227484,0.04215786049775631,0.8950586916889728,-1.6607400170789994,-0.7522381481354873,0.5715352224004846,0.09480056782456274,0.06340610579891574,-0.12358054320997706,-0.6156526816037147,0.13112569439434393,0.3702932810623747,0.03716470731235827,1.1608585774087998,0.01749790999192824,0.2688009716619875,0.13975424859373686,0.2692307692307693,-0.0703597544730291
121,2026,23,1955867,2026-08-18,Internacional 1 x 1 Remo,4617,Remo,56.23,43.77,Fora,0.6007200326420861,-0.6899377645640934,-0.3586136802364343,-0.25622161084088724,-0.21078401084202256,1.0126694088293149,0.12660545463656717,0.8528959015336375,-0.00486823017429407,2.2444806789260023,1.0156848021796916,0.4825345807198895,0.9567231533373791,0.09096012335672576,0.15809142568052514,1.2292213350362653,-0.032253785684589774,0.23242710664057342,-2.0287307533706085,-0.9800718539230158,-1.0747216283220893,0.12481478488779654,0.08493514018792842,1.1474705794759472,0.7438291175964101,-1.3051863372240606,-1.1605839599982106,-0.8448311961494738,-1.0431322887480066,0.09872330286843414,-1.3050187892184437,1.826752093607698,0.309111474193009,-0.7158880725753053,-0.7168331478496867,-0.7456148801425146,0.390891130062127,-0.11705225198539963,-0.45081579436624714,0.05186390857233117,-0.0679627666030584,0.13462488189837662,1.4143419144296125,-0.08332913865186843,0.38911847780746406,0.6847124716486249,-0.13245323570650444
122,2026,23,1955876,2026-08-16,Chapecoense AF 3 x 3 Bahia,1221,Bahia,71.48,28.52,Fora,-0.7405712864584789,0.7248500858397666,0.44264608965197544,0.8067412188469665,-0.197757490563341,-0.07012417450349216,-2.016024147339528,0.6765323917393851,0.5470819072143284,0.1569299896987452,0.13290417184920575,-1.9174456090980505,-1.9786737880820113,1.133345684247482,0.9550842037414055,-0.6862431059686075,-1.8785323650134924,0.12807452094113037,1.089177897407508,-0.27820744203732845,-0.3055241359649639,-0.9332565252573822,1.2463781416414432,0.8124248902240138,2.1919536890327183,0.9212046221444483,0.20539595906443725,-0.48686144124828956,0.40372945009489225,0.910304094345254,-0.6627076617763914,-0.7839482909804941,1.91684284489835,0.1542576136629486,0.24556032248131313,0.10409591409708717,0.7230426291756835,0.7631809540848634,-1.0037590752791055,-0.2689210166567725,-0.1778216897897549,-0.6675911529196032,2.102210145263767,0.367045015512492,-0.19310804067388587,-1.6924944445799284,1.6948166746969597
123,2026,23,1955855,2026-08-16,Sao Paulo 1 x 1 Coritiba,1224,Sao Paulo,67.19,32.81,Casa,0.7874107491566477,0.9493081264794175,0.9592393824194656,0.8490039835376357,0.2153191573281626,0.4196007867814007,0.31687588401525413,0.8416995319888657,0.9907324978847933,0.23207160827124032,1.6581509468003908,0.19890303097445805,0.021671300366567104,1.0832116959983302,1.1447242089291827,0.18001144576412378,-0.2432554629599304,0.9806696838202726,1.0819806778916188,0.4873159230985381,0.5307757611639193,0.6626477623609891,1.2101796977390606,1.5949203796167057,0.6742326786130018,-0.11206988166894868,1.4432196239252304,-0.3947721272814091,0.9565387125437566,1.5021287535777215,-1.419597867861104,0.033754064394259695,0.6005770032858809,0.13893016051394352,1.1543800167729972,1.4479600794463772,-0.5139429157589128,1.035469495688166,-0.6689891862376227,-0.10151535558776555,0.1684303842133039,-0.7313818742195675,1.2867492035773478,-0.3018433499037543,0.02653724462171376,0.21801036009847358,-0.15339299776947415
124,2026,23,1955852,2026-08-16,Vasco da Gama 0 x 3 Santos FC,1226,Vasco da Gama,62.86,37.14,Casa,0.6581215734847597,-0.273232936967871,-0.15269212608028962,-0.12037694780677784,-0.05133291054907693,-0.20555936885501738,0.19009294252775888,1.2557067081241946,0.3939481478897688,-0.8214867424606782,0.2517377072615085,1.773786772548797,-0.5023406754973433,-0.721446868603997,-0.5475759635811346,0.07957035394027048,0.7127776141028686,0.2958052212881595,-0.07848671397789078,0.2545777982915386,-0.9198100926369134,0.607847442874722,0.17772853169069774,0.4443468743615417,-0.47617312788295835,-0.45674100057817035,-0.5515413083678438,-0.45146501492348284,-1.1377932964626851,0.5268108308702203,0.5306143840402803,-2.394213622879072,-0.3167078629979516,-0.5005025000943075,-0.1911082590050725,0.1793097727563335,1.3299962927593552,0.2256097137327893,0.3625135725463334,0.0008313320940466293,-1.1233916207736525,-0.11513623920461359,0.3875794233056047,-0.05278114183011595,-1.6614558590849893,-1.4255728899344744,-1.0795682590273208
125,2026,23,1955873,2026-08-16,Vitoria 1 x 0 Botafogo RJ,1227,Botafogo RJ,54.05,45.95,Fora,0.3513631657601587,-0.9238716613259015,0.9500725710148418,0.40088489236237623,-0.4051810182628024,1.0872495826752822,1.6414698847857905,-1.3711104694264273,0.23934516647821616,0.47474092526560124,0.9972371093062931,-1.1451663940787813,-0.4395656515805574,-0.04505693160830621,0.12774605762722782,0.809158151526191,1.2540409772161873,-0.007460378151089637,-2.1561051856749938,-1.622070585647534,-0.56028134450291,1.9924582569838325,0.21346231559164608,1.233765864822863,0.032045393707611274,1.443903817595243,0.39433577724905683,-0.9119649332272337,0.4225093938464095,0.37913983196584355,-0.6222403612129913,0.2706293038517416,0.7530512171953898,-0.5770892200293931,1.0484377403176646,-0.6943574616364061,-0.29200663964631907,0.4906495183391794,-0.02901294265928285,-0.3112223138839507,-1.1920399101642998,-0.8745664784405125,0.03355131138367926,-0.38956697721873035,-0.5107539184552492,0.5364179595739348,-1.2154780683637885
126,2026,23,1955858,2026-08-16,Corinthians 1 x 2 Cruzeiro,1230,Cruzeiro,44.85,55.15,Fora,-0.8727702076499473,-1.0902756569113539,0.11962896758431796,-0.8861301223159498,-0.24083381937757667,-2.3562925519465856,0.11906835609985279,-1.4492930068875314,-1.0240087980031058,-0.6383066806313377,-0.7143920110923877,-0.7454051282519524,0.1841804132077094,-1.9897091737885266,-1.4302383608379312,-0.5593106781063312,0.02575263163446525,0.43322712177303896,0.6049843779478735,-1.546139470966831,0.5422741453598426,0.583679586009723,-1.5645846330377926,-0.6210532834152718,-1.6216552471215009,1.1591417936108168,0.830773163432567,-0.7116437995029566,0.3298171789058652,-1.2270227944129288,1.1954597270731302,0.9761568958649426,-1.177942456412651,-0.18407742239179667,-0.9554778160464229,-0.2820770408650064,1.0561121369588666,0.07552387573824067,-0.6552987134013684,-0.519484226212086,0.6708203932499368,-0.6648204002368578,-0.925397667200853,-0.6715300524939384,0.5275153878482985,0.3365945337491576,0.5174548896682011
127,2026,23,1955864,2026-08-16,Atletico MG 3 x 0 Gremio,1235,Atletico MG,50.6,49.4,Casa,0.7551212841635406,1.1115754723626528,-0.0960125125135702,0.8364641153762226,1.0394834344553723,-0.41555782470622543,-0.7827705564882714,1.1853671821527867,0.3954184182341731,-1.0813260552681145,0.9991475593534661,1.8747722602851469,0.8150783548143976,1.0916847777282328,1.1692911362959875,-0.16028485439836537,-0.12547738148292456,0.4271239387614923,1.156422687790161,1.0289032876362298,0.6699529240159997,-0.7024473372505105,0.3889886414677644,-0.5379354320109532,-0.02183553912723289,0.21628428709821043,0.33659453374915754,-0.8267702817578287,-0.2775597681350901,1.1809882076813651,-0.6947431437979898,1.3597563798832464,0.8384754153171317,1.0334926625892604,0.29290017591713324,0.8254809633152163,0.6037422055749002,0.3273532990521259,1.3217013315942028,1.256213155447873,1.5937500000000002,0.9835993553914936,0.3037970937156733,1.163712374907078,1.7450758880554345,1.2349356108966516,1.3997084244475304
128,2026,23,1955855,2026-08-16,Sao Paulo 1 x 1 Coritiba,1236,Coritiba,32.81,67.19,Fora,-0.12817828261397016,-1.2034310439299554,-0.773173088231211,-0.9772221855582373,-0.611538482035445,-0.4295812533927014,0.7768621420991196,1.2124638514081036,-1.2013612457956067,-0.3735902010054355,0.17113281257993512,-0.21880248480908523,0.19379812847398423,-1.871058637535582,-0.9746153431873957,-0.7742117280404788,0.18651472282698564,0.7615612419128069,-0.02312795668267276,-1.944922238314171,0.1741094995938543,0.2476629433690229,-1.368897311203328,-0.37313656099197745,-0.8269527855263623,-1.0452041108630643,-0.362514603543555,-0.6919331907643042,-1.736948886154364,-1.0311060264716927,-0.11637516521697275,0.17857331658537037,-1.4034305927142152,-0.19711232923855193,-1.2772397938084892,-0.6447852599866586,-0.21898124626423263,-0.5865681557778261,-0.4783446031074604,-1.028039159943189,-0.1691275228729345,-0.7137689820790429,-0.3491651058581527,-1.0326316319324826,0.19302285912054576,0.46883903496356083,-0.2555506259999761
129,2026,23,1955858,2026-08-16,Corinthians 1 x 2 Cruzeiro,1237,Corinthians,55.15,44.85,Casa,0.24352784896239787,-1.187064010554389,0.37271708612296567,0.5056435041621112,0.17286591061218798,0.5860337948887092,1.238891780402735,1.2716924780492458,0.5983913414252364,-1.1201514664208638,0.14939592800430285,-0.41466617222594576,-0.2263221841012397,0.01983040408181614,-0.28656572563543026,-0.8568914247008669,0.15569925637992377,0.017651099156645762,-2.2602014596707685,-2.2213192609931736,0.5686180379335363,0.4361573525135206,0.046269282298127254,0.09922213414957348,-0.23406412650725528,-0.5188950544785784,2.111365711699261,-0.5264730068004286,0.0621830905558902,0.17033441927611043,-0.9310853668124905,0.18361006779322914,-0.04781463854260219,1.2872732169848693,0.6127810189300671,0.41874253228656166,0.6065168043777465,1.3436120341270559,-0.450815794366247,0.19047212655563361,-0.04055535528269071,-0.5593512890062275,0.1640196577362265,0.19047212655563361,-0.6601846662748077,-0.8118121097900862,-0.04055535528269071
130,2026,23,1955873,2026-08-16,Vitoria 1 x 0 Botafogo RJ,1238,Vitoria,45.95,54.05,Casa,0.4632695024930436,-0.9386939616292933,1.6820335029463225,0.6038040238338819,0.9609626766304342,0.5579321847109799,1.907988528353229,-0.032809026644939836,0.7737038610010394,0.13711819490156732,-0.14204364881260537,0.2464421797604178,0.05808606297436803,-1.39695523940941,0.4688305183168362,0.3402038429945916,1.4844197601274267,1.5847617669385656,-1.685051765984991,-1.1415993594396083,0.7135771887123606,2.5715790087020736,0.9666327777697682,0.29435594962112416,-1.1251903688978893,2.2565417373648793,2.0050168916254156,1.8056968007926577,1.998074652594673,0.8590193649624738,-0.5953909082040144,0.4973658649527372,-0.334333438640577,1.100960193199321,0.7895699758143098,2.0932836564380906,0.14323788361780387,1.6974982846110507,0.968027105138421,1.357981890674785,-0.966091783079296,0.2362535342761197,-0.27107743868181294,2.054604184143,0.670820393249937,1.05,-0.0974354703692446
131,2026,23,1955861,2026-08-16,Mirassol 1 x 5 Flamengo,1239,Flamengo,53.76,46.24,Fora,-0.3984216299620694,-0.6453207978365397,-0.08179975543708055,0.411244303164445,1.4499552580228374,-1.0558490092703008,-0.7958280920477441,1.0966170584856103,-1.5577374272624873,-0.11833600474185996,-1.1038379441654684,1.2910611903276958,-0.24743003330004235,-1.5010520365712994,-1.7255073609215361,-1.5707151907217625,-0.8637567295748109,-0.6596123298195198,-0.16321712381086492,0.8084933299575416,0.2876055234206808,-0.792296796525497,-0.8908098686857194,-0.45696923538484385,-0.20571373970244383,-1.516143354380151,0.6302220152328355,1.243091358513928,2.5351987071208923,-1.000421282013457,0.535477789703309,0.7062161689426887,-1.2990067263139384,2.585366768650103,1.3590384523350723,0.6467525592273285,0.597645830014563,-0.07922906655339569,1.774411867957403,1.9354109880661932,2.766369984891613,1.90976099511352,-0.44835297110994776,1.8210425063943625,1.6029833802654154,-0.15339299776947413,2.61784211615841
132,2026,23,1955852,2026-08-16,Vasco da Gama 0 x 3 Santos FC,1241,Santos FC,37.14,62.86,Fora,-0.0401223113322135,-0.6890970378039722,-0.45942173432397476,-0.754198962166611,1.1057571976538567,0.6951186328034474,0.9083581713732432,0.49152103348316695,-0.9230993313259028,1.344030921118451,-0.5270216379767101,0.09089061226898161,0.2417426039547791,-1.1515003186657107,-1.0007224236307937,0.924049092791752,-0.19991558646125693,0.2674840221803982,-0.43762719442337383,-0.16653821449601067,0.3764436541181449,-0.6021724064940679,0.15353797932532576,-1.0156646751762954,-0.9595535153522701,-0.5894878557014777,-0.8988771049900601,0.4642271267671583,0.19613365709272698,-1.1064265073903334,0.944338024414559,-0.5627456683376442,-0.5759391791687145,-1.3622107658387603,0.027780603731364227,-1.2012451486124944,1.8700289056428647,-0.3197883788797385,2.5,1.9269147075587179,1.9888932104393249,1.992626730508821,-1.1372616613098767,1.4911391019092297,2.1506929473193437,1.3849367467617868,1.7811967523279388
133,2026,23,1955864,2026-08-16,Atletico MG 3 x 0 Gremio,1244,Gremio,49.4,50.6,Fora,-0.8662148549489161,0.42407871451392576,-0.9100746802681444,-1.2702989901421722,-0.995868890730703,-1.269324631935235,-2.185669167281358,2.606010160328667,-0.16961665549594068,-1.4553304261347435,-0.24534289819687669,-1.031101971760607,0.5290702976821757,1.0305408447379054,0.2691376979438842,1.3327024462510821,-2.479230508299944,-2.29210514537882,0.5205567146480659,-0.12392039927415234,0.7624209123633638,-1.618532825169494,0.2523251239930974,-1.0490233694817974,-0.12075937519321663,-0.7180146943118217,-1.1128440840491032,-0.7292535819007145,-1.2143582325897475,-0.6793065207708743,-1.5846275931571079,1.9462518215004172,-0.5563653425503244,-1.9440063867258408,-1.901517710521649,-1.7450758880554351,3.0101436341424277,-0.5439651398182391,-0.8498142740277413,-0.9047432076526083,-0.983192080250175,-0.9384022634748183,0.11110909982131069,-0.8419992208292574,-2.216793456401939,-1.7297999283754733,-0.9355360424393582
134,2026,23,1955861,2026-08-16,Mirassol 1 x 5 Flamengo,6332,Mirassol,46.24,53.76,Casa,-1.0240661806336573,0.6433935701758653,-0.7029000250511596,0.029116956925721,-0.09089597471771035,-0.8121414924065181,-2.2999157834910515,0.5078078098934798,1.261882518513431,-1.5137732068622958,0.6314001256811885,-3.222654168955984,-3.416604300207783,0.8475544960963932,0.6762230283922388,0.897133182154033,-0.8086491267983654,-0.26818373845833754,1.4973804085389668,-0.44758365232413777,-1.8518866030217414,-2.331111040616289,1.0275443304705179,-0.9254497899710594,0.39199390053873856,0.013959076140742196,-1.125,-0.03629205289404542,-0.8773427263308691,0.3407288833754255,-1.3539945432014697,0.671145774297668,0.7721697544201218,-1.250845532160651,0.25441472206798765,-0.8190388268997546,1.7844569241593613,0.4897014136376229,-0.04721921646498866,0.13945785806794647,0.0,-0.32935793118236617,-0.12340079050290685,0.054581083238405534,-2.988407138107009,-3.5026943806915702,-0.2180103600984736
135,2026,23,1955876,2026-08-16,Chapecoense AF 3 x 3 Bahia,8865,Chapecoense AF,28.52,71.48,Casa,-0.3628146907859926,0.34061223446261557,-0.09342911731005937,0.7197938564536197,0.8914611115899624,0.46351490222107555,0.11792601467125777,-0.8274305252886728,-0.6728286245115351,1.591052680258326,-1.1567699806862208,-0.011995562991887079,-0.061417844546651244,0.9717466251620541,0.642848041793548,-1.156839911133812,0.9419259272212919,0.46681572882541894,-0.4333456211905697,0.18119989208542986,1.0584720896062265,-0.8029780609435184,-1.0772368314456453,-0.3913865632588304,0.19679333297582885,-0.3097296620371771,1.4080692310882914,0.9577611454211301,0.6126871827365233,-0.32553994880256326,1.2410142166514102,-0.048094089646292706,0.12982981990452674,2.506203233093424,0.5686823216190914,1.2842603710985716,-0.9251844725058467,-0.08231876746678564,0.3441369978665918,0.7287595929316552,2.2444657778801735,1.0446304058845386,-0.955929281318774,0.6255116629298474,0.6720215050322471,-0.8629237423358007,1.9313112148567146
136,2026,23,1955849,2026-08-15,Fluminense 3 x 2 Palmeiras,1232,Fluminense,63.48,36.52,Casa,0.08442996566364352,-0.06799973119190778,0.5998402526608239,0.11349279699022678,1.0786761279091808,1.0056140151432256,1.3672215751615229,-0.7433893941534803,-0.2597217437165324,0.14212256781308757,0.2354530778543195,-0.8931815685702705,-1.0599788413270215,1.0714266253775175,0.7019189829448492,-0.08326301662587278,0.7704903272586483,-0.5565601954635976,-0.2861465445558278,-1.75919798853417,-0.2324369979363296,0.8997323012241143,0.44326253668208027,-0.29893743160786895,-0.7657569874339895,1.2018450060315018,0.5857074126574227,1.728393564891799,0.767431690977693,0.06217020280691459,-0.6598819146403961,-2.088196237304924,0.3463642651698414,0.020694997621330903,0.024741722362820167,0.4451402382297026,0.7747257186432049,0.37403731918753674,1.2536440743733686,2.02804009147693,1.3246498729900391,1.0821856359257063,0.1888219031837069,1.9675214512108903,0.47041085297561275,-0.8461538461538461,1.310230624332622
137,2026,23,1955849,2026-08-15,Fluminense 3 x 2 Palmeiras,1234,Palmeiras,36.52,63.48,Fora,-0.3299458919340912,-0.1987184633274624,0.569722906142666,-0.20302185371823445,-0.03113701120908078,-0.365572288705487,0.7594510230725021,-0.11325846888126083,-0.009982908806003226,0.25607494947955856,-0.378476165128986,-0.8919638415673232,-0.4931354496943238,0.46731790388825145,0.15366361791140357,0.5183723260719835,1.2948967654386203,-0.27621825513814624,-0.9327379053088816,-0.4831174698006231,-2.2866053375679942,0.06052049119914548,1.038987426673776,-0.9276257089941061,-1.2711613147267196,0.6534696004908247,2.5158836081326035,0.26384070454796743,0.07710201935375176,-0.4804164660049727,1.3163468143270187,-0.37085562681297785,-0.2795749389029609,0.05923244429571234,-0.11132845426071641,0.20944199770556612,-0.42037475064174973,-0.03733122440916295,-0.5922242120989177,-0.11065197518883682,0.4260064336151293,-0.014360192019091266,-1.2881935819534147,-0.18061459495494367,-1.4726647125070071,-2.9054879908745583,0.27820744203732856
138,2026,23,1955870,2026-08-15,Athletico Paranaense 1 x 1 Red Bull Bragantino,1243,Athletico Paranaense,49.47,50.53,Casa,-0.03693881870680694,0.8565230565177595,0.4928517339037952,1.059764746519147,1.386388311514621,-0.35441434893335994,0.8988512849516047,-0.4223317407491345,-0.8841744728773392,-0.007627325061392866,0.0368004796972912,-0.008935414560383478,0.05203949349831288,1.0293338903501852,0.9233929401013866,-0.09652818203627546,-0.496669081708698,0.49499735841910864,0.48803611745517345,0.9853292781642932,0.6832743154607714,0.9832129821088735,-0.11833579229108783,0.831573703961607,-0.28641941898401146,1.2392913927411113,0.0,-0.7926963306905871,0.021368116902267087,0.17374548815178062,-0.27476350559457396,0.8411301168451166,0.6621367006777646,0.909590509105144,2.493586288141899,2.1677441924124263,1.6634878877133672,1.2555965366667428,2.328458875184907,2.01508005724368,-0.39436910666014113,0.5755982449985667,0.6262572175182023,1.5533617850476904,-0.28651274358884277,0.16912752287293448,-0.5158607041753288
139,2026,23,1955870,2026-08-15,Athletico Paranaense 1 x 1 Red Bull Bragantino,5438,Red Bull Bragantino,50.53,49.47,Fora,-1.036992562677271,-0.7519788299303372,-0.7622259819841936,-0.32295946459000874,0.21995380277205934,-1.3031747036338093,0.06699692689464501,-0.6547677980810189,-1.621310600728327,-1.1797718885508468,-1.3651273669619346,-0.8215196741989724,-1.1854073979327098,-0.7521024273436758,-0.6273096704977956,-0.8909865405848512,-1.6518506477574924,-0.7799330364385512,-1.4480775919519393,-0.18042562992793792,0.6151929674815274,-0.4423352591736455,-0.9224677669950503,-0.18268409795144572,-0.3883777155754231,-0.8809628578482153,-1.0859434075859438,-0.6390676735968801,-1.0589625023508604,-0.58609995675062,-0.052729639269308064,1.5113884929911439,-0.33774479876592944,-0.06799197377718065,-0.3000011290663049,-0.4166254306892904,1.2782156145771482,-0.07651467998444747,0.7150297935287753,0.44877688727667403,0.08333333333333338,0.6005810199933991,0.4419293300214147,0.26214200147921046,-0.024182541670333724,0.11695217633781756,-0.14177624100166725
140,2026,22,1955828,2026-08-09,Palmeiras 0 x 0 Internacional,1219,Internacional,35.73,64.27,Fora,-0.37282716420111994,-1.6186229159648033,-0.40477527663800933,-1.1397176172936518,-1.2891343648639082,-0.45847561262688596,0.58948580352445,0.025678039668325513,-1.103883930861207,-0.35120931233257424,-0.735437365435289,-0.07493151969571389,0.2707151833479623,-1.4282332927501777,-1.2978266199521022,-0.32815053991912013,-0.9480396989219492,0.3630384012957117,-2.685634520357294,-1.0627972307996383,0.6058345238084883,-0.32798341194895847,-1.033364860937305,-0.15308808562882759,-0.27323585861549693,0.2986389482867474,-0.7067617668790178,-0.7427393531373516,-0.5060924827206948,-1.3567382942601403,1.519278441957744,0.14557956311442252,-0.7973821187157514,-1.3991014477237327,-1.0056486084749836,-1.44104785906627,0.11490558007918385,-0.9623308906621171,-1.3899323605800464,-1.4972595756713079,-1.0406118047460329,-1.381284827370323,-0.5599331197416956,-1.4880099349014289,0.13975424859373686,1.3846153846153846,-1.0905761943319523
141,2026,22,1955844,2026-08-09,Bahia 0 x 0 Vasco da Gama,1221,Bahia,55.75,44.25,Casa,-0.214534735766141,-0.7586187438509057,-0.15792257157918682,-0.8359136942848928,-0.7941878870537094,-0.5609105320448899,-0.02977879095036172,0.36391188328455465,-0.342462236562939,-0.5211985493668928,-0.3285737268112799,0.028191967394450224,0.3494539728034031,-1.6710079713136943,-1.3207574858163853,0.5399139233064034,-0.42816548974676616,0.34909982711917353,0.23549792376378548,-0.27820744203732845,1.038669423146098,0.5703234321017342,0.41114582753940054,-0.16344642761903178,-0.08854025882650016,0.020701227463920096,-1.1182668882397142,-0.3726570082275725,-0.6679926007214299,-0.5516338664667263,1.6149671364549782,-0.9488776755057359,-1.0706075993658182,-0.6460994044322962,-1.0753139068747308,-0.1195175310003597,0.9944408555631292,-0.5839993387779827,-1.0037590752791055,-0.8779552135902969,-1.4670289407654775,-0.8114539545035493,-0.5810978106263549,-1.1849274381611188,-0.19310804067388587,1.1947019608799496,-1.6562981139083928
142,2026,22,1955844,2026-08-09,Bahia 0 x 0 Vasco da Gama,1226,Vasco da Gama,44.25,55.75,Fora,0.16551569041522596,0.17292603456957126,-0.3051210178171051,-0.3412189827125297,-0.8708661154489621,0.21864278019687922,-0.4086998264346808,1.8276027682934148,-0.04650384333565688,0.6769106396636146,0.32877044056512,0.3280867006293926,0.6572161459498128,0.30919151511599874,0.2909479888092779,-0.3682877907050003,-0.16892737735024527,0.5161833522953759,-0.8110293777715376,0.902594012124546,0.596389661819198,-0.7721305355435655,0.19366632167922196,-0.3000290861073654,-0.0405881963357568,-0.45674100057817035,0.11990028442779196,-0.6905537879538726,-0.6153920907805429,-0.4744613063093508,0.33685760506316065,0.23745651627500924,-0.2621144457350849,0.29275629015316135,-0.9210564689588445,-0.07597871726963278,-0.6238215367538498,-0.7315224051335908,-1.2401780113427199,-1.042372508197385,-1.1233916207736525,-1.0773222332855446,-1.4820574365805332,-1.0458228814973658,0.12780429685269148,1.4255728899344744,-1.0795682590273208
143,2026,22,1955822,2026-08-09,Botafogo RJ 1 x 1 Fluminense,1227,Botafogo RJ,40.8,59.2,Casa,-0.16584393837605366,1.0306535854811056,0.7730626404986286,0.5089259805995254,0.2311407470663802,0.15719678846899385,0.2947781096909288,-0.7149355706240937,0.7918650923336747,-0.17062398399232498,0.246712370202319,-1.352343271675208,-0.47851319215198274,1.392259186696661,1.3565706191942668,0.44075622532276343,0.17820095451485085,0.4619116070125038,0.6140805908568017,0.7597039451766933,0.46431027484158116,0.48947673943244424,1.8235025827491682,-0.2968955289680681,-0.713929763368987,0.8623314466193811,0.39433577724905683,0.1256627893195824,1.365624825909789,0.4283321328591722,-1.3383990464969855,0.36691788050788554,0.6772328895824735,-0.05007086938527784,0.9802097693417338,0.7725301559928224,0.38559954700694554,1.3376040440437154,-0.02901294265928285,0.2674148650290743,-0.3278109752951825,-0.8712095204030001,-0.691184628751846,0.16426225009438994,0.10640706634484359,0.5364179595739348,-0.37621940211260124
144,2026,22,1955834,2026-08-09,Cruzeiro 3 x 1 Mirassol,1230,Cruzeiro,48.78,51.22,Casa,0.5197478245154802,-0.5132573141136394,-0.4775577351020743,-0.05252665200415427,0.0794018661157504,0.4174628738999067,0.2796721852577942,0.4777337786519713,0.07877296437694775,0.7227190646394025,0.8115562804208376,0.5760884575042524,0.2761554178571588,-0.3675767951577198,-0.7513876793849618,-1.0139587885198573,0.1403163820981832,0.44799812133854455,-0.11111957962307897,-0.8229452022887971,0.4189446164231907,-0.2420134868820807,-0.7871124658955972,0.013120844015814965,0.3375483292971831,-0.5968715205906442,-0.7753882858703957,-0.5760566586422117,-0.47708149538954286,-0.3768981577527738,1.4985902638227693,-1.2335025798546808,-0.7836671491469256,0.7042361159462601,0.2462225829368223,-0.034191156468485494,0.11729071784057563,-0.8005530828253505,-0.07943014707895366,-0.35307147356104973,1.7515865823748353,0.25621269498631316,-0.6129905614933534,-0.5149040784314328,1.139433237752325,0.3365945337491576,1.5893257325523318
145,2026,22,1955822,2026-08-09,Botafogo RJ 1 x 1 Fluminense,1232,Fluminense,59.2,40.8,Fora,-0.06154384402213409,-0.3120449871955093,-0.2127103388093868,0.08795158433427513,-0.13674820564462598,1.0970904376655444,1.435464992854611,0.4453364031507425,-0.9006049098935714,0.10860616116310769,-0.33257001258320085,-0.5978874766579502,-0.9432868247956716,-0.10107798352618098,0.04837529753758631,-0.3460756599541599,0.8834467927752544,-0.514307527703646,-0.7116978159465459,-0.48377944684689683,0.006921966458607292,-0.5149070398571736,-0.5341348926682914,0.31156859068989096,-0.7776422332498918,-0.05413716243385147,-0.26356833569584015,-0.24693544466962547,-0.22108319289105538,-0.32561036963848766,0.24998049035974465,-0.6520893045166135,-0.2135613234714446,0.6530730227031419,0.23790500774389087,0.7500788266232784,-0.3259947602448786,-0.150821499672394,-0.26117584882778494,-0.37375815023187914,-0.5492450692885529,-0.3207868508820441,-0.39019390265152715,-0.46381454374893216,-0.3320547197474913,0.2692307692307693,-0.6383174836492261
146,2026,22,1955828,2026-08-09,Palmeiras 0 x 0 Internacional,1234,Palmeiras,64.27,35.73,Casa,1.1627872646748332,0.583680629297901,0.7607785374888666,0.30892427717088433,-0.13195800184758005,0.9635852575802449,1.9830110046893115,0.07811145848638598,0.6308145040861464,0.015277271057334115,0.7659476465611801,1.520049561752396,1.4055721880501941,0.9835929215171769,1.211132592296806,0.07464835582263724,0.5446228933348113,0.4962339965762263,-0.3109126351029605,0.4509096384805817,0.5744343490606506,1.4395231120939513,-0.3890525084837497,1.2012419253161075,-0.40697830749867325,1.5417798386580395,0.9958705948858222,-0.5325232081022518,-0.22469173753697094,1.0704952817924973,-0.16002270062171944,-0.15541938822945867,0.47559560051077227,-0.463613677776277,0.15321990415654485,0.6678433511743523,0.01607528167926522,1.2257085347675116,-0.5922242120989177,-0.10339861183224042,-1.338877362790406,-0.9384265552059511,1.1654517327941143,-0.17337256175070231,-0.7100347721015928,0.9244734516419049,-1.335395721779177
147,2026,22,1955841,2026-08-09,Coritiba 2 x 1 Chapecoense AF,1236,Coritiba,33.53,66.47,Casa,0.6025296595442301,0.9361582134966794,0.7720320728157591,1.0442210457444867,1.0131935534691316,0.2837764286760029,0.1368336727560951,-0.9653533063558246,0.49905980654746157,0.7436838847268419,0.8902227627479898,0.7094672544085285,1.5724246358575695,0.6461903542004327,0.40011364404419114,0.5682643850070932,-2.005735287952492,-0.8400582958969022,1.9890042747098664,0.7093245810322272,0.5292193172310234,-0.6282181978141058,0.9134359973883437,-0.37313656099197745,0.036743745476286505,2.241522069079825,1.6086585532245252,0.614022059475535,0.8699305760079444,0.7781745487601873,0.29084357542214334,-0.2314652998642712,0.4097632121502393,2.0939303348614793,0.8950160872060405,1.1967605204297833,0.32468238131812766,0.7513344916704741,1.833654311911932,1.1670752869766283,0.8118121097900862,0.16918286718383813,-0.3809849706029076,1.0829093928044582,0.7527891505701284,0.46883903496356083,0.6708203932499368
148,2026,22,1955831,2026-08-09,Red Bull Bragantino 0 x 2 Corinthians,1237,Corinthians,48.24,51.76,Fora,0.25593987500025334,-0.4073467616894194,-0.23626683650423227,-0.4955261276453335,0.6571788150533526,0.7436000929847096,0.2702484520976555,-0.4409197885872711,-0.7077236408638776,0.6902746258834295,0.1215709086310336,0.5955064950504831,-0.8042041306425946,-1.4178738918498481,-0.7182410692254857,1.6239960903689916,0.6962247517680565,0.9833646675563453,0.08072148070252738,0.4260064336151293,0.6161791033018109,0.8723147050270412,-0.7470955887774839,-0.4602804556383001,-1.2654198860215442,-1.0762267796592737,0.3365945337491576,0.0926435928112871,-0.3429074337265345,-0.30693350166059474,0.8261371959176076,-0.09186553740976469,-0.9228007131730738,-0.15906588505029415,-0.5933044106973713,-0.398610679772785,0.45886613192961245,-0.64070388664392,1.087261621706831,0.940901639406449,1.1355499479153377,2.0919853419610086,-0.8552453581960396,0.940901639406449,1.637257972361523,1.1500671555359552,1.1355499479153377
149,2026,22,1955819,2026-08-09,Flamengo 2 x 0 Vitoria,1238,Vitoria,38.14,61.86,Fora,-1.5679632889850426,-1.084907860168951,-0.7564757043521168,-1.4160010335343631,-1.1696592952821794,-1.2269857422926147,-0.017131210131118024,-0.9974379076882166,-1.6350712777046534,-1.6706203089739584,-2.14893655130821,-1.7979685319182044,0.8289492387918257,-0.8905589651234989,-0.988327399346486,-0.1035267661042515,-0.42161361514744805,0.6542742176389416,-0.4479251529833522,-2.0128199232224673,0.4340987087291859,-0.20333415417644327,-1.8672963005657508,0.47036259991004375,0.3173685005124413,-1.3959072142768787,-0.8452522190185577,-0.610269012372018,-0.6974269379851146,-1.5091180960172248,0.0837485629619644,1.1699060601980444,-1.1573063450106125,-1.796850583586406,-1.2007291095232093,-1.605143980251897,0.9474010595294562,-0.9532105752046671,-0.9460264891125479,-1.1664760998272152,-0.966091783079296,-1.3823035170061837,0.33069048603794693,-1.1963890914285187,-0.8256250993845379,-0.39999999999999997,-1.0393116839386092
150,2026,22,1955819,2026-08-09,Flamengo 2 x 0 Vitoria,1239,Flamengo,61.86,38.14,Casa,1.2926666735674268,1.0126617467910812,0.6298487508123272,1.0407139091725552,-0.043348318101719144,0.4678606091567065,0.9459843358303367,0.6356359955548911,1.14768250465157,0.02420896601805619,1.0078503807449721,2.1625818868626223,1.370869118304812,0.8267826725499667,1.0008225782959885,-0.009767443570597395,1.2188259776702908,1.3926711296973824,1.4145484063608282,0.8084933299575416,0.6506386965891837,0.9751345188006114,0.25213083480200194,0.6854538530772657,2.294118392573093,0.6960909740235914,1.3331619553002287,-0.7959680489996976,-0.16287963112973608,1.4665944511041673,-1.1864921211768613,1.0000146961320733,1.4215837623100365,1.22299346539376,0.05168395788225789,0.9646478849492358,-0.07863284705267948,0.8781221543001357,-0.705489055934871,-0.6208325926195762,0.15034619483106582,-1.0418581046532718,0.8531101337802266,-0.7255213241680264,0.4961615224631048,0.9587062360592129,0.02974820586543654
151,2026,22,1955825,2026-08-09,Santos FC 0 x 2 Athletico Paranaense,1241,Santos FC,62.87,37.13,Casa,0.35945905688876406,0.13178245308523978,0.45081727847853065,0.7785906865451284,0.33612005337780837,0.2827135205643137,-1.3099480997698356,1.2479845632218345,0.6050285667682405,-0.2979302585232033,0.5659511086082525,0.8198928643264196,1.7340078104644685,1.2753535506152203,1.0341466281095035,0.05824865967163579,-0.8888214617225855,0.8474325162702208,-0.8108974484903692,-0.9714729178933956,-0.5332658194049273,0.16374863685365032,-0.23874933765446604,1.1594202907397086,1.3188798225977154,1.340609478288845,-0.1747816593036227,0.9335652335721195,0.454656261947069,1.2107924885384607,-1.4315986410461765,0.10486480349640112,1.428165461113278,0.06446491257353254,0.4109398839552429,0.6322342887434184,0.6133589535261431,1.3525475696880738,0.8888888888888888,0.7763477015199283,-1.4717809757251006,-0.5457735254032043,1.552622437591634,0.3956707471107473,-1.5181361981077723,-0.4831174698006232,-1.9084250917799344
152,2026,22,1955825,2026-08-09,Santos FC 0 x 2 Athletico Paranaense,1243,Athletico Paranaense,37.13,62.87,Fora,-0.7347364930960283,-1.212142446684547,0.4947347770385524,-0.8639037742867522,-0.22861657858651974,-0.5891102763927589,-0.37962383969345637,0.03273700617849799,-1.0631800341102242,-0.34491824688659967,-1.4866042831381354,-0.059444404872430544,0.13193785365123634,-1.0728268716325873,-1.3042835407290603,-0.7195856275376356,-0.7837353830992992,0.7955564289865732,-2.028061199202609,-0.4433981751739318,-2.461598349431209,0.13460653921728666,-0.1233682187165837,-0.17791809480108778,-0.3055462149110812,0.6031949256704523,0.7939992333804207,0.45182262329099004,1.737894277480826,-1.2462304299900953,0.6569784822072087,0.3257988865419707,-0.8073566355348736,-0.9591872496314667,-0.4428407819905737,-0.6728950538333266,-0.6140690543684422,-0.8152451446603968,-0.3943357772490567,-0.3693586031547479,0.6453312654438671,0.4576985526931168,-0.617270336578006,-0.5000248369280591,1.2241908135159645,1.150067155535955,0.4191368221424546
153,2026,22,1955831,2026-08-09,Red Bull Bragantino 0 x 2 Corinthians,5438,Red Bull Bragantino,51.76,48.24,Casa,0.22227258912117706,0.01412005294332734,-0.07116273411091732,-0.6688264664221211,-1.0603326208215669,0.36224714217684745,-1.0987496010721822,0.9432238960111424,0.45929618063206623,-0.49569017850850694,0.5500621793765079,0.31404924136664614,0.958049652929625,-0.7521024273436758,-0.3166354614035467,0.4982039642737301,-0.6768452183440462,0.8324866817549395,1.3056437304484698,-0.18042562992793792,0.28742564436841694,0.09215317899450956,0.8930050086397168,0.13360478805404244,0.15210575217976433,-0.6280131263868465,-0.4432422071779363,-0.5073362733062132,-0.4744840467889901,-0.4292939953543141,0.9144009676915829,-0.23881843155454105,-0.8348882796965662,-0.9388878754538018,-0.4722357151838026,-0.6304685721050324,-0.8732576504760063,-0.9640849678040375,-1.1700487530470867,-1.3160801110330012,-1.1250000000000002,-1.183088000823097,-0.305174105913606,-1.3040064184586633,-1.4267699585496896,-1.0135855282610855,-1.1696539882637542
154,2026,22,1955834,2026-08-09,Cruzeiro 3 x 1 Mirassol,6332,Mirassol,51.22,48.78,Fora,-0.016954995325317523,0.09420014961174943,0.9592027514025547,-0.4721025367344167,-0.8445322539951423,1.152331138699886,-0.09503784229301898,0.6933142826482135,0.5910275058755159,0.6901041324496089,0.2372187324293385,-1.026322406750345,-0.4293628854602151,-0.18834544357697627,-0.6182817662131318,-1.8433694077600224,0.07668354696061573,0.6581712286913403,0.45101819534306237,0.7324096128940434,0.5266286144567307,-0.014524056327827653,0.28513308390165865,0.7853418536407781,1.7889563925518992,0.013959076140742196,1.59375,-0.27150874330019403,3.0915565510599774,-0.04793231073411686,-0.27616671016460553,-0.792592874727385,-0.6876078027187901,-0.384157828000875,-0.768712205483885,-0.9656568885052663,0.8147046941369384,-0.2480305861281467,-0.7318978552073229,-1.0427427603879451,-1.2692955176439846,-0.8745367370568365,-0.11034012289493497,0.17223730617276234,-1.3685228950209667,-1.5109662034355793,-0.2180103600984736
155,2026,22,1955841,2026-08-09,Coritiba 2 x 1 Chapecoense AF,8865,Chapecoense AF,66.47,33.53,Fora,-0.37182787852957677,-0.26264684323187726,-0.6934583242929112,0.14622958934824995,-0.44566485671439254,0.7841706703461289,-1.7937167494733361,0.48465379848060014,0.11724189670894468,1.6611957002967297,0.8054950099568368,-1.648341635091754,-0.6020745477318888,0.3928337420867878,0.19996620479637595,-0.47865485316777273,-1.0257469314503642,-0.3058872719398901,-0.6971212166978731,-0.9462661031127997,-0.6406664466230055,-1.9035633752437262,-0.4471600794124412,0.5218487510117746,0.9028697322135759,-1.350421326482092,-0.20115274729832733,-0.4156969559002152,-0.7803011683326558,0.8881259267371945,-0.48681440259534026,-0.7949137514101791,0.22960075092550924,-0.3368818228400627,-0.19592649742964116,-0.0657471179743297,-0.8527263400933969,-0.08231876746678564,-1.13829930063565,-0.6611799910229197,0.11412537853627996,-0.8130883833492643,1.8331087291940185,-0.7807612074525532,0.0,0.03196013860502954,-0.035114749361031275
156,2026,22,1955838,2026-08-08,Gremio 2 x 1 Sao Paulo,1224,Sao Paulo,49.81,50.19,Fora,-0.7086503334488189,0.39198456953874894,-0.325629390372506,0.19362775812886981,0.558991717129977,-0.8327415797628889,-0.7185495398092372,-0.9073841615458289,0.06627903853960401,-0.16836024507352712,-0.14957718702322798,-1.552585221791714,-0.3711679070831583,0.20758412292650938,-0.5463342700504551,-0.8881227077029272,0.41890761566241386,-0.5715640015151318,1.4193725021804031,0.4873159230985381,0.29877085850045254,-0.8850127832874946,0.12885022833607704,-1.250148487362128,-0.5113257172954097,-1.0870778521888016,-0.40325254197910865,2.0357668040222374,1.54286509424642,0.018638177681073623,-1.116392811385484,0.7187551841864139,-0.6865083293346,0.7906083799061039,0.6517728042629017,0.06364659689874197,1.6134707131793251,1.035469495688166,1.8615351269220803,1.0260308760148649,-1.0526899013331488,0.12817223742183337,-0.02793298982854792,0.6618031935096486,-0.7430428494079853,-1.046449728472674,-0.15339299776947415
157,2026,22,1955847,2026-08-08,Remo 2 x 2 Atletico MG,1235,Atletico MG,60.97,39.03,Fora,0.10389601143655287,0.41618141115451923,0.27674164984909644,0.5283640790672619,-0.23966058627468872,0.3279591233961285,-0.3886673249229958,0.6498013418692932,0.6942210529280799,0.24283770397051174,0.1796984921078993,-0.11493972127548417,0.8401566133744457,0.5505077084270574,0.1266154588330096,-1.056252909654347,0.08470506530566665,0.8278932091103406,-0.04130081027822013,1.0289032876362298,0.18853644090784089,-0.09435859754111321,0.2409230332318003,0.8433258595588382,1.6588421786919982,-0.5216268100603898,1.223980122724209,-0.23087571484819974,-0.03179370881876577,0.340295541635464,-0.9687006493992709,-0.14134011210269412,-0.10672974346607453,1.0857908427420717,0.7940996753575866,0.12653357831839074,-0.08058640528456233,-0.6825664533427301,-0.7225300612714974,-0.5224036486988134,0.6875000000000001,-0.18410955933749976,1.466095492624255,-0.5818052588388216,-0.10640706634484358,-0.8717192547505778,0.554051251343814
158,2026,22,1955838,2026-08-08,Gremio 2 x 1 Sao Paulo,1244,Gremio,50.19,49.81,Casa,-0.18195853379631977,0.3429641902052646,-0.6457042259518989,0.7004057256341998,0.7944196638122718,-0.6571422617363397,-1.806121826855254,0.31594466656400727,0.2549136851716863,-0.8969513900237935,1.0759666411937046,-0.7010060189948114,-0.5538592381382053,0.5760057193021753,-0.11251899333956937,0.29233625930305346,-0.9907229434477335,0.1020121278150157,1.032290434132605,-0.12392039927415234,-2.019125404041158,-2.478193116926185,1.1121181164349823,-0.3729860869268614,0.04773722410205787,-1.3045619093834508,-0.2635683356958402,-0.2054741513082662,-0.5670340232140384,0.09420305099415922,0.09598211305989052,0.25980022976620953,0.1605248549445454,1.390018430973551,1.1568765656245437,1.0762314710307035,-0.34908353439622797,0.14190394951780175,0.7574431572855954,0.8997522635569974,0.983192080250175,0.9583863635420231,0.001083991217769352,0.7703683521730953,1.0382450365426805,0.36037498507822363,0.8148217143826669
159,2026,22,1955847,2026-08-08,Remo 2 x 2 Atletico MG,4617,Remo,39.03,60.97,Casa,0.16631194220497125,0.0332131424244486,-0.23534681410261207,0.2896966622184419,-0.45517177191104535,0.3819276468816285,-0.02637613638261753,-2.326084437856117,0.5438776610858327,-0.06915132787986883,0.7935332987209716,-0.6389064565198869,-0.7442679275615063,-0.047873749135118875,-0.3706822759351494,-1.555690319565054,-0.6883790241742433,0.3235827560072572,1.0497502154068843,-0.49834162063882165,0.049261679020917264,1.2765148454433708,-0.08808212007353561,-0.1448263838173526,0.7787578352398633,0.06290054637224402,-1.1605839599982106,-0.32509761029375295,-1.3580038125421885,0.31019466208663354,-0.5507499642661243,0.5071279454035708,0.2864986959307184,0.7720030501487166,-0.20990975929230063,0.32029934992037606,-0.29641115641148774,-0.11705225198539963,-1.2198545024027863,-1.0889831142249395,0.9174973491412896,-1.4954535567400509,0.417748898941815,-1.1045615900971966,0.38911847780746406,-0.3603749850782237,0.8278327231656524
160,2026,21,1955799,2026-10-03,Sao Paulo 1.0 x 2.0 Santos FC,1224,Sao Paulo,61.89,38.11,Casa,1.0140059750911055,0.20225420103148622,0.5268987834891982,0.9355241601716162,-0.08974962952425053,0.20071724074982608,0.122733617048162,1.0338185646883284,1.1005625815917153,-1.3354531665356777,1.1400410030847945,1.6070840519345777,0.7951321636090759,-0.01132277034144581,0.8090867326709029,1.149641968819659,-0.8280933815953045,0.6587409340406902,0.40719702931405005,-0.3959441875175622,-0.8779628032593254,1.04956289877311,-0.02786455010382719,1.4323450157893438,0.7034992311933597,0.5379354320109532,0.21223817998900435,-0.3685539619371169,-0.042824275523394705,1.1573920699279334,-0.37946876069160385,0.17032361209497687,0.8277650254490375,1.4605380458087953,0.29640149950069894,1.3326006225674074,-0.5717334387860977,1.035469495688166,-0.6689891862376227,-0.4530391109881057,-1.0526899013331488,-0.9993564200300078,0.9786620633044509,0.2887934813327872,-0.7430428494079853,-1.046449728472674,-0.15339299776947415
161,2026,21,1955805,2026-10-03,Atletico MG 1.0 x 0.0 Red Bull Bragantino,1235,Atletico MG,34.98,65.02,Casa,0.11458437885409367,-0.2767977232466684,0.14587439701663887,-0.4311041214303148,-0.594797003909114,0.6490232600766905,1.8971314181556027,1.3848096695500258,-0.3947761575175955,1.858565237699903,-0.9544806819136219,0.3802603799985129,-0.12033036170094541,-0.8926311430427433,-0.5932194652315183,1.681986540116743,0.7434182835010625,1.4922281527072354,-0.04130081027822013,0.4199605255658081,-0.10607085352476754,1.7299076215870783,0.09585661561404539,-0.4566847678009654,-0.9919862105825241,0.9541953842568106,-0.550791055225894,0.3063718806103769,-0.897237416331242,-0.6855140327430918,1.2951934034912775,0.38999099294656664,-0.8238485858148876,0.05725996640346149,-0.27231383356674127,-0.5724138066784348,-1.2626085513145433,-1.0865343543006727,-0.21147221305507238,-0.9373742359517102,-0.21875000000000008,-0.4708029810772217,-1.0230275625726621,-0.9890534507186532,0.5107539184552491,1.2349356108966516,-0.2916059217599022
162,2026,21,1955799,2026-10-03,Sao Paulo 1.0 x 2.0 Santos FC,1241,Santos FC,38.11,61.89,Fora,-1.1256945697389913,-1.3783018227868589,-0.04408274507107781,-1.267690188983397,-0.0921853102815901,-1.0422147565261521,0.2844595326142522,0.16929518917257794,-0.7328748026410422,-1.034735986578626,-1.5802123027826553,-1.5096006956571195,0.7815769129001631,-1.9280935568356086,-1.4294731138610666,-0.14444219130199773,1.0973653741178182,1.18954892038373,-1.1841677025573645,-0.9714729178933956,0.2388455255489741,0.6233012628622812,0.15523118191927593,-0.6531505141902948,-1.0666726968476512,-0.8652160462715237,-0.1747816593036227,0.39380404595462815,0.6501193045574172,-1.5186713947678434,1.5962609448334562,1.016880172844855,-1.1167833455764573,-1.3258185216134133,-1.109487493975874,-1.109571176744699,1.8700289056428647,-0.6238494604375225,0.8888888888888888,-0.43353081654218534,0.8353351483845164,0.04116910871298716,-0.5284657220665786,-0.7562687946379811,0.6831612891484975,0.4509096384805818,0.5513228042919811
163,2026,21,1955805,2026-10-03,Atletico MG 1.0 x 0.0 Red Bull Bragantino,5438,Red Bull Bragantino,65.02,34.98,Fora,0.12485837988224457,0.4772380911190023,0.45713460089366303,0.4256239861458102,0.004040326368888403,0.5633041054537881,-0.7878838602810283,0.19649880531387032,-0.13336855236228673,-0.9583936771097916,0.8759159470604472,-0.3006332109242867,0.5301003668509221,1.269402145662984,0.9255802016040255,1.7981313972658686,-0.8318776402685719,0.5444189028044285,-0.759647261351837,0.4736172785608368,-0.28788778403336746,0.49301950762062585,0.5106448061678585,2.0313381040869714,1.2846741274819802,-0.12211366346410897,-0.4432422071779363,0.540169564612356,0.27316105812856795,0.5479879010494813,-0.5665575553763262,-0.09721695486539292,0.9627703287684397,-0.635763547607306,0.8275012623726259,0.5456687056815482,0.05646486849433176,0.9589839891384075,0.08667027800348794,-0.028447874984839187,-1.1250000000000002,-0.6714187716857825,1.3700490169539083,-0.1613511246420205,-0.7254762501100118,0.11695217633781756,-1.1696539882637542
164,2026,21,1955796,2026-09-16,Botafogo RJ 3 x 2 Gremio,1227,Botafogo RJ,34.08,65.92,Casa,-0.12697464946348008,-0.38022545488413795,-0.021150671930446795,-0.36505321844673244,-0.08351297846457353,-0.7755347292229117,0.8802962727756513,-0.7149355706240937,-0.8506569648019605,-1.0817713267847162,-0.6816102074420449,0.5898704520078762,0.8261626905897472,-0.8290475415928338,-0.8747515485650992,-0.5839653486890217,0.35199881328109933,-0.2216916537352526,0.6140805908568017,-0.4311833202354204,0.8838839094127993,-0.01151709975135188,-0.0638912270083797,-0.2968955289680681,-0.35283403376299205,-0.5915994808202735,0.9388947077358496,0.24523082797540932,-0.10189540277045724,-0.6725497668935075,0.048254919823988024,0.9634894134939792,-1.3390453672992888,1.0167877452638832,-0.4654054848580168,-0.42765062206745547,-0.02096416498501333,-0.6950868176471711,-0.02901294265928285,-0.5889961207928354,1.4006468944430521,0.0734708361543267,-0.8673635313262282,-0.6554317685844698,0.7235680511449365,-0.3278109752951825,1.3022979303897735
165,2026,21,1955796,2026-09-16,Botafogo RJ 3 x 2 Gremio,1244,Gremio,65.92,34.08,Fora,0.45796301885859275,0.04837488905080095,0.42401700260763936,0.5964857933918697,-0.09524284806850233,0.42643721423423886,0.5470716837865918,0.05422289584804592,0.6704107114143683,-0.49029220450372735,1.88513763805902,-1.0892251793904657,-1.1986535788561847,0.23510437522537778,0.9992354971840806,-1.5283045678559966,0.4424102292905241,-0.18077798521067526,0.5205567146480659,-1.5613970308543204,-0.24535141370393687,0.10078775834388759,0.17366254840360038,1.1480977988217447,0.8202640431924407,0.16180612829562188,1.4349831610106858,-0.5902734380234336,-0.475235379229704,1.4454706514187285,-0.9082372134130946,2.101110846459109,1.0845503455845158,-0.47099259472325145,0.3269147712874857,-0.15809049856948215,0.5627066970642641,0.37052697929648204,-0.3140617969232957,-0.5701224567730467,0.983192080250175,-0.8344386655759576,1.6137377258925356,-0.5430061468204654,-0.5892742099296294,-1.7297999283754733,0.8148217143826669
166,2026,21,1955811,2026-07-31,Coritiba 0.0 x 1.0 Cruzeiro,1230,Cruzeiro,50.96,49.04,Fora,0.0954223149421127,0.2114329267308771,0.007054116765394175,0.22814841895431512,0.6086411430586661,0.06571621345309005,0.35997409983676487,0.2263824587989921,-0.5586190469640154,0.011654738102278154,-0.4314398083306072,0.8085936286594987,-0.047283191313960464,0.32762279568405456,-0.3593571340972952,0.48266360091626426,1.2145491124031647,1.068101075943319,-0.4691715584085552,1.3466376037453043,0.6823754850374834,0.1708330495638212,-0.4048002386675295,-0.24054880695661973,-0.1676683390495791,0.15570561406712483,0.2953860136649128,0.14903735002718996,0.06574906892065548,-0.3220633327997569,1.4742665090101015,-0.5089453118321204,0.17353154842786594,0.21413209479422848,0.846993365394923,0.21369472792803543,0.9387594595690799,1.1706200739427297,0.4964384192434611,1.391643264069865,-0.40994579587496155,0.6497575168846289,-0.3767803108364632,1.1272035178276518,0.5275153878482985,1.2239801227242093,-0.5544159532159296
167,2026,21,1955811,2026-07-31,Coritiba 0.0 x 1.0 Cruzeiro,1236,Coritiba,49.04,50.96,Casa,0.08535427359731415,0.22779547639494058,0.3548806942137354,0.4956136730620976,0.11246716170697935,0.6451601242979739,0.5848536012962122,-1.6375190957891361,0.43406349173411374,0.2336396045272956,0.1673223945555981,-0.6223980235993508,-2.058697393311156,0.6461903542004327,1.241273708601731,-0.6676660047827349,1.2132111249698045,1.232561783582052,-0.3584833285814293,-0.6177988286409719,-1.1318034973386344,0.5980153998422744,-0.324374310554822,2.1845449570803024,0.9754420323001826,0.7807548779940965,-1.0195723224662485,-0.6919331907643042,-0.09008443661319011,1.0487342560544382,-0.5783792287992153,0.337490526511389,0.9785662773237893,-0.6706215264481965,0.6257756853183597,0.9134457849811,-0.49905038774605454,1.5158502902123598,-0.4783446031074604,0.213129687528748,-1.1500671555359552,-0.6249131193013878,0.8741319165513098,0.16354454882965969,-0.3667434323290369,0.46883903496356083,-1.1819216452498889
168,2026,21,1955793,2026-07-30,Fluminense 0.0 x 0.0 Bahia,1221,Bahia,41.63,58.37,Fora,-1.2066553140637652,-0.6923568936327736,0.605031374633935,-0.6229494126354584,-1.0399640272661477,-2.0252567661786114,0.14293819656173967,-0.8207553066495398,-1.0346947417455077,-1.0069612141632147,-1.7978915118719887,-0.9278425077350599,0.20839575113773312,-0.10056992419943545,-0.6811065852915664,-0.7709447428593156,-1.3773893390066967,0.5307088088992796,-0.9027420410945112,-1.0850090239455814,-2.009555601934248,0.7206814278376459,-0.7459560606989086,-0.5816769924089085,0.04976948000128586,1.221372420371291,2.1908902300206643,-0.14088400831554126,0.8248772226818252,-1.2789645476528941,0.9811226475379992,1.4605145945958105,-0.22661935726428198,-0.555392275714835,-0.4308214699098225,-0.6785511437439768,-2.040284766769218,-0.7764536663298178,-1.0037590752791055,-1.1854565449769618,-1.4670289407654775,-1.2144740722906686,-1.1972648227196416,-1.4840597441272745,-0.19310804067388587,1.1947019608799496,-1.6562981139083928
169,2026,21,1955793,2026-07-30,Fluminense 0.0 x 0.0 Bahia,1232,Fluminense,58.37,41.63,Casa,-0.03399588219522658,-0.07599959689078917,1.2064380812572688,0.9352520004322669,0.5392614024985849,-0.5831162054282203,-0.33886386716567923,1.2655690392594319,0.39131502868421353,-0.6479370875390007,0.13317511067732538,-0.010643587368220147,0.42237317934658075,0.719675242706408,1.447222174211151,-0.9639403046748065,-0.3517902950224132,-1.0588693116130043,-0.7116978159465459,-1.75919798853417,0.5180666020303986,0.11382155617895438,1.409942791008687,-0.054735022688764984,-0.6333850064959844,1.51584054814784,2.2842589093639485,2.4406384710919644,1.9694997055329482,0.6668331763760225,0.2232945053015235,0.028148974275685447,1.3054918999359222,0.7724138431832726,0.9962690822338501,1.4616021995416217,-0.6472902297005346,1.773660836147352,0.49623411277279184,0.9669911283101361,-1.4861925404278487,-0.40030109914880396,-0.07587103662668546,0.8934235141890043,-0.3320547197474913,1.3846153846153846,-1.61259153764015
170,2026,21,1955814,2026-07-30,Vitoria 0.0 x 4.0 Palmeiras,1234,Palmeiras,69.42,30.58,Fora,0.4335931622913749,1.500289372970246,0.5520096597700387,0.9971647797564593,0.5003888454598184,0.7509334174981578,-0.736011176681376,-1.5075250825598323,1.4047103052167784,1.4973172912322057,1.4091835126165426,-0.5948207698824308,-1.2842104891321255,2.1452117111822595,1.2286476964974196,0.22538712083557297,1.9001901791648823,1.5006024512185163,2.1763884457207237,0.4509096384805817,0.6180986871245714,-0.4409350073080566,1.5701778982190824,-0.1534920237903921,0.8049451514542653,1.2456764259356345,0.23586408826243155,0.7401666230027472,0.8547665773015323,1.6325391477466311,-1.57096543552456,1.396017311965821,1.7105895893003387,-0.6994804370796123,1.34501081905848,-0.13435901739602357,-0.5033002567827423,0.14310302690179055,0.7817359599705714,0.4020709862745656,1.308448331817897,0.6361678562048385,0.6781785083160836,0.3313074650529929,2.3404849895200655,0.9244734516419049,1.8918106058538342
171,2026,21,1955801,2026-07-30,Corinthians 0.0 x 0.0 Athletico Paranaense,1237,Corinthians,43.91,56.09,Casa,0.3311739962769596,0.07521675874823269,-0.5245209306455875,-0.7498871132699824,-0.1609504141734106,0.2797281467654719,-0.17004396985919876,-0.030721527949331615,-0.18109605344065338,1.515361420474348,0.3156626227154552,0.8199893100008014,1.2607733503826615,0.9782999347029255,0.5807229823778839,0.3576384506309281,0.1692318710509378,-0.7095832792117914,0.08072148070252738,-1.338877362790406,0.752331892821965,-0.7269289208558677,0.030735796652809007,-0.7000672798331031,0.037827932516728134,-0.2402291918882307,-1.4381766442009458,-0.35170805465373156,-0.07245934374818724,-0.34861665186932356,-0.6282582558215605,0.9997719410398332,-0.3335236749456544,-2.006004252304498,-0.3114038739604531,-1.449493380991945,1.6216151774586671,-1.0014885995113703,1.087261621706831,0.11535007731522481,-1.2166606584807191,1.6000898923861182,-0.33932109087229967,0.11535007731522481,0.10562954660396924,1.1500671555359552,-1.2166606584807191
172,2026,21,1955814,2026-07-30,Vitoria 0.0 x 4.0 Palmeiras,1238,Vitoria,30.58,69.42,Casa,-0.6909560941380392,-0.603116833671046,-1.01830256820043,-0.7621092584674095,-0.7941800785534262,-0.40408666757919015,-0.8244394875600377,1.1931976712388377,-1.0253651892912785,-1.5670797066053404,-1.4023261447857849,0.10086865073921288,0.13464315886254694,-0.3841626908375876,-0.6914373887056752,-1.571871690758605,-0.822988986026837,-0.9000344279620696,-1.0664884594841717,-0.2703787956567493,-1.8987330487605094,-0.5501982995362579,-1.217589947768845,-1.6417172035569914,-1.4830645696695897,-1.7002779602470253,-0.275198396889763,-0.5029009343955568,-0.7248336012036969,-1.381374094467772,1.9414194058824212,-1.3330720919809462,-1.1911515511167394,0.36730203441588166,-0.8432134227010084,-0.45735609300328006,-0.45988449831593525,-0.38520153381558475,-0.9460264891125479,-0.9172633873731187,-0.966091783079296,-1.171619986754926,-1.4154800238425123,-0.9796737197294461,-1.823255427807521,-1.85,-1.0393116839386092
173,2026,21,1955801,2026-07-30,Corinthians 0.0 x 0.0 Athletico Paranaense,1243,Athletico Paranaense,56.09,43.91,Fora,0.5162166922835301,-0.04304740099115431,-0.0789199903175528,-0.9722920370151049,-1.086869496749078,0.599082592547744,-1.160914193643216,1.2699551618879956,1.076444615366265,-0.752741981871873,0.08181439332441867,1.4101910190558848,0.7829019261589077,-0.5122506684371814,-0.8187921665646798,-0.6912493163175736,0.46890367040462294,0.717532416050244,0.1735239528729506,0.9853292781642932,0.4710140469616734,-1.3928850579875698,1.3216855359407618,0.04641341603506662,0.5589291163328132,-0.35094977493553614,0.7939992333804207,-0.8435795888195793,-0.8917832943384599,-0.09607221563876728,-0.7136770092208418,-1.3715319268642208,-1.0856543742396143,-1.072583958292669,-1.6348575998893689,-1.2904253247563164,-2.3372999682187006,-1.5055257051027766,-0.9388947077358494,-1.2386925300886094,-1.4340694787641493,-0.009265853932227692,1.4825785871054113,-1.2486616902230638,-0.28651274358884277,1.150067155535955,-1.4508582304931121
174,2026,21,1955808,2026-07-29,Internacional 1.0 x 1.0 Flamengo,1219,Internacional,25.13,74.87,Casa,-1.2822921438006674,-0.29887309217598423,-1.2802743925935143,-0.6354161680014541,-0.05043532845994096,-2.904181425519024,-0.6943350571157562,2.6891402656359142,-1.8063135044386829,-0.7639903551380999,-2.460936573529786,0.5887760884491006,0.4286816696229017,-0.6540507602313899,-1.2548307253332922,-0.7171241442982025,-1.8820009616863593,-0.995331853595593,0.11017987775824782,0.6032092391024972,0.8275896389788039,-1.1926669525416673,-2.0197916130430857,-1.5929435937053693,-1.9072860233473306,-0.9844024591674262,-1.3472646181131278,-0.49602668673030054,-0.5445771189904086,-1.4567727628291771,0.1682840060600376,-0.08169188507382816,-0.7820470591709477,0.6884504346795174,-0.9912952846852086,-0.3544977733303025,1.7409473297780074,0.2510428410422916,0.13112569439434393,-0.04688784146743889,0.03716470731235827,-0.35098030445734113,-1.0469582811836913,-0.12364218914610306,0.13975424859373686,0.2692307692307693,-0.0703597544730291
175,2026,21,1955808,2026-07-29,Internacional 1.0 x 1.0 Flamengo,1239,Flamengo,74.87,25.13,Fora,0.12365034711966502,0.913861732112304,-0.33306037524705623,0.12798787437114045,-0.5415550724441358,0.9943359862465802,-1.057099956229456,0.2745878903224408,0.7609437914932129,1.0470486703720239,0.3965789909730851,-0.2947133101343514,-0.09534145748098101,1.1759578789181566,1.2031066313157057,-0.16783810150995593,0.566954878014821,0.8919183790444029,0.46788908825781234,0.8084933299575416,0.09864644478392973,-1.2341546253570241,0.5040315493704185,0.34272692653863285,1.0521299124784829,-0.41002619017827974,-0.7756578649019513,-0.9788300145233808,-0.42528204695413374,0.8395357764879817,-0.420942750271499,-1.0637844638016978,1.5335381351454191,-1.259665989090474,-0.6014564250583652,-0.6248287436603007,0.20690703882015626,-0.27069931072410197,-0.705489055934871,-0.5327695942516327,-0.7216617351891165,-0.3992875924390654,1.946958886223635,-0.6377917947330743,-0.6106603353392058,-0.15339299776947413,-0.8329497642322214
176,2026,21,1955803,2026-07-29,Mirassol 2.0 x 1.0 Remo,4617,Remo,43.28,56.72,Fora,0.14560559139713794,0.11782974542839533,-0.40442057565143325,-0.13841337793341946,-0.014334832619864315,-0.4358296282770661,-0.10286693189220988,0.14897882638304988,-0.41275128333943706,-0.009779230671031855,0.03697239785032034,0.8712452816995675,-0.31581671504572484,-1.0197108565780313,-0.16351601535375582,-0.17853620465231357,-0.295212280906485,-0.8749795109704221,0.7076967744316074,0.946849079213761,0.6709341845927448,-0.20424237527093894,-0.39036274747631255,1.2551619930837223,0.6041040933256056,-1.3051863372240606,-1.1605839599982106,-0.8448311961494738,-0.6213100270227991,0.38276406716925354,-0.6110682478232372,0.1510274113430726,-1.0371711152591665,0.5741282118628103,-0.4733746755065752,0.4725728113579319,0.012874872501638887,0.06160644841336829,-0.45081579436624714,0.01246752219367586,-0.0679627666030584,-0.13940560306122077,0.3844056382005879,-0.11859492576933274,-0.3631772459536331,-0.3603749850782237,-0.13245323570650444
177,2026,21,1955803,2026-07-29,Mirassol 2.0 x 1.0 Remo,6332,Mirassol,56.72,43.28,Casa,0.6380523516258119,0.6533183440144594,-0.11455465584956737,0.2556480020029281,0.5695056904663824,0.6869022384069842,1.1648924098201423,-1.2776919903708346,0.035158630495954746,-0.06043878098842994,0.9153729990358666,0.3728222713954701,0.6094543788292013,0.18834544357697627,0.3899129383356889,-0.4223680648416232,0.5902003130111348,1.1582365046846825,0.7126087486420385,1.322406245503134,0.9332319903520241,1.0384700274396548,-0.07646482972820857,0.4645684204635586,0.660201568531461,-0.3908541319407833,-1.125,-0.3150379390532531,-0.5980474213316258,0.09887547251226952,-0.5825720066539412,0.1385779736084485,0.23603990056247465,-0.0003399495368300617,0.6880165844737982,-0.3791846420832196,-1.0357408876405414,-0.9857625858939163,1.3221380610196798,1.1355721091362336,0.0,2.5218145039006425,0.6961561018973311,1.1326953213747284,1.0613034696080965,0.4807619738204117,1.046449728472674
178,2026,20,1955775,2026-07-26,Bahia 1.0 x 1.0 Corinthians,1221,Bahia,62.82,37.18,Casa,0.9788794771318959,0.7391011253224404,-0.0037087016821066854,0.060624560734865274,-0.6583068370114992,0.930335945592558,-0.9797222222669194,0.5613564149402366,1.6533630983886531,1.5388988424595074,1.928194466382981,0.6218585366280981,1.3836857369242026,0.9089973918025881,0.7141950634233152,-1.557459942558747,-0.8742810462312474,-0.5337840686975809,0.8046179061929338,0.5285941398709245,1.1960863233576455,-1.384330512465117,0.5588015936337454,-0.302856615882324,0.7952158541390607,-0.27946657076292264,0.867227382716513,-0.23843486259688168,0.5183725126674653,0.9760477060223258,0.08573235965904395,-1.5654459371927893,-0.05759634482739255,0.12968524907230458,-0.8056383673277767,-0.3431309760978066,0.505924048065727,-0.19909068367431237,-1.0037590752791055,-1.0441957865268139,-0.1778216897897549,-1.189017948445862,1.1117051096944506,-1.3466435702617154,-0.19310804067388587,0.23230315905999022,-0.5392598510399419
179,2026,20,1955781,2026-07-26,Flamengo 1.0 x 1.0 Sao Paulo,1224,Sao Paulo,43.09,56.91,Fora,-0.3472179778682979,-0.6985916954223266,-0.47597433886325446,-1.0544278055092917,-0.7268422123093441,0.2937195685520984,0.4463040619933155,1.6132251712422643,0.7617302681182756,-0.8074626904281493,-0.14595275080913972,-1.6788866859357157,-1.0285762172663224,-1.6531244698511098,-1.1524951536346841,-0.5882833313515996,-0.43770138764497607,-1.3212729476146476,0.40719702931405005,-0.3959441875175622,0.06387114560481116,-0.36912593473800004,0.9684425295624047,-0.4372716682253184,-0.5857558604919136,-1.0870778521888016,-1.0187432639472216,-0.8517690192273665,-0.9120698436425899,-0.5279201397708869,-0.6207939124193773,1.4269337772588742,-1.3097720860868258,-1.253495376102739,-1.1265236200767152,-1.3206668856488932,-1.2604038381933824,-1.614114213866847,-0.6689891862376227,-1.070482218948691,0.1684303842133039,0.4392494558767973,-0.6175480341439192,-1.1299615612809633,0.02653724462171376,0.21801036009847358,-0.15339299776947415
180,2026,20,1955784,2026-07-26,Vasco da Gama 1.0 x 1.0 Mirassol,1226,Vasco da Gama,55.97,44.03,Casa,0.6732173596464689,-0.013883987828385569,1.1041566964998772,0.45470303188921235,0.35735304365231446,0.4095859889142045,2.4521989586080863,-1.5144148333204683,-0.46723631637337776,0.9982114278387934,1.0358495077635217,0.14396452165852447,-0.4047135288896207,-0.5153191918599979,0.4809105882083526,-0.5191965133572112,1.1544223496858705,1.051069913244223,1.0203272817125795,-1.0414546293744764,0.7011569212295022,1.9878254212930095,-0.4794472779869245,1.614080526526967,1.216183033299872,1.2484254015803318,1.4627834700190634,1.6197223711826734,0.791272637566816,0.8332087881900904,1.1784707766370444,-1.2499666140562777,0.5947148715168455,0.5239110796014399,-0.13302261175152652,1.2855598962021875,-0.3865722288843895,0.4170361375060653,-0.17171695541668439,0.4385432936121114,-0.19824558013652685,0.2829397705976637,0.660620449873135,0.36388358940556864,0.12780429685269148,0.47519096331149147,-0.23990405756162692
181,2026,20,1955766,2026-07-26,Cruzeiro 0.0 x 1.0 Botafogo RJ,1227,Botafogo RJ,42.79,57.21,Fora,-0.47985549548982004,-1.9671929685728875,-0.6963594003342072,-0.6048430963460043,-0.8073894628326008,0.1909487043877705,-0.11508460446837684,0.6024812146161133,-0.009802669278603132,0.21194606271800445,-0.8982765403959807,-0.730602413743771,-0.7969294765482275,-1.3517079482491856,-0.9525572566016663,0.11497839079364727,-0.06675809227285323,0.5490915344042663,-2.1561051856749938,-3.408401483765704,-2.1329001171592,0.48947673943244424,-0.026127323692459542,-1.731890585647066,-1.67421768856742,-1.1731718517961351,-0.6947820837245289,-0.9119649332272337,-1.0416612965774972,-0.6317260969453461,0.3625975261735591,-1.7410848228180136,-0.43326050421917667,-0.0966917234807188,-1.2576940607387757,-0.5610040418519308,-0.3905675395231573,-1.0338686279289855,-0.8703882797784892,-1.2676787625598782,-0.3278109752951825,-0.6996891127829923,-0.5470382539182614,-1.3050172027364053,0.7235680511449365,1.4006468944430521,-0.37621940211260124
182,2026,20,1955766,2026-07-26,Cruzeiro 0.0 x 1.0 Botafogo RJ,1230,Cruzeiro,57.21,42.79,Casa,0.6978052417804195,0.6162873984256405,1.605976876718188,0.3871556052629518,0.22530859364237987,1.7516743445602445,1.0023894164685305,-1.5802051526442917,1.4790802840158592,2.3705120496278522,0.47372894548630723,-0.029108826238080115,0.959400501290242,0.5593559926313127,0.6773658880561055,1.1047608371327176,0.9616848288246463,1.520543593921447,0.6049843779478735,0.6234433350672705,0.6823754850374834,1.6846036831987947,1.2705382240302268,0.9009646224193364,0.2640272898688485,1.4100008384967397,2.9723217625031837,2.0156173735902776,1.3974321296608463,0.5857638454425352,-0.3276327166650614,-0.08806615046402287,0.3451048998799511,0.3959629245595371,0.22179075116978364,1.3291812077123795,-0.039179518679139866,0.29454311537913846,0.4964384192434611,0.301314936313263,-1.49071198499986,0.16771198419277702,0.0003941216640541549,0.10099769127703176,-0.6963203119597542,0.3365945337491576,-1.6262867961000604
183,2026,20,1955769,2026-07-26,Gremio 1.0 x 1.0 Fluminense,1232,Fluminense,50.24,49.76,Fora,-0.6963796802507791,0.018178664920606498,-0.5111932048148752,-0.7033048975702196,-1.615813036804969,-1.5085582851186259,-1.908462474106705,-1.9502636769127297,-0.7073729423507431,-0.8926343035668082,-0.47155578263130915,-0.016645950837476987,0.9300182665661171,0.4851743209256683,0.1453083307065639,-0.14911058000922367,-1.9249886617657754,0.30741838149095796,-0.7116978159465459,0.15392982399673974,0.5971978757931825,-0.6720891888662055,0.1628602418837821,-1.642050680662941,-0.8735994491322163,-0.05413716243385147,-0.26356833569584015,-0.7697754946813946,-0.598174103114195,-0.3722896741937353,0.07647476996365671,0.1607150049892858,-0.11617950860560919,-1.0514169815511687,-1.273333425930365,-1.5877836843941358,-1.2170541955352319,-1.5504450166322092,-1.7759957720289385,-1.9492135828264998,-1.4861925404278487,-1.2785499730765313,-0.5942280437553711,-0.8194774253680404,-0.3320547197474913,0.2692307692307693,-0.6383174836492261
184,2026,20,1955789,2026-07-26,Palmeiras 1.0 x 2.0 Atletico MG,1234,Palmeiras,68.35,31.65,Casa,-0.29490439180766803,1.251749646188911,-0.189062879456246,1.480000612366657,0.36783705128009114,0.26465246270803616,-1.3477911674897807,-1.5075250825598323,-0.0225883387155611,0.6404960801915226,1.704174472584258,-2.1957548703887935,-1.374212399277154,1.1126616759244083,1.8888640948358515,-1.5834780593196573,-0.2509391400629904,0.25508284547817833,1.5545631755148026,0.4509096384805817,0.7258876116547466,-1.1931182550688597,0.7038645710468929,1.007708504015179,0.8672819685081278,0.06126277504601481,-1.2841489249843496,-0.6790733965140509,-0.4299459467923534,1.756849967893365,-1.3371184725789136,1.3201554504402624,2.1588874618600453,0.901061867037081,1.1032031526761366,0.8970440279087455,-0.6117413032748095,1.045274283456558,0.09475587393582688,0.5183131313128523,-0.4564354645876384,-0.07260272959473339,2.057058058434765,0.4473680334697022,-1.4726647125070071,-1.628834176702404,-0.5285941398709242
185,2026,20,1955789,2026-07-26,Palmeiras 1.0 x 2.0 Atletico MG,1235,Atletico MG,31.65,68.35,Fora,-1.6190930766932385,-0.3515191924654116,-1.0481191665836593,-0.5106828270496863,0.4259482607350077,-2.1795517840790604,-1.0192324954274368,-2.0057126162030334,-1.9033338358948237,-1.2175307688826,-1.8762765901814797,-1.2530922808398395,0.6102379820365167,-1.1632196776933308,-1.2304595695263254,-1.056252909654347,-0.29525889150072343,-1.098586547172649,-0.04130081027822013,1.0289032876362298,0.5589816313713012,-1.4625582618872568,-1.4828555382625892,-0.5379354320109532,-0.3657769721211465,-1.25953790721899,-0.550791055225894,-0.8267702817578287,-0.9950368048962717,-1.6458036577715678,1.7107330356316248,-0.943474858716236,-1.1573922334189863,1.517110242496973,-0.756645659505164,-0.39767696042922845,-1.2626085513145433,-0.8845504038217014,0.8106434833777777,0.5880747285017481,0.6875000000000001,2.0162490826666892,-1.030988510510392,0.5080076703868543,0.5107539184552491,0.18160817807303692,0.554051251343814
186,2026,20,1955763,2026-07-26,Red Bull Bragantino 0.0 x 0.0 Coritiba,1236,Coritiba,43.01,56.99,Fora,0.39798568223893016,-0.46016622261256146,0.03609263107123243,-0.7304187136954672,-1.2181096607734714,0.3180455722263622,-0.24718340884971962,-1.3014362010724803,-0.00653593334792394,0.15596696404503807,0.945641693613686,0.35238781161442856,0.536629826733917,-2.4304473023658075,-1.4306866610681053,1.5427479615721502,0.141130026079388,0.1514485779519542,0.6475827871148403,1.3728862858688267,0.7062578013846882,0.2476629433690229,0.7744560673197459,0.4138423676456472,-0.12244737984577096,-0.31482051532020006,-0.362514603543555,-0.6919331907643042,-0.5420704730432665,-0.27988189572248884,0.5526270515472893,0.15522034504955515,-0.3998729933224005,-1.562456518185159,-0.6794634475518202,-1.6363868340570504,0.3971708649957754,-1.1599550046842404,-1.2490109081139247,-1.315114345369539,-1.1500671555359552,-0.7167856420249747,-0.16531699844401374,-1.309300273426596,0.19302285912054576,1.2241908135159645,-1.1819216452498889
187,2026,20,1955775,2026-07-26,Bahia 1.0 x 1.0 Corinthians,1237,Corinthians,37.18,62.82,Fora,-0.5023837961391455,-0.7428396703768616,-0.5189782959956055,-1.1077592696305636,-1.0427750233689912,-0.04912288391586876,0.4463654208803972,-0.5010661611148285,-1.2177946176499173,0.8947209269345032,-0.700311065476401,-0.6096117746828003,0.18781580949838653,-0.3635574081666276,-1.0152278283424692,-0.8308720845975351,0.7756409677357297,-0.5833058094484276,-0.25369608220794343,-1.338877362790406,0.5086356407704214,-0.7269289208558677,-1.1454970300954401,-0.4602804556383001,-0.13797024774451258,-0.2402291918882307,0.3365945337491576,-0.6541342445664671,-0.8775287112449524,-1.4109976182708241,-0.39565310182278424,-2.4101651037438168,-1.6567087033012016,0.0632861594067242,-1.4266169163569524,-1.3327286364120383,-1.0176405925517262,-1.3622733123788204,-1.219854502402786,-1.2839296846132466,-0.04055535528269071,-0.846027642069211,-0.8552453581960396,-1.2839296846132466,0.10562954660396924,0.1691275228729345,-0.04055535528269071
188,2026,20,1955778,2026-07-26,Remo 2.0 x 0.0 Vitoria,1238,Vitoria,68.53,31.47,Fora,0.8015070104723442,0.6583434256512827,0.1912931298270654,1.23859494259729,0.3718935443404802,1.2909301308476153,-0.14133248358172104,0.23644418044238336,0.818135340348537,0.09191152246883101,1.2944904495747724,0.5026515908377388,0.07124261343354131,-0.21536393274228388,1.7679760604534278,0.7251431418689973,-0.9641537725625482,0.150114854319309,0.47991980676787693,0.6008417681261098,0.33468127670372627,-0.0877127723898384,-0.010601807223244305,2.23042910279924,1.4512279238651185,0.1259465155738537,-0.8452522190185577,-0.14871586372727,-0.2650500407790605,1.6680981006263862,-0.4846894665538313,0.2743777665120421,2.1152085475530353,0.29435306976411885,0.876720052445619,1.3280917316056795,-0.4900406174126221,0.3721438547031918,0.33000924038809804,0.5614035864391401,-0.966091783079296,0.4217922633570366,2.0594688593658126,0.3061750625949774,-0.8256250993845379,-0.39999999999999997,-1.0393116839386092
189,2026,20,1955781,2026-07-26,Flamengo 1.0 x 1.0 Sao Paulo,1239,Flamengo,56.91,43.09,Casa,0.7777170676702141,-0.5317811954661575,-0.2166118562692032,0.07219403642789779,0.39899254693399916,-0.26498768763311337,1.0330749572242408,2.4228241164555238,-0.0806048735397438,-1.5692004046607628,1.0161677527030442,1.2706747412859434,0.7955230167946286,-1.6174437720273627,-1.0755692896050846,0.3850605160029324,0.5116715305421242,0.15103294403123751,0.46788908825781234,0.09799919151000508,0.6506386965891837,-0.20315302475012756,-0.03464644928924022,0.34272692653863285,-0.8998808572750793,-0.6865554812287475,-0.07271792483455793,-0.5048462433069312,-0.6453251840511787,-0.4477982855796518,-0.2340330164257364,-0.8226765875430866,-0.8346439533137268,1.2193023273407066,0.351916057264263,-0.0950032007904552,1.7569807049869777,0.49518166595872315,1.1544366369843346,0.9833276407333075,-0.7216617351891165,0.42067884804888306,-0.5661043948857254,0.8725644214740446,-0.6106603353392058,-0.15339299776947413,-0.8329497642322214
190,2026,20,1955769,2026-07-26,Gremio 1.0 x 1.0 Fluminense,1244,Gremio,49.76,50.24,Casa,0.25896920036678406,0.7332194824954654,0.574725179261896,0.29397637185268494,0.13464097293844127,-0.1962276706644625,-1.9579407630256955,1.4151761035710446,0.300130156537016,-0.8541929054577615,0.4514127554967392,1.2358349244606042,1.3833856911494367,0.8032732820200403,1.0142300167978238,-0.693844188741432,-0.29869793275339135,0.422420358825616,0.5205567146480659,0.5948179165159316,0.6387371745630441,-0.07114430000745056,0.22182549893505385,0.13404187498934061,1.149661547205466,1.6281741659746947,0.5857074126574228,-0.27947546272957774,0.9497464230223146,0.657946258445752,-1.1644841724945199,1.5800097586395025,1.05368360630528,-0.24566083826206864,-0.2900635390782236,0.19457292131628517,0.3744423172890211,0.14190394951780175,0.22169068018114987,0.14471606059331946,0.0,0.07757560604629286,0.09853480169519169,0.09572222004099225,0.2244854133065255,0.36037498507822363,-0.06035716402834562
191,2026,20,1955778,2026-07-26,Remo 2.0 x 0.0 Vitoria,4617,Remo,31.47,68.53,Casa,0.005682165155710121,-0.012808605948416901,-0.2779486420680552,-0.40615898449828136,-0.24192752078169844,0.06719869558699919,0.509059432184529,0.6762858826786515,-0.9584475940434549,0.39637362254589864,-0.3603369686735834,0.5491395042023623,0.4464648587678829,-0.8808769840861866,-0.48284985237757255,-0.08132532595259079,0.3870633747264206,1.629432465500996,0.36564333345633043,0.946849079213761,0.4051626511037711,1.2765148454433708,-0.5166468492477718,-1.3294319335028775,-1.8989194451965046,-0.3931284148265242,-0.33968311024337866,-0.5391823619029431,-0.3653163900311501,-0.3419883672151534,1.1994637091655342,0.07286715903301966,-0.6794595188250206,0.20212351588530722,-0.8053115678382586,-0.5933414187049588,0.390891130062127,0.41892384921090414,-0.45081579436624714,-0.5623458691487314,0.9174973491412896,-1.1448383825087405,-1.0826978344134184,-0.6331407649870092,1.8937099253296583,1.7297999283754735,0.8278327231656524
192,2026,20,1955763,2026-07-26,Red Bull Bragantino 0.0 x 0.0 Coritiba,5438,Red Bull Bragantino,56.99,43.01,Casa,0.765589658582475,-0.17659943854626287,-0.3970549879337704,-0.0446166566625576,-0.6657606953185264,0.36864440919020486,0.1447133620924335,-1.296951376080673,-0.05079435024601887,0.16434467074514714,0.7482700672621156,1.5981117186631921,1.0456498698383425,-0.8584974048703421,-0.9387310277239137,0.9909097378025424,-0.03632083654267712,0.25936925699680874,0.6172133998483676,0.4736172785608368,0.6547096937158557,0.3593973980785871,-0.7692795068723244,0.2126770095554145,0.975953627822392,-0.6280131263868465,-1.0859434075859438,-0.5073362733062132,-0.4711682943915095,0.8336719367634119,1.0116797775132433,1.1103981593341063,-0.32643597156997833,-0.21356545588092923,-0.47213713596273466,-0.7373901428129033,1.2782156145771482,0.5151988452286126,-1.1700487530470867,-0.594347323200087,-1.1250000000000002,-0.9957193659868006,-0.002383286063289441,-0.6635348865643057,-0.024182541670333724,1.2474898809367208,-1.1696539882637542
193,2026,20,1955784,2026-07-26,Vasco da Gama 1.0 x 1.0 Mirassol,6332,Mirassol,44.03,55.97,Fora,-0.6745610738761856,-1.122498145986178,0.07750759246576898,-0.7855644681625136,-0.10365310074379257,-1.562354161375857,1.3223836913342877,-1.1042434383451583,-1.621430630426493,0.4323429591828906,-0.8482480039037116,-0.5729995310311015,0.7521206317759233,-0.659209052519417,-0.5615003828342294,-0.5895446934202585,0.5087277969766235,0.966110262723245,-1.6417062310487467,-1.627576917542319,-1.5690723900113088,0.6172723939326618,-0.40091554014497754,0.5714928981892985,-1.0299528992922207,-1.6052937561853597,1.59375,-0.5782319495950857,-0.31126044099700906,-1.3495171982494019,0.40350570890125725,-1.190839455218903,-1.3586061741200675,-0.04703080366974468,-0.3871036966108402,-0.8190388268997546,0.6877133306816212,-0.6168965860110315,-0.04721921646498866,0.27067618589084497,0.0,0.7235375124404679,-0.44665231380021153,0.19660128561839166,0.25136134806507554,0.4807619738204117,-0.2180103600984736
194,2026,20,1955772,2026-07-25,Athletico Paranaense 2.0 x 0.0 Internacional,1219,Internacional,56.62,43.38,Fora,-0.3155298384280433,-0.7752354047095654,-0.175877328050414,-0.40820444280261375,-0.3382156725332308,-0.25780231515881324,-0.8294740950778832,0.2026995932658666,-0.03019742167367269,-1.245987081952433,-0.07382797516979944,-0.4812831165190697,0.054099679322000854,-1.686294136923107,-0.49622925007753427,1.6487506023369212,-0.3204000950087901,0.2422204671753248,-0.6886242359890499,-0.22979399584857052,-2.261101877355928,-0.08093097177961311,-0.226053397018726,1.1067854839381466,1.082680618571803,-0.9844024591674262,-0.06625891564490792,-0.6564629481108004,-0.8044037086299572,-0.3448787531592786,0.6974349409811552,-0.08499747736476461,-0.6071033467903392,-0.5998003763407211,-0.08103529492011598,-0.18733622167861524,1.0905306298984776,-0.26897447254531215,0.13112569439434393,-0.41747999528366647,-1.0406118047460329,-0.34771685117671425,0.27705024153886026,-0.4722590089398245,-1.4813950350936105,-0.8461538461538461,-1.0905761943319523
195,2026,20,1955787,2026-07-25,Santos FC 2.0 x 2.0 Chapecoense AF,1241,Santos FC,64.14,35.86,Casa,0.9506262303603614,1.8762983945820246,0.8123360804498682,1.982821541992731,0.2247366622415552,0.1617341851616997,-0.8246936029572872,1.3346382802507213,0.8888985682745906,-0.1612244420286666,1.164358191018586,1.9039785099697284,0.23151296147953368,2.440243407870067,2.5661651563146646,-0.3919675655508245,-0.7790763193281691,0.20744292842678907,1.0554538218446072,1.4433311922987593,0.7100003603922289,0.16374863685365032,0.8648083751748902,1.9750771529582103,1.6530972847143075,0.5134249065787067,0.5493137863828147,-0.4970173986248053,0.8076436247509372,1.9892609366709255,-1.5987230972050563,0.92565555140326,2.0944813734060577,1.7413198216988117,2.106224036195129,3.4741274166450835,-0.8992993221699115,1.0484864881302898,-1.5277777777777777,-0.5006281977701823,-0.3182229136702921,-1.0934419221513223,1.723458032787457,0.4250309277524882,-0.050604539936925735,-0.4831174698006232,0.5513228042919811
196,2026,20,1955772,2026-07-25,Athletico Paranaense 2.0 x 0.0 Internacional,1243,Athletico Paranaense,43.38,56.62,Casa,0.3547195469807377,-0.3370160155745697,0.20331415364629082,-0.025905293369616604,1.0679295349731044,-0.5497003357361925,1.4670624514605208,0.6607318769386291,-0.18799410579576753,0.5663768666390867,0.33491149258638025,0.5233234373811628,-1.1223909116490627,-0.3721066176383298,-1.0205953869411908,-0.09652818203627546,0.9615820573076111,1.4099502847454581,0.48803611745517345,-0.4433981751739318,0.4330349348931621,0.9832129821088735,0.4385597727451822,-0.7387468718914738,-1.467814029688926,0.28514669213512284,0.0,3.0905988881720847,0.2517123467800401,0.048321956307261126,0.5144875459517478,1.0373640961252102,-0.44115149153924615,0.47099981062614377,-0.18179144887262513,-0.05536478291033688,1.1703416552398136,0.22017569600317297,2.8730178056716995,1.4709494480948038,0.6453312654438671,1.2139577730409339,-0.9300137932968133,1.08477748804291,1.2241908135159645,1.150067155535955,0.4191368221424546
197,2026,20,1955787,2026-07-25,Santos FC 2.0 x 2.0 Chapecoense AF,8865,Chapecoense AF,35.86,64.14,Fora,-0.9243421950911761,-0.5138730576842481,-0.7525451275038932,-1.1835961982906995,-0.19265051476860262,0.06976848106751762,0.5523902792495745,1.2194210197913933,-1.8071317951780204,-0.8675856703520933,-1.265397973313819,-1.2890879948296887,-0.0176790632857637,-0.5334268708336383,-0.9699622287064029,-0.40114798940022534,-0.4584375994935006,-2.5986004483582237,-0.16957002568326632,-0.3825331055136849,0.40335999702903746,0.14038077988523107,-1.3721686535072495,-0.8987395156313888,-1.0224241647914243,-0.6566268835188154,-1.0057637364916368,-0.712933073662111,-0.7223527557595,-1.2450102072800282,-0.5837385053291848,0.33188611622113706,-0.6950120835948627,-1.8202305476749248,-0.974131954612982,-1.2930266534951491,0.8862688378054033,-1.2347815120017847,0.3441369978665918,-0.34770484077798564,0.11412537853627996,1.554809866149418,-0.49369229861340663,-0.4636023867257778,0.6720215050322471,0.03196013860502954,0.9480982327478418
198,2026,19,1955751,2026-07-23,Internacional 1.0 x 2.0 Cruzeiro,1219,Internacional,48.05,51.95,Casa,0.16329825340262205,-0.3816366353769335,0.2494436470288056,-0.08265126037795305,0.5380859395370252,0.49472255034646,-0.15377890526724833,-1.3314872045794826,0.27756767386683556,-0.5260618890618098,0.4999215821651517,-0.23048799035465473,-0.038218349373959695,0.12013177228739792,0.504145209867205,0.4308223466742108,0.660728980591483,0.7892978274323788,-1.0880262928626987,-1.0627972307996383,-2.223306838969401,0.7837525688130957,-0.051648526344827965,0.0868878323839294,-0.005549724898940118,1.2609200038773776,-0.06625891564490792,-0.3669566239387711,-0.5169910809118332,0.12146801643698578,-0.3400384216760497,-0.21351542512317664,0.18119442261494034,-0.25548606866803936,-0.37778141189569897,0.5648907607539777,0.8303639499466661,1.1177383636882978,0.8916547218815392,0.6927138255859641,0.03716470731235827,-0.26142239429359876,-0.3412092448425957,0.5721026571145947,-0.6708203932499369,-0.8461538461538461,-0.0703597544730291
199,2026,19,1955910,2026-07-23,Sao Paulo 1.0 x 2.0 Athletico Paranaense,1224,Sao Paulo,69.77,30.23,Casa,-0.2840490947759659,0.3333201419271671,0.1647978901588941,1.0343923908983799,-0.051550712530064255,0.7225002393705489,-1.9481172306008205,1.1816024359956074,0.5864570839796593,0.453168573281526,-0.39685727066182,-0.2659019753689053,-0.6255384303619416,0.9737582493643525,0.894137762875144,-0.05564776222551156,-2.3744822777699826,-0.9314735512066799,0.7445888536028343,-1.2792042981336627,-2.164176493995329,-1.142956207562242,-0.2580386859840042,1.3510573338756628,2.700730677448825,-0.11206988166894868,0.8277289019571173,1.140411712027736,0.3230658803357793,1.0618284366022552,-0.6078059268229173,0.66391149170797,2.432061981955025,0.35641501215247734,0.2872641328837621,0.29436551065668115,0.22540885503332306,0.8588305817178319,-0.6689891862376227,-0.25192885746705274,0.1684303842133039,-0.7830928578618761,1.560309336750696,-0.43039280278309494,-0.7430428494079853,-1.046449728472674,-0.15339299776947415
200,2026,19,1955751,2026-07-23,Internacional 1.0 x 2.0 Cruzeiro,1230,Cruzeiro,51.95,48.05,Fora,-0.22497511040641271,-0.8999053512362468,0.09035982469322545,-0.8323836734923017,0.1642345120912045,0.023264030295715804,0.35997409983676487,1.5616863455179417,-1.185875111367716,0.39036060932694827,-1.0230732590870641,0.6298837716146819,-0.2658454996919557,-0.9469097875258652,-0.651581210257899,1.1047608371327176,-0.22295943231090573,-0.1096564115267505,-1.90137947355046,-0.09975093361076331,-0.2925992381313788,0.583679586009723,-0.13168717100770425,-0.36738363244283706,-1.5662335523493323,0.15570561406712483,0.2953860136649128,2.1373494827935473,0.006458537868133349,-0.9823384190863876,0.5082343714436406,0.234112724658864,-1.3504548163178676,-0.18407742239179667,-0.812664036173155,-0.5299629252615273,0.11729071784057563,-0.3625146035435549,0.4964384192434611,0.21092939082922824,0.6708203932499368,0.6400376925458848,-1.1311291758374986,0.01592774394977273,0.5275153878482985,0.3365945337491576,0.5174548896682011
201,2026,19,1955913,2026-07-23,Corinthians 3.0 x 0.0 Remo,1237,Corinthians,58.47,41.53,Casa,0.23213913607723125,-0.04526549669810005,-0.6615724906809104,0.3059558251002291,0.9167225368294274,-1.2274127924819473,-0.8745118449901657,0.09180522522823538,-0.9620065693683636,-0.6492206392347285,0.6100375948815643,1.525506728416085,-0.0761194325907283,-0.3635574081666276,-0.993067618764371,-0.7263681776251366,0.13613351349678873,0.8493949261687439,0.749556606523469,0.4260064336151293,0.2859869093186879,-0.2907715683423471,-0.867763354022745,0.33900895834437644,0.9663015512976563,-0.5188950544785784,-1.4381766442009458,-0.3678129401698389,-1.1928372813852226,0.34491022829926365,-0.6685817356443098,0.3496391065601631,-0.6164136230794424,0.6097089529683959,0.8856177422126992,-0.04831644603306503,0.6741900292498082,0.4416502519584305,1.087261621706831,1.1530367560972024,2.311655251113366,0.7272574467318514,0.7239862405632127,1.1530367560972024,2.4030721852403,1.1500671555359552,2.311655251113366
202,2026,19,1955760,2026-07-23,Chapecoense AF 0.0 x 4.0 Flamengo,1239,Flamengo,63.27,36.73,Fora,-0.19045045680185346,-0.9597278777006111,-0.5197213444710757,-0.30999133700054515,0.3131284669555937,-0.7775673249722957,-0.534556227866032,-0.30996618481581373,-0.8076218779911727,-0.29339803341137066,-0.10502371516544752,0.4122979395279363,0.08323400253657831,-1.5010520365712994,-0.8516532650352118,-1.5707151907217625,-0.2034221588449671,0.713271824910667,-0.16321712381086492,-1.322989085385068,-2.957362140753705,0.23870480408139955,-1.280274165776114,-0.34272692653863285,0.1447492839548556,-0.41002619017827974,-0.7756578649019513,-0.05261071530419169,-0.5483477235128756,0.0544307954840656,-0.20881045462122297,0.7939065327173851,-0.5963482788428416,0.10299671900989499,-0.8010445836532996,-0.3069334179383934,-1.9142463990923366,-1.036580287406927,1.1544366369843346,0.047613565773900725,1.022354124851248,1.2302097412043094,1.1165014764365724,-0.059606376740934275,1.6029833802654154,0.9587062360592129,1.7551441460607522
203,2026,19,1955910,2026-07-23,Sao Paulo 1.0 x 2.0 Athletico Paranaense,1243,Athletico Paranaense,30.23,69.77,Fora,-1.280971825435288,-0.7593357694290466,-0.32256972876228235,-0.22658376712353573,0.30219639021155476,-1.1401804496784849,-0.5927030271342999,-1.6601187323922912,-0.9629303803141409,-0.7175514637904148,-2.6302993822837575,-0.4414672104441244,0.6548437311332875,-0.09181851604062681,-0.6178985568719079,-0.5509171083706007,-0.8101303226469101,-1.8786982530465974,-0.4555003762914951,-1.8721256285121568,-2.294492786981143,-1.2231637694092523,-0.7644506798925546,-1.972570181490323,-0.7516219978881566,-0.9870462420061951,0.7939992333804207,2.0875876474940576,2.2178132668442094,-1.4309467143966723,0.04809735070480292,-0.23180411363119582,-0.16231532976375534,0.3147162008603358,0.37221077480594894,-0.30237689127953277,0.3138245146278508,-0.2975347243286119,-0.3943357772490567,0.931949826681015,0.6453312654438671,1.4419918298387153,-1.298604295858264,0.6206117998066141,0.4688390349635609,0.16912752287293448,0.4191368221424546
204,2026,19,1955913,2026-07-23,Corinthians 3.0 x 0.0 Remo,4617,Remo,41.53,58.47,Fora,0.39224600876916116,0.4308489844929565,-0.537125385081738,-1.0406592338890712,-1.2712455043304867,0.24166601197337237,-1.7091736375936493,-1.2833788865362763,1.4321156571453035,-0.7086852698068793,0.944933063525231,0.37828339613862777,-0.5213200596300259,-0.047873749135118875,-0.22532960751370043,-1.555690319565054,-2.0273569807137077,-2.5605278277764416,1.0497502154068843,0.946849079213761,0.6086441053746594,-2.3431139163027197,1.7099259687666313,-0.03713497020957761,1.6254610889212822,-1.7612152984228289,-0.33968311024337866,-0.34612584635537513,-0.4515309840785542,-0.5114064682738606,0.0296671828020969,0.6779626192462319,-1.1969430441875697,-1.1530364480327404,-1.3012509750621142,-0.8978883415800704,-0.6675543911072395,-1.724980555574311,-1.2198545024027863,-1.6619160073025365,-1.0534228823474063,-0.9994678385195159,0.21398452774542573,-1.6174240959541897,-1.8677686934758275,-1.4054624418050723,-1.0927391945786613
205,2026,19,1955760,2026-07-23,Chapecoense AF 0.0 x 4.0 Flamengo,8865,Chapecoense AF,36.73,63.27,Casa,0.0836730719249998,0.6694612160923614,0.7855952510167675,-0.14726415960843725,-0.2125328736132232,-0.7747822258618503,-0.14275254407573232,1.756977991226562,1.352077745209956,-1.2275062691515963,0.3609127683993771,-0.27513273988154363,0.646774057055556,0.6243988953168943,0.42298072302205925,-0.5195093747319919,0.17935028363984104,0.9780808349946729,0.8855323563459472,0.7449328896845446,-0.1499498546135966,1.0837396207139804,1.3831874280692982,-0.28991597278431874,-0.3261321537498101,0.3840647809260993,1.4080692310882914,2.608389016172688,0.744426418087254,0.034198784274762264,-1.0155312345234837,1.1225894421076663,0.1988268529851326,-0.19375168272441834,-0.6283305929692256,0.3024367426819161,0.8862688378054033,0.08231876746678564,-0.39708115138452915,-0.1579896904678989,-0.9510448211356669,-0.26713978263147364,0.018516249789838752,-0.2716578791648554,-2.0160645150967413,-1.7578076232766309,-1.0183277314699042
206,2026,19,1955754,2026-07-22,Coritiba 1.0 x 3.0 Palmeiras,1234,Palmeiras,45.89,54.11,Fora,-0.396418584021464,-0.1720765138629854,-0.14441559288295244,-0.7207685376799573,-0.03217463764920406,-0.9673115355676637,0.011719923195563075,-0.19937493619670124,-1.132849116850343,-0.7620726044261316,-0.8336028293988681,0.4404034289817406,0.9464731600854668,-1.081507148998525,-1.3026482883181632,-0.9020562448776186,1.0375564518184732,0.6481079004865798,0.3109126351029605,1.3849367467617864,0.7258876116547466,-0.19020725805445557,-0.7621097540399251,-0.9276257089941061,-0.9921774043267512,0.06126277504601481,0.9958705948858222,-0.4462797301040151,-0.043684206141064684,-0.5886658455607452,-0.2079616397169604,2.2587897290878938,-0.6796767613905124,-0.7490815213341732,-0.8656500224343986,-0.47816003249761324,-0.11882745558359377,-0.21776547572011645,0.09475587393582688,-0.4040354763923361,1.308448331817897,-0.3502066203593118,-0.6557751416734181,-0.4735398149992514,0.8152251087092363,-0.3521803625302495,1.0850090239455814
207,2026,19,1955754,2026-07-22,Coritiba 1.0 x 3.0 Palmeiras,1236,Coritiba,54.11,45.89,Casa,0.9147828777281053,0.7621969409718516,0.426089402338614,0.893880886826365,0.01739169409720666,0.6980188232407859,0.7128592951648172,0.6030335356552345,1.8486952286765208,-1.6362642784095018,1.3210625377816887,0.27951445594216273,0.22631121153428987,1.3454261852382146,2.3442883639728365,0.08479749723636638,0.16000132610158477,1.052978267025636,-0.02312795668267276,-0.6177988286409719,0.2952146404965231,1.2987203127887772,1.413983014523125,1.495938394522381,1.0095435079241204,0.4155630802226643,-1.0195723224662485,-0.6919331907643042,-1.0480960655590155,1.7129149221055309,-0.9559073588034978,0.863934865251246,2.236903013788874,-0.5999536073260652,0.22565921873712003,0.06350157863504982,0.22112740463577288,1.133592390941417,-1.2490109081139247,0.579785426951963,-0.1691275228729345,-0.33077441962927717,1.2524347529611721,0.5169089302602023,-0.9265097237786195,-1.0418645221412466,-0.2555506259999761
208,2026,19,1955749,2026-07-21,Atletico MG 1.0 x 1.0 Bahia,1221,Bahia,54.08,45.92,Fora,-0.12558707150470666,-0.1730720046957423,-0.5066333327913489,-0.03883627719007361,0.32653384647263245,-0.46317498887821396,-0.28885427221851384,0.6765323917393851,-0.3168900869600525,0.20950296367302473,-0.23021869527158825,0.2866703893922463,-0.8103307227463095,-0.32491821664432957,-0.6092202750796708,-0.6440874525852137,-0.7060542108344559,-1.7764945478329581,0.5200579149783596,-0.27820744203732845,0.5143524760431176,-1.384330512465117,0.4468622895789117,-1.557548310251954,-0.18610605526519824,-0.27946657076292264,0.20539595906443725,1.1148837823839053,-0.4707128519114491,-0.15920802792392877,-0.9859809387560751,-0.9729479181690317,-0.4632515746759275,0.6211325408851744,-0.15401804704561267,0.10409591409708717,1.808635534725465,1.3405439367403689,0.6439209162167846,0.2795420423505114,-0.1778216897897549,-0.40807261136490613,0.021818297981055407,-0.05893288796618388,-0.19310804067388587,0.23230315905999022,-0.5392598510399419
209,2026,19,1955749,2026-07-21,Atletico MG 1.0 x 1.0 Bahia,1235,Atletico MG,45.92,54.08,Casa,-0.19216380432745717,0.054819583531654864,0.22207225180453946,0.13486923726390432,0.06125810066046411,0.31692254369773415,-1.0192324954274368,-1.7156144527161405,0.3426109112058362,1.7552624432979231,0.45774679900354903,-0.9384265731955768,-0.07124736565948116,-0.08086553909098033,0.23099604548333819,-1.056252909654347,-0.9298591032981617,0.24477832669224844,0.2581300642388752,-0.1889822365046136,-0.8864467117292455,-1.006491707105209,0.8812758732729041,0.11206988166894866,0.34186477994868675,0.21628428709821043,1.223980122724209,-0.2576283879187931,-0.09468494683182657,0.17994121621659734,-0.05171471691836328,-0.5067424908406976,0.374571042908196,-0.028450939958089807,0.013415629888913708,0.5633756939414067,1.2196379553484167,0.5293372495310972,-0.21147221305507238,0.03281828870175705,-0.21875000000000008,-0.43926485123595915,-0.05975286210733081,-0.03691572438948339,-0.10640706634484358,0.18160817807303692,-0.2916059217599022
210,2026,19,1955904,2026-07-18,Fluminense 1.0 x 1.0 Red Bull Bragantino,1232,Fluminense,65.87,34.13,Casa,0.6683934356603213,0.9004147031799191,0.6393837189149432,0.97048523376764,0.6307219992425221,0.11829271667673477,0.34357030976520164,-0.527876129375043,0.6000871451678539,1.9155237754867278,0.5438604865726397,1.212139778246302,-0.8689040368348748,1.540428468938997,2.192829428097327,0.37206587911006545,-0.05135751739127763,0.4721168546166363,0.3521803625302495,-0.48377944684689683,0.668550780338896,1.6856430462692742,0.22007730742967352,1.654681839744963,-0.36253732031934055,1.8298360902641784,-1.112844084049103,-0.2403433390602731,-0.44109188616932754,0.9614934971440051,0.552605421605327,-1.0560250650452874,1.4658865892144124,-0.45484991352729104,1.9094107622394332,1.9698331801975815,-0.44750286505719933,1.598707896527375,0.49623411277279184,0.4980998436061053,-0.5492450692885529,-0.5692958077157952,0.6768495109591184,0.4187657188644627,-0.3320547197474913,0.2692307692307693,-0.6383174836492261
211,2026,19,1955915,2026-07-18,Mirassol 2.0 x 1.0 Gremio,1244,Gremio,59.16,40.84,Fora,0.12716846971166804,-0.4464185711308437,0.18069588674223547,-0.47650727005084814,-0.23013782069140498,0.9244931410812169,0.5470716837865918,-0.6262537080134529,-0.9789384190773408,0.6269331979925761,0.28338731353966373,-0.0784374837409782,0.030916824527808712,-1.242134782440745,-0.6843089577142738,-0.8822707259608498,-0.5529061287215049,-0.13468761282742447,0.2646898549057963,-0.12392039927415234,0.6637038819131439,-0.07114430000745056,-0.3873899417147884,1.6551257607379468,1.5547528292849513,-1.3045619093834508,0.5857074126574228,-0.45849692138392556,0.6064382981637331,-0.5385556413079912,1.0911865729567831,-1.0587953369992125,-1.3633571637043482,-0.08778837607062707,0.08367210087957389,0.018241211373401522,-0.4162680777670008,-0.5439651398182391,-0.3140617969232957,-0.37594934523687107,0.0,-0.11589455557019483,0.5512095342354767,-0.3695069978422565,-0.5892742099296294,-0.6847124716486248,-0.06035716402834562
212,2026,19,1955904,2026-07-18,Fluminense 1.0 x 1.0 Red Bull Bragantino,5438,Red Bull Bragantino,34.13,65.87,Fora,-1.3960493150865163,-1.148089625442028,-0.2321104458709121,-0.9869395917475274,-0.07469725370490854,-2.8817296306953266,-0.010719508303143468,-1.4128225108440424,-2.4265749703912665,-0.5635716066054585,-2.2911089918729504,0.0016219902022239921,0.07772462345071389,-2.0288421576636715,-1.5546686086020105,0.734498151855368,-1.98753798362903,-1.3089870828263668,-2.136507922552042,1.1276601870496115,0.20298921295882832,-0.17509104008956797,-1.0291371961873972,-1.2896951989706542,-1.8508623930306363,-0.37506339492547774,0.8421601936380788,-0.5053304284249467,0.6341639613095457,-1.6734596730989761,2.200961025515369,-0.9896672594678466,-0.7086609475656723,-1.5202406374057957,-0.04539710891966561,-1.271997996352258,0.7828105864399089,-1.5557984930170974,-0.5416892375217993,-0.11153583477472603,0.08333333333333338,3.4798767972441373,-0.9634150186316863,-0.23508405431588386,-0.024182541670333724,0.11695217633781756,-0.14177624100166725
213,2026,19,1955915,2026-07-18,Mirassol 2.0 x 1.0 Gremio,6332,Mirassol,40.84,59.16,Casa,0.9170647986963811,0.3213537185336612,0.48886681685632843,0.41954862704474044,0.6460636849527919,0.49301670517426976,2.188585739662086,-0.5124777902575569,0.4313012863337164,0.9476965778215959,1.4697465128275358,0.2036233800848135,-1.925704992893227,-0.37669088715395255,0.02231237246467764,-1.1483144030716752,0.9798119761543839,1.3441512274774288,1.4973804085389668,0.14241298028495278,0.7806236802896551,1.6702664777001441,1.0373048601498336,-0.6046763567938399,-1.5215362733358972,0.4187722842222677,0.6875,-0.36816608632921644,-0.27596636414043524,0.9260479447283737,0.6119335076991022,-0.2167724336705406,0.10112105868799334,0.5186418638322252,0.13238364093036953,0.9403779123663855,-0.14775616573494002,0.12083541375473808,0.6374594222773455,0.660473120044354,1.2692955176439846,0.2854588688580012,-0.9005105131772357,0.6184862493583347,1.0613034696080965,0.4807619738204117,1.046449728472674
214,2026,19,1955757,2026-07-16,Vitoria 1.0 x 0.0 Vasco da Gama,1226,Vasco da Gama,52.14,47.86,Fora,0.38683048988689706,-0.6505810904667817,-0.1578690930903011,-0.7834571965274268,-1.0699444386795045,0.4243877880395785,0.45622306206662094,0.7632406563118095,-0.06508952026118046,0.2770944075842767,0.21019196345731375,0.7167890784567792,0.48136141805243154,-1.3398298988359945,-0.9877877654873171,0.3258923334951694,0.6016623217326816,0.44430969969538336,-1.1773007096683612,0.902594012124546,0.4338699094357777,0.14785478340195954,0.871669324187439,-0.40636850903149496,-1.0771712803611218,-0.45674100057817035,-0.5515413083678438,-0.08632426860819671,-0.552087848153696,-0.4777922182760158,-0.1260249254390745,-1.2115892082891269,-1.4224208134173606,-0.18355571392347958,-1.0500600404928515,-0.8418441873475316,0.0788014134749374,-0.9229488289068668,-1.2401780113427199,-1.1439370446368,-1.1233916207736525,-1.1691785528168068,-0.32510393417574474,-1.1425037218651684,-0.4686157551265354,0.47519096331149147,-1.0795682590273208
215,2026,19,1955907,2026-07-16,Botafogo RJ 2.0 x 1.0 Santos FC,1227,Botafogo RJ,53.81,46.19,Casa,0.7542628297691941,-0.3477060818608353,0.4084423542047681,-0.775969953974655,0.969894944720096,0.7542565424804556,1.3487108032434292,0.5692837094177526,1.282356953244017,-0.7560712282275568,0.9554243082099193,0.05419654703499347,-0.0067167314253313,-1.0903777449210097,-0.08760302792488475,2.109831808477693,0.6654220012595496,2.056842696091654,0.21833976563797378,-0.4311833202354204,-0.32830342649366695,1.4914644178000365,1.966299776837962,0.37276883081546436,-0.38724152891786984,-0.3008132953323425,-0.6947820837245289,3.4479483924209644,-0.38428352116798276,0.020639397737826564,0.12894489633846723,-0.7536297919295477,-0.7725779301030146,-0.9857031826110244,-1.3662381009224076,0.10576305707044582,0.3486392095531301,0.4906495183391794,1.65373773157913,1.729484197303962,0.5364179595739348,1.286641416885202,0.2497708736340567,1.5636481832504798,0.7235680511449365,0.5364179595739348,0.4630392641385861
216,2026,19,1955757,2026-07-16,Vitoria 1.0 x 0.0 Vasco da Gama,1238,Vitoria,47.86,52.14,Casa,0.7349514305647058,0.23383842955450324,0.14721976966496195,-0.259006015529919,-0.015129351992180455,1.3345548027771774,1.4111834345508167,0.28828796565795456,0.4933162371627884,0.5380839838063776,1.1747180413716305,-0.16445970592962503,-0.11407268198052431,0.4598310996389311,0.5752632607183639,-0.23854698906097382,0.4148543058951536,0.31444890308283113,0.17063815351746722,-0.2703787956567493,-0.23267850455538133,0.6060155183297908,-0.1290591601445667,0.6463692501989634,0.3560033258375798,0.7346880075141466,-0.8452522190185577,-0.2575241682991233,-0.12944277889000474,0.43079075487008756,-0.7502835323249897,-0.16905491959568525,-0.27281829210382674,-0.47505204797805517,-0.7189444769078817,0.30783583182913116,-0.15832330734906544,0.3721438547031918,-0.3080086243622249,-0.11486265076688865,0.03450327796711767,-0.4353254378853982,0.33764734065898494,-0.28190604900013344,0.670820393249937,1.05,-0.0974354703692446
217,2026,19,1955907,2026-07-16,Botafogo RJ 2.0 x 1.0 Santos FC,1241,Santos FC,46.19,53.81,Fora,0.6729149873676938,-0.0705418130831458,0.47627096522534845,-0.0067630860034008505,0.7947271215541863,0.3520750061951458,1.6015788811054552,0.8605914753279831,-0.5997300110189696,1.4320197632980944,1.027015598587635,0.6142904142906196,0.998985992651702,-0.37490708049581284,-0.10802946631477096,-0.5814494160962146,-0.47384945839396386,0.6928246941649379,-0.43762719442337383,0.6383964889013743,-3.133241605953611,1.082853888870912,-0.10356768116722971,0.9781632102467084,-0.17176610942387638,-0.038031474561385496,0.5493137863828147,0.3987455215663125,0.3888940615802707,0.24293859607028012,-0.05580459146598086,0.8020303890960377,-0.5389732246757084,0.11975543714120844,0.14922684745061643,0.4488863450078271,1.3613767821670488,1.3525475696880738,1.6944444444444444,1.4872404028135862,-0.3182229136702921,-0.19723483158138538,-0.4911925012965809,1.0725200343204988,-0.7843703690223489,-0.4831174698006232,-0.6785511437439767
218,2026,18,1955901,2026-06-01,Remo 1 x 0 Sao Paulo,1224,Sao Paulo,62.89,37.11,Fora,-0.49125678318155286,0.03784706750744177,-0.45716952581927445,0.319750943752804,-0.24815110684135877,-2.1428843632246064,-1.7539749636337285,-0.9585269596023988,-1.498414874653689,0.10847355029888306,-0.9477815966858332,1.708158631197112,0.908110512859801,0.20758412292650938,0.061466667557022465,-1.0286181640329743,-1.3064454404297567,-0.8668186582260999,-0.6049784435523029,0.4873159230985381,-0.24490251417027775,-1.5298713439743628,-1.584384853930031,0.21302978708412934,1.5831717564869088,-0.7620751953488506,0.21223817998900435,0.5687190493382763,0.7080462712644641,0.029886378254776923,-0.7109107502925206,-0.809023898979097,0.10289086777796155,1.031440967886782,0.11478556109169545,-0.05171285998022762,-1.2604038381933824,-0.730919644015176,0.17451891814894502,-0.25599057404709374,-1.0526899013331488,0.4064707089332348,0.6174564505707101,-0.43386410979736983,-0.7430428494079853,0.21801036009847358,-1.2654922315981614
219,2026,18,1955889,2026-06-01,Cruzeiro 1 x 1 Fluminense,1230,Cruzeiro,61.53,38.47,Casa,0.15348563618825017,1.8549120476587055,1.500159367204992,1.810310244002641,0.68390020373582,-0.2399395052800051,-0.04153547305808861,-1.5445018401651756,1.9609770253611303,-0.4593141688179029,0.9997565236645953,-1.234583090602889,0.1090519318740047,2.0656217727884907,2.6863004785822007,0.7904750614604689,0.3603193365285083,0.737687797795337,1.3210883355188259,1.3466376037453043,0.6823754850374834,0.858910610306991,2.047929409861703,1.2814690988779884,0.8644605121091979,2.1625779731545087,1.3661603132002211,0.7481210412538952,1.283908797828541,1.8808877523288867,-1.8891277203415906,0.9641050471478834,2.642000684046569,0.5047551810212221,2.2135973586138866,2.4446676874967235,-1.7603521203960057,0.9516008343018318,0.4964384192434611,0.4508629196828396,-0.40994579587496155,-0.09821768339857112,1.3871768835851495,0.24175071765993775,-0.08440246205572778,0.3365945337491576,-0.5544159532159296
220,2026,18,1955889,2026-06-01,Cruzeiro 1 x 1 Fluminense,1232,Fluminense,38.47,61.53,Fora,-1.6434146940505123,-1.4012884737240614,-0.9664496607265382,-0.5665382786254866,-0.5272089268826329,-1.5282828887250013,0.34357030976520164,-0.8966432713292585,-2.132745207341099,-0.7403108836564191,-2.669616521961952,-1.334006775406024,0.11800211869870035,-0.92183120975877,-1.1485487021799643,-0.8870360907888434,0.23482278348637986,0.3882906282664529,-1.7755759944233414,-1.75919798853417,-0.8920067758606194,0.7425501522150822,-2.3148650333535277,-1.1536458628247328,-0.8449836365387371,-1.3101193308992047,-1.112844084049103,-0.9228307761133641,-0.6497738054477431,-1.824490708969371,2.49484155261818,-1.050194377079272,-0.9002308378674867,0.8174334697708991,-0.35886503743598747,-0.6729679192134085,0.7480500947926014,-0.8506332581523016,-0.26117584882778494,-0.7047840581395637,-0.5492450692885529,-0.060993178207098084,-1.3634919000793253,-0.7989114687044572,-0.3320547197474913,0.2692307692307693,-0.6383174836492261
221,2026,18,1955901,2026-06-01,Remo 1 x 0 Sao Paulo,4617,Remo,37.11,62.89,Casa,0.0057714410769916236,0.6639611458537559,-0.23066715351069464,-0.24290105871953627,-0.56686915146512,0.3744278349151596,-0.10286693189220988,1.2863932205413315,0.6284088243191325,0.0037204293718918697,0.17042542316602527,-0.5511738317280898,0.7373674085393809,1.062797230799638,1.3836921988225994,0.34311308129948187,1.4247035458358892,0.8056841941059201,0.7076967744316074,-0.49834162063882165,-0.9360104791196422,-0.0397137951915712,0.926582418978815,-1.4371233471106526,-0.8135486596109281,0.06290054637224402,-0.33968311024337866,0.1260022868162273,-0.5569656338696243,-0.01121969371958245,-0.1464068018608174,-0.2754885473573256,1.0359077035223174,-1.2249108916349511,-0.7713813530459288,-1.2024352644551821,0.49889577507940885,-0.6530283531817034,-0.45081579436624714,-0.6571529014313078,-0.0679627666030584,-0.25382721082422777,-0.5195672085615776,-0.7180075491021979,1.141414201568561,1.7297999283754735,-0.13245323570650444
222,2026,18,1955886,2026-05-31,Red Bull Bragantino 3 x 1 Internacional,1219,Internacional,41.58,58.42,Fora,-1.3152332354137144,-0.3986346497362127,-1.8450959985686597,-1.197807542366315,-0.8431466109154027,0.36474098266827626,-3.5322548543204224,0.12599025337359795,-1.198696633382076,0.7770377101539208,-1.513713017531724,-0.929859764943226,0.405803541832547,0.24916219437386256,-2.1576878533058097,-1.5728660739321836,1.4930530140640106,-3.5147510880197648,-0.289222179115401,0.6032092391024972,0.8275896389788039,-3.786717574319794,-0.7376821695510551,-2.3128713477436404,-1.0823550778870512,-1.9466835147580563,-1.3472646181131278,-0.8378079883825558,-0.9393567669262837,-1.3264330675009037,1.5428621148169666,-0.7585382420392097,-1.2202238341055562,-0.8654142708310758,-1.3791589970277247,-1.44104785906627,1.9035515047478893,-1.6556873087789221,-0.6294033330928513,-1.0103411537778844,-1.0406118047460329,0.9455273291452638,-1.8839416424642468,-1.0299647496716333,-1.4813950350936105,-0.8461538461538461,-1.0905761943319523
223,2026,18,1955877,2026-05-31,Vasco da Gama 0 x 1 Atletico MG,1226,Vasco da Gama,59.32,40.68,Casa,0.724624052256945,0.9810699372099035,0.48655519783282797,0.20829313051588996,-0.00276839049673,0.9840808174677853,1.9199387195303623,1.1286186947532557,0.8868948412360946,-0.09382057038706358,0.9446134990927602,-0.21405082634038433,0.4792644945141237,1.7520852523239927,0.8972894165115036,1.8010250974205304,2.2256852189859067,1.6205873233513477,1.0203272817125795,0.2545777982915386,-0.7066809523496235,1.8344945348020887,0.6460339275201751,0.4443468743615417,-0.6591660465596512,-0.17254660021842,0.11990028442779196,0.8307981111949722,0.04710216610379064,0.6477478281965753,-1.3733352876773002,1.3049440928578915,0.46108345354978225,-0.6534913859509013,0.37783262626810366,-0.5014595339795765,-1.0390078255254054,1.5655946801457212,0.3625135725463334,0.05982605990685639,-1.1233916207736525,-0.629284890927104,0.10528276871883664,0.0033768446301929832,-0.4686157551265354,0.47519096331149147,-1.0795682590273208
224,2026,18,1955883,2026-05-31,Palmeiras 1 x 0 Chapecoense AF,1234,Palmeiras,44.78,55.22,Casa,-0.4011993154246237,0.5600173717726189,0.2500868451117877,0.11166840391976035,-0.38693311266346136,-1.1966445953779254,-0.6000600676128416,0.07811145848638598,-0.3324040096313015,-0.06157754999484744,-1.191815210847549,0.8007546805975007,1.602214308952934,0.33824914948102003,0.20597095574470844,1.1800659659175001,-1.8354162549866868,-0.06620132793116984,0.3109126351029605,1.3849367467617864,0.5232133896857175,-0.06484338342765504,0.9472044387738559,0.04004139751053641,1.2913493881151505,0.3573661877684198,0.23586408826243155,0.385379584366595,-0.015111658216862415,-0.20494340070986367,-1.0981530840608107,0.5256830234787044,1.4885518018879849,-0.2236774436747479,-0.6132573418243319,-0.47816003249761324,0.20156654541569682,-0.3981997270310699,0.09475587393582688,-0.5900544325624482,-0.4564354645876384,-0.5228505819875825,0.4293581383698555,-0.6592681993324485,0.05259516830382171,0.9244734516419049,-0.5285941398709242
225,2026,18,1955877,2026-05-31,Vasco da Gama 0 x 1 Atletico MG,1235,Atletico MG,40.68,59.32,Fora,0.08266482334872055,-0.5860924439265237,-0.1410172666137245,-0.7886573563654751,-0.5807485723676488,-0.14661380363482723,2.4488759423469886,-0.48827606873313273,-0.5371877405582121,-0.8033186709559836,-0.5560170408462953,0.04708894171805285,0.2526976958334398,-0.7122387866090182,-0.49347430572672596,-0.3940156514216649,1.3255108939738551,1.3254500575828871,-0.34073168479531546,-0.7979249985750353,-0.8825537407922035,2.0339519914417767,-0.02779197713844731,-0.21293277517100223,-1.2173693899310625,-1.25953790721899,-0.550791055225894,0.4793648426955976,-0.8290018763697903,-0.9400914900615205,0.7086386047557228,-0.5560296232314301,-1.0485678543850223,-0.028450939958089807,-1.137519141057268,-0.13557169105541886,-0.08058640528456233,-0.6825664533427301,-0.7225300612714974,-0.907667760636393,-0.21875000000000008,-0.7965151884272794,-0.8929987462564052,-0.9598997980721516,0.5107539184552491,1.2349356108966516,-0.2916059217599022
226,2026,18,1955880,2026-05-31,Santos FC 3 x 1 Vitoria,1238,Vitoria,58.23,41.77,Fora,1.0012648286229378,0.6307855562333576,0.1731336642773781,1.0340595915674733,0.7962517042794683,-0.22958797986094176,-0.20343312030702257,1.6880701664783824,0.8030120718599028,1.387526985984906,1.565554320771357,1.6075546761086854,-0.9927163059030655,-0.04656517464698014,0.8137581222172346,1.2232909368966705,-0.7428252796879875,-0.5385189370968815,2.0263280730199256,-0.2703787956567493,-3.2126746743972103,0.8372582819030006,0.6798038618032877,1.1743892010657222,0.8271768306596784,-0.7871657223365858,-0.275198396889763,-0.610269012372018,-0.590285239881393,1.7511531548165684,-0.7026367262640936,-0.6277540082658638,1.0318750483965493,0.6125797126652858,0.7406304503914902,1.2005597441336109,0.714616982291873,1.8868346317407447,0.968027105138421,0.7653437221715335,0.03450327796711767,-0.35038465315235684,1.0681170758679421,0.4835214021311107,-0.8256250993845379,-1.125,-0.0974354703692446
227,2026,18,1955880,2026-05-31,Santos FC 3 x 1 Vitoria,1241,Santos FC,41.77,58.23,Casa,-0.13241454719655277,-0.202446503335633,0.1574100555680884,-0.6491821580144909,0.002122974475788797,0.34641761505168056,0.4924257455339159,-1.0570043097465767,-0.03684386393699095,1.1514249926829154,-0.2927253421502645,-0.5051007025709584,-0.04010952643692453,-1.3456486282081852,-1.1579876958803281,-0.9344167899684667,-0.7671142900149203,-2.361770094685255,1.0554538218446072,0.6383964889013743,0.7100003603922289,-0.7553566151636115,0.342519498957772,-0.29063635320429404,-0.06930051777440548,-1.692400617981662,-0.1747816593036227,1.4870470713145507,3.5151160801039487,-0.7116099459938476,0.5664443544826664,-2.542740260692415,-0.7437809210762982,-1.2876066651767992,0.14626890018898167,-1.2929191204802901,-0.5036810039109432,-1.2319716235530906,0.08333333333333331,-0.511555776731974,1.9888932104393249,1.4705586714032925,-0.6837708086082359,-0.8305572752946594,1.4169271182339207,0.4509096384805818,1.7811967523279388
228,2026,18,1955886,2026-05-31,Red Bull Bragantino 3 x 1 Internacional,5438,Red Bull Bragantino,58.42,41.58,Casa,0.2746295115141679,1.1116585059525401,-1.139135226502973,0.4860477523291743,-0.8500760629540977,0.7945196132222698,-2.73079474022574,-1.141383648852074,0.03931130148164566,0.8153582923085445,0.7289622871245527,1.0295644514879292,1.2182836041224137,1.3757971231896504,0.29331781782237676,-0.027961503105436766,2.164641871000732,0.8756796767203767,1.6498588957485212,1.1276601870496115,0.6547096937158557,-1.912178464136072,-1.264480672484558,-2.238561856987119,0.5422943518960753,-0.37506339492547774,-0.4432422071779363,-0.7276772009785984,-0.6012847633066751,0.8107791932094001,0.8587566991931891,0.08544749917438238,1.2067025655451695,1.1486254296583693,-1.2219161790962416,-1.271997996352258,-1.3639445354881297,-1.1120133491073025,-1.1700487530470867,-1.3787541949458202,1.291666666666667,-1.203890410666107,-1.911281932945722,-1.3596239090457911,1.3784048752090223,1.2474898809367208,0.8861015062604198
229,2026,18,1955883,2026-05-31,Palmeiras 1 x 0 Chapecoense AF,8865,Chapecoense AF,55.22,44.78,Fora,-0.21187278766177223,0.4319245737904507,0.14910125698434093,0.358431284994186,-0.7029982626170728,0.034402036053724994,0.03103316175559441,-0.8948498778934182,-0.24621218772109288,-0.3437285759862751,-0.7483940685523905,0.12249677186282693,0.9546751529269313,0.7401814719319476,0.7121113613203883,1.7819620067190247,0.8382784860536572,1.1528302768936975,0.09420556982403705,0.18119989208542986,-0.6457554614693006,1.7126455145998136,-0.6690665941853561,0.9277311129098212,1.1792071046185286,0.3840647809260993,-1.0057637364916368,-0.5237918531396655,-0.4550035358526959,0.686392017412107,-0.9931298164711735,0.1095195295718944,1.6407479002459315,-0.7517166357176093,-0.14169814196368508,-0.4339309786305755,-0.20060314838134657,0.24695630240035693,-1.13829930063565,-0.8627024299531095,-0.9510448211356669,-1.1829711216893437,1.9923930948560036,0.05892355237350437,0.0,0.9268440195458597,-1.0183277314699042
230,2026,18,1955898,2026-05-30,Bahia 2 x 1 Botafogo RJ,1221,Bahia,64.76,35.24,Casa,1.2636047917008228,1.016315584513445,0.8015864633813438,1.7286387298323245,1.2017805040009393,1.4866558750738859,0.4020136778298918,0.07971142105289,0.6655734141793538,2.592522362640753,1.5731821320836261,1.5036147437710583,-0.9194971482020678,0.9089973918025881,1.5853713007082293,1.520208230178159,0.8098877854909662,0.7343844933518123,0.23549792376378548,1.3353957217791774,0.04265817395600827,1.0213974193094693,0.23349516093809503,2.3459369611202283,0.5707692886668208,1.5215402185981337,0.20539595906443725,-0.48686144124828956,-0.5182469387423002,1.7460929849944793,-0.5163571095957779,0.2366104216184117,1.7129809506709255,1.5963823888604907,1.8590985948034027,2.7874572552664496,-0.43039983297096074,1.9179069193958742,0.6439209162167846,1.471745127565866,-0.1778216897897549,0.23182312827688015,0.4624108388864701,1.1008229298452104,0.6069109849750698,0.23230315905999022,0.577778411828509
231,2026,18,1955898,2026-05-30,Bahia 2 x 1 Botafogo RJ,1227,Botafogo RJ,35.24,64.76,Fora,-1.20555892481109,-1.1210688312837536,-0.60998165429344,-1.4279847101152856,0.2593238496104286,0.7220726034985188,0.47043355861634556,-0.6972011138997063,-1.7808145416049028,0.42223762214734,-1.9690478380378984,-1.7880115204479399,-0.4959118416976546,-1.4823730499132735,-1.4057982272362122,-0.5123819277293468,-0.1286201393506269,0.18321063308065172,-1.7603643604561658,0.1642603124706364,0.9390680908497528,-0.1785150461459506,-1.3608859753758964,-0.8708935516396673,-1.0751251495764076,-0.3008132953323425,-0.6947820837245289,0.21101419634370017,-0.25399997354225456,-2.043220535412022,2.1200544827538295,-2.1993140732925887,-1.375175355788707,-1.3907354304001207,-0.9028075188602925,-1.094417720989832,-0.02096416498501333,-0.1869141022244494,1.65373773157913,0.560112928753836,-0.3278109752951825,0.9686979960595745,-1.1596603469609983,0.44441144958628287,-0.5107539184552492,-0.3278109752951825,-0.37621940211260124
232,2026,18,1955874,2026-05-30,Flamengo 3 x 0 Coritiba,1236,Coritiba,37.93,62.07,Fora,-1.7349967182917103,-0.6280177687135339,-0.5038002516379603,-0.22722975536780268,-0.5049798418939094,-3.7306089586518034,-1.5912431944700711,-0.5872600497995871,-1.668089387069475,-1.3835971072054856,-1.210143721242289,-1.4665379885339236,-0.2745082323892211,-0.4725869754600182,-1.391408275109559,1.7510883908606396,-1.4983485119371682,0.5517971183697196,-0.6938387004801858,0.04576287619562765,-1.8635043741697932,-0.10268951310422858,-1.7228486564384737,0.217097635486241,0.8567312643591001,-0.31482051532020006,-0.362514603543555,-0.6919331907643042,-0.7370258569075451,-0.6327431032585222,-1.1696326598023556,1.4526871273002664,-0.6932062263660107,0.3650882191512278,0.05194208900209447,-0.5031278922623169,1.4925523961246792,-0.2043102565068832,-0.4783446031074604,-0.4156306311860483,-1.1500671555359552,-0.3481495101836143,0.47461583697827747,-0.44242305838750234,-1.486276015228202,-1.0418645221412466,-1.1819216452498889
233,2026,18,1955892,2026-05-30,Gremio 1 x 3 Corinthians,1237,Corinthians,59.7,40.3,Fora,0.3733239795591545,1.3553947351245874,0.04614976822711774,0.9449867931133,1.2210161035464089,1.3798568840827183,0.7105408740545098,0.3048952307544374,1.4974559477484042,0.11634344083299226,1.4890802698552463,-1.8392686517183456,-1.8726044842699592,1.1699938408271475,0.855909909687953,-0.742742061666895,1.6344396505821814,1.0311311451331049,2.0872268581653524,1.308448331817897,0.752331892821965,-0.14538578417117354,1.3310038499306653,-0.7000672798331031,-0.28609526873774416,1.4317659836538554,-1.4381766442009458,-0.4358819525612828,-0.20224151601659196,0.8478957174153166,-1.388086191829607,0.48001494017518337,1.0854111912428308,0.38385419829623896,1.462786065498814,0.41874253228656166,1.0364408212120189,2.0651814598619564,1.087261621706831,1.4631771412258456,2.311655251113366,-0.04497110839869893,-0.15371418982290527,1.4631771412258456,1.637257972361523,0.1691275228729345,2.311655251113366
234,2026,18,1955874,2026-05-30,Flamengo 3 x 0 Coritiba,1239,Flamengo,62.07,37.93,Casa,0.2124254413513383,0.9260226438155119,0.4349937250595568,0.9975732073349296,0.27072092566367145,0.05135684102176153,-1.4054624418050723,1.5272037656186987,1.330940189719357,-1.0594020877810102,1.0516396599011757,-0.3332591171460685,0.37829412978439303,1.6415248207424098,1.4966774747518208,0.30771345415506307,-2.128015470906098,-1.3467878961394033,0.46788908825781234,0.09799919151000508,0.6506386965891837,-0.792296796525497,2.440105152898255,-1.1424230884621096,0.2686730091200767,0.6960909740235914,-0.07271792483455793,0.6615605569662728,1.4812040332576593,1.0385096482698493,-1.3801974803978567,1.6320249607201065,1.2565166829327705,0.7107570817776665,0.9845094163594318,1.1765781020971742,-1.3821844999504072,1.069592398470842,-0.705489055934871,-0.18697344489041257,1.022354124851248,-0.7968739534599596,0.6269034512636014,-0.29330507470195966,1.0495724513642601,0.9587062360592129,0.8924461759630945
235,2026,18,1955895,2026-05-30,Athletico Paranaense 1 x 0 Mirassol,1243,Athletico Paranaense,56.75,43.25,Casa,0.6621198375403368,-0.10977523760788192,-0.03324564944809453,-0.0986592378138487,-0.31298159933074843,0.9070208735128324,0.5437193058835322,1.2141654837790796,0.5896408160495318,-0.5880502667780914,0.6969584591441882,0.6032716680143139,0.3265105709336413,-0.9326828208337358,0.04909236603407673,0.5935605021725476,0.07460135684338261,0.6736949432786586,0.1735239528729506,0.2709655514951807,0.5024004337844481,0.4740491163739214,0.7785664537834492,0.04641341603506662,-0.1312517036816281,-0.35094977493553614,0.0,-0.7299822528686453,-1.1475531079454684,0.06590593846112947,-0.046115025964446464,-1.0273097585806308,-0.40809301744790905,0.4120406427947625,-0.4644905150633777,0.5621654880126529,-0.34115918113423865,0.04760555589257801,-0.9388947077358494,-0.5012075846697368,-0.39436910666014113,-0.7234550989611006,1.0655873114803354,-0.6135680952473012,0.4688390349635609,1.150067155535955,-0.5158607041753288
236,2026,18,1955892,2026-05-30,Gremio 1 x 3 Corinthians,1244,Gremio,40.3,59.7,Casa,-0.09986825042431352,-0.21818281503905224,-1.146769997911056,-0.46673421059412,0.5494871153245784,1.1055926693472637,-0.3638419332360581,0.1903182166203466,0.4910472875819695,-0.4301041099371103,-1.0892898072530512,0.20848540641948365,-0.28365635779042525,-0.21943075021035227,-1.2080791581885901,-0.7377631560632513,1.1381714297272356,-1.920690647793472,-0.7587775840632819,1.3135562323060155,0.6313643954708322,-1.9623969418721703,0.12414381229480437,-0.3729860869268614,-0.3948713018701199,-1.89110912445508,-1.1128440840491032,-0.7292535819007145,-1.6654275624579247,-0.9627849008630708,1.0557179642202352,-0.46306728520618984,-1.7540872845594602,1.3798770819944735,-0.5299417389484223,0.018241211373401522,-0.16245980281074698,-0.31534211003955886,0.7574431572855954,1.1226516448388761,0.0,1.8164212147958234,-1.416668122502152,0.9695352329745613,-1.4030338331657841,-1.7297999283754733,-0.06035716402834562
237,2026,18,1955895,2026-05-30,Athletico Paranaense 1 x 0 Mirassol,6332,Mirassol,43.25,56.75,Fora,-0.034496464575188,-0.16664171219491003,-0.35666150790742307,-0.6754331319121907,-0.6567749291880604,0.4662055176292318,-0.33127476456423677,0.042025253302788904,-0.09872890314286904,1.6524164771150032,0.13970635422447825,-0.27078428055160536,0.8416130545301417,-0.7533817743079051,-0.5066162500997501,0.31208206745327954,0.9204569502609343,-1.1463418662261902,0.45101819534306237,0.14241298028495278,0.8003307802171546,0.4066735771791653,0.2530539679243149,-1.353147700874019,-1.6110402877789338,-0.3908541319407833,-0.21875000000000003,-0.23375224541875997,-0.8369447597332162,-0.139151403462541,-0.4088019495435436,1.1400408057316518,-0.7401170949118095,-0.9014734343020914,-0.9209905949723209,-0.9656568885052663,0.47606105825609246,-0.6168965860110315,-0.04721921646498866,-0.7348555416529589,-1.2692955176439846,-0.3504710722031316,-0.6360319941158048,-0.8917056743514755,-0.5585807734779457,0.4807619738204117,-1.4824704486696212
238,2026,17,1955866,2026-05-26,Coritiba 3 x 2 Bahia,1221,Bahia,60.1,39.9,Fora,0.5172140093214641,-1.4757269630200223,-0.27945290740486867,0.1535906581419041,-0.15426007664167993,0.33280713244594695,0.05657970280568898,0.07971142105289,0.32636140818869724,0.10881396413745581,0.377063651905799,1.028872715414489,-0.18884261438561717,-1.8953562637585883,-1.2129989413731557,-0.31286446171569043,0.60988841745633,-0.7496922740147273,-0.9027420410945112,-1.8918106058538342,-1.867751164327227,-0.181466546577824,-0.4393382674529156,-0.16344642761903178,-0.6298504021641573,-0.5796343689897654,0.20539595906443725,-0.48686144124828956,-0.5182277928541124,0.07507307004141878,-0.059840771015470334,-0.4120947702789599,-0.27904098720847637,0.9651456451541824,-0.14681509541950846,0.32770935919453403,-0.9053467291489903,-0.006636356122477215,-0.4545324114471422,-0.29511021020818723,-0.1778216897897549,-0.3505809328076267,-0.3260179185232196,-0.6179452755268046,-0.9931270663228416,-1.6924944445799284,0.577778411828509
239,2026,17,1955866,2026-05-26,Coritiba 3 x 2 Bahia,1236,Coritiba,39.9,60.1,Casa,0.08938525921908831,0.35748833406158176,1.1265707109664864,0.19411309953836686,0.37269383137235346,0.5476721463563209,0.20083651969039754,-0.5872600497995871,0.8556620165382652,0.5274800218424712,0.9083658651147353,-1.3233797488666559,-0.8755797149779715,0.22664885557776362,0.5099588173580955,1.1862295799020073,1.0696287521120784,1.5499678896386178,0.6475827871148403,0.04576287619562765,0.9056139808774476,1.1235440845521516,1.12356286760949,-0.07801946275286822,-0.4689064527051407,2.241522069079825,2.265716272147219,1.872298820096439,0.0830984351631019,0.8738758794927856,-0.40934837276800584,0.3052772935590438,0.4964195872672322,-0.5384483764752037,-0.055394692131346665,-0.36147052453797524,-1.6193269536733421,0.3690765923995311,0.2923217018990037,0.375201841945982,1.792751742453107,-0.09577741362838194,-0.2501699710966933,0.31974154899895574,0.7527891505701284,-0.2865127435888428,1.5971914124998496
240,2026,17,1955846,2026-05-25,Vasco da Gama 0 x 3 Red Bull Bragantino,1226,Vasco da Gama,56.07,43.93,Casa,-0.2194212103503335,-0.6308419721013422,-0.2851663384589664,-0.7962711517813821,-0.45681065082460903,1.2218985167774052,0.19009294252775888,-0.3858467979170877,-0.02475799331676827,2.3538787592346018,-0.05985537126995381,-1.2880968703371114,-2.412789247622133,-0.721446868603997,-0.9637245583851889,-0.9976777699798208,0.9675602807637793,0.04780563996846525,-0.44475804587471424,-0.39343841554146886,0.5358057641343619,-0.9254614220344863,0.21311264778268926,-0.08735024025910623,0.0491437757646222,-0.45674100057817035,-0.5515413083678438,-0.2700522859289173,0.09698329270311887,-0.9541126295091454,0.5127927207440071,0.3554484657061821,-0.9103747368303029,-1.0426568643486098,-0.2779403764374704,-0.7567480240055429,1.2285480593038611,-0.7315224051335908,-0.17171695541668439,-0.22074576189946093,-1.1233916207736525,0.2721759528074173,-1.0239038496282367,-0.2637037768812455,-1.6614558590849893,-1.4255728899344744,-1.0795682590273208
241,2026,17,1955846,2026-05-25,Vasco da Gama 0 x 3 Red Bull Bragantino,5438,Red Bull Bragantino,43.93,56.07,Fora,0.12846895067752637,-0.3529130269020074,-0.30031645541233076,0.15530109253766186,1.45605665551978,-0.3474839381907524,1.3881763252570491,0.06775310002123772,-0.6716463437699028,-0.8678791932357001,-0.16664505768160354,0.43085442958607195,0.22767180432365053,-0.43291749476367686,-0.3828768868646289,-0.8701846437379048,0.8566092320634144,-1.3469723678634669,-0.4154320960517859,-0.18042562992793792,0.26295212205518637,0.09215317899450956,-0.43949333545245917,-0.73618964846105,-1.4982991225726834,-0.37506339492547774,0.19945899323007127,-0.44153359977410495,-0.5427645258595786,-0.3503916326134978,0.5858449243060289,-1.5222652017945373,-0.659770161619751,1.6771995533301682,-0.04583338894627199,1.294119700636645,0.5122112013229295,0.5151988452286126,1.3433893090540627,1.8284932496267674,2.5000000000000004,1.3956430814947653,-1.1740521107014719,2.4732838054429447,2.0796985836487005,1.2474898809367208,1.9139792535225069
242,2026,17,1955859,2026-05-24,Cruzeiro 2 x 1 Chapecoense AF,1230,Cruzeiro,60.74,39.26,Casa,0.6021426033511561,-0.18659037388494093,1.0827951903894053,0.860446164021773,0.21195054792539486,0.11066558385501572,-0.9248565334267663,0.2263824587989921,0.46168238288225166,1.9620077818798187,0.9481575155487164,1.215654969706026,-0.2647757291810958,-0.715176590578607,-0.5505989715124294,-0.9902712399100768,0.20370076601357706,-0.19777533074016648,-0.8272235371940314,1.3466376037453043,0.48765740359120147,-0.10439797473344672,0.5772651947803432,1.1546342733917712,1.2560429436590541,1.1591417936108168,1.9015474629678755,0.7301816324868142,1.8085803923190726,1.3672086698392758,-0.06389139901207594,0.8667327709099094,-0.1613171545483234,1.6273854793171818,0.6085076614789576,1.2052382655141192,-0.27701427818910646,0.5135623550200362,-0.07943014707895366,0.09850437547368723,-0.40994579587496155,-0.20457120837277665,-0.06056336237643333,0.9691761045128944,0.5275153878482985,0.3365945337491576,0.5174548896682011
243,2026,17,1955843,2026-05-24,Flamengo 0 x 3 Palmeiras,1234,Palmeiras,54.51,45.49,Fora,-0.9260347699139794,-0.5094785217066589,-0.995292448454031,-0.4690327025714821,0.20000788467876082,0.35427834229575467,-0.056255631338704114,-0.538524974142698,-1.1358186017939207,-1.1368809093618908,-1.5754309058803402,-1.1389979312387601,-0.11676227816919232,-0.43616337696236823,-0.8064314019883605,0.9037115633937844,0.058552211270715956,0.15032976220672256,0.621825270205921,-1.417144578081828,-2.514394060478571,-0.19020725805445557,-2.019056616528967,0.3303415294619292,2.0237614711120497,-2.01146111401082,-1.2841489249843496,-0.7646231423605362,-0.7972223066075231,-1.2912908709132203,-1.3672671291500484,0.751252018331023,-0.42574008280834563,0.11067060574488635,-0.26977046230924884,-0.821961047599203,1.3763445490797614,-0.5786339783420235,0.09475587393582688,0.17694801390588683,1.308448331817897,1.3419772271566068,1.0514090632354263,0.10653614714448158,1.5778550491146508,0.9244734516419049,1.0850090239455814
244,2026,17,1955853,2026-05-24,Corinthians 1 x 0 Atletico MG,1235,Atletico MG,44.16,55.84,Fora,-0.06886868437620075,0.133985326358384,-0.07382127980690671,-0.10029780424692171,-0.27423904715359854,0.5429325018692004,-0.7039499101752164,-0.7079050427090399,0.7297612749675367,-0.804386040735592,-0.7395048171856539,0.2571674840820865,0.5078022278150229,0.5505077084270574,-0.3932261182811094,-1.056252909654347,1.5752649861091617,-0.07384386564070625,-0.04130081027822013,0.4199605255658081,0.6157167954623949,0.2096857723135854,0.5534915300402742,-1.1879407456908548,-0.6203065375716506,0.21628428709821043,0.33659453374915754,0.6876310114741064,-0.571043056351813,-0.8413066830433851,0.1791554047790228,-0.4474812985477424,-0.4140663901869943,0.6688188658480404,0.18536299039465215,-0.8345190760522444,0.6286268823334261,-0.4805825028637589,0.2995856351613526,0.040696197634877265,-1.1250000000000002,0.43402938944907904,-0.16855248392297434,-0.02918441940701252,-0.7235680511449364,0.18160817807303692,-1.1372630948636184
245,2026,17,1955853,2026-05-24,Corinthians 1 x 0 Atletico MG,1237,Corinthians,55.84,44.16,Casa,-0.35795367672332284,-0.04672893476786487,-0.21829358752753722,0.26352330144027314,-0.3876942436642739,0.3009866730904429,-1.2267457825556491,-1.5203888955292186,0.27405715551925974,-0.09747327026656848,0.2118829715111316,-1.1154165810573426,-1.2392448043969524,0.4032182163302599,0.11999759139386246,0.9124237023256987,-2.1167920364820803,-2.4972813662566486,-0.25369608220794343,-0.4564354645876384,-0.9931432881088703,-0.5815431366846942,0.044278343400213305,-0.22049363144349715,0.37551786982451507,0.3171025332924647,-0.5507910552258941,-0.5737871251912806,-0.3183145785038158,0.6560968318316986,-0.9556003754183805,1.0090104129350175,0.6271575073005913,-0.23140530581067337,0.0022441724394759344,-0.28184593519287837,-1.2206602671679103,-0.46031153021019494,-0.450815794366247,-0.6234039271414474,-0.04055535528269071,-0.4249662177499065,0.6075886924474908,-0.6234039271414474,0.8714437594827462,1.1500671555359552,-0.04055535528269071
246,2026,17,1955843,2026-05-24,Flamengo 0 x 3 Palmeiras,1239,Flamengo,45.49,54.51,Casa,-0.3216440244896444,1.1679055571795354,0.10797817116316942,0.2544896178814765,-0.5375525286078594,-1.8346014494278757,-0.534556227866032,-0.8691048653828385,0.7672753782218873,-0.7305725612480426,0.08344123194816969,-0.4436402917705308,0.26661358665936763,1.29234961437422,0.8406777719912134,-0.009767443570597395,-0.41875028441858453,-0.6190612924985928,1.7301015123951669,0.8084933299575416,0.6506386965891837,-0.49772491063781227,0.40794304150139776,0.7996961619234767,0.8665656762090264,-0.41002619017827974,0.6302220152328355,1.289561741936266,-0.2822410908626015,0.7057089072147558,-0.17056085540119065,-0.6120404292930998,0.812254113827552,0.16276262725991184,-0.6627671767763138,-0.2009683093644243,0.31073972459209576,1.2610626426415483,-1.3254642869079394,-0.5108927488277928,-1.5936696652092988,-1.0843740393080545,-0.8232982941854502,-0.615997790552843,-2.270893122042672,-2.3775914654268484,-1.6956477343298793
247,2026,17,1955871,2026-05-24,Remo 1 x 2 Athletico Paranaense,1243,Athletico Paranaense,57.0,43.0,Fora,0.6484245061779452,-0.023315022534040344,-0.3503748239957853,1.2565394766014952,0.6187334371779546,0.8365123975084707,0.2596137226290742,0.41855616118235844,1.2693906885193427,0.71077181084384,0.523797258328778,0.586276958416867,1.2170746278506546,0.3286136363559277,0.47702482497333787,2.0803117906351423,-0.261816183193768,0.5180271828244575,-0.4555003762914951,-0.4433981751739318,-2.04477199092098,-0.2048360379393481,-0.1321507958848551,0.27074492687122104,0.8555628084263059,-0.03290154140020664,-0.7939992333804207,-0.8435795888195793,-1.2091062622411022,1.1099036873313302,-0.5419156694428907,-0.0629432973818153,1.0333599076186148,0.8624760056355871,2.0204183058204492,0.8091775963818488,0.7262216564039812,0.5653159762243629,0.6947820837245287,0.7794835749588916,0.6453312654438671,0.1560058792379264,0.9874014473006342,0.48931374345959855,0.4688390349635609,0.16912752287293448,0.4191368221424546
248,2026,17,1955871,2026-05-24,Remo 1 x 2 Athletico Paranaense,4617,Remo,43.0,57.0,Casa,-0.308872438550075,0.013036012971919031,-0.35681576056094627,-0.8027877251989629,-0.45122792336818995,0.6310880666565433,-1.4032104555552798,2.0185220259765484,0.8089772798693894,0.49023622551347407,-0.961273204868904,-0.08468154184052525,1.1373973356005649,-0.3255414941188081,-0.45307663337941306,-0.6605401448717727,-1.8228859573562037,-1.5019683110078716,0.36564333345633043,0.4651188459295668,0.8306181707970904,-1.355942435826513,0.4046365134818084,-0.6832834518562275,0.48268403091213263,0.06290054637224402,0.48121773951145325,1.2937481631005376,-1.0504234750484427,-1.1246522706976312,-0.18607847925923213,-0.79458311687505,-0.5839998259349698,-0.2761682360857684,-1.2263305680774823,-1.2024352644551821,-1.1211739001798253,-1.724980555574311,-0.45081579436624714,-1.0894922469246713,-0.0679627666030584,2.272121115688939,0.1102499387727178,-1.1050173416788442,-0.3631772459536331,-0.3603749850782237,-0.13245323570650444
249,2026,17,1955859,2026-05-24,Cruzeiro 2 x 1 Chapecoense AF,8865,Chapecoense AF,39.26,60.74,Fora,-0.30342994879369245,-0.994615591611316,-0.19380720889146988,-0.7375081822419696,-0.19171660560656872,0.7040067283148654,-0.4034311028227224,0.7852403890168335,0.00551125505943849,-0.41310943619229706,0.15389595352708438,-1.3013677297512065,-0.7432951223372538,-0.18607914098847853,-0.7577543149405795,-1.156839911133812,-1.6477909273912088,-0.5607810403360162,-0.9608968122051764,-2.0737320983110292,-1.4390663594360462,-0.48852511400060195,1.048374767088827,-0.8987395156313888,-0.378904450575332,1.0778592238893758,-1.0057637364916368,-0.5731270753132124,-0.8960488782033946,-0.6013343825159042,0.22261413994896675,-2.278799603121344,-0.5558945396350331,-0.9412090811061177,-0.8515947257108234,-0.5566589321826574,-0.6664054281756684,-0.7408689072010708,0.3441369978665918,-0.40326906330493245,0.11412537853627996,0.19053380637900885,-0.8341235899301973,-0.5198195486841566,0.0,0.03196013860502954,-0.035114749361031275
250,2026,17,1955869,2026-05-23,Vitoria 2 x 0 Internacional,1219,Internacional,53.31,46.69,Fora,-0.15011850154212125,0.6623393499940802,0.7309388958437376,0.8870551428342107,0.5025621425224804,0.5863762198631278,-0.4916265001725657,0.7780196424578718,1.214178055554004,1.0143317208768345,0.8661590854646832,-1.9482997684915613,-1.5751031526959063,0.3781926164603272,0.7589715529079513,1.066530721083469,0.013354449417439877,0.1287892172183737,0.9089839915055454,0.6032092391024972,0.8275896389788039,0.16612146838973227,1.4430381992716492,-0.09309410612563833,-0.2219148098117027,1.2609200038773776,-0.06625891564490792,1.2061351814866887,1.6749067252942134,1.1552654086829521,0.2767147470631631,0.03336696353290897,0.9996951716909198,-0.2931359576904492,1.68639594865342,0.3141484332764467,-0.7794173822551689,0.9443992591590965,0.8916547218815392,1.3189637834117791,-1.0406118047460329,0.3436655242122309,-0.011665273327951952,1.1612173117153255,-1.4813950350936105,-0.8461538461538461,-1.0905761943319523
251,2026,17,1955850,2026-05-23,Sao Paulo 1 x 1 Botafogo RJ,1224,Sao Paulo,49.4,50.6,Casa,-0.34258583493245487,-0.4991843381569666,-0.2971958178388329,-0.32038913070452524,0.35482993799610013,1.0143449674126481,0.3815899730042848,-0.14024219069727906,0.5552386210809372,1.1669419224177215,0.049580252887657855,-2.0587212855504498,-0.4558433182124283,-0.1207762169754234,-0.07133949375475629,0.4440593676464637,-0.30018203768469065,0.13747971236952386,-2.291937564996225,0.4873159230985381,0.06387114560481116,-0.6270693590127473,-0.03563649230088145,-1.168860805448447,-1.5254852753434995,0.5379354320109532,-0.40325254197910865,-0.8517690192273665,-0.08629114030276619,-0.15138186878691653,0.5732396805369482,0.44444125034705945,-0.8702824533087475,0.10072336225311944,-0.3606155629755564,-0.2824317737381668,0.8510141995498309,0.1522749258364951,1.0180270225355126,0.6096375574255489,0.1684303842133039,0.4500101816914091,-1.00265695948504,0.30593664816302657,0.02653724462171376,0.21801036009847358,-0.15339299776947415
252,2026,17,1955850,2026-05-23,Sao Paulo 1 x 1 Botafogo RJ,1227,Botafogo RJ,50.6,49.4,Fora,0.3513705712291118,-0.31397951019316045,-0.1763399274714034,0.4188476409323696,-0.18661647427353936,0.16182940437941434,0.9973999053925957,0.37226373291443826,-0.5558339549862682,-0.5441732716285379,1.0468710098883194,-0.14381148569605418,0.5664445991609015,-0.30638713493648206,-0.540649333507114,-1.3713829792454462,1.145917052452701,0.9978750184199128,-0.5731418847996821,0.1642603124706364,0.9390680908497528,0.48947673943244424,-0.47238246765116304,-1.0622262258635338,-1.0099378252214712,1.153117632107312,-0.6947820837245289,-0.35905129504735334,-0.471243159128951,0.07641888935282157,-0.44030930822486264,-0.8693106566118549,-0.21294507211894056,1.862376081593663,-0.050459335098065654,1.039236995561773,0.43077329278382936,-0.017523197083542198,-0.8703882797784892,-0.43292442039532825,-0.3278109752951825,-0.5877668012168957,-0.7872822119742368,-0.5060513409407278,0.10640706634484359,0.5364179595739348,-0.37621940211260124
253,2026,17,1955856,2026-05-23,Mirassol 1 x 0 Fluminense,1232,Fluminense,66.87,33.13,Fora,0.17794174390581063,0.4667922046220662,-0.4815359324974752,-0.15650644944499262,-1.0584946811366915,0.14573564343343026,-0.7483243733242078,-0.053746946862481194,0.1484652608678501,1.71653782908079,0.32721648765797745,0.46775531159380357,-0.01167867576314275,-0.21832844441655086,-0.12158273670016477,0.8488458250451192,-0.581772109949099,-2.2201315867944533,0.7777316339209677,1.429348365684013,0.7301150641188573,-1.9295463809384614,-0.4294718798425501,0.18946738623033899,1.4252247198805559,-0.36813270455018976,-0.26356833569584015,-0.10258582726501925,-0.0879636801881483,0.08609307843569793,0.2961514803811122,-0.41055056414724944,-0.08619805239629955,-0.5125994914125053,-0.11332133240686357,-1.079552703738176,-0.44750286505719933,-0.8506332581523016,-1.0185858104283618,-1.2321187618796063,-1.4861925404278487,-0.6927330439185747,0.42318544364082566,-1.3327314309017995,-1.1345202924705953,0.2692307692307693,-1.61259153764015
254,2026,17,1955869,2026-05-23,Vitoria 2 x 0 Internacional,1238,Vitoria,46.69,53.31,Casa,-0.45008404619726816,-1.375277184973432,-0.838111775530307,0.012410807558016712,0.1790277683200397,0.15321851632096614,-1.4454458548130529,-1.5780883021026162,-1.5277485467577518,0.40915887325700157,-0.7859845393767191,0.5390270010524204,-1.2554580700236049,-1.9033515136953212,-2.260889971057486,-1.571871690758605,-1.5941351292783545,-1.0201660518704283,-1.0664884594841717,-0.2703787956567493,-2.7703612734793674,-1.359547972042492,-1.9946111845108352,-0.2336640012456346,0.3261190100232813,-0.7871657223365858,-0.275198396889763,-0.610269012372018,-0.37848337615653055,-1.047794883730595,0.16989620184453577,-0.7967722250349956,-1.1718858184101753,1.609787625903965,0.6595363064688722,-0.45735609300328006,-0.45988449831593525,-0.9532105752046671,0.33000924038809804,-0.042002022605540396,1.035098339013531,1.4680728086163546,-0.35803812144478425,-0.21854644764302797,1.1696355574614288,1.05,0.84444074320012
255,2026,17,1955863,2026-05-23,Gremio 3 x 2 Santos FC,1241,Santos FC,46.69,53.31,Fora,-0.06330355063224274,0.07340284179746309,-0.18611847912180504,0.2598693025882656,0.24647201473958716,-1.7138408708840585,-0.3394391061447387,-0.8688419527695631,-0.4294208371608581,-0.4103199681207165,0.6506968953268276,0.24171385331665488,-1.9385928353978341,0.40168615767408505,0.06442616910476211,1.1118368579662066,0.9087277839033585,0.7767106525944261,-0.8108974484903692,0.6383964889013743,0.7100003603922289,0.010564428184106682,0.17602332568167606,-0.6531505141902948,-0.771189820573277,-0.8652160462715237,0.5493137863828147,1.024482330307249,-0.33424585451760946,0.15942445584952755,-1.0366107599295107,1.122817373954973,-0.5193440162821353,1.4023638322761673,-0.00296706149049704,0.723908260611214,-0.23993545840496464,-0.015727297321954412,0.08333333333333331,0.049092766870433714,0.8353351483845164,-0.17289662419579968,-0.10914198840410294,-0.296757214579561,-0.7843703690223489,-1.4171445780818281,0.5513228042919811
256,2026,17,1955863,2026-05-23,Gremio 3 x 2 Santos FC,1244,Gremio,53.31,46.69,Casa,0.00407969005175398,0.11951214050711448,0.1422404711463234,0.32305395306238316,0.9741338025854736,-0.6454657587625189,0.39525274761615015,0.5402776128919743,0.626717688171632,-1.158832992721174,1.1655445329713976,-1.3192809781434458,-1.0647415576776142,-0.10579696885141976,0.394213811811509,0.012237670509353303,0.14127205434386855,1.105081252608814,1.032290434132605,-0.8426587150642363,-1.3578350711606955,0.4446518750465639,0.1395135982572705,-0.28848142660749443,-0.41712289474366615,0.748353343367251,-0.2635683356958402,-0.7292535819007145,0.07297377251018962,0.34157259830196635,-0.3916207433724759,0.48439300986248385,-0.33476846948747196,-0.27353157792167204,1.5589432613567102,-0.3344222085123658,0.15480054088457054,0.14190394951780175,1.8289481114944866,1.161437186816744,1.96638416050035,1.263662977533363,0.06709905637989388,1.0041912081123185,1.0382450365426805,-0.6847124716486248,1.6900005927936794
257,2026,17,1955856,2026-05-23,Mirassol 1 x 0 Fluminense,6332,Mirassol,33.13,66.87,Casa,-0.08232769492652448,0.20757430100839522,-0.7143239940769202,-0.5691332841683424,-0.6685355976014402,-1.1264571133835433,-0.8824942498637449,0.319860462497236,0.9080530234495228,-0.7222617780769551,-0.04427926502997547,0.2591417662961229,0.5063784679983664,0.09417272178848814,-0.447303325992013,0.2193744771215246,-2.070564080849,0.5035403363779866,0.45101819534306237,0.7324096128940434,0.11538242443175901,-0.6463205065883171,1.288676422469275,-1.7808456117769782,-1.3255434741184202,-0.7956673400223088,-1.125,-0.47556432364168144,-1.2267869285431918,-0.4137798524900089,1.310555838312892,-1.613413036131143,-0.26456565026207635,-0.5517015972011313,-1.046486036720153,-0.9656568885052663,1.0917767598576302,-0.06359758618670432,-0.7318978552073229,-1.161475931391076,0.0,-1.0471710125041704,-1.4686495541240143,-1.353445395435338,1.0613034696080965,1.476626062448407,-0.2180103600984736
258,2026,16,1955837,2026-05-17,Bahia 1 x 1 Gremio,1221,Bahia,60.79,39.21,Casa,0.44788333472031017,1.2755674041004896,0.05024040661997303,1.739343792129208,0.7333110643312987,0.6136380433501013,-1.0660807160229702,1.8922788135081698,1.9804025775849077,0.8763184317119326,1.182458497884336,-0.3686073398886526,1.4424594411130591,1.4698681229148234,1.16094948256498,0.2121992567649739,0.8541710768000345,0.3027032055423421,1.9428578710512305,0.5285941398709245,1.0502130029895944,-0.632540533785559,1.8618392286091558,0.8124248902240138,2.110113460471181,0.020701227463920096,-1.1182668882397142,-0.3603416513962358,-0.6427154845519781,1.5178092481170546,-1.6968074559272375,-0.6723526585674585,1.9992836988276823,1.3885981746751344,2.0516840468969617,1.1103564170355982,-0.4059739925960906,0.5707266265330282,1.193147580048748,0.9549653164535331,-0.1778216897897549,0.5991668552490208,0.24377093136949765,0.5981079143436867,-0.19310804067388587,0.23230315905999022,-0.5392598510399419
259,2026,16,1955816,2026-05-17,Botafogo RJ 3 x 1 Corinthians,1227,Botafogo RJ,34.98,65.02,Casa,0.07273616366637983,-0.5250517250408804,-0.603004227677852,-0.6170837748066712,0.036370911672964634,0.4119433919511888,0.9388480890841235,0.25239843252431066,0.02537584689392715,-0.5164777565630028,-0.4544326752368221,0.08525663060064843,0.5565813806495993,-0.8290475415928338,-0.8622777862416422,-0.5548017327424876,0.8329432866597392,-0.6140218427996087,-0.5731418847996821,0.1642603124706364,-0.9341018299170474,-0.6795088853297467,0.19516177139970645,-1.5405579114231998,-1.5486245120636202,-0.3008132953323425,-0.6947820837245289,-0.6295238401586832,-0.5975249616570011,-0.706000600128623,2.8746799689632097,-1.2158649506548076,-0.5749345469060658,-0.47251289425008974,-0.7148870579419061,-0.42765062206745547,-1.1297742885994448,-0.1869141022244494,-0.02901294265928285,-0.23527629519391385,1.4006468944430521,-0.13284452745400271,-1.7202295824249403,-0.31687699741545694,1.3407290359450292,0.5364179595739348,1.3022979303897735
260,2026,16,1955823,2026-05-17,Palmeiras 1 x 1 Cruzeiro,1230,Cruzeiro,53.84,46.16,Fora,-0.08773517893293176,-0.7340850480203069,-0.7231687555380534,-1.105460350841727,-1.121898035640524,0.4284894149797443,-0.9248565334267663,1.9202717882429785,-0.3858305655222231,-0.45034789952437293,0.128746089336861,-0.029108826238080115,-1.546374967878053,-0.715176590578607,-0.9290468408052687,0.39545035376207305,-1.6884778968911682,-0.9048504655886681,-0.4691715584085552,-0.8229452022887971,-0.5706555199495437,-1.2053220719225184,-0.24233133835081952,-0.4942184579290544,0.11430045395440373,-0.3460124757047212,-1.3107754356380499,-0.7425362202214302,-0.740352753683157,-1.193217716242815,-0.10085140264072452,-0.15309652571785665,-0.2282713444929932,-1.8723926268354718,-1.127959715795628,-1.6454494050458714,0.9387594595690799,-0.8005530828253505,-1.2311672797237831,-1.2775947154190248,-0.40994579587496155,-1.288815878212163,-0.48726575065984734,-1.3850558606273689,-0.08440246205572778,0.3365945337491576,-0.5544159532159296
261,2026,16,1955823,2026-05-17,Palmeiras 1 x 1 Cruzeiro,1234,Palmeiras,46.16,53.84,Casa,0.6818986292181501,0.657224391190826,0.3554818636414952,-0.12150459173301113,-0.16433013399538327,0.8419723177100071,0.35159769586689904,1.4655434319018277,1.4490327068334539,-0.3177977750671224,-0.17336646297288097,1.2718717957398882,0.7742657635518905,0.5963866582954828,0.3366615246030742,1.3002200539712896,-1.1526369728077979,-0.11256268051549133,0.3109126351029605,1.3849367467617864,0.5519762798131338,0.3112482404527465,1.1444111232442473,0.13680810816100067,-0.0910917969149042,0.06126277504601481,0.9958705948858222,-0.17046092817299346,-0.5167096599408602,0.42089386331338924,-1.044575583734039,-0.09321418837435792,-0.48243513862687853,-0.29440491566736265,-0.13007217595119258,0.5532430128071558,0.43652214614851004,0.14310302690179055,-0.5922242120989177,-0.2660269230844174,-0.4564354645876384,-0.45020948399479654,-0.873492965376368,-0.33574683863935073,-0.7100347721015928,-0.3521803625302495,-0.5285941398709242
262,2026,16,1955820,2026-05-17,Santos FC 0 x 3 Coritiba,1236,Coritiba,39.48,60.52,Fora,0.4302189582141093,0.2363659342444323,0.15810840453109729,-0.19662132660396045,0.24468950506899237,0.13690867060303435,-0.7592061843241392,0.33096643040841905,0.7644344000782289,0.22300161154164053,0.028242136667291255,1.3426491078876845,0.7364635209596925,0.5063431879928764,0.4164856294718979,1.4643139176047184,-0.8944008466570736,-0.525356271052382,-0.02312795668267276,0.04576287619562765,-0.6327139529910474,-1.153746882523983,1.0860289048690521,-0.6682536592310867,-0.39193394010141147,-0.6800123130916322,0.951600834301832,2.6406499536320975,1.4130335428624015,-0.1826841654260488,0.34542391407371853,-1.255079513566223,0.483808712917763,-1.1669312785066819,0.07932142459912588,-0.6447852599866586,1.1013447064357846,-0.5865681557778261,1.0629880069054678,0.27422163604757777,0.8118121097900862,0.6959523256165419,-0.20067240371596376,1.4363368639417655,1.8723217334692936,1.2241908135159645,1.5971914124998496
263,2026,16,1955816,2026-05-17,Botafogo RJ 3 x 1 Corinthians,1237,Corinthians,65.02,34.98,Fora,0.21981993926970816,0.21092646112553715,0.7171275742861853,0.2512078285791682,0.27334117202529046,0.27529928711443635,1.238891780402735,0.28526851971912937,-0.15960654599313875,1.1996560705648027,0.16740597813785013,-0.03671041236061526,-0.44171128908039664,0.6907590755165928,0.31505398048884076,0.027766138812415988,0.55340075571818,0.2524391080484363,-0.5881136451184142,0.4260064336151293,0.47318991666687826,0.7269289208558677,0.6246192269971901,0.4988668411409118,-0.17062264606832664,0.87443425847316,0.3365945337491576,2.9346634029860827,1.241321664500825,0.37840442421649645,-0.7053685766903698,0.7274611442444975,0.23845732191094926,0.2111417388410589,0.17682782934816801,0.30197778770665495,0.5557618857237007,1.1632196776933308,0.31822291367029193,0.2191415405440699,-0.04055535528269071,-0.4734924040987782,0.08537266576614468,0.2191415405440699,-1.4259988791535847,-1.792751742453107,-0.04055535528269071
264,2026,16,1955826,2026-05-17,Red Bull Bragantino 2 x 0 Vitoria,1238,Vitoria,45.0,55.0,Fora,-0.4332854496817594,-1.826907762452839,-0.29141870922306756,-0.9310487412354242,-0.8875367416882374,0.6190266909372779,-0.26553375703232407,-0.3587224738323766,-1.7603149576827464,2.7622644588393457,-0.5407065155904754,-0.27832408389192603,-0.8305611440111754,-2.74734530417184,-1.480977362932876,-0.3635461798451268,0.06473087112427121,0.07118445570623991,-1.0664884594841717,-2.0128199232224673,0.4340987087291859,0.14352999118337134,-1.374817193802688,1.1743892010657222,0.5002218320663964,-0.4827949763664393,-0.8452522190185577,-0.4449219075740715,-0.3635670583998138,-0.8065165908862111,0.2004248913632464,-0.9765800565869048,-1.7338030223516425,-0.7512487569111437,-0.4326265947926995,-0.8399520554194857,-1.2640476742275881,-0.9532105752046671,-0.9460264891125479,-0.8995335359077046,-0.966091783079296,-0.7056433965904809,-0.10759135508742693,-0.9642558411121812,-0.8256250993845379,-0.39999999999999997,-1.0393116839386092
265,2026,16,1955835,2026-05-17,Athletico Paranaense 1 x 1 Flamengo,1239,Flamengo,59.75,40.25,Fora,-0.7569239135218113,0.536967448664066,-0.8378774429815993,0.588855778198902,-0.2604679054646993,-0.12478954425197565,-1.4054624418050723,1.5272037656186987,-0.6102324426032886,2.5762286605732156,-0.8779156780821301,-0.6938376209193138,-0.08137834904731019,0.7103909370939034,0.6354253981390634,-0.7558086462531397,0.11861300510437883,-0.3159890781831094,1.4145484063608282,-0.6124949469375315,0.4743310333453853,-0.3504389676939699,-0.2951672743935932,-0.9139384707696877,0.18960855098299026,-0.6865554812287475,-1.4785978049693447,-0.9788300145233808,-1.3025666588342535,0.30273269525932844,1.6357753234808432,0.32699918469518124,0.3728735509762367,1.0527313337465165,0.6270855328135262,-0.2009683093644243,-0.30405907274176047,-0.6536397990655145,-0.08551382496180245,-0.2070285896522352,-0.7216617351891165,0.3235513089757604,-0.4080695892919182,-0.31328427647014523,-0.6106603353392058,-0.15339299776947413,-0.8329497642322214
266,2026,16,1955820,2026-05-17,Santos FC 0 x 3 Coritiba,1241,Santos FC,60.52,39.48,Casa,0.5220424311312584,0.41194485300339617,-0.14017431052803386,0.3070319513534467,0.3320679661427964,1.116126720004545,-1.4485922417162782,1.6059020900802827,0.9187493844585048,2.6365244781248602,0.33346374547519503,1.1461070859637679,0.7071965977386311,0.8870569315302712,0.6767415765321015,-0.3250078138543334,-0.4044465998761026,-1.564840654805519,1.0554538218446072,-0.9714729178933956,-2.7073571307966677,-1.2149092411722424,0.48907881373310735,-0.10937927271129372,0.7393667774735709,-0.038031474561385496,-0.1747816593036227,-0.10423652981055004,0.2069769708472337,1.115027851325086,-1.1649511214393238,-1.0377957705946534,0.9146787080261213,-0.799622465764957,-0.0019562881724633895,-0.2845054299345381,0.08974647347750878,-0.015727297321954412,1.6944444444444444,1.1383706340740571,-1.4717809757251006,0.7308880068713992,0.6394285287266867,0.7403570315625919,-2.2519020271931955,-1.4171445780818281,-1.9084250917799344
267,2026,16,1955835,2026-05-17,Athletico Paranaense 1 x 1 Flamengo,1243,Athletico Paranaense,40.25,59.75,Casa,-1.6166346960257911,0.474973463058713,-0.9537686972120132,-0.003025993279046485,0.09842822177873403,-2.4188361954364614,-2.439389318288277,-1.195948610526108,-1.6152851613083716,-0.9044930881940753,-1.269209672007289,-1.242456792508411,-0.7252204631047137,0.18846958555707619,0.2380588710583093,-1.4279934080391818,-2.6713461226330755,-2.0237772737849253,0.48803611745517345,0.9853292781642932,0.7600690403775552,-2.411212789457474,-0.9797253140880018,-0.6265811164733965,-0.1614669930370982,-1.623142709076854,0.0,-0.7131376052630218,-0.08195025417635259,-0.8759922503230361,0.77069031155851,-0.9799047904183135,0.4833051232292247,0.8716541556621238,-0.49107100168449835,0.8091775963818488,1.2417180836241437,0.9104562564455527,0.15022315323773597,-0.19922424381690312,-0.39436910666014113,-0.8985143041045719,-0.639609154915064,-0.35351168764689017,-0.28651274358884277,0.16912752287293448,-0.5158607041753288
268,2026,16,1955837,2026-05-17,Bahia 1 x 1 Gremio,1244,Gremio,39.21,60.79,Fora,-1.2127299048102942,-0.08721607809950266,-0.8019359083953558,-0.6965263273211255,-0.6925481147205185,0.11719425126441411,-1.3506650183439288,-0.21796774569655317,-1.0109448022467147,1.098696993044287,-1.6790516471433554,-1.3658633380793017,-2.800735237102832,-0.6739658756460823,-1.2531445239637402,1.1618960573491668,-2.1974096932930336,-2.755761170148731,0.2646898549057963,1.3135562323060155,0.6530586256549754,-1.9623969418721703,-0.535984633037917,-1.5560513313979996,-0.9572246359804676,-1.3045619093834508,0.5857074126574228,-0.45849692138392556,-0.038328047338020914,-1.3038035179947025,-0.12126006387709835,-1.1533900964624366,-0.8631917821758125,0.7486466306751359,-1.3677566397891228,-1.0397490482839005,-1.1430826833235463,-1.915703318490321,-0.3140617969232957,-0.986181331659871,0.0,0.3479906464468297,-1.0268648805924616,-0.914766480404276,0.2244854133065255,0.36037498507822363,-0.06035716402834562
269,2026,16,1955840,2026-05-17,Chapecoense AF 2 x 3 Remo,4617,Remo,45.39,54.61,Fora,-0.5065225258410724,-1.0141111062104409,0.30481625575910115,-0.35343718794247125,0.5646963546751083,-0.40799302460257925,-1.0972472735169105,-1.3370683322681927,-0.11512781134427726,-0.41108664772103254,-0.0960069098298829,-0.8722379054342398,-1.147447923886002,-1.5750463465454099,-1.182862675879114,-0.2224879317239969,-0.5439612889386836,-0.7500249078970304,-0.3184635484942235,-0.9800718539230158,-2.3879356895849173,-0.6978281155090421,-0.7173370727842436,1.2551619930837223,0.9193143616605083,1.4309874299685488,0.48121773951145325,-0.6013437383623201,0.0766955602841686,0.8993632072413691,0.716048845939858,0.6522094713594369,-1.151328768295033,-0.406611441168789,-0.7551717495474322,-0.13652103439229135,0.390891130062127,-0.29571095238416756,1.8563003297433702,0.3190376080112962,0.9174973491412896,0.8135214058848569,0.3325383437142339,0.15583215693601213,1.141414201568561,-0.3603749850782237,1.7881186820378092
270,2026,16,1955826,2026-05-17,Red Bull Bragantino 2 x 0 Vitoria,5438,Red Bull Bragantino,55.0,45.0,Casa,1.39415755777971,0.7537121628598142,1.3871882582440904,0.6121186614594486,0.043401271085249056,1.5625572129401823,2.165340677234934,-0.32354188285030033,1.6655287993827497,1.1277436600008648,1.3131030853697307,0.9370102452035846,0.25303077560888515,0.6310322805029862,0.6389427840382915,0.03680439030395887,1.1472811237369778,-0.4227355131553064,0.6172133998483676,1.1276601870496115,0.5580175665952206,1.4283742744148973,1.9120768580687282,0.4498936740595306,-0.22405359451303905,0.889685262381366,1.4848613940460864,-0.386497559189966,2.1582380864939354,0.959972050830282,0.8938367815073939,-1.872831288649706,0.7189237423557451,0.4016477771061826,0.3679310755455848,0.43874713497367723,-1.3639445354881297,0.6631272265318775,-0.5416892375217993,0.02297875716214183,0.08333333333333338,-0.47434938743521987,0.12268248735314641,1.8578259046241912,1.3784048752090223,1.2474898809367208,0.8861015062604198
271,2026,16,1955840,2026-05-17,Chapecoense AF 2 x 3 Remo,8865,Chapecoense AF,54.61,45.39,Casa,0.7428678576270182,0.33545146586745367,1.0147973105598362,0.9877214974556692,1.144053069481226,0.18799345439933876,-0.6641096615697124,1.4123901890245307,0.30716485420181355,0.16216680309428758,1.2973822088355917,1.2539334734627179,1.4262826516315015,0.9717466251620541,0.6222049674129003,-0.3303018717377016,1.2271350929170586,1.5551389159164128,-0.4333456211905697,0.18119989208542986,0.8008081994331746,0.45483372682814754,1.0898677643570804,0.42037816053726296,0.7928098618287942,1.0778592238893758,2.2126802202816007,2.558326219677375,0.8331647674655496,0.3508267942469423,-1.2649156036645868,0.7297250201454729,0.749137672003897,1.5725351527452387,1.278386370826599,1.4069883246506536,0.6145508412587164,0.905506442134642,1.826573296368834,1.0531869206367654,1.1792955782082268,0.39009407057723694,0.7337342838407116,0.9537513609923407,0.0,-0.8629237423358007,0.9480982327478418
272,2026,16,1955832,2026-05-16,Internacional 4 x 1 Vasco da Gama,1219,Internacional,37.02,62.98,Casa,-0.0247979204497287,0.576476727235855,0.8583154148464764,0.5096423910530274,0.8453642732264236,-0.27243474309919363,0.25163820861913255,1.271981300855048,-0.7545653167327149,-0.4072833394875363,-0.6247447665499439,0.8866902989231932,0.831247762448597,0.3781926164603272,-0.41748217307601787,1.7463753501026518,0.8619939921800385,0.6971821141271187,0.9089839915055454,1.4362124740535651,0.6985868773538418,0.04259524830505958,-0.9517196546219902,-0.513051962647963,0.714750225069107,0.2986389482867474,3.1362553405256417,3.046372523613415,3.137174569231363,-0.5216834769144146,0.35369256692565315,0.6341310251118436,-0.09908922872915948,2.1164569397437694,0.5428853301119145,-0.2709169975044589,0.11490558007918385,-0.4423135770745134,0.8916547218815392,0.7127225553063004,3.2704942434875317,1.3255964249782806,-0.4491130231261517,0.5909249113134108,2.571478174124758,0.2692307692307693,2.990289565103741
273,2026,16,1955813,2026-05-16,Fluminense 2 x 1 Sao Paulo,1224,Sao Paulo,49.45,50.55,Fora,-0.1765125470608394,0.25275323401445593,-0.14574929483586155,-0.3881930175299405,-0.002034568726988496,-2.331725069604788,-0.39497909486408367,1.5781558240034737,0.8435719180534063,-1.5628229602178763,0.43977367898208347,-0.1912011707780077,0.22393230633460162,0.09813067629253179,0.01836930735270391,1.4118399477741423,-0.7550891368882483,0.02787839437573542,0.40719702931405005,0.4873159230985381,0.5307757611639193,0.27573262594886816,1.1434438520922754,-0.4372716682253184,-0.2518024320735808,0.21293277517100226,-1.0187432639472216,-0.5996584784648737,-1.050590090054775,0.2937100401296008,-0.5332959041905937,0.9670656080024522,0.2459233537810779,-0.9731815673241835,-1.119223896706257,-0.1670723168591972,0.6803945601362378,0.1522749258364951,0.17451891814894502,-0.08523657835213756,0.1684303842133039,-0.2688932826296834,-0.28821350488668473,-0.2879308494896355,-0.7430428494079853,-1.046449728472674,-0.15339299776947415
274,2026,16,1955832,2026-05-16,Internacional 4 x 1 Vasco da Gama,1226,Vasco da Gama,62.98,37.02,Fora,-0.8824620155655195,-1.4455050790056865,-0.9658982613631469,-0.7417967022289851,-0.9102710635819475,0.20168799210781435,-1.2736227149359824,-0.9017636141014899,-0.10313689412829073,-0.8683635855671511,-0.6029175938533585,-1.8163684060510579,-0.585244508988441,-0.10306383837199957,-0.8681362832758783,-1.75664803910534,-1.2306962503218282,-0.7283931034488595,-1.1773007096683612,-3.6335194847065067,-3.9692960136309035,-1.3854540815072487,-0.1725066046593355,0.3380074514374121,1.1975024101801122,-1.5935186020171717,-1.894424493959115,-0.663322903259904,-1.0874932374734225,-0.5415673360980244,-0.8121512475931832,-0.0970952613594291,-0.016727781874183525,-1.4768497534700198,-0.9320419374737126,-0.6716518606635541,-0.2086352479822937,-0.7315224051335908,-1.2401780113427199,-1.2178333560108818,-0.19824558013652685,-1.3655116050672527,1.3270256672582925,-1.212846754326984,-1.6614558590849893,-2.3759548165574573,-0.23990405756162692
275,2026,16,1955813,2026-05-16,Fluminense 2 x 1 Sao Paulo,1232,Fluminense,50.55,49.45,Casa,-0.0071368787975464865,0.09308920548651313,-0.021250009068224846,-0.6295545884252567,-0.0604375336286441,-1.5282828887250013,-0.2706204494725911,1.9886556854993258,0.17605258135205465,-1.1170841088925465,-0.19084836516911804,0.8883257722197577,1.3429656112258448,0.016172477364188875,-0.36208384139804395,0.14857527945300916,-0.8805921979435141,0.28497854266571127,-0.0733709088604687,0.7916390948403763,0.5655827984530184,-0.20054274183910958,0.5397597909115709,-0.29893743160786895,-0.7657569874339895,-0.682128246666528,-0.26356833569584015,-0.9228307761133641,0.7779169104884267,-0.883288267850424,0.8284758359215909,0.8331813410212231,-0.7550137747524764,-0.2658512949938644,-0.6140650161042619,-0.3680293308198327,0.08526344065836165,-0.8506332581523016,0.49623411277279184,-0.30918474509502253,0.38770240185074306,0.4129294654683887,-0.938880309133487,-0.3984470030871228,0.47041085297561275,0.2692307692307693,0.33595657034169796
276,2026,16,1955829,2026-05-16,Atletico MG 3 x 1 Mirassol,1235,Atletico MG,47.93,52.07,Casa,0.4240626566382421,0.25583483454633016,-0.36309282986875896,-0.07355604548240693,0.0569867563421375,-0.3531555094190638,-0.2310260322968856,1.0765803708452022,0.10897513743692588,0.15609950671864647,0.9363637009426379,0.6883813341977353,-0.4504530376281579,-0.5318464301752931,-0.021197444995355433,0.3772959787552237,-0.29859401451572914,1.2034798952781498,1.156422687790161,0.4199605255658081,0.5985847193697283,-0.3984029673958118,-0.09580912140175582,-0.21293277517100223,-0.5202316434616343,-0.15267126148108967,-0.550791055225894,0.3826264940943914,-0.7679497985370002,0.39595747026211825,0.2713628009628844,0.3438749117343799,0.4800038548193174,-1.7628363392741782,0.5926508322631148,-0.7471506529276413,0.7862298351374232,-0.07661460190581651,0.2995856351613526,0.14470602761964957,0.6875000000000001,0.13513089967544809,-0.4657612069315609,1.0751774159666976,1.1279149032553417,0.18160817807303692,1.3997084244475304
277,2026,16,1955829,2026-05-16,Atletico MG 3 x 1 Mirassol,6332,Mirassol,52.07,47.93,Fora,0.3533892488525594,0.1653195630334749,-0.24837836509537745,-0.22273545748824392,-0.05668460378296736,-0.1856232966439111,-0.8824942498637449,1.0179506099689972,0.2026600821821482,-0.5998295650092614,-0.2813698243874183,1.843981749151731,0.4818438927194797,-0.37669088715395255,-0.14545866894925366,-0.3900725797752959,-0.6603530623489828,-0.22343075083378794,0.45101819534306237,0.7324096128940434,-0.5823010999243414,-1.488715773602303,1.2594221877820253,-0.49775187906810003,-0.12517731920404984,-1.2004805481038343,-0.21875000000000003,-0.4431337348995535,0.6560058224199474,-0.2269899462895567,0.053863759735992174,0.4942475647665449,-0.6876078027187901,-0.8165288452918585,0.8401847643472296,-0.8190388268997546,0.052756513405034865,-1.1701955858353588,-0.04721921646498866,0.21698677046802356,0.0,1.7448139766343091,-0.37155347505437314,0.1384921649603121,-1.3685228950209667,-1.5109662034355793,-0.2180103600984736
278,2026,15,1955783,2026-05-11,Vasco da Gama 1 x 0 Athletico Paranaense,1226,Vasco da Gama,51.71,48.29,Casa,-0.3468853793505059,0.8753979242342343,-0.1450022543851032,0.32100907721812655,0.2180917858183451,-0.21276238340265938,0.057027882758327854,-0.08489532180951932,-1.0848891248833703,0.07126710366275954,-1.61295212207521,1.0080558022525026,0.2736112449358925,1.958212929067992,0.3530001378254667,-0.9316803552732541,1.0113901506194474,0.4577847862684054,0.2877846179189327,0.902594012124546,0.4434159743220239,-0.31213787607080296,-0.9387437102486349,-0.19368966318323583,0.9066306072651387,-0.45674100057817035,0.7913418772234276,-0.19625784452715797,0.23995684654679697,-0.5409190197647437,0.8044594542025347,0.671738944384293,0.45367804580410775,1.165320745576989,0.2059565372561532,-0.2461710439536103,0.7747006991082334,-0.3486695575870387,0.8967441005093512,0.39245928932385765,-0.19824558013652685,0.842100899250841,0.7763158001136131,0.3200155187354531,0.7242243488319183,1.4255728899344744,-0.23990405756162692
279,2026,15,1955783,2026-05-11,Vasco da Gama 1 x 0 Athletico Paranaense,1243,Athletico Paranaense,48.29,51.71,Fora,-0.8369357976227894,-0.5256301449488027,-0.8204531344211691,0.04409308932586098,-0.47842797019779004,-1.340831436118758,-0.09551825643899833,0.6828352160751134,-0.9339972350285901,-0.421471828910657,-0.8509078697946627,-0.8853905989095922,0.010070414571057403,0.04832553475822469,0.17677989025021643,-0.7779250918142334,-0.3303836821662992,0.19966843125529654,-0.4555003762914951,-1.8721256285121568,-0.09757483278066745,0.4740491163739214,-2.4651851279074197,0.04641341603506662,0.05252822312493904,-0.6689980084708657,-1.5879984667608413,-0.5874529726588403,-0.7209997357968757,-0.35637479840869823,-0.8796477616896502,-0.14949085219054342,0.8316541334675261,-1.0283784616959293,0.7294714839405453,0.06814127127426108,-1.170805195766218,-0.6426750045498018,-0.3943357772490567,-0.49642038237853114,-1.4340694787641493,-0.04594544750080085,0.8905999011733844,-0.6094455412455091,-1.0418645221412466,0.16912752287293448,-1.4508582304931121
280,2026,15,1955807,2026-05-10,Bahia 1 x 2 Cruzeiro,1221,Bahia,49.12,50.88,Casa,-0.38862889187293015,-0.1154951876710005,-0.9360138244352828,-0.624880016002118,-0.9362182580004597,-0.12916614232802134,-1.5842316785592743,1.6143939171038761,-0.15751254999713024,-0.7461922390761588,-0.22223689005129346,-0.24167702913206215,-0.006977377619061043,0.011604222023011613,-0.38399706269800105,0.037725814578128306,-0.3895901106020417,-3.247843287417095,-0.6181820498799371,0.5285941398709245,-1.1269138915642396,-1.835404499672852,-0.6582903711497993,-0.7210871806722007,-0.0260501823092587,-1.1799699654434508,-0.45643546458763845,-0.48686144124828956,-0.764895465085756,-0.7759277847940858,0.5609197687756503,-1.7345383827127725,-0.45998016153198795,-0.3324843317389465,-0.9311277859434517,-1.1257780339388705,-1.1520723895012137,-1.3538166489853232,-0.4545324114471422,-0.9145459589727175,-1.4670289407654775,-0.284307550336192,-0.8891813166729979,-0.2610084531126193,-0.9931270663228416,-0.7300956427599691,-0.5392598510399419
281,2026,15,1955790,2026-05-10,Corinthians 3 x 2 Sao Paulo,1224,Sao Paulo,49.7,50.3,Fora,0.08482630025593904,-0.7777237018509683,0.081210161042767,-1.0816318279511865,-0.6526167867895908,0.8570520295717766,-0.07140864991893012,-0.41300378033231866,-0.01792776889806689,-0.6486562868353324,0.026356511827836056,-0.08480911575460795,0.5993570472773532,-0.3396831102433786,-0.21224530689696036,0.4714525745155407,0.4471221002805277,-0.21856645850151366,-1.2797620921298716,-1.2792042981336627,-0.9240587001324246,0.01778920167412088,1.9270733642242401,-0.5998470320526803,-0.6245315641249309,0.21293277517100226,-0.40325254197910865,1.485247610190501,-0.6674348007809722,-1.0607933517879184,-0.364781746990695,0.43640296645003235,-0.8762776685934335,-1.2163298532662143,-1.1731264381571798,-1.089947971890954,-2.081510852871299,-1.0841974719558443,-0.6689891862376227,-0.8714904196291452,0.1684303842133039,-0.18547973814474922,-0.6998816664582277,-0.9598951336637649,-0.7430428494079853,-2.310909817043821,0.958706236059213
282,2026,15,1955795,2026-05-10,Atletico MG 1 x 1 Botafogo RJ,1227,Botafogo RJ,57.49,42.51,Fora,0.5333158115041707,0.3403805993265805,-0.03121826657864858,-0.06605959018777482,0.2925660306448842,0.8322351068445257,-0.1736364207768491,0.3136629193903755,0.8450703699329272,0.8070182258742339,0.9287203344004706,0.1807016790576078,-0.34070794200315996,-0.30638713493648206,0.294124996209309,-1.3713829792454462,-0.27995183986941713,-0.9650153232498306,0.6140805908568017,0.7597039451766933,0.7370093893629318,-0.6795088853297467,0.4191505568046162,0.9467668534870636,0.37742961016448207,-0.5915994808202735,-0.150223153237736,-0.6357780135478309,-0.13189549037581505,0.34432415422091717,0.14996607144984392,0.526609774612491,-0.46577585827846296,0.5383164616123559,-0.6811031183059094,0.5058233164238718,-0.7384295390884694,0.6600404234800866,-0.02901294265928285,0.7522959519332538,-0.3278109752951825,0.07424663888682634,0.03755537735127862,0.6283549967847164,0.10640706634484359,0.5364179595739348,-0.37621940211260124
283,2026,15,1955807,2026-05-10,Bahia 1 x 2 Cruzeiro,1230,Cruzeiro,50.88,49.12,Fora,0.01618611724460109,0.5430483543104098,-0.026036453016675842,0.24428864752991017,0.5073997527136691,0.21622849919287235,0.03876644152088209,0.9445290869503602,-0.5059971717179141,1.476257993579821,-0.015697689049043364,0.18120796031067354,0.5705631074920398,0.4434893941576836,0.14222433128333511,-0.9520883257331176,-0.15574670704786608,0.1701253371902296,0.9630363567333498,0.6234433350672705,0.6823754850374834,0.1708330495638212,0.45296693363091556,-0.8747229343877064,-0.4192332007829874,0.6574237038389709,-0.24000113610274143,0.7503327835406343,-0.3227183346433148,0.3454153405797197,-0.404705278626251,0.6830723894579996,-0.37320458586442523,0.4031128826113258,0.6018309527930205,-0.034191156468485494,1.4702980571581126,1.1706200739427297,0.4964384192434611,0.6885536367328509,0.6708203932499368,0.003520155815541592,-0.498695278917439,0.46546277992983354,0.5275153878482985,0.3365945337491576,0.5174548896682011
284,2026,15,1955810,2026-05-10,Remo 1 x 1 Palmeiras,1234,Palmeiras,72.28,27.72,Fora,0.5318098696541583,0.7682582140284739,0.3310543590743499,0.8843622988171564,0.44199299537419645,-0.718271598115833,0.21564658679836465,1.4655434319018277,-0.7028161039867791,1.6722450591572167,1.1252142930088997,1.1832368793068495,-2.4461403811672184,0.20918039507378866,1.1680030791753602,1.1800659659175001,-0.63137573904764,0.5301321063557081,0.3109126351029605,1.3849367467617864,0.7258876116547466,0.5619759897063475,-0.2109250646766724,1.394775346617036,0.6215780210068058,1.5417798386580395,-1.2841489249843496,-0.7646231423605362,-0.017131030874301522,0.9429615934343718,0.35829190033133895,-1.4312380059131091,1.0048767734519188,1.036557511830028,0.5530533165523074,1.5846460581119248,-0.7852469776621179,0.5039715295236975,0.09475587393582688,0.4589232437059949,-0.4564354645876384,0.32037594425859667,0.7645744701029686,0.3880709161325604,-0.7100347721015928,-0.3521803625302495,-0.5285941398709242
285,2026,15,1955795,2026-05-10,Atletico MG 1 x 1 Botafogo RJ,1235,Atletico MG,42.51,57.49,Casa,-0.152366212857252,-0.2464772802747815,-0.20831654418655807,-0.19721262745637475,-0.11513712003739543,-0.7189392937087038,-0.46748797123605096,-0.6607120400365307,0.3915766830441316,0.28161683582393576,0.769903865813929,-0.9245243167156031,-0.01802040226075167,-0.35145407374156795,-0.7036028750918196,2.19312457074068,0.42130867463418475,-0.8995684727954197,0.2581300642388752,-0.1889822365046136,0.3995712436968307,-0.5504251523231611,1.7920059670523576,-1.1879407456908548,-1.366726070627317,0.21628428709821043,-0.550791055225894,-0.5978848627086769,-0.9690325660300064,0.20398681154881904,0.8682310858363531,-0.6548851074050643,-0.3934051030124788,-0.3355816877536475,-0.2638505306081918,-0.048203267930815655,1.101435740745419,0.7313212000100684,-0.21147221305507238,-0.24627159732881257,-0.21875000000000008,-0.8117672755605654,-1.081407847449349,-0.31081188703156076,-0.10640706634484358,0.18160817807303692,-0.2916059217599022
286,2026,15,1955790,2026-05-10,Corinthians 3 x 2 Sao Paulo,1237,Corinthians,50.3,49.7,Casa,0.14623445502358096,-0.5892615467377339,0.3630262305894485,-0.008315911944276402,0.6033667036825334,-0.6781560394067484,-1.1386872981642782,0.39812210817215143,-0.13860964071726703,-1.1091340275939787,0.30359522141262624,1.0529431745718854,0.4661878253249867,-0.6510982673529605,-0.3269812469814516,-1.7415489882141497,-2.4611905800444696,-1.293878002826861,-0.9225312080288851,-0.4564354645876384,-1.8025003520055223,-0.4361573525135206,0.4871159135206158,-0.14056469004522948,-0.5440210737945963,0.87443425847316,1.2239801227242093,1.8444759113104066,0.16934913137745608,0.275922182977202,-0.6121583906721741,0.3368809096283045,-0.4470495851462224,0.3222574470220137,-0.18439369263009892,0.30197778770665495,1.6216151774586671,0.4416502519584305,0.31822291367029193,0.38112534488782324,2.311655251113366,0.02731709217645577,-0.8426618394808265,0.38112534488782324,0.8714437594827462,-0.8118121097900862,2.311655251113366
287,2026,15,1955798,2026-05-10,Gremio 0 x 1 Flamengo,1239,Flamengo,67.83,32.17,Fora,0.6093542175921844,0.9383227669948224,1.326766643839479,0.8439476742574843,0.31613978529389375,0.4714823810535323,0.5105312288608165,-0.30996618481581373,0.5411687528734273,0.544098159715089,1.055077757150575,0.2991330291399175,1.1886443196169083,0.7103909370939034,0.8198583945670161,1.0680298104147308,0.6706838058021815,1.2577952239374446,1.4145484063608282,0.8084933299575416,0.4896253007299858,1.8588501764636656,0.5444728405610835,1.7136346326931644,1.4170598609507246,2.0787374292759306,-0.07271792483455793,-0.4795584519572348,1.837622708877588,1.3172653943445878,-1.3852067298384425,0.7856752646313124,0.6811211551471207,0.3094607656917693,1.0679433818464592,1.2825432106711432,0.8524754764456979,0.8781221543001357,-0.08551382496180245,0.5192164715172769,-0.7216617351891165,-0.19750237629946998,1.4294723659458755,0.4102107061178202,-0.05724940643805054,0.9587062360592129,-0.8329497642322214
288,2026,15,1955786,2026-05-10,Santos FC 2 x 0 Red Bull Bragantino,1241,Santos FC,50.92,49.08,Casa,0.018405471553946756,-0.03683566575007227,0.21556800288841912,0.6653061661997142,0.2567269698764793,1.223230289339476,-0.20079496419829626,0.07196983211550231,0.6702084718992356,0.3656539809028228,-0.019006580412467323,-0.671927979759006,0.9876679744821887,-0.08368461618210113,0.10884291277080685,1.4669264502960842,1.1803011249435427,-0.13275497531000474,-0.8108974484903692,0.6383964889013743,0.661164999947233,1.082853888870912,0.6334407653878736,0.253134888274707,-0.21730637237919667,-0.8652160462715237,0.5493137863828147,-0.9790381742093303,-0.36011926531426885,0.25819744032533626,-0.8637573287981624,0.8262664484305595,-0.4671386748098666,1.394347529806573,1.475818369476814,1.0906041480823965,-0.5036810039109432,-0.6238494604375225,0.08333333333333331,-0.1379768544953482,0.8353351483845164,0.3953816232286766,-0.15262741263576726,-0.47486839739183717,1.4169271182339207,1.3849367467617868,0.5513228042919811
289,2026,15,1955798,2026-05-10,Gremio 0 x 1 Flamengo,1244,Gremio,32.17,67.83,Casa,-1.0997072784738755,-0.9266709034084238,-0.8172714602772935,-0.9782983714730424,-1.1271740088130704,-2.4745065460188913,-0.13611352898039564,-0.6262537080134529,-1.6493693002254133,-1.3275698953843422,-1.123548340046517,-0.6488139769887575,0.7630214580298778,-1.1285010010818124,-0.9278840499876401,-0.8130528143292269,1.1836167080038096,1.4646488673587943,-1.5263781632900906,-0.12392039927415234,0.2552127257528954,0.6165839333979021,-1.339409943809658,-0.6265000678849624,-0.9952457841980694,-1.3045619093834508,-1.1128440840491032,-0.4819844129989614,-1.1368966899344886,-1.5302975330246942,0.6266395996129733,0.17119652161951515,-1.0798619053721599,-0.26619062417204414,-1.0368434233232713,-1.7450758880554351,-1.068917927654511,-1.22983422915428,-0.8498142740277413,-1.0452613091944822,-0.983192080250175,-0.8496513279996999,-1.04886990231317,-0.9675561058205482,-0.5892742099296294,0.36037498507822363,-0.9355360424393582
290,2026,15,1955810,2026-05-10,Remo 1 x 1 Palmeiras,4617,Remo,27.72,72.28,Casa,-0.8618946778357695,-0.6519414059306619,-0.9647893738454983,-0.6082897018045557,0.21206883216235167,-1.8078091192171417,0.050114659126974825,-0.1699064685308916,-1.6086922581986,1.1253800861245913,-0.7521462373571187,-0.6246641473004386,0.1692092562573267,-0.46437536661065276,-1.4035620239304245,-0.06377336174291867,-0.989129354759072,-1.1778580919262331,-1.6866773123953314,0.946849079213761,0.8306181707970904,-2.014056756143984,0.009793708405331192,-1.4371233471106526,-1.7498518225591064,-0.3931284148265242,-1.1605839599982106,-0.8448311961494738,-0.7936374733989497,-0.9640309472217494,2.6471949756732425,-2.537596535787556,-1.050254800777713,-0.7046379305598568,0.28576487134109657,-0.2887944958298472,1.4709375802349498,0.41892384921090414,0.318222913670292,0.6324186435977914,-0.0679627666030584,0.22085558526140575,-1.7273342087438153,0.43635608066398995,0.38911847780746406,0.6847124716486249,-0.13245323570650444
291,2026,15,1955786,2026-05-10,Santos FC 2 x 0 Red Bull Bragantino,5438,Red Bull Bragantino,49.08,50.92,Fora,-0.16995495615433212,-0.2108567105156907,0.12430791965001754,-0.15287397428593247,-0.5519491452620665,0.2733181007274317,1.0773105844658952,0.7192063688019613,-0.0061722835781062016,-1.542795190019015,0.2912279809325288,-1.455280679942623,-0.28649262347162346,-0.43291749476367686,-0.19325420873074087,-0.1795616684192809,0.3996746109481805,1.0167838531569608,0.6172133998483676,-0.8344685384167126,0.6547096937158557,1.9628627125830522,-0.1013342593546726,-0.18268409795144572,-1.2327404160951445,0.1308360679972598,-0.4432422071779363,-0.6390676735968801,-0.6205906981961521,-0.6145186908664436,-0.9064351862027518,0.7227252642843104,-0.3460283346100975,1.0630020025673284,-0.7139508742345171,-0.30970385998141947,-1.21962486342574,-0.8161565865007725,0.08667027800348794,-0.819091881516392,-1.1250000000000002,-0.38666524341949765,-0.39074542456695643,-0.8629750311390986,-1.4267699585496896,-1.0135855282610855,-1.1696539882637542
292,2026,15,1955792,2026-05-10,Mirassol 1 x 1 Chapecoense AF,6332,Mirassol,59.75,40.25,Casa,0.5353303909969656,0.6241859248825068,0.7752522767022024,-0.18646137880830485,0.04322756861231217,0.2714990294380809,0.6924185652777068,-0.6582328759934197,0.462558286704026,0.42906192299677404,0.7332599606888451,0.4171853953366784,0.2779261434914521,0.37669088715395255,0.41344389754101707,-1.8433694077600224,-0.6605504661967115,0.8197903645037338,0.9741993019410146,0.7324096128940434,0.9332319903520241,1.2490688441931512,0.3901465979069221,1.640737675446697,0.40939870120315963,0.8235854923037932,0.6875,0.10571029509544211,-0.1395249496373489,0.9649445369509234,0.13752794009248467,-0.3353254907623515,-0.0472722649067703,-1.3629445597069032,-0.30057322757046934,0.2072876043388271,1.0917767598576302,1.5962994132862773,-0.7318978552073229,-0.09089468236591464,0.0,-0.8560764359784301,0.7973762758591133,-0.19473404639283762,0.25136134806507554,0.4807619738204117,-0.2180103600984736
293,2026,15,1955792,2026-05-10,Mirassol 1 x 1 Chapecoense AF,8865,Chapecoense AF,40.25,59.75,Fora,0.5182140255537396,-0.27898945474656256,-0.396778094198863,-0.2873158504256559,-0.4870216601913519,-0.08505795599286363,0.03103316175559441,1.653601650565953,-0.5949526387488652,1.093855773006495,0.4563148722424068,1.5594996275972295,-0.019722196162997065,-0.5334268708336383,-0.8579364100620789,-1.156839911133812,-0.20679436402040194,-0.9967675695952918,0.09420556982403705,0.18119989208542986,0.6456989945832512,-0.17407216705768544,-0.5346941944317939,-0.3913865632588304,-0.7364430740439487,-0.6566268835188154,-0.20115274729832733,-0.712933073662111,-0.4227360096277257,-0.2818052596798028,0.6854160736130968,-0.2894538375552063,-0.5085427296412531,-0.07156741677203828,-0.28734799560952945,-0.6793868857347394,-0.5628938104435969,-0.24695630240035693,-0.39708115138452915,-0.37763368769358463,-0.9510448211356669,-0.3111985483912676,-0.30942215010248286,-0.49388292981203785,0.6720215050322471,0.9268440195458597,-0.035114749361031275
294,2026,15,1955802,2026-05-09,Coritiba 2 x 2 Internacional,1219,Internacional,66.67,33.33,Fora,0.1529068178116223,0.36667597880200087,0.6085780273243151,1.0485108430152104,1.5996159823949654,0.44455422597944166,0.18406868963806908,-1.5506567471288188,0.16356135866512117,-0.4050637418998944,0.9732841110958604,-0.8156766180716225,0.6365871454851574,0.5072230385467918,1.0790949947515343,-0.008080831172903943,0.20877944645083096,0.7272073009117416,0.11017987775824782,-0.22979399584857052,-0.3753404910442139,0.7837525688130957,0.16733096244644532,2.0666891559891742,1.8771806324045968,0.6193993001502908,0.5742439355892021,-0.8378079883825558,-0.5599477590423177,1.2093213782759284,0.11408239231323294,0.486774487232594,1.7987106388691094,0.3914074790806356,0.7946038758351679,1.0663754157090397,-0.1832020740322674,1.291077468217499,2.4127127768559298,2.5574075739558295,1.1149412193707493,1.000329889401008,1.4844060309818914,2.3262239944170986,0.13975424859373686,-0.8461538461538461,0.9498566853858941
295,2026,15,1955780,2026-05-09,Fluminense 2 x 2 Vitoria,1232,Fluminense,57.83,42.17,Casa,0.07043648368127478,1.014238152202068,-0.2925745933022869,0.18933213133814708,-0.5044292699940686,0.5482319025316323,0.7530308159237302,-0.4751951090958692,0.3141608165202967,0.2936093483078685,0.3537912216954694,-0.8369689583026243,0.5190775309524757,0.9541761644871478,1.107854444169062,-0.8781371746106105,-0.8973487969434483,0.4975606965509621,1.2032829053116858,0.7916390948403763,0.7709053621567983,-0.04336059283007759,-0.2924789875077839,-0.543139840526973,0.302728729997836,0.5738539217988251,-1.112844084049103,-0.9228307761133641,-0.33747797669860913,0.7577436818715786,-0.6342375260872078,-0.8111249977431025,1.4000745942734096,-1.0186424027117509,-0.3818473480806493,-0.16473693855744886,1.283987628518374,-0.5007273789123478,-1.0185858104283618,-0.9753703389412102,0.38770240185074306,-0.6479069904986042,0.1888219031837069,-1.0728254689858807,-0.3320547197474913,-0.8461538461538461,0.33595657034169796
296,2026,15,1955802,2026-05-09,Coritiba 2 x 2 Internacional,1236,Coritiba,33.33,66.67,Casa,-0.1854170457733856,-0.6775740639984814,0.17946278860878395,-0.3189382365160024,-0.2555542134302842,0.38952121448854016,1.8649105399822614,0.33096643040841905,-1.3464728156769643,0.03720743112377088,-0.986244158198068,-0.0353499671771452,-0.21366777075822824,-0.8921284740826874,-0.5065302527900808,-1.594613797125106,1.561423724444193,0.6385326827656213,-0.6938387004801858,-0.6177988286409719,0.9056139808774476,1.8242489974986544,-1.1229164479253633,-0.6682536592310867,-1.1974827512498816,0.050371282451232124,0.29454311537913846,0.7421356240693346,0.6987834434801287,-0.7272991141819422,0.15020908662999385,0.677218801729044,-0.8029675401484256,0.6430994793439754,-0.38858577107761727,-0.21981315681363356,-0.21898124626423263,-0.5865681557778261,-0.4783446031074604,-0.6294556727879911,0.8118121097900862,-0.2822950127572513,-0.6001884832889962,-0.6484968912392418,0.19302285912054576,-0.2865127435888428,0.6708203932499368
297,2026,15,1955780,2026-05-09,Fluminense 2 x 2 Vitoria,1238,Vitoria,42.17,57.83,Fora,-0.181497466880571,0.87993621903332,-0.28423431059905696,0.008327170525407365,-0.4535702984225721,-0.3509438854104508,0.04496942659418349,-0.9974379076882166,0.4008287407252689,-0.3810215600300453,-1.3495570957250194,0.7024080808302263,0.7130779488546235,1.3038248901154497,0.8825011538418043,1.0251264222494676,0.8820615051865265,0.08952630518748311,-0.1386434997329425,1.4720623319089687,0.7135771887123606,-0.434576917749653,1.2318260660437879,-0.32166732639009443,0.16241669653349597,-1.0915364683067323,-0.275198396889763,-0.610269012372018,-0.8142528203018868,-0.5450036818462362,-0.2675562638402651,0.4967602806133519,0.4612963492107786,0.5034734350991714,-0.3864574203620844,0.0527718568849941,-0.7111854907883263,-0.5745378809452789,-0.9460264891125479,-0.6665724715420412,0.03450327796711767,-0.5682127852835787,0.4454785872850689,0.2940517355450411,0.1720052290384454,-0.39999999999999997,0.84444074320012
298,2026,14,1955761,2026-05-04,Mirassol 2 x 1 Corinthians,1237,Corinthians,59.67,40.33,Fora,0.8270462104651687,0.0745935821971364,-0.23119661010027595,-0.34944990980982127,-0.7815860774134353,0.07385610235522717,1.238891780402735,-0.1379324369797019,-0.3800406004811488,-0.11389546623082424,0.2624422887645197,2.0798418428852363,0.8356492763672062,-0.5552513142908495,-0.3219373970592032,-0.2671197156920117,1.0870582182557813,1.0248760111647197,0.749556606523469,0.4260064336151293,0.33973803218499327,1.0177004891982149,-0.6737914295626865,0.7386536653357147,0.4936057620119023,-1.0762267796592737,-0.5507910552258941,-0.3339293753535263,-0.8427245506877313,-0.10936624310276934,-1.0602823011723927,1.0873237843815033,-0.5502961534777892,-0.7216453903622172,-0.016491852296509322,-0.9824344026723184,0.768932544070694,-0.27991917377646985,-1.219854502402786,-1.038178170460118,-0.04055535528269071,-1.0629012032765706,0.500628783368179,-1.038178170460118,-0.6601846662748077,-0.8118121097900862,-0.04055535528269071
299,2026,14,1955761,2026-05-04,Mirassol 2 x 1 Corinthians,6332,Mirassol,40.33,59.67,Casa,0.48104583023820335,0.008942861453448914,-0.20955416178630518,-1.2235481497846403,-1.3367756162815008,-0.5989535060047105,-0.0162922015359464,-0.03877376161600403,0.7498380816410368,-1.2230156706745,0.4049973831641715,1.1386698846963375,0.3412085937009052,-0.9417272178848815,-0.9907008044353568,-1.0998221934422554,0.6411114788482011,1.2645402507884196,1.2357898552399906,0.7324096128940434,0.6959890370215285,-0.43572168983482057,0.7642902444288183,-1.0323742676967993,-0.7569489796852974,-1.2004805481038343,-0.21875000000000003,0.1954179808552294,0.8657112904888047,-0.29774493351016057,1.5372867925384708,-0.1420077470414379,-0.7069060895931476,-2.2325439269198286,-1.6569976491154248,-1.991983319743848,-1.8521139384247238,-1.3546285857768012,-1.416576493949657,-1.802802907058596,0.0,-1.2515142509262867,-0.9658138512170957,-0.6503908864133867,1.0613034696080965,0.4807619738204117,1.046449728472674
300,2026,14,1955767,2026-05-03,Internacional 2 x 0 Fluminense,1219,Internacional,31.17,68.83,Casa,0.2245591245355509,1.3123992203691657,0.2003555822451646,-0.2753148811327485,0.5781488092882423,-0.09726367718435493,-0.35648746221043875,-1.0646721093020304,1.2377815967182453,-0.9757534374544787,0.5306501709278596,-0.1305777368420017,0.6308907746489467,1.7975272594114382,0.30806904275881647,0.41867878048871765,0.5302000314916417,0.8829779699503645,1.7077881052528432,1.4362124740535651,0.8275896389788039,-0.08093097177961311,2.226440904725572,-0.6330399216543415,0.08840803265226176,0.6193993001502908,-0.06625891564490792,0.7839877107290196,-0.8634769023260129,-0.21337276973008992,-1.1020377122161542,0.828312628035669,0.43033544603191765,-0.5822333198268088,-0.7359888810060128,-0.18733622167861524,-0.6005527897882984,0.5977210501006941,0.8916547218815392,0.8517142782330455,1.1149412193707493,0.22667137592475872,-0.7611590846488675,0.7216747178740758,1.7609035322810844,1.3846153846153846,0.9498566853858941
301,2026,14,1955755,2026-05-03,Sao Paulo 2 x 2 Bahia,1221,Bahia,62.2,37.8,Fora,-0.7080028598204648,0.5707334993950223,-0.3009315414683371,0.5177212156569547,0.7281199298609762,-0.8828549356799177,-0.8933637285108688,0.43338310738562785,-0.16968716774202677,1.0127698413244481,-0.31420116758946676,-1.1809613287308325,-2.2264634379369324,1.133345684247482,1.1922978316061499,0.9781711490095693,-0.7170597047389189,-0.2562962546267981,0.23549792376378548,-0.27820744203732845,-0.233087040237903,-0.181466546577824,-0.7330104614035052,-0.44226680414561625,0.06276896602243573,-0.27946657076292264,0.20539595906443725,-0.3437733531550047,-0.37477482498459175,0.5599953588902497,-0.8407627823210837,0.2031880236259852,0.8068356330641303,0.4538937609846752,0.25016010968876395,1.1103564170355982,0.4373602856099507,1.1480896091885338,0.09469425238482122,0.7831148715231371,1.1113855611859678,0.08378296273310168,0.8301234106195611,0.43093458978757554,-0.19310804067388587,-0.7300956427599691,0.577778411828509
302,2026,14,1955755,2026-05-03,Sao Paulo 2 x 2 Bahia,1224,Sao Paulo,37.8,62.2,Casa,-1.2541206429027634,-0.26832122815126175,-0.4268794776120921,0.4955132445465923,0.6938112128353032,-2.2035274235969906,-1.6892608746446978,-0.9073841615458289,-1.0159233766388072,-0.02125128207423087,-1.3359328263845696,-0.6628196833444212,0.32910262959839864,-0.230229663609401,-0.17952444221456518,-0.99438836194529,-0.27078957028008965,-1.129376560141634,-0.2675866192635186,-0.3959441875175622,0.4108457505530967,-1.400899631836989,-1.2602605434987708,-1.0062854416210851,-0.6629763229189752,-0.11206988166894868,0.21223817998900435,0.40617910331504264,1.0060004529642366,-1.053958091311361,0.6071804972923646,-2.444104189040026,0.14184021751336365,1.5091943150885654,1.3849765368958011,0.8711627950515292,0.5382115272915777,0.8588305817178319,0.17451891814894502,0.80873828956274,1.3895506697597566,0.07039840058104492,-0.7370645971808188,0.4760961741652368,0.02653724462171376,-1.046449728472674,0.958706236059213
303,2026,14,1955911,2026-05-03,Flamengo 2 x 2 Vasco da Gama,1226,Vasco da Gama,53.27,46.73,Fora,-0.3657910713238027,1.1528732063303888,-0.11821006469280204,0.37094176990524164,0.04685825906103739,-0.09290957104892532,-0.5417648862041118,-1.9748705917650475,0.7461458804027521,-1.8254195168504472,0.21019196345731375,-1.4790383892698626,0.3967454647022983,1.3398298988359945,0.982470300751612,-0.9195484775698411,0.722116269282999,-0.9228016184673645,1.386598613609403,0.902594012124546,0.7011569212295022,0.4545165563838012,1.0084929568643854,-0.7253867778038837,0.13046182880429383,0.9642310012205814,-1.2229829011634794,-0.7356450172114506,-1.188131223658217,-0.027218856298730967,-1.2514403858794392,0.029141285126035994,1.8193344721875782,-0.15722058909006242,-0.15112794717781816,-0.07597871726963278,0.6217373295608184,0.4170361375060653,-0.17171695541668439,-0.1687143990268493,0.7269004605005989,-0.4152424768520649,1.0030786865849515,-0.21417432433452008,0.12780429685269148,-0.47519096331149147,0.5997601439040671
304,2026,14,1955764,2026-05-03,Cruzeiro 1 x 3 Atletico MG,1230,Cruzeiro,71.36,28.64,Casa,0.5467401692062553,0.8478993552909996,-0.07039774645578352,0.188586621954686,-1.1222888968751985,1.6329093083461617,-0.4430450459529421,1.1689499082476629,0.728803155158189,-0.027777723758829007,1.5802990393872132,-0.6105728831669881,-2.055340329068055,1.1386889849994581,1.3825327019348728,-0.29256526267654687,-0.7197885050822349,-0.5953471603677558,0.24693239916239726,0.6234433350672705,0.6823754850374834,-0.2420134868820807,-0.9570823301910413,0.6472949714469017,0.42736565632097123,-0.09515343081879818,-0.24000113610274143,-0.8425624332079475,0.4645689338130586,1.7042106669843908,0.9916747320182571,0.30616701989238193,0.9704246367744868,-1.46719697776899,-0.4530918381711435,-1.1496776362528296,-1.652026572036203,-0.3625146035435549,-1.2311672797237831,-1.2137658681143313,-1.49071198499986,-1.3745677085945482,0.5490114780284432,-0.26591917430998696,-1.3082381618637804,-1.4381766442009458,-0.5544159532159296
305,2026,14,1955767,2026-05-03,Internacional 2 x 0 Fluminense,1232,Fluminense,68.83,31.17,Fora,0.03252079659289285,-0.35943005656389104,-0.8924721415895985,-0.6650895181646759,-0.7404214698991318,1.041996683191875,-1.4990019679481768,-0.2768665621625097,-0.017716867629322224,-0.21085416746661895,-0.4035406980324245,0.7229309766245668,1.0259835699632904,-0.21832844441655086,-1.0871750612799251,-1.5099602232651455,-0.15230989494726038,-0.8531439811438463,-0.2861465445558278,0.15392982399673974,-0.7825865550515517,-1.9295463809384614,-0.9807308611485128,1.4104794308258588,1.377135235970641,-1.624114873015543,-1.112844084049103,-0.9228307761133641,-1.1180760812118304,-0.3119399143401474,-0.18180241315228782,-0.2257611802350378,-0.9141636387889946,-0.3380702793115153,-1.0961842402180464,-0.9779065076069842,-2.0635606590610673,-0.6756803185323247,-0.26117584882778494,-0.775727183563758,-1.4861925404278487,-0.3110457572803701,0.8367681620945643,-0.87072706563656,-1.9369858651936993,-0.8461538461538461,-1.61259153764015
306,2026,14,1955764,2026-05-03,Cruzeiro 1 x 3 Atletico MG,1235,Atletico MG,28.64,71.36,Fora,-0.25277284332631633,0.047432301650310454,-0.6849336779309244,-0.30412073198993084,-0.17645629003974667,0.12194296902610098,-0.15220538598383046,0.6051708551790009,-0.7900991784178946,0.046675635298315865,-1.2865946487084527,0.8086236577876756,0.7738194389662332,0.64070388664392,-0.22069163325984445,-0.16028485439836537,0.7303332768363341,-1.2945274981893584,-0.04130081027822013,-0.1889822365046136,0.6699529240159997,-1.1585138920325584,-1.1311823889259298,-2.0004473877907323,-1.3910848758646932,-0.15267126148108967,-0.550791055225894,-0.8267702817578287,0.8840039178706578,-1.286939034414341,1.1004733805122862,-0.3300229875256219,-0.8437409254084741,0.6219435847854436,0.2922534470776484,-0.7471506529276413,-0.08058640528456233,-1.6924862057375862,-0.21147221305507238,-0.5520164669066469,0.6875000000000001,1.8731045281331262,-1.7687030194067064,0.39142057908774985,1.1279149032553417,0.18160817807303692,1.3997084244475304
307,2026,14,1955911,2026-05-03,Flamengo 2 x 2 Vasco da Gama,1239,Flamengo,46.73,53.27,Casa,-0.8044140314838668,-1.112457288391524,-1.3535936236810897,-0.8361210344890215,-0.7809146602438992,0.2610549187285914,-0.18619374229041577,-0.30996618481581373,-1.6350145029911576,0.09115827066687822,-1.9042112054011542,-0.08376742107707648,-0.3072581651312599,-1.2682685656591728,-1.2230240194000315,3.112128050731732,-0.4692130060448675,-0.7471570239777605,-2.0565357600168968,0.09799919151000508,0.5130892957850492,-0.9395827394693393,-2.206453087014954,-0.7996961619234767,-1.1272420524488944,-1.516143354380151,-1.4785978049693447,-0.9788300145233808,-1.181088594329271,-1.3773020387725416,0.04567481181802501,-0.4130867118096226,-1.3407106441438943,0.8600315568434331,-1.4865030118830833,-1.1546542865301463,-0.07863284705267948,-0.8451100432362209,-0.705489055934871,-0.8639387550888574,-0.7216617351891165,-0.3203785021817677,-0.7768174690108012,0.06700964239665215,-0.6106603353392058,-1.2654922315981612,0.02974820586543654
308,2026,14,1955770,2026-05-03,Athletico Paranaense 0 x 0 Gremio,1243,Athletico Paranaense,46.73,53.27,Casa,0.09086408066285381,0.10113972525561851,0.006859644688405553,-0.30841382552707947,-0.5315742591902743,0.2981131521202007,0.40166651425630323,-0.7317784886599233,-0.3326251864841006,-0.0351593815957553,-0.14633658882685935,0.2860370888619706,-0.741758713179747,-0.2319625668394783,-0.2078195985930686,2.5188499404694324,0.8857688325516941,-0.5746921620670813,-0.14098821170927225,0.9853292781642932,0.7600690403775552,-0.2048360379393481,-1.6510714671202016,1.0559052147977614,1.0059316571693233,0.28514669213512284,0.0,-0.7394685270765334,0.5560134662570987,-0.42576308198933127,-0.06978491233424146,-0.5791429690450076,-0.3348737741412107,-0.1375960019729453,-0.3354224440048306,-0.42588294546413075,0.3138245146278508,-0.2975347243286119,-0.3943357772490567,-0.4093171600971794,-1.4340694787641493,-0.3281765408422048,0.16458830521901124,-0.5344356052240802,-0.28651274358884277,1.150067155535955,-1.4508582304931121
309,2026,14,1955770,2026-05-03,Athletico Paranaense 0 x 0 Gremio,1244,Gremio,53.27,46.73,Fora,0.5886196988980544,0.5064548410494476,-0.2708436585215342,0.49990278333567095,-0.43782182615820187,0.7612990125617284,0.01570540719004602,0.05422289584804592,1.213402919654203,1.4411957392511994,0.5418962795106232,0.535543899302457,0.9572608344542469,0.9169070633789729,0.9681428451871739,-0.693844188741432,-0.0069086840299734924,-0.8038186838587508,0.2646898549057963,-0.12392039927415234,0.6637038819131439,0.10078775834388759,0.7246798570652211,-0.4574907472462284,-0.02377789568165113,0.16180612829562188,-1.1128440840491032,-0.7292535819007145,-1.0420008635386044,0.9860442781972366,-0.9294606206728572,0.5631637722045161,0.38263267703982295,-0.5084420979097581,1.1393762760153825,-0.15809049856948215,0.4720608845798881,-1.0012111993755999,-0.3140617969232957,-0.41866330838708404,-0.983192080250175,0.2717445096602012,0.21799063389332243,-0.4076731280413281,0.2244854133065255,1.405462441805072,-0.9355360424393582
310,2026,14,1955777,2026-05-03,Chapecoense AF 1 x 2 Red Bull Bragantino,5438,Red Bull Bragantino,40.31,59.69,Fora,-0.3446480199969476,-1.1045314340412014,-0.773262952959334,-1.4099490845490767,-0.5760294040690831,-0.23087089949012668,-0.39930168429208585,-0.834692986601409,-0.3646967238337907,1.0171048849706694,-0.48674526325420553,-0.2199173333507295,-0.7565475541207101,-2.135237135190338,-1.6526434528834157,-0.9477827308523568,-1.1169556881958385,0.04812381931278902,-1.1038624266518882,0.4736172785608368,-0.997762232021034,0.3593973980785871,-0.46261328132964025,-0.578045205458306,-0.7609852767105091,-1.6398120522323216,-1.0859434075859438,-0.7276772009785984,-1.2325611692283793,-1.6977617358721213,0.054557541673525556,1.094045547834419,-1.950792478004234,-0.7011433045938045,-1.2900988197261467,-1.485841137768,0.38850862526945257,-1.4078701117138326,-0.5416892375217993,-1.0289670876723176,1.291666666666667,0.07656614332805335,-0.6704978124721408,-1.049219991960317,0.6771111667693444,0.11695217633781756,0.8861015062604198
311,2026,14,1955777,2026-05-03,Chapecoense AF 1 x 2 Red Bull Bragantino,8865,Chapecoense AF,59.69,40.31,Casa,0.9990669273735504,0.7706110531776494,1.2112121721789848,0.9379176723945811,0.5523783690979798,0.7181533063203825,-0.14275254407573232,-0.39669577253613286,0.7680928183931095,0.6990666834749149,1.8650627268004205,0.8680521063835215,-0.07389390832659937,-0.5334268708336383,0.36657045788541603,-0.5624754783096426,0.22574570030626356,0.7949879790794107,1.9406347383751605,1.3086658872836594,1.0584720896062265,1.7126455145998136,0.38342890265223956,1.7394958367059146,0.7341112642902448,1.424756445371014,-0.20115274729832733,1.9345073945296447,2.2080990810432546,1.8727356058539666,0.7165446622722886,-1.235626475034786,0.3681832069102566,0.3429863427092492,1.167765534104852,1.0388044639944076,0.6145508412587164,1.0701439770682133,0.3441369978665918,0.6564266126438458,0.11412537853627996,-0.05936697805164942,1.2115873808266662,0.5523286922547884,0.0,0.03196013860502954,-0.035114749361031275
312,2026,14,1955752,2026-05-02,Botafogo RJ 1 x 2 Remo,1227,Botafogo RJ,58.92,41.08,Casa,-0.05655727222452622,0.741141436128238,0.5378714180320704,0.6915003200516769,0.7158915276981753,0.4307279403940792,-0.9933618490954604,-0.7814397833405461,-0.5622867836122334,0.7076374636032542,-0.4240739977293556,0.7355145091203191,0.7134571381276222,1.392259186696661,1.189706479707681,-0.56476004062667,-0.8959574370516272,-0.4331386188144475,0.21833976563797378,0.1642603124706364,-0.20757712499468506,-0.3455129925405493,-0.835205732190967,0.2771024937035311,0.18638790523135546,0.5715452611314502,2.572571499196228,0.5054877915995817,0.9867279788927295,0.48093508799628987,0.201565875201498,0.6742905920954554,0.34927568347430854,1.6598386100536655,0.27595189868244385,1.5726506746996745,-1.037373444964909,0.3212586131982722,1.65373773157913,0.591895370166639,-0.3278109752951825,0.2709550386986843,0.6862140641024127,0.47483128020076704,-0.5107539184552492,-0.3278109752951825,-0.37621940211260124
313,2026,14,1955758,2026-05-02,Palmeiras 1 x 1 Santos FC,1234,Palmeiras,58.43,41.57,Casa,0.3039959480693668,-0.7940386620999347,0.07820696715738056,0.4644401326080538,1.0669137957418036,0.23800693093871403,-0.39613340401004005,-0.8870586099765283,0.6345275347286533,-1.7620255256185613,0.22461197081198897,0.5769740509048662,0.03638226857213862,-0.17802586814790547,-0.02642102665520304,-1.5834780593196573,0.19069842741054951,-0.07123842623897998,-1.5545631755148026,-1.417144578081828,0.007486574082323261,0.185884365825946,0.7626256186514141,-0.25025873444085633,-1.1067172381975323,-0.23484063767639016,-0.5241424183609591,0.9838134690213508,0.5299736089451288,0.15799961404000623,-0.2609710435241969,-0.022378982673010472,-0.40984064855007074,0.6507713009612198,1.4588302639810597,1.4700457197447283,1.2588667487133556,1.2257085347675116,1.4687160460053161,1.501231328699377,-0.4564354645876384,0.9592088687799079,0.3533296919973967,1.428750858590776,-0.7100347721015928,-0.3521803625302495,-0.5285941398709242
314,2026,14,1955773,2026-05-02,Vitoria 4 x 1 Coritiba,1236,Coritiba,38.47,61.53,Fora,-0.052240223502088824,1.1180945380504874,-0.41253044624214147,0.14611894585788976,-0.5436489746965135,0.13227074140072995,-1.5272403475357688,0.6030335356552345,1.1554672814208091,-0.6166478676813836,0.42181820891790717,-0.48950680960743453,1.0817780307847478,1.3454261852382146,1.0993338550191547,-0.4616776064844303,-0.4908394363719414,-1.6815367058627073,1.3182935309123534,0.7093245810322272,0.9056139808774476,-1.6792755672338602,-0.013636775866186075,-0.37313656099197745,1.785288559261241,0.050371282451232124,-0.362514603543555,-0.4087324417833881,-0.0969904522685019,0.40977802690649245,-0.5599527219845812,0.33855728969771287,0.44644315928970674,-0.49118646224243645,0.2194410594777963,-0.6447852599866586,0.22112740463577288,-1.1599550046842404,-0.4783446031074604,-0.811617023153787,-0.1691275228729345,0.15528656431701524,0.15641718953072944,-0.8240548492131741,-1.486276015228202,-1.7972163006936501,-0.2555506259999761
315,2026,14,1955773,2026-05-02,Vitoria 4 x 1 Coritiba,1238,Vitoria,61.53,38.47,Casa,0.33003402900673084,1.27781441843717,-0.5640530772302246,1.0859157319886816,0.32190368498549254,0.372432492767016,-1.5075464915383543,1.1931976712388377,0.290161932831066,0.2595673246551318,0.9729960907137073,0.5026515908377388,-0.9220770264511686,2.485416196782576,1.2357982488217074,3.162791535677882,0.8542445110525781,-0.5989856171483104,0.7892014600182867,0.6008417681261098,0.281943728895573,-0.8970624448960725,-0.39033870665704257,-0.40967065153455423,1.7632534704678386,-0.7871657223365858,-0.275198396889763,-0.610269012372018,-0.6248825410673295,1.6542044435935641,-1.5204046494504635,1.8730811452869633,1.6956663970721775,0.5238754219611279,0.4699166653278573,-0.5848880804753486,-0.45988449831593525,-0.38520153381558475,0.33000924038809804,0.13638677477503908,2.035693400059945,0.6979736988257675,1.965551321981804,0.9923050863120717,1.6684507216729203,0.325,2.7281931703388493
316,2026,14,1955758,2026-05-02,Palmeiras 1 x 1 Santos FC,1241,Santos FC,41.57,58.43,Fora,-0.442788651441719,-0.13596341668142217,0.30231917216453946,-0.175341958481442,-0.19892133470874102,0.3678471269587462,-1.3792701707430568,1.3746323034948236,-0.7410088199032063,-0.527366543748635,0.16935901906300588,-0.8664625844520615,-1.116232542585769,-0.7632036995807618,-0.35468951568992246,-0.058782295061055354,-1.2189720222846203,0.05067286088479475,-0.06435694035637854,0.6383964889013743,-1.332149124361746,-0.6021724064940679,-0.10350980577093552,0.1625063480282068,0.5331971611244788,1.340609478288845,0.5493137863828147,-0.4962493978238279,0.46716763255237376,-0.2932648478201193,0.5607950093737282,1.1750410939177791,0.04042112138204661,-0.5564864786895829,0.10796237120188766,-0.19283145806674243,0.8989657608253976,0.13630324345693762,0.08333333333333331,-0.36193574345643376,-0.3182229136702921,-0.6169335888662586,-0.6154365705299072,-0.6881022849838,-0.050604539936925735,0.4509096384805818,-0.6785511437439767
317,2026,14,1955752,2026-05-02,Botafogo RJ 1 x 2 Remo,4617,Remo,41.08,58.92,Fora,-0.6092233845657473,-0.5628417525462892,0.17138980897587175,0.6056001043558421,0.9353622115630269,-0.019434839271627983,-1.3267196600456874,-1.0544923021002144,-0.6251817967162525,-0.5007065632174756,0.17042542316602527,-1.3250205734813754,0.20129117620759915,0.5074617408322597,0.669004233202959,-0.7821037488424654,-0.9794223696977236,-0.16665452547286333,-1.0025704304447773,-2.4252625537755983,-0.7631051995894088,-0.5332995354296745,0.17929136979862603,0.6090135114370724,0.6070876093789522,0.06290054637224402,0.48121773951145325,0.7561235524618443,0.22921522216550935,0.4081477316051589,0.29875918093219406,-0.4788355380098185,0.8820736992172117,0.09412215253699993,1.038056834063998,0.7771197342330435,0.012874872501638887,0.9548999504072079,1.0872616217068312,1.3713385746653979,0.9174973491412896,0.4291942000976621,-0.46769991407522404,1.0978023548329319,1.141414201568561,0.6847124716486249,0.8278327231656524
318,2026,13,1955881,2026-04-27,Fluminense 2 x 1 Chapecoense AF,1232,Fluminense,73.89,26.11,Casa,1.4409327212013574,1.1980941938949705,1.6591489478101178,1.834768439246355,0.506499437010723,0.4696814962352937,0.2753268920721136,-0.3571896236705205,1.8059715919727766,-0.7009644038986848,1.616205634743739,2.0531345558029264,1.2828098578383211,1.540428468938997,1.2576439427312636,1.170501195269246,1.020539710593286,1.4681481267097436,0.5649559982256085,1.429348365684013,0.6490428871678492,1.0569144502331462,0.7697511471646031,1.654681839744963,1.4878507833562606,1.8298360902641784,1.4349831610106856,-0.1414725753270867,3.2087269984431317,1.4823177314509972,-1.2768463865537687,0.4963297770748142,1.6340423118450884,1.6405320307611115,2.5821816829282227,2.071479376328773,0.4759587315164396,2.4734725946272595,-1.0185858104283618,0.5234581129093367,-0.5492450692885529,-0.798887002983137,1.8541816494907617,1.6836036382951565,0.47041085297561275,0.2692307692307693,0.33595657034169796
319,2026,13,1955896,2026-04-27,Atletico MG 0 x 4 Flamengo,1235,Atletico MG,51.42,48.58,Casa,-0.3839086915955027,1.1968198300920143,-0.581931647944684,0.9524020427604534,-0.044744275625387714,-0.3293305119749108,-1.9650802511840983,0.6498013418692932,0.47839603529051833,-0.9712095330694778,-0.6967680202996653,0.22419003847842986,-2.21094175174819,1.0916847777282328,1.2108376926963378,-1.056252909654347,-2.81418743637158,-1.3616025127732287,1.4558535623072564,1.0289032876362298,0.6699529240159997,-1.3105360769599075,-0.24920907632869188,0.3558218742989118,1.9822678724124254,-0.15267126148108967,-1.4381766442009454,-0.7792653078194279,-0.6968187029963816,0.7597683342615309,-1.3803594263334442,0.32908922322770323,1.563027089749644,1.2000720512241387,0.2867406958064998,0.3886388476922003,-0.3406312774111581,0.9333051504890396,-0.21147221305507238,0.10249483215336952,-1.1250000000000002,-0.5884228909953778,0.8265660082932771,0.03146417338821778,-2.5750510055452143,-2.978374120397807,-1.1372630948636184
320,2026,13,1955896,2026-04-27,Atletico MG 0 x 4 Flamengo,1239,Flamengo,48.58,51.42,Fora,-1.3580343508657688,0.21020772731960158,-1.4691786359098284,-0.0461909562434345,0.31396558604685926,-0.49665413538542064,-2.1021874129563045,-1.2285511600330699,-1.0185541230245205,-0.19080329885361158,-1.6414183711233137,-1.2776313889331397,0.5588707340221079,0.5939992016378401,-0.7139976045404491,-0.3917014668097124,-1.5311848775460821,-2.5698308957954805,0.15233598222347372,0.8084933299575416,0.5818639961871165,-2.5597281118516055,-0.07583434893265555,-1.9421192503855862,0.6625174594665,-1.239614063329683,-1.4785978049693447,-0.9788300145233808,-1.5191782359900958,-1.2805943972749068,-0.7297880826765182,0.2626750774995484,0.12513770170900548,-1.1117801137927592,2.0824729843849226,-1.048689177956177,1.3490665823114973,-1.2280505315776333,-0.08551382496180245,0.500609602265014,1.8943620548714304,2.37065977304333,-0.3832798158654388,0.3916742956615426,1.6029833802654154,0.9587062360592129,1.7551441460607522
321,2026,13,1955881,2026-04-27,Fluminense 2 x 1 Chapecoense AF,8865,Chapecoense AF,26.11,73.89,Fora,-1.075962647258947,-0.7756897898023986,-0.39046074614175197,-1.3895102217473325,-0.8819107513400843,-1.218041670034718,0.7261759850809013,-0.12259183896633594,-0.9962169833661605,-0.9622712462668722,-1.0813092143136651,-1.8438628684072798,-0.24490981120782337,-0.5334268708336383,-1.2259023706570944,-0.42213943167060275,1.5124907724512713,0.8721111977652856,-0.9608968122051764,-0.3825331055136849,0.2475674062283652,1.2409660941854388,-0.4311520318506202,-1.2031512870549237,-1.1554840139188132,0.03716755944446111,-1.0057637364916368,-0.5237918531396655,-0.9808310750832314,-1.167693039946195,0.39539288419275137,1.432450876152848,-1.508849715759864,-1.6497306942456305,-1.2317674370376401,-1.5384825605993129,0.8862688378054033,-0.7408689072010708,-1.13829930063565,-0.9475956724331379,0.11412537853627996,-0.9007428731228093,-1.09022786413182,-1.0705425814553833,0.0,0.03196013860502954,-0.035114749361031275
322,2026,13,1955887,2026-04-26,Sao Paulo 1 x 0 Mirassol,1224,Sao Paulo,52.76,47.24,Casa,0.3295640323253496,0.6126006458347508,0.9154832616396784,0.3856542373636451,0.08698615200645968,0.6502252126767376,-0.2655509168860222,0.2525344983771787,0.6354329297940902,-0.12852426469897496,0.7647151638884209,-0.11954937861939138,-0.9463726181679025,0.31703756956048695,0.6929837750386124,0.36557321313393965,-1.6079355311510872,-0.4578475784172036,0.06980520502526572,1.3705760337146384,0.5307757611639193,-0.8850127832874946,1.2890749809143844,1.2697696519619819,0.6249039317967673,0.8629380888509042,2.0587103458933433,0.5247145014899537,0.8974192855049511,0.5621847644103452,1.0714756260886567,-0.1544234421688636,0.5088161220516083,-0.49999798389597444,0.9716140468886015,0.7558033381725595,-0.5841980613998041,0.6821916677474977,-0.6689891862376227,0.0061389389256020326,0.1684303842133039,-0.49285825587961535,-0.34664382459361354,-0.20983764239146543,0.7961173386514129,1.482470448669621,-0.15339299776947415
323,2026,13,1955890,2026-04-26,Corinthians 1 x 0 Vasco da Gama,1226,Vasco da Gama,60.9,39.1,Fora,0.003445659176823407,-0.6636195802386495,-0.10087393332741336,-0.18932895959268714,-0.561086617787468,1.2053020612508456,0.057027882758327854,-1.1081303405752514,-0.2503685173859029,0.8001718682952097,-0.6458867981014843,0.20761169463610876,0.6028226266960299,-1.1337022220919952,-0.23178185558895684,0.3258923334951694,0.13106506274410784,-0.21299245797527508,-1.5435720415651846,0.2545777982915386,0.4555794555394716,-0.15880698957988212,-1.0037662376502088,0.9760439889821896,1.3344936463916812,0.6800366008608311,-0.5515413083678438,-0.8533123116070469,-0.5472096542095662,0.2503592260864118,-0.9048373781190201,-0.9036722450579565,0.5241082003214825,-1.3004158175730662,-0.23136744720557667,-1.2673250040574755,-0.8314146811396272,0.6084625612793413,-0.17171695541668439,-0.5888617697414694,-1.1233916207736525,-0.9611711352171316,0.8827555223348535,-0.6141190521209045,-0.4686157551265354,0.47519096331149147,-1.0795682590273208
324,2026,13,1955893,2026-04-26,Red Bull Bragantino 0 x 1 Palmeiras,1234,Palmeiras,37.56,62.44,Fora,-0.8466117371689366,-1.3780987466474799,-1.0284344794905886,-1.2307814582045136,-1.2668126479782824,-1.6424063110677063,-0.5320845130785744,0.8709297290094961,-1.450285257007469,1.0632371301363868,-1.1401746365162113,-0.07085289575635495,-0.7975316051939011,-2.2431259386636078,-1.85470287578913,-0.3398832479629365,-0.4956800254387441,-0.679593776972829,-1.8654758106177631,0.4509096384805817,0.6180986871245714,-0.5662988819348571,-1.6775042002942648,-1.217925840945499,-1.0850180198291333,-1.41925428856601,-0.5241424183609591,-0.7646231423605362,-0.7654812468419423,-1.8533588520656776,2.6396113425403325,-2.6123814481340806,-1.068292407155933,-1.1855710627743117,-0.8159035108221321,-1.6241634161695788,1.7119954072694952,-1.6612394862077444,-1.2792042981336624,-1.3676157363339834,-0.4564354645876384,-1.0680554289484483,-1.2121651355809564,-1.4356149095969424,0.05259516830382171,0.9244734516419049,-0.5285941398709242
325,2026,13,1955899,2026-04-26,Gremio 1 x 0 Coritiba,1236,Coritiba,42.7,57.3,Fora,-0.18399307217406327,-0.09955076198893004,0.26399699188544096,1.040691094703717,0.08863674527008675,0.31027022032838164,-0.11917771498111472,-0.29318751692251316,1.4881584166104944,0.09856652313309265,0.5797500086108288,-1.939393992283378,-0.7685961725514291,0.9258846866155455,0.9793178323243348,-0.6032946303145147,0.10807925751434166,-0.323972790482336,-0.3584833285814293,-1.944922238314171,-0.01700814928307817,-0.45304196957748005,1.119771153247596,1.495938394522381,1.1378080671402884,-0.6800123130916322,0.29454311537913846,0.5204912996417792,-0.19321642916735726,0.8080662687541277,-0.7640583847498101,0.22453926414101477,1.0615376574746334,0.8321471362750443,1.461013316311062,1.4800752558784667,-0.561287974742015,0.7513344916704741,0.2923217018990037,-0.40065972574847614,-1.1500671555359552,-0.735938220312846,0.25894786481938326,-0.42799485184224323,-0.3667434323290369,0.46883903496356083,-1.1819216452498889
326,2026,13,1955890,2026-04-26,Corinthians 1 x 0 Vasco da Gama,1237,Corinthians,39.1,60.9,Casa,-0.3092839219144187,-0.9749472694450453,-0.15539480148321097,-0.5337051999036605,-0.16712186890317032,0.16398728121840808,0.0060729989235429474,-0.31661728536365336,-0.28908005101665285,-0.11407170216348578,-1.445279331230243,0.4672306007931591,0.6254793490207493,-0.7469452204150714,-0.7706244960171736,1.5177157194663657,-0.7607418066828903,-1.541742239091518,-1.9257838967602976,-0.4564354645876384,0.752331892821965,-0.7269289208558677,-0.24989918087933727,-0.5402093970365678,-0.45054199445396964,0.87443425847316,-0.5507910552258941,-0.2687843857386275,0.26102548662524094,-1.2419433584662893,1.3067694428595358,-1.5706902659242323,-0.09223167068660741,0.0074296071759757925,-0.8080753776377213,-0.398610679772785,1.1479026033542372,0.08086553909098033,0.31822291367029193,-0.44463391831586074,-0.04055535528269071,-0.555408267856509,-1.1100616121791065,-0.44463391831586074,0.8714437594827462,1.1500671555359552,-0.04055535528269071
327,2026,13,1955902,2026-04-26,Athletico Paranaense 3 x 1 Vitoria,1238,Vitoria,36.66,63.34,Fora,-0.7877833172320198,-0.6404140346386604,-0.9841540258778613,-1.1044403275573436,-0.4285774276086683,-0.2993874549482409,-1.4454458548130529,0.00550368266392815,-0.7281383731073163,0.24938052993111035,-1.3495570957250194,-0.1772887693289978,-0.3122374054112249,-0.5529614489328913,-1.2903907409816486,0.017159118113914348,-1.3663880896037734,-0.009195077529274493,-0.4479251529833522,-0.2703787956567493,0.4161131527536603,-1.359547972042492,-0.6267163849148122,-1.377707228123612,-1.1632177087218867,-1.0915364683067323,-0.8452522190185577,-0.40838610313028545,-0.604163882860962,-1.3583470447426782,0.6128321661696134,-0.3813424427446624,-1.0842081588199688,-1.8251100924154668,-0.15009601425126048,-1.0950160303636227,0.9474010595294562,-0.9532105752046671,-0.3080086243622249,-0.4639410308013177,0.03450327796711767,0.398519508828898,-1.4154800238425123,-0.5854646040044487,-0.8256250993845379,-1.125,-0.0974354703692446
328,2026,13,1955902,2026-04-26,Athletico Paranaense 3 x 1 Vitoria,1243,Athletico Paranaense,63.34,36.66,Casa,0.9867289796634192,1.3725529668891756,0.3680678665982666,1.2521564521114774,1.40006189395423,1.322705172344517,-0.45065023550707084,-0.4223317407491345,0.6380783606159343,0.9151218273113858,1.0822421309584762,1.5356841134958634,-2.586113690691905,1.8701981951432942,1.5176239476294955,-0.5907842129009907,1.4880197658629963,-0.7437141603857069,1.1170604466196192,0.9853292781642932,0.530642051740451,-1.053442480830935,1.1032428035017299,0.4950764377073754,0.760166527166192,0.9212431592057818,0.0,-0.6350519170565038,0.7422872800056476,1.6657371679592607,-0.7792586116815139,0.10262082981486147,1.46444018677644,0.17129070748328698,1.7071577462269218,0.43865943382805495,0.3138245146278508,1.6007368168879326,1.783899944698114,2.8672179292004203,0.6453312654438671,0.8828148822007236,-0.07741556009911367,3.1666027419642706,1.2241908135159645,0.16912752287293448,1.354134348460238
329,2026,13,1955899,2026-04-26,Gremio 1 x 0 Coritiba,1244,Gremio,57.3,42.7,Casa,0.15256908285951915,0.32066700074161536,0.9614946543760418,1.311437940645953,0.6679557382108777,1.2680795485872487,0.01570540719004602,0.05422289584804592,0.4814013811333383,0.6340724667192497,0.3941286197199397,-0.6700922710373796,-0.04034078774469973,0.3487381565843103,-0.23030704821857087,2.4771052518939136,0.6419834292223633,-1.4326818802392765,1.2881572938748744,-0.12392039927415234,-0.465866048476732,-0.07114430000745056,0.2267986862056637,-0.3729860869268614,-0.05550322009633808,0.748353343367251,3.133534657717212,0.4862201719570532,2.1044116259004353,0.8768674174772555,0.08254354789113573,0.19603184066148094,0.6184161663187682,1.44090309427208,2.3095650845157087,1.7815583108022381,0.725869159536142,2.428134247304605,-0.3140617969232957,0.42328891245987393,0.0,-0.5857013645114731,0.29343642265003705,0.3446349162681178,1.0382450365426805,1.405462441805072,-0.06035716402834562
330,2026,13,1955893,2026-04-26,Red Bull Bragantino 0 x 1 Palmeiras,5438,Red Bull Bragantino,62.44,37.56,Casa,0.4791798354245257,1.060612995205005,0.7916576248949662,0.7845071004747691,-0.36022701827765397,-0.19065950683473873,-0.2438688138965089,-1.141383648852074,1.7089987818381607,1.8038279123849856,0.5565955882523769,0.47423921378185874,-0.9036570425187285,1.0566121906096515,1.406578781201062,-0.9388545418519724,0.21945072597878076,2.255403640921584,1.3056437304484698,0.4736172785608368,0.6547096937158557,1.8292406030410135,1.680745704521487,1.003399224569135,0.5021855796347349,1.3955847253041036,-0.4432422071779363,-0.5868880596704741,-0.7157823008880049,1.3967599453115411,-1.1891787715051938,-0.2301200153247739,1.0378000476646527,-0.15584831015321537,0.8593167190760979,-0.09586071856567756,0.38850862526945257,0.3672704639253475,-0.5416892375217993,-0.2938362593873716,-1.1250000000000002,-0.6183784117099419,1.2384008344102921,-0.39685893026025243,-0.7254762501100118,0.11695217633781756,-1.1696539882637542
331,2026,13,1955887,2026-04-26,Sao Paulo 1 x 0 Mirassol,6332,Mirassol,47.24,52.76,Fora,0.07412632221078778,-1.1116426979743537,-0.5147431461357147,-0.13034060329027058,-0.5848871635196059,0.33735563573802907,0.8499098467918521,0.6302420819116036,-0.7628389350590652,-0.5083540768416265,-0.5992546368592289,0.6577083564637144,-0.6312129644610333,-0.5650363307309288,-0.8070263398632583,0.5249661637706425,0.2888255646431952,0.8615708602505641,-0.8569345711518183,-2.2175735501514096,-0.7028140200429003,0.4066735771791653,-1.2061630409071191,-0.3908274013423602,-0.409678363730445,-0.3908541319407833,-1.125,-0.5782319495950857,-0.3822878798031915,-0.9405012433584476,1.5757977119694329,0.13174784743844736,-0.9085258032436635,0.23197087163877614,1.0956937618022526,-0.672420765294243,-0.582200303871551,-0.6168965860110315,-0.7318978552073229,-0.3160491137286043,-1.2692955176439846,0.0968561344613475,-0.7894948385094744,-0.43842315933472475,-0.5585807734779457,0.4807619738204117,-1.4824704486696212
332,2026,13,1955884,2026-04-25,Botafogo RJ 2 x 2 Internacional,1219,Internacional,45.36,54.64,Fora,0.17435868806762517,-0.8984390214715249,-0.46531852644749144,-0.7929500516154459,-0.8817391542865547,0.48113529583039255,0.38677724658125956,-0.30869600601591746,-0.44651263929929913,1.2264502212190467,0.03920614370205791,0.3547006373623136,-1.5535451560098301,-1.4282332927501777,-0.8135033832208827,0.17503233553296912,-0.6220278038985043,-0.3198600479870859,-0.289222179115401,-1.0627972307996383,0.06305253181825483,-0.08093097177961311,-1.064720978907568,-0.4530579831447738,-0.8915042865792171,-0.3428817554403394,-0.7067617668790178,-0.4523701975484077,-0.1435577025336363,-0.24302121085819597,0.6731160637747446,-2.003641363872082,-0.7849348301241901,-1.3991014477237327,-0.7447427177556647,-1.1067247557628954,-2.2699556528124236,-1.1356699951913183,-1.3899323605800464,-1.4175207852772953,1.1149412193707493,-1.1017130350009658,-0.7436611746569393,-1.4129994867980304,0.13975424859373686,-0.8461538461538461,0.9498566853858941
333,2026,13,1955905,2026-04-25,Bahia 2 x 2 Santos FC,1221,Bahia,71.9,28.1,Casa,0.45938891512855223,0.6045783010316025,0.7872115061414999,0.8815396812398406,0.11807164551813029,1.5230166547785478,1.6973910841706523,-0.05291546132188646,0.9318025838090481,-0.876488433644175,1.1694891766930553,-1.4836196030459916,0.419008632788355,0.23595251446790572,0.5645886523800718,0.4412139766774554,0.5238658834683846,0.31487758584310505,1.089177897407508,0.5285941398709245,1.1960863233576455,0.1192494448939993,1.0529063609726361,1.9277063963303516,1.0117314455663449,1.5215402185981337,0.20539595906443725,-0.48686144124828956,-0.10352934301055831,1.0094136062014931,-1.2676202141270678,-0.907923413493903,1.1230420107019272,0.022574941882320152,1.3711281661736223,0.2159026366458106,0.6687629838981949,0.7631809540848634,-0.4545324114471422,-0.24732362227616544,1.1113855611859678,-0.6476734075736933,1.360159550054647,-0.571459258123564,-0.19310804067388587,-0.7300956427599691,0.577778411828509
334,2026,13,1955884,2026-04-25,Botafogo RJ 2 x 2 Internacional,1227,Botafogo RJ,54.64,45.36,Casa,1.2549521602791907,0.5725823390227951,0.14985443678970903,-0.12799558382776266,0.006648707210780938,1.048408092133833,1.4072626195519014,1.4541249056663659,1.0279849150897709,2.353529566585755,0.8316149750933842,1.8032675028259155,0.3021289123891799,0.7389336783762214,0.1776111416814642,0.24186289799210633,0.43769226371323955,1.1711459470331864,0.6140805908568017,0.7597039451766933,0.5594833171645361,1.157468525010839,0.4907087944294429,-0.10556285474420168,-0.6393617699737134,-0.5915994808202735,0.39433577724905683,0.14830807352874173,-0.4462241403866094,0.36442606339507116,1.3387838480017609,-0.8570744063460239,-0.19515327605586325,-0.6228413625578386,-0.05841376009241999,-0.42765062206745547,2.0118543949747782,0.3212586131982722,-0.8703882797784892,0.4548845729264828,0.5364179595739348,0.11678509017265933,-0.5190097921450642,0.3436945563013235,0.10640706634484359,-0.3278109752951825,0.4630392641385861
335,2026,13,1955908,2026-04-25,Remo 0 x 1 Cruzeiro,1230,Cruzeiro,50.45,49.55,Fora,0.20238165052515053,-0.3900019560293012,-0.5973334484249105,-0.9821471173881006,-1.2925801463902737,1.3574755009560542,3.0902391955217685,0.2022140626592827,-1.8807069729381076,1.2123762843907775,-1.7398377800377591,1.2735509602150543,0.3679849367309667,-1.4103761814203815,-1.0270976880335727,-0.4384906958234289,0.9655155251688918,0.5817283402392242,-0.4691715584085552,1.3466376037453043,0.5019592932051121,1.4093726589015267,-2.2777967837492334,-0.24054880695661973,-1.2388778442747375,-0.5968715205906442,-1.3107754356380499,-0.8425624332079475,-0.5673808025164421,-1.0051343885105362,1.1880702428900018,0.11547041394489212,-0.6030636213026249,-0.8969216198235705,-1.4234688399156705,-0.9017917518563087,-2.5711524369072567,-1.8956492810298395,-1.2311672797237831,-1.6750108557990793,-0.40994579587496155,-1.5530328169163523,-1.1501783896001516,-1.7590998512686107,0.5275153878482985,1.2239801227242093,-0.5544159532159296
336,2026,13,1955905,2026-04-25,Bahia 2 x 2 Santos FC,1241,Santos FC,28.1,71.9,Fora,-0.7351103130036261,-1.192988084923223,-0.5455353507484344,-0.1338388441216301,-0.3248528174653722,-0.05011407327665597,0.6310698874803583,-0.986443425880197,-0.9456335537348803,1.0425880986297995,-2.030714282833009,-0.2575744318318874,-0.4916858533603263,-1.3456486282081852,-0.9557870322303466,-0.011133977777031004,0.7767504589003981,-0.38590526854565815,-2.3039784647583503,-0.16653821449601067,0.7100003603922289,0.16374863685365032,-1.0895797252904138,-1.287550295915796,-1.5421648198278337,-0.8652160462715237,-0.1747816593036227,-0.9790381742093303,-0.019833014562900316,-1.1086428777525779,1.6157006803484342,0.3928876980448577,-0.8692559919936559,1.8805808096011392,-0.4380373163414258,0.4488863450078271,-1.132015979969304,-0.6238494604375225,0.08333333333333331,-0.48527675867875913,-1.4717809757251006,-0.020846843139739227,-1.4820389534323566,1.6848311399678375,-0.050604539936925735,-0.4831174698006232,0.5513228042919811
337,2026,13,1955908,2026-04-25,Remo 0 x 1 Cruzeiro,4617,Remo,49.55,50.45,Casa,0.8951439553143835,0.6815280095822759,-0.24086922452901605,0.5955883830357158,-0.2143618306477377,0.9919410883995233,1.5034397738092296,0.005167811029703002,0.288850174860118,-0.35246877723697895,0.4695172034323994,1.2768599644738254,1.889368631780668,-0.047873749135118875,1.119439933818854,-0.9227558526102086,0.37690058719466185,1.2107941162591562,0.7076967744316074,0.946849079213761,0.8306181707970904,0.6184005251258997,-1.9073288482960458,1.4705448202992724,-0.008710104031801067,0.06290054637224402,-1.1605839599982106,-0.7250274298120508,-0.529148430677256,1.095368761710825,0.850273888712031,-1.8790741152205381,1.2731747501767494,-0.6154216880652524,0.6292317083205413,0.015752427045264458,-1.8190500679838029,0.2402651488121362,-0.45081579436624714,0.08067198889450038,-1.0534228823474063,-0.2425087207541079,-0.012008683945116222,-0.057541503762216194,-0.3631772459536331,0.6847124716486249,-1.0927391945786613
338,2026,12,1955868,2026-04-19,Internacional 1 x 2 Mirassol,1219,Internacional,69.01,30.99,Casa,0.006926851844586801,0.9646209085100621,1.1986400183265955,1.2549388529588836,0.21069538702995716,0.9453084266057901,-0.35648746221043875,0.5272391081946892,1.8024411506829257,2.800229980895595,1.163096746181232,-2.2027904022896214,-2.1751650646232643,1.7975272594114382,2.180570492719133,0.07015843096506,0.5996330916151763,0.6434170129914544,0.11017987775824782,-0.22979399584857052,-0.6110059888857613,0.660226348728423,1.6447263308325695,2.3066650740019314,2.345299870638639,1.2609200038773776,1.214746786823312,-0.32566275673079015,0.10455556569595865,1.787609278929349,-1.473466963670338,0.4234383531139226,2.2306135989252245,0.5788496795738503,0.4226828544071102,2.5708293805742257,-0.8125404549342189,1.6377556772759014,-1.3899323605800464,-0.5113986735621152,0.03716470731235827,-1.324325154771937,2.522615357169619,-0.5606085074478223,-0.6708203932499369,-0.8461538461538461,-0.0703597544730291
339,2026,12,1955851,2026-04-19,Flamengo 2 x 0 Bahia,1221,Bahia,50.26,49.74,Fora,-0.8111019650281392,-0.810482517019178,-0.27057366858789594,-0.6913478376001035,-0.9234146495227042,-0.4314303464374933,0.6610891590980439,-1.9981097361519427,-1.1411021031840447,-1.691483008828405,-1.0860828516661643,-1.2125044581949695,0.5226719764854444,-0.4370923628667766,-0.5325266489552681,0.8020856565395472,1.039888786437847,1.4102805597945403,-1.1873020323090855,-1.0850090239455814,-0.2245932749178232,1.3221134107812924,-1.8734402765256868,0.6730147019607216,0.3847383787248339,-1.1799699654434508,-0.45643546458763845,-0.48686144124828956,-0.1087244177126137,-0.7247351531105304,-1.3720598279579366,1.513997828479929,-0.09265296962911779,-1.2130189589164273,-0.7349842687443385,-1.0139713113901472,-0.7967874385940124,-0.19909068367431237,-1.0037590752791055,-0.9195972493957949,-1.4670289407654775,-1.0299140163566305,0.26364728659831294,-1.225436134950989,-1.7931460919717972,-0.7300956427599691,-1.6562981139083928
340,2026,12,1955865,2026-04-19,Cruzeiro 2 x 0 Gremio,1230,Cruzeiro,37.7,62.3,Casa,0.02753439692525973,0.9188053763573774,0.7792300416063437,0.9251818060657834,0.5059206641681923,-0.20269113812256762,0.03876644152088209,-0.16031187943635933,0.16225123143282916,0.8089779402284842,0.45113021054593017,-0.3586051251644616,0.5308298847865176,1.022822386525829,1.0730097382101416,1.668307745234681,0.868974060814664,1.3716930227479505,1.6791403143043022,-0.09975093361076331,0.6823754850374834,0.858910610306991,-0.2014447129919475,-1.5088970618187931,-0.9312021858913581,1.4100008384967397,0.830773163432567,1.7162745707568807,3.286037412212505,0.24855992457018644,0.5122153242154335,-0.9508777499110137,0.9813218729678279,0.7216540284626926,1.7491913982624268,0.7094664967210772,0.5867014273997206,0.7325815946609341,-0.07943014707895366,0.7044222091359088,0.6708203932499368,0.29043718885921743,-1.3711492692469192,0.4803981173364699,1.139433237752325,1.2239801227242093,0.5174548896682011
341,2026,12,1955857,2026-04-19,Santos FC 2 x 3 Fluminense,1232,Fluminense,54.23,45.77,Fora,0.21082263966243298,-0.38093676697756673,0.07169750663847768,-0.6662466114100036,-0.290287235957219,0.6336547382693858,0.8895176513099063,0.7048597451576182,0.8569431433612981,-1.0158340389064764,0.5106737895305945,-0.8657607830738581,-0.6719901263158377,-0.6873302879780303,-0.7048176956155894,0.7014204470257274,0.43902906193186886,0.7578989534186702,0.3521803625302495,-0.48377944684689683,-3.49112623333832,1.37127874825121,0.44007676321823436,-0.29893743160786895,-0.40129186196491745,0.8878494639151634,-1.112844084049103,-0.3269647624916164,-0.8572384198967696,0.09947658840523801,0.5921094582586673,0.13347793594241067,-0.8952743512651579,-0.8042109962708981,-1.0649776865091967,-0.9779065076069842,-1.9224762484734281,-0.8506332581523016,-0.26117584882778494,-0.6788416983578504,1.3246498729900391,-0.029914580935757728,-0.635586315600745,-0.7726500650460876,0.47041085297561275,-0.8461538461538461,1.310230624332622
342,2026,12,1955860,2026-04-19,Palmeiras 1 x 0 Athletico Paranaense,1234,Palmeiras,50.19,49.81,Casa,-0.9920111781574932,-0.6923357518617312,-0.7582067311827569,-0.8768502282529084,-0.694990141119217,-1.4447608831084517,-2.2314733764352543,-0.6156045282213339,-0.8158933784248718,-1.1623837811866338,-1.1639158875724367,-0.14628686718872805,0.31100131978715045,-0.5652321313695996,-0.47476445992021415,0.21449034264186664,-1.9591666100742657,-1.0271977598950697,0.621825270205921,-2.3511716863630325,0.3224700330171747,-0.6916627565616577,-0.6515631550167157,-0.6373255770427134,-0.9532727654495612,-0.23484063767639016,-1.2841489249843496,-0.6790733965140509,-1.0496993358147153,-0.2483453113065125,0.9457972180764899,-0.28638984124098005,-0.9690504849756356,-0.5728943366382843,-1.7171107800912013,-0.47816003249761324,-0.9732114582483687,-0.9395024809639304,-0.5922242120989177,-0.9476398101217169,-0.4564354645876384,-0.7263845179112671,-0.48643905657112385,-1.01629500887182,0.05259516830382171,0.9244734516419049,-0.5285941398709242
343,2026,12,1955872,2026-04-19,Coritiba 2 x 0 Atletico MG,1235,Atletico MG,83.45,16.55,Fora,0.8943545124757659,1.093603817379102,0.6881221762170587,0.7200938209798518,-0.2409245863563728,1.7406413247906012,-0.3098466786099407,-0.1089169318656578,2.3444348929851904,0.9170189051935073,2.0177476874193006,-0.71444577435157,0.7382173960137371,1.1818809559450953,1.6161511002153433,0.41183932546388813,-0.5505558467515941,1.0538871300647403,1.156422687790161,0.4199605255658081,0.6699529240159997,0.6657523270956333,1.4252177003805164,1.8183338300786909,1.4179407347097357,1.3231509328361108,-0.550791055225894,-0.6502243474921742,-0.5529306778627043,2.478376983288598,-0.9700595847373545,-0.3895695619558876,1.5249030232718168,-0.4779105708784174,-0.6449941517625899,0.9128493864398195,0.49729108833009517,1.9432249028838957,-1.2335879094879225,-0.7186046958882526,-1.1250000000000002,-1.5356925403146153,2.3816045054632062,-0.7743551025320408,-1.340729035945029,-0.8717192547505778,-1.1372630948636184
344,2026,12,1955872,2026-04-19,Coritiba 2 x 0 Atletico MG,1236,Coritiba,16.55,83.45,Casa,0.20025847190007406,-0.07502070693700516,-0.5731863989139235,-1.0141815275895478,0.060293271213618604,0.46471750662190014,1.2888849175735393,0.8410922527461995,0.1008395944310413,0.2520744180098414,-0.52357144917422,0.36690323611825315,1.0618298927161927,0.36649602178532,-0.682064730085382,-0.5131747060590064,1.447106221680128,0.4554016728277326,-0.6938387004801858,0.7093245810322272,0.6076707073542238,0.9483678563155258,-1.3029568675256782,-2.635700980825148,-2.400661902604861,-0.6800123130916322,-0.362514603543555,-0.6919331907643042,0.5936985151869468,-1.6789482792279258,1.1055921481752715,0.24882171498360475,-1.4266891019151786,0.5380730032711598,-1.4891617324862474,-0.928099995435342,-2.0674375800442566,-1.7333418535906548,-0.4783446031074604,-0.53768580124094,0.8118121097900862,3.8805273272375014,-1.9472294241502828,-0.5600536994206798,1.3125554420197112,1.2241908135159645,0.6708203932499368
345,2026,12,1955875,2026-04-19,Vitoria 0 x 0 Corinthians,1237,Corinthians,39.55,60.45,Fora,-0.10480436323323561,-0.20301713922027595,-0.6386120002934863,-0.5920597111313504,-1.1180993371873322,-0.29764110443736197,-0.3461609386419405,1.1128615017079562,-0.2780059976303489,0.22802530203922405,-0.5620998477510174,0.6224444328445216,0.8360744863664242,-0.17186350204240575,-0.26449107095358704,-0.8814652459095692,-0.15968368004235117,-0.5738960912574018,0.08072148070252738,-0.4564354645876384,-0.08339738163864675,-0.2907715683423471,0.12659178253381811,-2.0588592836036534,-2.283223944684679,-0.5188950544785784,-0.5507910552258941,-0.5264730068004286,-0.5389468226442632,0.04328855956173073,0.9433266793557687,0.47868795323246177,-0.45508985844735195,-0.3388810166546657,-1.6175565289851148,-0.6321401689325984,-0.746947693063481,-1.0014885995113703,-1.219854502402786,-1.377685393453536,-1.2166606584807191,-1.3009714810844908,-1.1352286496095327,-1.377685393453536,0.10562954660396924,1.1500671555359552,-1.2166606584807191
346,2026,12,1955875,2026-04-19,Vitoria 0 x 0 Corinthians,1238,Vitoria,60.45,39.55,Casa,0.6342198580017665,0.23107503312845845,0.2749909006841235,0.028922864057018438,-0.6268041636477052,1.141971705604492,-1.3833452180877512,-0.432067786811038,1.9066755550593946,-0.6541218714345977,0.8712803613565338,0.5026515908377388,1.3557850037175079,-0.21536393274228388,-0.5596608161386885,0.03922899045936604,-1.0758154539650941,-0.21208070344981483,1.0984831132686963,0.6008417681261098,0.5982492781586953,-1.0126838266826774,1.9264998478803868,0.03034597418774478,1.158610664850127,-0.1784242303962928,0.2948554252390317,0.4211621861292643,0.5893522138765482,0.3151545543321159,-0.6665849289706461,-0.14785736524510507,0.9505857436924751,-0.5839524646431015,-0.5660963771534157,-0.3298241055312115,0.9474010595294562,-0.006528839556196489,-0.9460264891125479,-0.6568034290343281,-0.966091783079296,-0.9502226341320741,1.4681362165776086,-0.7531777431467388,0.1720052290384454,1.05,-1.0393116839386092
347,2026,12,1955851,2026-04-19,Flamengo 2 x 0 Bahia,1239,Flamengo,49.74,50.26,Casa,0.19996500447101762,0.48628312136239016,0.7024865841096485,0.46541492393139017,0.5373504156301743,-0.04492192856885247,-0.012012499502607708,-0.8458074203592124,0.28534416230795184,-0.580522731936679,-0.2869898709992851,0.8520244484642364,0.6946343574898723,0.47760746618177685,0.5860836334656276,-0.8318665904035444,0.6847012284761492,-0.02868316648883693,0.783442194292151,0.09799919151000508,0.6506386965891837,-0.3504389676939699,0.9316439531991271,0.0,-0.23172178514227446,1.525678847174995,1.3331619553002287,0.2068935539207078,0.7748737166775099,-0.05533255135931268,-0.03324452835341605,1.202617867087804,0.12733735408873614,1.2554975169057296,0.5341573760904075,1.2825432106711432,-0.07863284705267948,0.8781221543001357,0.534461406011266,0.4559988469594494,0.15034619483106582,-0.24432331156222986,-0.2779232788029009,0.3472324682967407,0.4961615224631048,0.9587062360592129,0.02974820586543654
348,2026,12,1955857,2026-04-19,Santos FC 2 x 3 Fluminense,1241,Santos FC,45.77,54.23,Casa,0.4915516099621363,0.2842121275335427,-0.03955996295914957,-0.13299874409020332,0.7147723207852775,0.2270246201408884,-0.9633377449037296,0.013169095560185935,1.2159682505274507,-1.4666339726277573,1.0055116726870172,0.41981363795805515,0.34248166859742807,0.4987603124453223,0.37892470794745364,-0.43943270599390694,-0.6491225368372878,-0.08653458494285933,-1.1841677025573645,1.4433311922987593,0.22260973142784465,-1.0617250325026988,0.6630088601586733,0.1625063480282068,1.6487853329062467,-0.31375966513143155,0.5493137863828147,3.784563064996839,-0.2367040746904619,-0.42610367569170127,-0.5441517091832799,0.885904982539073,-0.30877614442380596,0.5083505873440639,-0.30546574358936995,-0.1011574861989468,-0.7194728138703801,-1.0799410827741986,1.6944444444444444,0.5099943675239689,0.8353351483845164,2.7359167066895216,-0.2209616507140967,0.14207261066478755,-0.7843703690223489,-1.4171445780818281,0.5513228042919811
349,2026,12,1955860,2026-04-19,Palmeiras 1 x 0 Athletico Paranaense,1243,Athletico Paranaense,49.81,50.19,Fora,0.4015790301951828,0.20846704079955625,0.0524953579546625,0.3406549471081265,-1.148666653698169,0.9813880223333532,0.7567984933243758,1.028199890082691,-0.09820732919899149,0.13197402194589397,0.6849061330874345,-0.07518900419626405,0.8308935142835376,-0.09181851604062681,0.08134561278383089,0.22143366297934367,1.66260068157321,-0.6453186029263699,-0.14098821170927225,0.9853292781642932,0.6029411236257776,-0.03511474936103073,-0.42145902870716806,-0.6265811164733965,0.09321850017448599,-0.35094977493553614,1.5879984667608413,-0.5409967231613849,0.1610783504442652,0.0717793399923451,-0.36981671523785753,0.8656421186922821,1.0775136828423273,-0.11169605858458795,0.32502282418242145,-0.5493889996487287,-1.1137040530587536,-0.6426750045498018,-1.483453638222642,-1.3875769692950013,-1.4340694787641493,-1.483431165554774,-0.01412224147745,-1.3768752277588472,-1.0418645221412466,0.16912752287293448,-1.4508582304931121
350,2026,12,1955865,2026-04-19,Cruzeiro 2 x 0 Gremio,1244,Gremio,62.3,37.7,Fora,-0.683878401000175,-0.6526736415132404,-0.20871193563637402,0.17933437444983563,-0.2408208605203411,0.33380362397525976,-0.3638419332360581,-0.2550846513617261,-0.7603784079906599,0.8332104999958322,-1.1136388470897298,-0.814659504132428,-1.7072065837071557,0.4623719379432428,-0.24115816959406253,1.287999211655659,-0.9819570364358762,0.13837487852690095,-1.270511303547821,-1.5613970308543204,-2.4016149500640243,0.4446518750465639,-1.1267559537761849,0.5565651765861757,0.8796078623699157,-1.3045619093834508,0.5857074126574228,-0.7292535819007145,-0.40787821494877075,-0.037218239818663304,-0.38161073358506115,-0.9890347109600706,-0.2537264485963392,0.4605637970410982,0.5477183891732468,0.7235680511449362,-1.6622359730067928,-0.5439651398182391,-0.3140617969232957,-0.34322084613264364,-0.983192080250175,-0.064987302867983,1.1201965244423635,-0.34026316126265055,-1.4030338331657841,-0.6847124716486248,-0.9355360424393582
351,2026,12,1955862,2026-04-19,Red Bull Bragantino 4 x 2 Remo,4617,Remo,50.14,49.86,Fora,-0.24709432113008922,-1.2884619300142124,0.010563132050045868,-0.3440697852231045,-0.4903356322539102,-0.039728448122073455,0.35607784116534424,0.8105094970084407,0.04370320944221527,-0.2199368621024539,-0.051124043697955486,-0.9325470722847802,-0.4470919139086354,-0.6032092391024974,-1.2624822890428937,-0.06377336174291867,1.4489417264830429,0.5809440812193681,-1.3446238714200545,-1.9435323204914043,-1.3690228715915373,0.453871945046532,-0.43718942107932923,0.28593927061374735,0.3291233637421546,-0.3931284148265242,0.48121773951145325,1.1439536409095963,-0.32733232696560394,0.3900041904981393,0.6640429565477743,-0.8960227282198917,-0.13195582837526165,-0.6190943978763508,-1.015233105138945,-1.2024352644551821,0.8634114520127368,-1.0103457539792393,-0.45081579436624714,-0.8707012276626257,0.9174973491412896,-0.06305385029351405,0.7956391873423923,-0.9091659396150064,-1.1154729697147303,-2.450549898531921,0.8278327231656524
352,2026,12,1955862,2026-04-19,Red Bull Bragantino 4 x 2 Remo,5438,Red Bull Bragantino,49.86,50.14,Casa,0.38289668312683744,-0.06541930062564713,1.1132234756253265,0.6941967966304166,0.1049199198644759,-0.6731962186993959,0.6110119732791643,-0.5688944126508325,0.5449517838022057,0.4321022264959143,-0.09353954087485292,1.1552984675723226,0.9304754108119894,-0.007337584657011626,-0.0026970571659042505,0.15641707633031973,0.8520628894756427,0.6234826771238369,-0.07121693075173471,-0.18042562992793792,-0.6874996272723453,0.7602637267047034,0.5554537988328704,-0.18268409795144572,-0.43772535806624363,0.889685262381366,2.7702637948621014,2.401378912324541,1.8863583689223635,-0.2529725718901577,-1.1131127456712238,1.4239967468700412,0.1906126291155548,2.1198324394794095,0.71931468981686,0.5456687056815482,0.38850862526945257,-0.07651467998444747,-0.5416892375217993,-0.23098992329857862,1.291666666666667,-0.2380878765930044,0.08647923715365195,-0.3410885816945512,1.3784048752090223,-1.0135855282610855,2.941857000784594
353,2026,12,1955868,2026-04-19,Internacional 1 x 2 Mirassol,6332,Mirassol,30.99,69.01,Fora,-1.1782481936229754,-1.6210709704990298,-0.09149324687352789,-0.5229728213031875,0.20001884510434115,-1.42666060443915,0.37743600224941654,0.4190873229238239,-2.2928706249017865,-0.051750420128599636,-2.283001626396277,-0.15911669586185412,0.3128128162518335,-1.883454435769763,-2.4447240368423335,0.5849240263410396,-0.34129276641137535,-0.8022460739414328,-1.1185251244507943,-1.0375802849332283,0.2172785018458731,0.8278712106861582,-2.3274686339438797,-0.7116008345195798,-1.0798544950423794,-0.3908541319407833,0.6875,3.1190014411943734,1.3655929084769172,-2.2647305421997324,1.6747600348099534,-3.0613445452801633,-1.4149423962607575,2.1259961334940005,-0.5382144802462605,-0.8190388268997546,1.5766528748688418,-0.6168965860110315,0.6374594222773455,0.2511629088833693,1.2692955176439846,0.7026953784267064,-1.373959713966218,0.17548167835256262,1.0613034696080965,0.4807619738204117,1.046449728472674
354,2026,12,1955854,2026-04-18,Vasco da Gama 2 x 1 Sao Paulo,1224,Sao Paulo,37.48,62.52,Fora,-0.3276790845744549,-1.0637842990025266,-1.3525353225937362,-0.3824149034951053,1.3880840354678678,0.6347427337355124,0.6404463289604077,-0.8416291354730963,-1.2619461037554716,-0.5013714903627153,-0.8066356949772013,-0.2915136798000699,-0.30696331072552296,-0.4491365568773562,-0.36377413825311555,-0.38440559665240015,0.33255999254053564,-0.7229499653882058,-1.2797620921298716,-2.162464408749763,0.5307757611639193,-0.49809764687537367,-1.4956584698314763,-1.087573123534766,-1.238820342732207,-2.387088479548605,-1.6342339859153345,-0.8517690192273665,-1.0125602298568626,-1.420648306317732,1.0318806585595863,-2.266300512035592,-1.2237656094691036,0.23368302020078552,0.881071281605629,0.29436551065668115,-0.37613474546331827,-0.5542807300448417,2.705043231308648,2.177420862860914,0.1684303842133039,3.6924894983275136,-1.4037014265644143,1.645827573040385,-0.7430428494079853,-1.046449728472674,-0.15339299776947415
355,2026,12,1955854,2026-04-18,Vasco da Gama 2 x 1 Sao Paulo,1226,Vasco da Gama,62.52,37.48,Casa,0.22089597276501283,0.9162075978661848,0.04202532261877939,0.13098720309219505,-0.27648531715168567,0.878309627884383,0.45622306206662094,1.1619036506361209,-0.3540570400504442,0.8145306773966047,0.6664022875972713,-0.3658493338919218,-2.994308643916535,0.5153191918599979,0.4940472419739688,0.9220705578082568,0.5346509914517019,0.6931243063069626,1.7528699455062264,0.902594012124546,0.7011569212295022,0.30118566989288037,-0.8086472020449487,0.23166802851328253,-0.06586121265990341,0.11164780014133034,0.7913418772234276,-0.8533123116070469,-0.3750442380132958,0.4548631323902523,-0.5032750500624962,0.13830565022192076,0.025826835028488572,0.058125488833479844,-0.014866643883440533,-0.07597871726963278,0.2065510407892624,0.2256097137327893,-0.7059474833797021,-0.37014954630710967,-0.19824558013652685,-0.5641128287804469,-0.10296886171402522,0.3440914631522125,0.7242243488319183,0.47519096331149147,0.5997601439040671
356,2026,12,1955878,2026-04-18,Chapecoense AF 1 x 4 Botafogo RJ,1227,Botafogo RJ,48.86,51.14,Fora,-0.38921598629068377,-0.5402413350150163,-0.17776520273241006,0.011469451767650941,0.6893027448673554,-2.6802142764361587,-0.7006027675530992,-1.153080972050135,-1.1683978625476055,0.14517048514914468,-1.0159718323709586,1.7404585031961746,1.272202416880609,-1.2210428465850975,-0.9267817463647499,-1.3713829792454462,-1.527090539327986,-0.505629543204144,-0.17740105958085417,0.1642603124706364,0.8098053957884059,0.48947673943244424,-1.1390105222067548,0.18143615659159792,0.2929229240834397,0.28075907564351926,-0.6947820837245289,0.9697499387577208,-0.1844705821307381,0.1408831457114081,-0.1919513835452692,1.8512751168669517,-0.2843682534369062,0.07869148954498814,0.11067142525111373,-0.42765062206745547,1.087845958629418,-0.1869141022244494,1.65373773157913,0.3625661400305919,2.2648758293121696,0.695113464599414,1.1707060461819627,0.25533409793337863,1.957890020745122,0.5364179595739348,2.141556596640961
357,2026,12,1955878,2026-04-18,Chapecoense AF 1 x 4 Botafogo RJ,8865,Chapecoense AF,51.14,48.86,Casa,0.3335911249409227,0.40831291606322884,0.7520171218916604,0.07977504893153148,-0.8189818635920234,-0.11110562343159315,-1.0985739261480292,0.20633288131742086,1.9177079502812948,-1.502665402189998,0.7742017333422654,0.023089393926733735,-0.5450740666631974,0.27705116547173453,0.7808376347799025,1.2752720208823287,-1.7864978281918797,-0.08529047136102089,-0.16957002568326632,0.7449328896845446,-1.0461046409199553,0.45483372682814754,1.4967806331444278,1.942437017654938,2.50811332323308,1.0778592238893758,0.603458241894982,-0.5177924164582517,-1.0632661120619087,0.75508108612352,0.49132438621744084,0.5632206107605502,1.309679085582888,-1.3018559932971505,-0.4438039826831315,-0.8021148392868213,-2.6460651173015353,-0.5762313722674995,-1.13829930063565,-1.1284405388587992,0.11412537853627996,-1.3214040762595376,1.1866015979777274,-1.2535125697470815,-1.3440430100644942,-1.7578076232766309,-0.035114749361031275
358,2026,11,1955839,2026-04-12,Internacional 0 x 0 Gremio,1219,Internacional,53.0,47.0,Casa,1.4512162576206789,0.27403929380797953,0.12491392521664119,-0.31331596999593975,-0.5330780075318728,1.2765122717324937,1.9408761831457195,0.9953627721526302,1.0198394091031306,1.0799914083030258,0.6488457449916809,2.3053293964188737,1.8784865581196306,-0.5250203381449252,0.4741872184386792,0.25271670928697604,0.43123317910250786,0.8091539370119205,-0.289222179115401,1.4362124740535651,0.8275896389788039,1.030805008982441,-0.009811939415099507,-0.03310012662244909,-0.26678652651143975,0.6193993001502908,-0.7067617668790178,0.3330198753970688,-0.1510469249163183,0.6186155180566739,0.11861683721327494,-0.7132575993521998,0.009510704555164506,-1.5679897948416621,-0.3134003077539354,-0.6888208766336772,0.5123824522277852,-0.6156526816037147,0.13112569439434393,-0.6738818942562878,-1.0406118047460329,-0.35814019435056105,-0.4403640681301876,-0.7134568154460891,0.13975424859373686,1.3846153846153846,-1.0905761943319523
359,2026,11,1955824,2026-04-12,Botafogo RJ 2 x 2 Coritiba,1227,Botafogo RJ,64.74,35.26,Casa,0.6968499584732615,0.133444979707934,1.4551484571889974,1.748285784147395,1.3328336517892745,0.9747431962793602,0.2947781096909288,-0.1010505301645296,1.450297645577055,0.40922727792350583,0.9796821164795712,0.1343426555213699,0.26531651759455943,1.392259186696661,1.9321768352883482,0.006597874228296411,0.7164011361933157,0.24854791141515742,-0.5731418847996821,-2.2175142183535907,-1.8833666167902692,0.6564746858270429,1.2815037906661104,1.999096561718329,0.9746790255707107,1.7346900030831738,1.4834536382226424,0.4095127710628355,1.575672063616687,1.8936070112860632,-0.040599170227810184,0.17058118031919284,2.4623434687245744,0.6557588356295707,1.981433820949372,2.372771193406526,-0.8921721192534955,1.1682131389028083,1.65373773157913,1.6257125770823577,0.5364179595739348,0.39196597122193594,1.5751167089095213,1.4643255708453746,0.10640706634484359,-0.3278109752951825,0.4630392641385861
360,2026,11,1955836,2026-04-12,Cruzeiro 2 x 1 Red Bull Bragantino,1230,Cruzeiro,46.43,53.57,Casa,0.37417321036858237,-0.2990566246106573,-0.011078403736127618,-0.9134804739028164,1.1272354789253458,1.0087611393061926,0.6811817581526477,0.04684580176115086,0.4766387098725743,1.2136718412914418,0.002582136961171627,0.2817367387868074,-0.2918769353012096,-0.2517101966840907,-0.7407360996317776,-1.843022989862169,-0.9392109025634743,-0.5919317534264461,-0.8272235371940314,0.6234433350672705,0.6823754850374834,-0.9300910476252504,1.5834948927398098,-0.6210532834152718,-1.2674118563677368,-0.8477305654765672,-0.24000113610274143,2.4204561095595696,0.9889107174632553,-0.5384749943324477,1.3424027267847318,-0.34608825013183736,-0.5841632521096167,-1.6846748685108868,-0.8466087806583149,-0.2820770408650064,1.9427768105705858,0.29454311537913846,2.2240441182107054,1.905905304020265,0.6708203932499368,2.0112647200497498,-1.653077632934175,1.6112216693662378,0.5275153878482985,0.3365945337491576,0.5174548896682011
361,2026,11,1955821,2026-04-12,Fluminense 1 x 2 Flamengo,1232,Fluminense,59.78,40.22,Casa,-0.45442715162339364,0.005135091359144646,0.11544809590637657,0.11790060660848029,-0.5532983292103064,0.16542296045453794,-1.3625151325620004,-0.8123536388825806,0.6995731026073064,-0.16592599901206853,0.21055061628079025,-1.5041882019142552,-0.843850130477248,0.2506733991449286,0.32763495824145616,0.758122515494724,-0.6030148266698642,0.06050766543618117,-0.7116978159465459,0.15392982399673974,-0.9164865326013615,-0.3577248908481416,0.6812929332211275,2.2651878620427226,2.166530612930811,0.2598583796824868,-1.112844084049103,-0.6847576189148573,-1.0430816246108328,0.33329580531486247,-0.9392586992197625,0.4482849907123918,0.2551261891354066,-0.5948488902187186,0.4780293222023706,0.3434940420985107,0.7480500947926014,0.7239431984274906,-1.7759957720289385,-0.999239456440894,-0.5492450692885529,-1.146979472845687,0.6658206384670187,-1.0969881332501434,-1.1345202924705953,-0.8461538461538461,-0.6383174836492261
362,2026,11,1955830,2026-04-12,Corinthians 0 x 0 Palmeiras,1234,Palmeiras,68.35,31.65,Fora,0.926219461557642,0.3485745191332159,-0.738538339305732,0.5835052722115227,-0.8584672077181361,1.7723454686554914,-0.6680356221471088,0.33037181728919324,1.1426601137056909,1.9751841210662926,1.6064425115401877,0.4823023780012529,0.7191197923799434,0.7254554127027142,0.21922222832189098,-0.8625535309969207,-0.6620692727358305,-0.7096969018015526,0.9327379053088816,-0.4831174698006231,-1.9077234888864265,-1.1931182550688597,-0.19759902985071567,-0.1534920237903921,0.8716429804007844,-0.8270474631212,-1.2841489249843496,-0.5159859003501904,-0.7758243390188744,1.0024095676889564,-0.10169699138917644,-1.2287373653381053,0.7438099521552237,0.5091055448389026,0.07869602416300812,-0.36355969413041667,-1.7563967940244118,0.14310302690179055,-1.2792042981336624,-0.9370731061722032,-1.338877362790406,-1.541380938540262,0.6539876390157557,-1.0057448106948357,-0.7100347721015928,0.9244734516419049,-1.335395721779177
363,2026,11,1955827,2026-04-12,Santos FC 1 x 0 Atletico MG,1235,Atletico MG,56.03,43.97,Fora,-0.2862965979197254,-0.9488390160625824,-0.4590721100825603,-0.6558836428268974,-0.7484526571331827,1.1436149182488895,0.3995391382075554,0.7341033722842873,0.2771399217146728,-0.40854739168053306,0.12802152390322408,-1.8913630628228053,0.12199071773159453,-0.5318464301752931,-0.008674803012556243,-1.056252909654347,-2.179346380855444,-1.4992472065663485,-1.2390243083466015,-2.0158105227158787,-1.4075971896018398,0.8177745120229826,-0.1930471846944259,0.03081921745896094,0.28790739870075555,-0.8905823586396899,-1.4381766442009454,-0.8267702817578287,-1.0812202024422441,-0.11801926331721092,-0.42644847733252567,0.35221286391783385,0.013532422642111623,-1.8377302542446459,-0.6813174763878441,-0.48504538355383164,-0.45207907975112793,-0.4805825028637589,-0.7225300612714974,-0.8693028747443566,-1.1250000000000002,-0.8809800880488653,0.4072894169061632,-0.9222488635453484,-0.7235680511449364,0.18160817807303692,-1.1372630948636184
364,2026,11,1955824,2026-04-12,Botafogo RJ 2 x 2 Coritiba,1236,Coritiba,35.26,64.74,Fora,-0.7915669398597546,-1.496683323170252,1.1631958994015559,-0.02016712789023993,0.47325239088809656,-0.09130123040265534,0.5848536012962122,1.0262490327058387,-1.279210878737376,0.23166632678715526,-1.2243237119817119,-1.0650511951757728,-0.630298268251006,-1.3116699727053565,-0.35952552168751195,2.460782794372767,0.35282602955904474,0.48417795034712324,-2.3706155599739684,-1.944922238314171,-1.0067046835396636,0.7731916280789001,-0.6559993396510875,0.31547000156594407,-0.431212094681092,1.5111384735369608,2.922773991069912,2.513231630002285,2.1126006418087058,-0.18899340287229824,0.49426767788881737,0.4213666667767491,0.01916377505437605,-0.06582923414753178,0.15499035040449424,-0.07815578908929187,0.018000334989616652,0.5602055420350026,1.0629880069054678,0.5441855952262675,0.8118121097900862,-0.0942234181264625,-0.4693734837827819,0.48259960092426757,0.19302285912054576,-0.2865127435888428,0.6708203932499368
365,2026,11,1955830,2026-04-12,Corinthians 0 x 0 Palmeiras,1237,Corinthians,31.65,68.35,Casa,-0.8113377722385914,-0.11016668765265697,-0.7177318542888406,-1.1425771723004259,-0.705794987223209,-0.09973654813525923,0.622482389663139,-1.0067104929154647,-0.9658858767511738,0.29545654635826957,-1.4249135661725876,-1.0825945478568086,0.06925832100742167,-0.7469452204150714,-1.4173089056264518,0.106989204201665,0.8581362863696433,0.45777094319982703,0.4151390436129982,1.308448331817897,0.42673428170496236,-1.1630862733693883,-0.4738210152319548,-1.8990014008071179,-2.0025532783048594,-0.5188950544785784,0.3365945337491576,2.465017879410274,-0.5881819155951606,-1.4909097635945425,1.8018789506049921,-2.693076237262549,-1.4072522928635625,-0.5073564552749777,-1.1647901774686207,-0.748904913512505,-0.20556189408698988,-1.1818809559450953,-0.450815794366247,-0.7617454141239766,-1.2166606584807191,0.17859900126512,-2.0160749596744543,-0.7617454141239766,0.10562954660396924,1.1500671555359552,-1.2166606584807191
366,2026,11,1955821,2026-04-12,Fluminense 1 x 2 Flamengo,1239,Flamengo,40.22,59.78,Fora,-0.04150918200511896,-0.4141697093542275,0.2855353343539269,-0.33079944083600155,0.4520739476154856,0.06524029995959298,0.2492593646791044,0.9760527804883458,0.1312446811245455,-1.1045239717783863,-0.5878248273323698,0.2513522891983098,-0.31074457338607964,-1.035485094747046,-0.9509168427822019,0.30771345415506307,0.019134993241352937,0.16644026664040182,-0.47877022984520357,0.8084933299575416,0.3763971177685338,0.38599074702524194,1.2230425404002776,-1.7136346326931644,-1.97054539454813,1.2491495561245272,-0.07271792483455793,0.9857954775714709,0.6413817201012374,-1.3589592408635929,1.4472633992846051,-1.627399357519268,-0.805812567629249,0.3992277425099762,0.4423463026388597,-0.2009683093644243,0.5332383369605391,0.30371142178801686,0.534461406011266,1.1750558376428688,0.15034619483106582,0.7491763738481558,-1.2292308340440523,1.0635665995285508,-0.05724940643805054,-0.15339299776947413,0.02974820586543654
367,2026,11,1955827,2026-04-12,Santos FC 1 x 0 Atletico MG,1241,Santos FC,43.97,56.03,Casa,0.7902405663868723,0.8817995904300447,1.1704207219942198,1.0510076269379172,0.3169553982507451,0.66039452821907,0.7003919584535795,-0.719688864921931,1.069055619536502,-0.861541243248229,0.1251596453817361,1.4290457509259933,0.9439651781404537,0.4987603124453223,0.5296530351314903,0.11527548497190981,0.31976541176343304,0.9474495779175457,1.0554538218446072,1.4433311922987593,0.7100003603922289,0.7764854715318248,1.3138075829214222,-0.01875073246479354,-0.5910505993918237,1.0648812877187988,1.9975046777556895,0.7673405835253675,1.8885960445023762,0.3110949635715203,-0.18491854500608257,0.3273492529888885,0.19617228967714181,1.7033395522709052,1.9934237022321015,1.5489740074213747,-0.33413029608567135,0.7444254065725058,0.08333333333333331,0.20160578287412126,-0.3182229136702921,-0.5768027165596318,-0.2799775835999266,-0.1515477814478746,0.6831612891484975,1.3849367467617868,-0.6785511437439767
368,2026,11,1955842,2026-04-12,Athletico Paranaense 2 x 0 Chapecoense AF,1243,Athletico Paranaense,57.46,42.54,Casa,0.736111426789261,-0.1738272329408972,-0.23255187956414738,0.174485140574057,0.24258557024257438,1.140645973109374,0.04653453518823068,-0.5557139596761987,0.07125569901423892,0.4187154257130333,0.8481808886910726,1.0462188862456443,1.00418695842346,-1.212970922431439,-0.24133967828250402,-0.09652818203627546,0.49498589134546356,-0.39042146950804546,0.48803611745517345,0.2709655514951807,0.530642051740451,0.4740491163739214,-0.8356981452107487,1.0559052147977614,0.6495595946083828,-0.9870462420061951,0.0,-0.6407961269976232,-1.1025212213396234,0.7536326437116769,-0.02775795397643362,0.3101245025104131,0.035391632246450075,0.10527862844626962,-0.1963623421081686,0.43865943382805495,-0.42849034056918356,0.22017569600317297,0.15022315323773597,0.15400464971187186,0.6453312654438671,-0.15166755207101282,0.3954227613686064,-0.0493245862910992,1.2241908135159645,1.150067155535955,0.4191368221424546
369,2026,11,1955839,2026-04-12,Internacional 0 x 0 Gremio,1244,Gremio,47.0,53.0,Fora,0.7687770100087393,-0.40284021157001726,-0.6100618946610608,-1.205774857033621,-1.2780037991195965,0.25440340375327763,0.39525274761615015,-0.18880446267391712,-0.8521192555339387,1.319880937066993,0.2739442564235162,2.378629378789842,0.539669433404138,-1.4694023451586098,-0.48973255305864793,-0.8296865760391517,1.2419258071560755,-0.3659612491132294,-0.2470438645787428,0.5948179165159316,-0.5641154026775774,-1.1027366501154794,-0.6198509238496309,-0.28848142660749443,-0.8797741488705368,0.16180612829562188,-1.1128440840491032,-0.7292535819007145,-0.6982644116402785,-0.5665797355606143,2.941455324084418,-1.3680915353653256,-0.7697652152929838,-1.8619741416506361,-1.6247803356302504,-1.7450758880554351,-1.272871005744358,-1.6870802887116407,-0.8498142740277413,-1.2452129249583872,-0.983192080250175,-1.0884526421683975,-1.4701088895381578,-1.1462185112246668,0.2244854133065255,1.405462441805072,-0.9355360424393582
370,2026,11,1955836,2026-04-12,Cruzeiro 2 x 1 Red Bull Bragantino,5438,Red Bull Bragantino,53.57,46.43,Fora,0.31004716046306763,-0.24498581140003495,-0.41857648063579744,-0.22672243043909723,-0.6385460427398886,0.4728284719791649,1.0773105844658952,0.9432238960111424,-0.9999419379052629,-0.21820697666313776,-0.3441411831049979,1.1330996652975356,-0.7000732112867726,-0.7521024273436758,-0.6646285881768936,-0.8011223462060423,-0.8164421041730551,0.08579003606570865,0.6172133998483676,-0.18042562992793792,-2.649968354487341,-0.04146893054752921,-1.5849046673965779,-0.02453965494870163,0.1741163911381204,0.1308360679972598,-0.4432422071779363,-0.7276772009785984,-0.5481394917412993,-0.2746966829922269,1.4209613646429387,-0.3830875953213892,-0.46787152928267123,-0.09915610818981112,-0.06516540129167965,-0.30970385998141947,1.7028484958376395,-0.07651467998444747,-1.1700487530470867,-1.0712929976248724,0.08333333333333338,-1.2748199458551277,-0.50264637972903,-1.086780347874771,-0.7254762501100118,-1.0135855282610855,-0.14177624100166725
371,2026,11,1955842,2026-04-12,Athletico Paranaense 2 x 0 Chapecoense AF,8865,Chapecoense AF,42.54,57.46,Fora,0.35804854653786944,0.6805968341635679,0.15932342516626977,-0.7992694572621379,-1.0083453510826332,0.8764063589421,-0.05585969116006895,-0.9997244263896878,0.7232359221205138,0.4584498053791902,0.23415837604160292,0.2732111835723864,0.9486662452842249,0.9717466251620541,0.1563572720462337,-1.156839911133812,0.41048027685650956,0.9052570170009647,1.4130835473605539,0.18119989208542986,0.8115368379041428,0.2976072533566893,1.505168333433107,0.2174369795882396,0.3307145195040417,-0.3097296620371771,-0.20115274729832733,-0.5237918531396655,-0.5533896060449132,-0.17158751782549064,-0.28041369426980145,-0.017598299099681934,-0.6932147886169967,-1.3205208708688543,-1.0117546517372102,-1.1702986999430671,-1.2874751345680975,-0.7408689072010708,-1.13829930063565,-1.012951454858492,-0.9510448211356669,-1.0317694296705622,-0.6123747671458655,-1.1366663646819164,-0.6720215050322471,0.03196013860502954,-1.0183277314699042
372,2026,11,1955833,2026-04-11,Mirassol 1 x 2 Bahia,1221,Bahia,58.75,41.25,Fora,-0.3239623616286738,-0.20447065402324463,-0.5637506084155081,-0.35547979228096627,-0.4788655503709149,-0.8073053156268976,-0.46157125973061525,-0.05291546132188646,-1.0161483974660641,-0.682910060385252,-0.9557357243991746,0.8914278402251851,1.3467684199426653,-0.6614406553116707,-0.6359740332014437,1.2390385452614538,-0.9571795717453837,0.8757697732076498,-0.049062067450788685,0.5285941398709245,-1.1755429783403961,0.7206814278376459,-1.738848341803651,-0.302856615882324,-0.5460153043504524,-0.5796343689897654,-1.1182668882397142,-0.48686144124828956,-0.3635788634152399,-0.0860102872374987,0.5581703497215886,1.63768114561454,-0.4198991073638706,-0.9842619457035325,0.06825217118103655,-0.6785511437439768,-0.26386001223321015,-0.19909068367431237,-0.4545324114471422,-0.656720495126253,-0.1778216897897549,-0.694238123026046,0.06488373431015579,-0.010200025098993083,0.6069109849750698,0.23230315905999022,0.577778411828509
373,2026,11,1955845,2026-04-11,Vitoria 2 x 0 Sao Paulo,1224,Sao Paulo,58.16,41.84,Fora,-0.155430343763568,0.5114676498011558,-0.4272258277916067,0.20723379682119547,-0.2724046624272077,-1.6034138053286056,-1.4951186076776057,-1.1510645522859566,-0.13656234945328738,0.12063993342867824,-0.059392685931505936,0.9791114344793895,-0.6594428097913628,0.5359444628284422,0.4069367219250611,-0.05564776222551156,0.5274972012477971,0.4504255572930145,-0.2675866192635186,1.3705760337146384,0.19198071674958825,-1.142956207562242,-0.44349048373739414,-0.03083325865691355,0.4643673843349535,0.5379354320109532,-1.0187432639472216,0.188858476238583,-0.4652671848568221,0.9129319265903516,-0.1953606834329698,0.14126898094314436,0.40936075122231214,-0.057561944827435804,-0.4357955457004461,-0.2824317737381668,1.0386958029047835,0.5055527537771636,0.17451891814894502,-0.39660450345920506,-1.0526899013331488,-0.7645491420317617,0.5457465127485704,-0.5540384523085077,-1.5126229434376843,-1.046449728472674,-1.2654922315981614
374,2026,11,1955848,2026-04-11,Remo 1 x 1 Vasco da Gama,1226,Vasco da Gama,56.75,43.25,Fora,-0.520458020039616,-0.7855377163585039,-0.6426695954863597,-0.0057857297704851825,-0.22534783813030745,-0.5411829082389895,-0.6082974160888273,-0.3858467979170877,-0.6991453275276883,0.48782000562180544,-0.3271426740661728,-0.5861059919078785,0.4495664263357834,-0.5153191918599979,-0.40807633453118003,0.8016787107559603,-1.275705779727003,-0.4053768783135823,-1.1773007096683612,-1.0414546293744764,-0.3951148567947633,-0.9254614220344863,-0.8264140851007683,1.1887228348304488,0.799053614570467,-0.45674100057817035,-1.894424493959115,-0.8533123116070469,-0.9416994060760674,0.0070036451142867235,0.8270662129705896,-0.2732287081509933,-0.7848386169674197,0.6844659612676676,0.0702260915035247,0.349502099440311,0.381366320272023,0.2256097137327893,-0.7059474833797021,-0.4355613016957825,-0.19824558013652685,-0.6432768735127413,-0.3065926781372682,-0.46818998476110224,0.12780429685269148,0.47519096331149147,-0.23990405756162692
375,2026,11,1955845,2026-04-11,Vitoria 2 x 0 Sao Paulo,1238,Vitoria,41.84,58.16,Casa,-0.3239514322804485,-0.07525293888298151,-0.31456283758471304,-0.21053933731524985,0.46542944891883237,-1.3412472669130784,-0.7002382141094347,-0.6313757025139206,-0.11054687072970185,-0.6726318079226894,-0.0648102606974514,-0.05856902390305904,1.2221639160160591,0.4598310996389311,-0.9137594703136147,-0.693089501003348,-0.2972121441280826,-0.6166125589762043,-0.4479251529833522,0.6008417681261098,-0.7945215485620093,0.027908609396766468,0.11833479973804638,-0.32166732639009443,0.3033141749851366,0.1259465155738537,-0.8452522190185577,-0.12089816049033676,-0.9926474048082926,-0.7152238981851966,-0.1735142705688527,0.3420956919280625,0.5522083790949396,-0.7512487569111437,0.0721069267404013,-0.7124200679474171,2.32955651812761,0.5614802018328859,0.968027105138421,0.6505485206822759,1.035098339013531,0.35552293412149144,0.08372214699110897,0.3836954963214432,1.1696355574614288,1.05,0.84444074320012
376,2026,11,1955848,2026-04-11,Remo 1 x 1 Vasco da Gama,4617,Remo,43.25,56.75,Casa,0.46507718856965863,0.4441832720349999,0.4039792839610918,0.2265049049934618,0.020422748233225374,0.6518514349711195,1.579930569318822,-0.23169739072874845,0.17580433721583627,-0.1788698108653813,0.5264870663402805,-0.046268145110653046,0.3792223347406593,0.5074617408322597,0.29883237561292536,1.4281435960792166,-0.3337628474681828,0.277901974015105,0.02358989248105348,0.946849079213761,0.8306181707970904,0.453871945046532,0.6432069873735442,0.07055644339819739,-0.3772557052397506,0.5189295075710123,1.3021185892662852,0.40878074975786277,-0.5648077688890207,-0.44704567721330185,0.07320426945183525,-1.1485238664373796,-0.01463077011738953,1.4494333788687006,-0.08173731156416207,0.6248462727954877,-0.9591669326539015,-0.11705225198539963,0.318222913670292,-0.3159670922909329,-0.0679627666030584,-0.3909437277297941,-0.30098361036908655,-0.412594103386699,0.38911847780746406,0.6847124716486249,-0.13245323570650444
377,2026,11,1955833,2026-04-11,Mirassol 1 x 2 Bahia,6332,Mirassol,41.25,58.75,Casa,0.4585566485003378,0.8600876541110922,0.34566440154577077,-0.011325649322753872,-0.0781181426923731,0.4978811135941524,-0.33127476456423677,-0.13658309546507028,0.9209806589293598,-0.9819097036919907,0.19367312842182452,0.8514770297085122,0.8952199880906465,0.8475544960963932,0.8193716795017789,-1.0235609406917154,-0.001803436650474197,-1.7343124375321741,0.45101819534306237,1.322406245503134,0.9332319903520241,-0.014524056327827653,0.47483926501644663,-0.1769784458908805,0.19839222042080487,0.8235854923037932,0.6875,3.700813909219434,0.27956415417309305,-0.08714534347065732,-0.7446279837985815,0.8241298899460768,0.6577353150252963,-0.34992845579867243,-0.26596411304698203,0.06066954273331543,-0.2403004791841588,0.4897014136376229,-0.04721921646498866,0.31836386551710416,-1.2692955176439846,-0.209926973298732,-0.86132851035332,0.24821460842108786,-0.5585807734779457,-0.5151021148075837,-0.2180103600984736
378,2026,10,1955809,2026-04-06,Gremio 0 x 0 Remo,1244,Gremio,65.42,34.58,Casa,1.035608773800812,0.9990483866891081,1.0887266226699575,0.6837930202248302,-0.18374252729001395,0.9308621427033013,0.7748000880422543,0.6728379902675911,0.8823862232969646,1.3873758319187484,1.0659505641898712,1.2358349244606042,0.8505673734629542,1.9396110956093655,1.9646752589521481,-0.7677837160047478,-0.4253893712368547,0.5734568815120089,-0.5029107243210124,0.5948179165159316,0.39953140347634963,1.4762442251545929,2.028236311239067,0.8945838178636437,0.6507629305639686,0.748353343367251,1.4349831610106858,-0.6236358914027301,-0.050041122615496196,1.3959964857999831,-1.5433125498132532,-0.3226463634544206,1.7504273761132043,-0.8865907398417993,0.475338958827933,0.018241211373401522,-0.661011771474817,1.9708881877472442,-0.8498142740277413,-0.43263756844900175,-0.983192080250175,-1.0662152511011376,1.384256785090863,-0.4201595233468449,0.2244854133065255,1.405462441805072,-0.9355360424393582
379,2026,10,1955809,2026-04-06,Gremio 0 x 0 Remo,4617,Remo,34.58,65.42,Fora,-0.1672218537146392,-0.9203918900055523,0.1243407254866931,-0.39800065102407683,-0.04392011684077381,-1.2834009707592549,0.12660545463656717,1.2863932205413315,-1.8014480518241258,0.5105034568299112,-1.037770186384582,1.7951389264232576,1.4150808217741928,-1.5750463465454099,-1.2897160443437543,-1.555690319565054,-0.4165493496616637,-1.160323317687941,-0.3184635484942235,-0.49834162063882165,0.7683280915790052,0.453871945046532,-1.1553947258668706,-0.2525177974251276,-0.5626730574002732,1.4309874299685488,-0.33968311024337866,-0.404425627518381,0.6087806114404546,-0.46752105655383364,0.2641813478035356,-1.4686774394829287,-0.547050608100383,-0.07118605666959281,-0.5062448827724979,0.32029934992037606,-1.1211739001798253,-0.47436965278293547,-0.45081579436624714,0.2926638732769632,-1.0534228823474063,1.124881364686065,-0.46769991407522404,1.3865245154346195,0.38911847780746406,1.7297999283754735,-1.0927391945786613
380,2026,10,1955804,2026-04-06,Mirassol 0 x 1 Red Bull Bragantino,5438,Red Bull Bragantino,51.85,48.15,Fora,-0.9397571011051706,-0.966103919525869,-0.9232665883236484,-0.5369034975787604,0.5902653255882362,-1.0006318446075562,-0.9433167306766053,0.9212613933435753,-1.0724267692055955,0.26119430458566933,-1.6222962718497482,-0.16961613428315103,0.8155864213650733,-0.9648923823970085,-1.3054074959379176,0.13121867047409994,-0.1487177486878754,-0.1303944842938443,-0.759647261351837,-0.8344685384167126,0.3251242882073658,-1.1104458068838394,-0.08268490243327903,-0.8943340914637941,-0.9294970462338515,-1.133912589309584,-1.0859434075859438,0.027025560842267045,-1.23227873226545,-0.6347754473260819,0.15971467409189324,-2.3575602634815183,-0.7807774246292859,0.6113861564181805,-1.3434472747778545,-0.20278228927354852,-0.6629632711850967,-0.07651467998444747,1.3433893090540627,1.06790594675267,0.08333333333333338,1.3644375029480478,0.014072736754663032,0.8115621523269286,0.6771111667693444,1.2474898809367208,-0.14177624100166725
381,2026,10,1955804,2026-04-06,Mirassol 0 x 1 Red Bull Bragantino,6332,Mirassol,48.15,51.85,Casa,0.1069473161376753,0.5988167512933436,0.4993269525510963,0.26239666629863917,-0.4232506567726515,0.49333180855369535,-0.1737834830500916,-1.7980376464478631,-0.0343267324656502,2.8874453765680657,0.5432764909126604,-0.3135505895817221,0.8081298141905026,-0.18834544357697627,0.28700690130620177,-0.264479026739579,-0.8986394968203569,-0.5833789547807048,0.9741993019410146,1.322406245503134,0.42620483481868654,-0.43572168983482057,-0.9649802362803239,-0.1769784458908805,0.03632192645539416,0.8235854923037932,1.59375,0.2780573829724416,2.1563065950088096,0.28741586768210453,0.1894637690130551,-0.41713290209976905,0.9251776003525285,0.254294375248909,-0.4173011780889855,0.6471417891553621,0.2768589195026538,0.30526841369618046,-0.7318978552073229,-0.7890392288616978,-1.2692955176439846,-0.8890941660866344,-0.5054253180360854,-0.9503497551803741,-0.5585807734779457,0.4807619738204117,-1.4824704486696212
382,2026,10,1955800,2026-04-05,Corinthians 0 x 1 Internacional,1219,Internacional,30.5,69.5,Fora,-0.29206126542203564,-0.3229458983814665,-0.7553109240784751,-0.9074147486378317,-1.0961584591782474,0.05123456294201888,-0.5591960191536293,-1.8300979138792206,-1.0056345245780085,0.9649790300226007,-0.5823802855090916,0.28155205889769236,0.5286102807794255,-0.7830811823178545,-0.7884903499913376,-0.11239984735685578,-1.2721896014691798,-0.6660666597004655,0.5095819346318966,-0.22979399584857052,0.8275896389788039,-0.6985620722029765,-1.1567816696300464,-1.1129917576798554,-1.1288767000920166,-0.3428817554403394,-0.7067617668790178,-0.7952242264777684,-0.5138865226386145,-0.8445360414105505,1.2653259178202683,-0.2881031003459909,-1.2970822427718516,-0.12841769321740643,-1.3596230171515182,-0.9395632041112082,-1.3160111596557806,-1.1356699951913183,-1.3899323605800464,-1.5901509546818293,0.03716470731235827,-1.4470185015088715,-1.2073557894430311,-1.5753930508239529,0.9503288904374108,1.3846153846153846,-0.0703597544730291
383,2026,10,1955815,2026-04-05,Bahia 1 x 2 Palmeiras,1221,Bahia,62.02,37.98,Casa,1.1522313882315802,0.952877189675316,0.8732063323504713,0.451534179166223,0.0829767301586169,1.0394182847065438,1.0065231341222467,0.2008055310472515,1.6504942401950116,-0.6318043993625232,0.9666194696034272,1.2312915316023731,1.3855139894456492,1.133345684247482,1.107269428910819,1.2049349051660856,1.3532971184916323,0.5976383753518887,0.23549792376378548,1.3353957217791774,1.1391835562266748,1.1717554150453808,0.9023844094212905,0.951835078487306,0.1757406897776627,2.121875815051819,0.20539595906443725,-0.48686144124828956,-0.11400868296740613,0.8891339098627318,-0.7271515195068549,0.38217697947166906,0.8614491081627851,-0.6317470106478874,0.6873007092872625,0.7749362493894277,0.4676090043404407,0.9556352816366985,-0.4545324114471422,-0.12789824317051937,-0.1778216897897549,-0.6084977982960078,0.28352364182712897,-0.4552841870054704,-0.9931270663228416,-0.7300956427599691,-0.5392598510399419
384,2026,10,1955794,2026-04-05,Vasco da Gama 1 x 2 Botafogo RJ,1226,Vasco da Gama,60.89,39.11,Casa,-0.4535205361150255,-0.08478816899241348,-0.143404098501097,0.7201949008549275,0.3306069686619055,0.0735851487682132,-0.4086998264346808,-0.3858467979170877,-0.06930213901881294,1.0475398066849437,0.8217041098645138,-2.153698422832252,-2.0129461459947957,1.3398298988359945,1.1877889780701967,-0.29708982924857275,0.21526202592598775,-0.5763806714830457,-1.1773007096683612,-1.6894708432074839,-0.3793898849013192,0.14785478340195954,-0.23181283017475898,0.9760439889821896,1.4646353207926708,0.39584220050108065,-1.2229829011634794,-0.7024890757817686,-0.9253698325535734,0.3637632786023044,-0.7807383493701592,0.4082429758385061,1.073198220036122,-0.4363729123242843,1.880191017105568,0.009117446072355982,0.45077826947841315,-0.15724313381376273,0.8967441005093512,0.554797313558672,-0.19824558013652685,0.8816403571681778,1.0817515247484777,0.47454757447946627,-0.4686157551265354,-0.47519096331149147,-0.23990405756162692
385,2026,10,1955794,2026-04-05,Vasco da Gama 1 x 2 Botafogo RJ,1227,Botafogo RJ,39.11,60.89,Fora,-0.3978316013839684,-0.45242908296745754,0.0583547862101367,-0.0735748866753341,0.25793671435420906,-0.21940353651946046,0.821744456467179,0.7980352686752069,-0.968543185396553,-0.20833647302765843,-1.2862604389414016,0.12291166341654457,-1.3557088721299015,-0.6983824399287458,-0.9021551270992677,-0.4397902895730566,0.860115011304564,1.09199385542463,-0.96888271001851,0.7597039451766933,0.8315600378115044,1.157468525010839,-1.6410523750018733,-0.679560877415801,-0.471655870431769,-0.010027109844411625,0.9388947077358496,0.25714268144097535,0.5844058467762173,-0.9518583143655135,0.12795032535249007,-0.7549161446822782,-1.242516609587276,1.785754762995198,0.11432061425625528,0.5058233164238718,1.174811458520746,0.6600404234800866,-0.02901294265928285,0.24691895416562082,0.5364179595739348,-0.4312379071912198,-0.5990911114970556,0.14464506182814607,0.7235680511449365,0.5364179595739348,0.4630392641385861
386,2026,10,1955812,2026-04-05,Coritiba 1 x 1 Fluminense,1232,Fluminense,69.38,30.62,Fora,0.20531887788541844,0.9853529930084804,-0.48062384789741325,0.15801072266653854,0.0403893028180457,0.6740119834998204,-1.4990019679481768,0.5784252964876021,0.7290856647006226,0.10572001095576194,1.0580758676219701,-0.3310554658938048,-0.058307312786652084,0.9541761644871478,0.7795381716993527,-1.5099602232651455,-2.1501802452688383,-0.3988372150207601,1.416058541007045,0.7916390948403763,0.7709053621567983,-2.2439106789565253,1.869249810638944,-0.7873422494460769,0.8012696276556704,-0.9961237887828663,0.5857074126574227,0.501304201525166,-1.3113235934953775,0.4631480026870363,0.19640238963976153,0.45661171686853325,1.257990635563513,0.2446622148378052,-1.3337579624222005,0.6484326304920864,-1.466026684807536,0.024131439947582916,0.49623411277279184,-0.21035495635047113,-0.5492450692885529,-0.2996766765967974,0.19157912130673224,-0.29840178755813446,-0.3320547197474913,0.2692307692307693,-0.6383174836492261
387,2026,10,1955815,2026-04-05,Bahia 1 x 2 Palmeiras,1234,Palmeiras,37.98,62.02,Fora,-0.6854188587026175,-0.9535406280533423,-0.6727335566713445,-1.2648475631354925,-1.0124907247383874,-1.6099390664748348,-0.5320845130785744,-0.5060704250569577,-1.1538367371106157,-0.24977750139589813,-0.8818518099830287,0.06194908838053667,-1.1931706671897164,-0.17802586814790547,-0.9766307285441171,-0.8181889446385984,-0.3688996221363058,-0.2924143276557181,-2.1763884457207237,-0.4831174698006231,0.7258876116547466,-0.5662988819348571,-0.9576904632762687,-1.7017593941978202,-1.8763919108625806,0.06126277504601481,-0.5241424183609591,-0.7228115449385442,-0.3477729573041761,-1.0754726424341507,0.27614477512601254,0.2904455389027962,-1.0827357296466336,-1.509631479904111,-1.3915504005570751,-1.3949627394351858,0.20156654541569682,-1.3003709835858375,-0.5922242120989177,-1.2148697027462245,-0.4564354645876384,-1.0406704561577518,-1.277826066538989,-1.2831074737116694,0.05259516830382171,-0.3521803625302495,0.27820744203732856
388,2026,10,1955806,2026-04-05,Atletico MG 2 x 1 Athletico Paranaense,1235,Atletico MG,49.56,50.44,Casa,-0.07072511331086509,-0.11401048748643966,0.3088539091054636,0.010062861356780082,-0.3302406169219415,-1.1225627798214106,-0.7039499101752164,0.4601217734355551,0.18591906190313287,-0.575576525263563,-0.28007355576716,0.773475901661385,1.0662192286204328,0.1897229955596073,-0.43564392479499436,1.592696123276381,1.1424229909956896,1.5233658134566193,-1.2390243083466015,1.0289032876362298,0.5488702743876449,0.5137301421682839,0.48387179787910817,-0.6191860962209409,-0.3013473855552265,0.5852398356775105,0.33659453374915754,0.09100455174635154,0.5528732413796625,-0.042807788353579214,-0.8136400702700347,0.7893597855360152,-0.08348579539474432,0.21725365827835624,-0.050708629102912385,-0.048203267930815655,-0.5139945254955551,0.3273532990521259,-1.2335879094879225,-0.6413830215493415,0.6875000000000001,-1.0273130629109977,0.36483102790493666,-0.6985704849844625,0.5107539184552491,0.18160817807303692,0.554051251343814
389,2026,10,1955812,2026-04-05,Coritiba 1 x 1 Fluminense,1236,Coritiba,30.62,69.38,Casa,-0.5744687490048325,0.7360722468459514,-1.0375136096791304,-0.23130470342329956,-0.12508805547061513,-0.06653037206100347,-0.439191949652627,0.07766257379931374,-0.4355911357875716,-0.877240972369985,-0.5714396156568572,-0.9250946776920503,1.035824876716709,0.9258846866155455,0.6543478936602791,-0.40503079695239635,-0.6300978963153557,-0.8270746530143682,1.3182935309123534,0.04576287619562765,-1.0067046835396636,-1.5040993389972344,-0.6700634225396485,-0.963370757470196,-0.32434831927862323,-1.4103959086344966,-0.362514603543555,-0.6919331907643042,-1.3146376268896525,0.18997531935535245,-0.7160159481361107,0.5186246108139757,-0.45635682998171756,0.01294062290707965,-0.6717779259739128,0.9134457849811,-0.21898124626423263,-0.2043102565068832,-0.4783446031074604,-0.4653172239315082,-0.1691275228729345,-0.3911788319389559,-0.8936383470461793,-0.49030850029688117,0.19302285912054576,0.46883903496356083,-0.2555506259999761
390,2026,10,1955800,2026-04-05,Corinthians 0 x 1 Internacional,1237,Corinthians,69.5,30.5,Casa,0.22576648375324282,0.2544140075474755,-0.05361317333866924,-0.03370581742203356,-0.214414558469453,0.7941844838297689,-0.8745118449901657,2.542340288779565,-0.12609616905808982,0.18708106406887945,0.6416371681649318,0.20266156888742728,0.9819207885332918,0.4990651693923709,0.34628050939034544,-1.7415489882141497,-0.6480418578174537,-1.5951813205254752,-0.25369608220794343,0.4260064336151293,0.6975784048588868,-1.308472057540562,0.6516337563244032,0.33900895834437644,0.3678522679023552,-0.5188950544785784,0.3365945337491576,-0.6541342445664671,0.1784508235691876,0.24940772228083039,1.4810331679057578,-1.6252112064495763,0.13738180056630148,-0.046681427797561834,-0.47493136473770425,-0.28184593519287837,-1.0176405925517262,-0.27991917377646985,0.31822291367029193,-0.06218369667146819,-1.2166606584807191,0.14391047598331094,0.8057791122120983,-0.06218369667146819,-0.6601846662748077,0.1691275228729345,-1.2166606584807191
391,2026,10,1955818,2026-04-05,Chapecoense AF 1 x 1 Vitoria,1238,Vitoria,41.97,58.03,Fora,-0.32184390771181975,0.51910560142623,-0.5588258241926648,-0.4944752073752512,0.051895615120535976,0.06797820340596633,0.5417745203965956,-1.5780883021026162,-1.1734779684107424,1.0029375682214328,0.27827264857715256,-1.100541121124027,-1.6946159841143191,1.135026132020146,0.4225736093232363,-0.025215036789352576,-0.29883755875828844,-2.857744917004008,0.7892014600182867,-0.2703787956567493,0.3678961217769352,-1.5907907356157018,-0.05956736731475631,0.11834929933220457,0.10711787696109203,-1.0915364683067323,-0.275198396889763,-0.5426939525557486,-0.4542112763612401,-0.579804996477448,1.1944245420816186,-1.1207843616047262,-0.13006558563686474,-0.7512487569111437,-0.5167814904755483,0.0527718568849941,-0.9876165825079571,0.3721438547031918,0.33000924038809804,0.29623445941007565,-0.966091783079296,0.08570990393211639,-0.8241473810543091,1.1313086309137494,0.1720052290384454,0.325,-0.0974354703692446
392,2026,10,1955791,2026-04-05,Flamengo 3 x 1 Santos FC,1239,Flamengo,66.62,33.38,Casa,-0.6330482996031936,-0.19788240230431986,-0.41642971824402925,0.18892145886271977,0.15407964176439726,-3.3457520178288838,-1.4925530631989763,0.2745878903224408,-1.238507528430424,-1.117185824174845,0.0844617033061516,0.5061829022202181,0.4058263834295039,0.36121573072571356,0.2540729428740806,0.5882579920262774,-2.604450114015955,-0.6686890036731877,-0.7943233358795422,-0.6124949469375315,-0.9347861020892734,-1.0868686824131817,-0.2956275817729987,0.34272692653863285,0.19477616262593708,-0.13349689912781193,-0.7756578649019513,-0.06754406895245252,-0.5496542077868644,0.29749066670037727,-0.6226464410211827,-0.2512948543811446,0.030732948755949722,-0.28134404481328534,0.7088062648078374,-0.3069334179383934,0.6772080273165914,0.49518166595872315,0.534461406011266,0.21221186437593165,0.15034619483106582,-0.21389035454386604,0.5711264610540223,1.1390851928147172,0.4961615224631048,-0.15339299776947413,0.8924461759630945
393,2026,10,1955791,2026-04-05,Flamengo 3 x 1 Santos FC,1241,Santos FC,33.38,66.62,Fora,-0.8992466376488113,0.12923133692041017,-0.7122746174533111,-0.35621516599694614,-0.5706267240794338,-1.99304219984264,0.215137461641031,-1.6649134630569267,-1.0891328224957462,-1.404068029117528,-1.3986977476771059,-0.3245521286201071,-0.16500560600035605,-0.08368461618210113,0.02657041531874594,-0.04328690732641331,-1.5729638118580143,-0.9148418725914023,-0.06435694035637854,0.6383964889013743,-0.22706174415689837,-0.9085408238331552,-1.88235409614115,-1.7406929971482967,-1.5841296699976548,0.23769671600866057,-0.1747816593036227,0.07193723137430336,0.1950251556976971,-0.8476414722109424,0.7311555368522102,1.006248668892697,-0.1413600860587855,-0.30117466753531663,-0.13468443818273984,-0.46785337367012936,0.8989657608253976,0.5923948657936137,-1.5277777777777777,-0.6802624347924089,-0.3182229136702921,-1.055206739671448,-0.9508955574598874,-0.9911848651516765,-1.5181361981077723,-1.4171445780818281,-0.6785511437439767
394,2026,10,1955806,2026-04-05,Atletico MG 2 x 1 Athletico Paranaense,1243,Athletico Paranaense,50.44,49.56,Fora,0.25150718812362793,0.24627021056231607,0.4672616897347564,-0.3269610395549193,-0.9862898457391649,0.502912593129625,0.8988512849516047,-1.8289078676163593,0.8553078337505249,-0.6856588443163688,0.24973691747521182,-0.41452260676612096,-0.3533955643446049,1.0293338903501852,0.854645503364506,-0.700943317524437,0.6369378017757038,0.4851985939100448,-0.4555003762914951,-0.4433981751739318,-0.7235706720847975,0.9832129821088735,0.5756815611164814,1.5045682364700703,1.622962450287224,1.5573396262764407,-1.5879984667608413,-0.7299822528686453,-0.22923380080248557,0.17674072190157786,-0.32489099299394664,0.9282261870193349,0.2664785484699223,-1.0324589690740895,-0.7186044595170878,-0.9199071622025226,-0.023591328643528534,-0.2975347243286119,-1.483453638222642,-1.303824385691414,-0.39436910666014113,-1.508723302748236,0.9762320381321052,-1.3047507325542715,-1.0418645221412466,-0.8118121097900861,-0.5158607041753288
395,2026,10,1955818,2026-04-05,Chapecoense AF 1 x 1 Vitoria,8865,Chapecoense AF,58.03,41.97,Casa,0.9781973821394703,1.3593773332722283,0.1718172066153266,1.310209002416193,1.1563235650235408,0.8665536834370812,1.8557830729845248,1.1108758620977532,-0.28339497072393516,2.261851244661638,0.9607058843283123,1.2159779291598463,-0.722873691068025,1.4348769316222671,1.580840368914245,-0.46080787795814016,-0.4027807459280262,-0.43866389949481416,1.6768591428678572,0.7449328896845446,0.996510083234441,-0.48852511400060195,-0.4961113290995494,1.2321428843333564,0.5270048918429099,0.03716755944446111,0.603458241894982,-0.41142219842668754,0.1427709971193113,1.6710304801443754,-0.33688762042926523,-0.8246752490440596,0.5050309273807871,1.1428312433554986,1.9219433587841104,2.0206280924110636,0.26519913141297485,2.057969186669641,1.0853551471177127,1.3632386163125978,0.11412537853627996,-0.02035782797552443,0.04350203263877746,1.267446497873364,0.6720215050322471,0.9268440195458597,-0.035114749361031275
396,2026,10,1955797,2026-04-04,Sao Paulo 4 x 1 Cruzeiro,1224,Sao Paulo,31.86,68.14,Casa,-0.3958588788861913,-0.33814180731043264,-0.34219792811282557,-0.16220153276258215,0.53555558477443,-0.3321204824179458,0.769874506938469,0.4208673651233752,-1.3707602689301728,0.6106769765462989,-1.375140021303633,0.47027986697617297,0.7633165591827441,-0.9964037900472442,-0.9132845673182904,1.7236429497740688,0.6719019124098633,-0.601005970430449,0.06980520502526572,0.4873159230985381,0.4839930496400843,-0.49809764687537367,-0.31033728776185693,-0.9249977597074042,-0.5018862780124239,-0.7620751953488506,0.8277289019571173,-0.6384778566213626,-0.3854085809405855,-0.8542864622701628,1.2781909050736333,-0.8720766837164099,-0.8161123238237314,1.7627190865989455,-0.7411264315553798,1.2172411656884379,-0.34806271077347506,-0.5542807300448417,0.17451891814894502,-0.21262986748798046,2.6106709553062095,0.23070854250133638,-1.4435402809100477,0.49425692931420157,2.3352775267108106,0.21801036009847358,3.182904703716587
397,2026,10,1955797,2026-04-04,Sao Paulo 4 x 1 Cruzeiro,1230,Cruzeiro,68.14,31.86,Fora,-0.16690645267576393,-0.020379173340966728,-0.1530933609790605,-0.16593999658698622,0.008943950555667605,1.181050843678654,-0.6036488751108835,-0.08780669101723113,0.12117854596230102,-0.1294618525036573,0.8097552499374071,-1.6765903208699853,0.44076442720940273,0.5593559926313127,0.6583343858092541,0.48266360091626426,-0.957097369902543,-1.7065544241376456,0.24693239916239726,-1.546139470966831,0.30687093351969774,-0.7924755354766165,0.4534659981675244,1.4083039243642057,1.800534406011571,-0.5968715205906442,-0.7753882858703957,-0.8035438636010869,-0.6155947464684367,0.23300887316054406,-0.3799844844386788,-1.3196249452830007,0.44544019312678457,-0.9093189102136882,-0.4328901424215853,0.33763767012629586,-0.821530701277715,-0.14349536390265713,-0.07943014707895366,0.07749244084392869,-0.40994579587496155,0.2453334329260295,1.1128682054029548,-0.10966174324057229,-1.920156011767807,-2.3255622331759973,-0.5544159532159296
398,2026,9,1955771,2026-04-03,Palmeiras 2 x 1 Gremio,1234,Palmeiras,55.04,44.96,Casa,0.5881256617982238,0.5977040962656082,1.8640521851246639,0.49302215113886233,-0.412649119263127,0.7620357224020418,0.7594510230725021,-0.16318105862934212,1.8747183518595352,1.4909178978885065,0.862004202558781,-0.41100981760206984,0.21035597662915592,1.2417304303316397,1.6322034245314165,0.11233304707587095,0.2547443518401579,1.352477376713476,-0.0,-0.4831174698006231,0.28950884962347445,3.1946173568691587,0.934120447724198,1.1044752146656431,0.2948802514759642,3.3184003149924695,1.7558771015092127,-0.3872597758248815,0.8768226749873009,1.2223322649296533,-0.5441188345921227,0.9282448039146944,1.3993767140915725,-0.7187697476230525,0.06914937315727596,0.5532430128071558,-0.7258897732664602,0.14310302690179055,-1.2792042981336624,-0.8877904838425628,0.4260064336151293,-1.461243696057484,0.12870019135149646,-0.9565391705308474,0.05259516830382171,-0.3521803625302495,0.27820744203732856
399,2026,9,1955774,2026-04-03,Red Bull Bragantino 3 x 0 Flamengo,1239,Flamengo,40.42,59.58,Fora,-0.46040491518923476,-0.12300645812849138,-0.8013234076820449,-1.3830118190892227,-1.5071656549426704,-1.357814241168136,-1.7538249273806885,0.14932630279281492,0.3752254181781896,-0.08729004390082762,0.30385350815678014,-0.6223526697339472,-1.1931781814781102,-0.33713468201066626,-0.40522632423677807,-0.8415882825129948,-0.505931275859782,-0.9906032282808138,0.15233598222347372,0.09799919151000508,0.3765530278227663,-1.5287265112447088,0.3745213780664946,-1.0281807796158986,-0.6241205437125736,-0.6865554812287475,-0.7756578649019513,-0.9788300145233808,-1.1633411871674575,-1.196669972854155,0.5367003674437498,-0.44644317390850813,-0.31730388182118385,-2.4158646505089694,-1.602208771172582,-1.4725496122520536,0.5332383369605391,-1.6109910199190458,-1.3254642869079394,-1.8164182723264,-1.5936696652092988,-1.1911076444354922,-1.9450355417336478,-1.9165796690316075,-2.270893122042672,-2.3775914654268484,-1.6956477343298793
400,2026,9,1955771,2026-04-03,Palmeiras 2 x 1 Gremio,1244,Gremio,44.96,55.04,Fora,-0.26957234123939733,-1.7795250371728215,0.17754156236661545,-0.4967366998785543,-0.6579564765908983,-0.8191537404981046,0.7748000880422543,-1.1530743045513878,-0.9559549765733137,-0.9099931614724618,-0.993216965288768,0.5392241073926276,0.49776065794374136,-1.6966699078764749,-1.3101876077013228,0.45239259575659646,0.4322010391950008,0.9997782128374094,-2.5498456022591687,-1.5613970308543204,0.32697612434558426,1.1323801084519165,-1.4298554702910553,-0.11947210596876039,-0.7873968406085115,0.4550797358314364,0.5857074126574228,-0.049870271584608064,0.4414096935187327,-1.0745332296365298,1.5336122618556498,-1.8172059764187158,-0.45966852521380724,0.06578361761667477,-0.5185286622805548,-1.0397490482839005,-0.6239293936402993,-0.31534211003955886,-0.8498142740277413,-0.802166502935233,0.0,-0.8781259194384827,-0.6653538094665398,-0.7503440434843861,-0.5892742099296294,-0.6847124716486248,-0.06035716402834562
401,2026,9,1955774,2026-04-03,Red Bull Bragantino 3 x 0 Flamengo,5438,Red Bull Bragantino,59.58,40.42,Casa,-0.1519982196138215,0.10718481193417279,-0.704147133166,0.18637070212074597,0.9662052249913908,-0.9898609358605771,-0.7878838602810283,0.17684814503236324,-0.742166097781787,-1.2796900376059368,-0.8706217989033186,1.4839214641565326,1.0990248595639436,0.205452370396321,-0.8675438010688343,-1.7334633628861844,0.01963157158666842,0.6110348833273977,0.6172133998483676,0.4736172785608368,0.6547096937158557,-0.04146893054752921,-1.6950576246107527,-0.73618964846105,0.5284876783676528,-0.6280131263868465,-0.4432422071779363,-0.3745444148012491,-0.6809112618118853,0.15996053883302683,-1.2914625554969024,1.7847588574261761,-0.7145295553413074,1.0174103076227472,0.2826415173685172,0.2249039935579353,1.7028484958376395,0.21934208262208255,0.7150297935287753,1.2350367218754168,2.5000000000000004,1.1480034764276936,0.7513025589989124,0.9598753582309648,2.0796985836487005,1.2474898809367208,1.9139792535225069
402,2026,9,1955785,2026-04-02,Bahia 3 x 0 Athletico Paranaense,1221,Bahia,54.45,45.55,Casa,-0.05022970697376836,0.13205855549694323,-0.5242840691125313,-0.6035432970978964,0.468045513770072,-0.45634298974423276,-0.6342882472427166,-0.19880503193414018,-0.33920239809668923,-0.9819852869703148,-1.1324045580503017,1.600453817063802,1.4622134644788418,0.12377836824545867,-0.6441962011069698,-1.557459942558747,1.041969657134069,0.4788530908509907,0.5200579149783596,0.5285941398709245,-0.5407484069306285,0.1192494448939993,-0.7663627110212835,0.11537394890755266,-0.17215608437042138,-1.4801377636702935,-0.45643546458763845,-0.48686144124828956,-0.6773918691975244,-0.9048110980430187,-0.2501384861053287,-0.3449021740014723,-1.4653496538908033,0.36175758131727104,-0.40577001777503474,-0.7903578662927003,0.180246176400792,-1.3538166489853232,0.6439209162167846,0.16548863206261047,2.4005928121616904,2.2769364078038556,-0.051061671191268976,-0.16988219497852866,2.2069490362729813,1.1947019608799496,1.6948166746969597
403,2026,9,1955782,2026-04-02,Coritiba 1 x 1 Vasco da Gama,1226,Vasco da Gama,32.53,67.47,Fora,-1.3092790299754107,-0.4049849917249688,-1.2468622474301319,-1.5583072791533925,-1.119954572450435,-2.411898132601951,-1.8724154838984222,-0.3858467979170877,-1.229865503146925,-0.16925069741425086,-2.095954970639335,0.1824378127867658,-0.4150123325950384,-0.9275745453479961,-2.333541833452821,-0.8385388425825347,-2.30320609227396,-3.683779364606019,1.386598613609403,0.2545777982915386,0.2918996580791028,-1.6921158544890904,-0.6284006974100725,-1.7887810070451795,-0.4659626009603574,-1.025129801297671,-1.2229829011634794,-0.7056817806864008,-1.1237632231752994,-2.318121079858562,1.6121462095080934,-0.321554880612853,-1.9244697596283344,-0.47931942359108753,-1.511318853535585,-1.4375173307414528,1.8672961958754866,-1.3058016764534188,-1.2401780113427199,-1.2384208749338346,-0.19824558013652685,-1.1758806938163766,-1.8198878592827314,-1.2324443294288647,0.12780429685269148,0.47519096331149147,-0.23990405756162692
404,2026,9,1955776,2026-04-02,Cruzeiro 3 x 0 Vitoria,1230,Cruzeiro,59.34,40.66,Casa,0.2588432655899704,0.5752374237154875,-0.6192332387709709,-0.21313695163822677,0.11922438492488119,0.15690979208745004,0.2796721852577942,-0.08780669101723113,0.43324070709945944,-0.1162961772241995,0.29501506523602616,0.18120796031067354,0.38173654522897477,0.6752225911049418,0.03215710084930654,-1.843022989862169,0.6328690909121425,0.9375163714019907,0.24693239916239726,1.3466376037453043,0.6823754850374834,0.30844856171245516,1.0809468037384877,-2.6504104911947493,-1.6075581590617194,-1.0985896103624901,-0.24000113610274143,-0.7259930603046687,-1.1157935604167875,0.48098052987734247,-1.2670262463749853,0.8927503672793723,0.5708593096853262,-1.4237013996206105,-0.48068624649496533,-1.3975635206493504,0.774465711223379,-0.8005530828253505,-0.07943014707895366,0.30097936619598364,1.7515865823748353,1.3492379322083226,1.150966632928259,0.10068185612829553,1.7513510876563516,1.2239801227242093,1.5893257325523318
405,2026,9,1955762,2026-04-02,Fluminense 3 x 1 Corinthians,1232,Fluminense,63.68,36.32,Casa,0.24294753174965739,0.45056123291087313,-0.343384873212168,0.48626274451749557,0.9359407065608761,-0.034930291048149154,-1.2942717148689125,0.7048597451576182,-0.13851537694567487,-0.6880062250412998,0.829554661108511,0.6325892815515634,0.40255929846951855,-0.21832844441655086,-0.6126755311780963,-0.849846590342497,0.12253662944937112,0.12571329684455312,1.8416098123977631,0.7916390948403763,-0.6527519768982006,-1.4579999339113654,0.1960653269118601,0.067366181770787,1.1337580570936283,-0.36813270455018976,-0.26356833569584015,-0.9228307761133641,-0.23403977379825913,0.39751666506562944,-0.215767177042116,0.34964006168947875,0.3581715455978266,0.218672436155466,0.9706903312510602,0.6484326304920864,0.23787878864979833,0.8988961380474675,1.2536440743733686,1.2665689913788478,1.3246498729900391,0.16948936407540335,-0.10895765410298502,1.1966856405089432,1.2728764256987166,0.2692307692307693,1.310230624332622
406,2026,9,1955788,2026-04-02,Chapecoense AF 0 x 4 Atletico MG,1235,Atletico MG,51.72,48.28,Fora,-0.8589454770209821,-0.7504658951929031,-0.1706555435116758,0.5717029822410427,0.9997854273825786,-0.7043855622382941,-1.3345150806796573,-0.596664393552411,-1.3611346282413075,1.0809405478570742,-0.8041647476767078,-0.54786005521134,-2.2469505054009695,-0.08086553909098033,-0.8739677217227639,-0.24390853955559016,-1.5959669019534608,-1.2434377559886696,-0.6401625593124107,-1.4068677606454572,-1.5369785813588854,-1.006491707105209,-1.5960629039539462,0.11206988166894866,0.04197210758093066,-0.15267126148108967,0.33659453374915754,0.5205333182151227,1.2826281960520838,0.2828300421371069,0.240711096343148,1.1722817444419882,-0.43283504036842446,1.8552843131879952,0.5815326140074932,0.7381125401906131,1.2961217412680035,1.337273051446982,0.2995856351613526,1.1415133502144015,2.500000000000001,0.06267084270161588,0.07823690214665613,1.0511470757625563,2.362236872855527,1.2349356108966516,2.2453655975512463
407,2026,9,1955782,2026-04-02,Coritiba 1 x 1 Vasco da Gama,1236,Coritiba,67.47,32.53,Casa,0.9763352525826201,1.2780471566298122,0.046007617754646506,1.7232037348647733,0.09142343551333104,0.7615862016067271,-0.05517486804681227,-1.3014362010724803,2.3462685191565633,0.008348657364683184,1.7284340920916486,0.16927014864309484,0.11819630499078201,1.6251205176533272,2.1301607407188534,-0.6429473969869383,0.4305096305296594,-1.3824820924690606,0.6475827871148403,0.7093245810322272,0.7044429884200311,0.07248671513239716,0.5495102310489685,1.8894278588411932,1.7453541021727916,-1.4103959086344966,-0.362514603543555,-0.31129027301189116,-0.46246858631662807,2.32827762477319,-1.9827035477226511,0.22331906565066392,2.962497809192705,-0.17516649841736645,1.7772060039105655,1.0551031527054417,-0.013597209177563137,1.3247213405768883,-0.4783446031074604,0.13225090898854233,-1.1500671555359552,-0.6131292067324847,3.532858393001933,0.08559764529918114,0.19302285912054576,0.46883903496356083,-0.2555506259999761
408,2026,9,1955762,2026-04-02,Fluminense 3 x 1 Corinthians,1237,Corinthians,36.32,63.68,Fora,-0.9740712496466462,0.13989880046333528,-0.8244296125124794,-0.8105465208124627,-0.36135422134587936,-1.7882540529580906,-0.43421942303331135,-1.2100415272834086,-0.2683740338621816,-1.361790124808689,-1.1190910551843136,-1.0207697725918032,-0.605422274396768,0.01983040408181614,0.03303688345386832,-0.8440703005919787,-0.11634069902047675,-0.1402848525826597,0.08072148070252738,0.4260064336151293,0.752331892821965,0.14538578417117354,-0.8965190469800316,-1.179640928222709,-1.2285093323874754,-1.9122243674303168,-0.5507910552258941,2.150129800379107,-0.5527880613870986,-1.0954869249968242,0.20269903790729676,0.6959187316355284,-0.8892506336243596,-0.5933133117139122,-0.6641352129147547,-0.6321401689325984,1.1479026033542372,-0.09952681734274475,-0.450815794366247,-0.4526935352295418,-0.04055535528269071,-0.46076708517351783,-1.4498166174898617,-0.4526935352295418,-1.4259988791535847,-1.792751742453107,-0.04055535528269071
409,2026,9,1955776,2026-04-02,Cruzeiro 3 x 0 Vitoria,1238,Vitoria,40.66,59.34,Fora,-0.5011826734317111,0.6740070583264118,-0.4284850465565863,0.011582635848804368,-1.0520028819790714,-3.422913965104891,-1.1349426711865453,0.7668459830324601,0.32544437780866325,-0.8509726750864467,-0.7416404898786405,0.9521036933208362,0.34198921931454285,0.4598310996389311,1.0988111628043593,-0.8645591965653494,-1.7741369030073182,0.07774638640333957,1.4077647665191062,-0.2703787956567493,0.49672750174629005,-0.5501982995362579,-0.7577906630915576,0.38235927476558396,0.7925566419896745,-0.1784242303962928,-0.8452522190185577,-0.610269012372018,-0.6216041420624356,0.042691245797459615,-1.0439617444150164,0.6009489598242401,0.20574048567813502,0.09413144337949432,-0.2962326314598715,-0.5848880804753486,-2.2692516441171535,-1.5212196165937495,-0.9460264891125479,-1.2239563308571555,-0.966091783079296,-1.058488493569245,0.25764351251705164,-1.246373899628448,-1.3244402635960293,-1.125,-1.0393116839386092
410,2026,9,1955768,2026-04-02,Santos FC 2 x 0 Remo,1241,Santos FC,61.54,38.46,Casa,0.5189917582535842,0.2840373128449484,0.1448318843169711,0.08764885901505504,0.012665754037321342,0.5907140507922255,-0.06215082225185384,1.4126266255767204,-0.5025877896047813,-0.013096299712773313,-0.0668174322237763,1.7852453202087946,1.8394383852809673,-0.08368461618210113,0.2725240649499034,0.3056596149149441,0.8462585167352903,0.3728844652011934,0.30891331371061675,0.6383964889013743,0.661164999947233,0.31693284552319395,0.3723966841775702,0.8875346700002081,0.5406137182343447,1.0648812877187988,-0.8988771049900601,-0.9790381742093303,-0.8738770765278842,0.23226119140545198,-1.3132282153951844,-1.0394216313864084,-0.08177624584206847,0.38712676692446035,-0.18701627642762378,-0.1011574861989468,-1.2949176404288791,-0.9279105419953065,0.08333333333333331,-0.34250150810570273,0.8353351483845164,0.7520454486586856,1.170571924699156,-0.6695987213367522,1.4169271182339207,1.3849367467617868,0.5513228042919811
411,2026,9,1955785,2026-04-02,Bahia 3 x 0 Athletico Paranaense,1243,Athletico Paranaense,45.55,54.45,Fora,0.2610641147806923,0.7398294938478269,0.30699027164040893,-0.1072798682256485,-1.0105048669236765,0.22155220291281708,-0.45065023550707084,-1.8289078676163593,0.9198801027337976,0.6487678092646655,1.0944820185777577,-0.5312825560374695,-0.899664182607323,1.0293338903501852,0.5419580869263225,-1.4279934080391818,1.126888067553855,0.9597842356284146,1.1170604466196192,0.2709655514951807,0.7600690403775552,0.304327827795604,0.6557000710420509,0.3829106822892982,0.6443281856360542,-0.03290154140020664,0.0,0.7095225600661788,0.531904590115707,0.6030709326162358,-0.870206683018484,0.9454435440179083,0.7492124067770192,-1.2524545996173342,-0.5289482126785148,-1.2904253247563164,-0.9233669107005401,-0.12496458421801694,-0.9388947077358494,-1.0791061400688098,-1.4340694787641493,-1.2970070844848693,0.14969575966097287,-1.111232045351719,-2.5525680792460537,-1.7927517424531065,-1.4508582304931121
412,2026,9,1955768,2026-04-02,Santos FC 2 x 0 Remo,4617,Remo,38.46,61.54,Fora,0.5983915266647113,-0.38811127160559733,0.09177814029169525,-0.7323830106334206,-0.7842565856831399,0.4122741082644707,1.0444950007516753,-0.1699064685308916,0.6889080387694235,0.21266908091578643,0.627371198572986,0.4136329357380209,1.340545052183558,-0.3255414941188081,-0.3473985668130936,-0.1475889211711284,0.8063870056105293,1.6275023719883548,-1.3446238714200545,0.4651188459295668,0.8306181707970904,2.0991577458402095,0.447026520652491,0.07055644339819739,-0.3300638904509288,-0.8491573760252925,-0.33968311024337866,-0.7862782828921105,-0.8772313818720554,0.19233025920076877,-0.27607744988621385,-0.04099717071524366,0.10750599333010014,-1.4718976160134571,-1.757470679051094,-0.8978883415800704,0.012874872501638887,-0.29571095238416756,-0.45081579436624714,-0.9439740166871038,-1.0534228823474063,-1.155167066353007,-0.24170670238468245,-0.9747562847396578,-1.1154729697147303,-0.3603749850782237,-1.0927391945786613
413,2026,9,1955788,2026-04-02,Chapecoense AF 0 x 4 Atletico MG,8865,Chapecoense AF,48.28,51.72,Casa,0.17184120459685248,0.7698186456478675,1.3128517658632302,1.0350397422677322,1.2773310133789721,0.8558162428256829,-0.7510025144853758,0.6320001663905191,2.0466078627275315,-1.1299886457775132,1.0448749654551321,-1.428258323940219,-0.2900055970757832,0.7401814719319476,1.2723608622281455,-0.46984725501236957,0.8822245651997934,0.8385318818997632,0.8855323563459472,0.18119989208542986,-0.6988519824899581,-0.3312986405291437,1.388300988998978,0.6233193414862863,0.805388132729912,1.424756445371014,2.2126802202816007,1.863229369704613,2.5593522395706456,0.5122643709791211,-1.0813815568201104,-0.2476853499382414,1.352560419226442,0.5554451444434092,1.7198890344219564,1.4069883246506536,0.3747996678351687,1.0701439770682133,1.826573296368834,2.5159495108083654,-0.9510448211356669,1.5103206166167378,0.2277721811497012,2.4337029863112134,-2.0160645150967413,-1.7578076232766309,-1.0183277314699042
414,2026,9,1955779,2026-04-01,Internacional 1 x 1 Sao Paulo,1219,Internacional,39.07,60.93,Casa,-0.913376825043714,-0.2541487991124276,-0.7289560592396057,-0.5938442621841576,-0.03739030596517806,-1.0939410546091168,-1.0321826520210735,1.4300490315421457,-1.1881188327031755,-0.7040362534058165,-0.9687119792169469,-0.6028807534472703,0.635740052557507,-0.008898649799066717,-0.4886803716866723,0.5335755990130006,-2.3161418769792625,-1.3675933137974583,-0.289222179115401,-0.22979399584857052,0.8275896389788039,-1.4397193927110126,-0.29184324824306557,-0.27307604463520607,0.18961415361945275,-1.3051628110309696,-0.7067617668790178,-0.7427393531373516,-0.3571730919383624,-1.0760205636492395,0.28994051850967567,-2.44823850067276,-0.7109652872645019,-0.4460886318439883,-0.14230256597890095,-0.7724016524595209,-0.2825712920694175,-1.482348204249721,0.13112569439434393,-0.23504678538500118,0.03716470731235827,2.46534935856967,0.10498745995156819,-0.30064370406973995,0.13975424859373686,0.2692307692307693,-0.0703597544730291
415,2026,9,1955779,2026-04-01,Internacional 1 x 1 Sao Paulo,1224,Sao Paulo,60.93,39.07,Fora,0.24305343026155649,0.7859522890527159,-0.04726154264243113,0.5325843900879221,-0.023820530683139593,0.8768643930457088,-0.2655509168860222,0.9337565684906913,-0.93906592364779,2.2004079426626397,0.26931257214597215,0.6865332831650399,0.0376427842093345,0.7548513560963973,1.1570530234130936,-1.0801690707915348,-1.0379663594447568,0.23693839931152547,0.7445888536028343,0.4873159230985381,0.4263329327546927,0.5336760502236154,-1.6657299446490113,1.3510573338756628,0.8113892746457269,-0.4370725385088996,-0.40325254197910865,-0.8517690192273665,0.33775238518315454,0.5551839486869861,0.05893859828051799,-0.05932447861472659,0.7066057886766983,0.40290440304326924,0.4656434199447352,-0.05171285998022762,-0.4001964894831843,0.3289138398068293,0.17451891814894502,-0.25964393384037765,0.1684303842133039,-0.5513225469252651,1.2522221964777993,-0.4369864186109425,0.02653724462171376,0.21801036009847358,-0.15339299776947415
416,2026,9,1955765,2026-04-01,Botafogo RJ 3 x 2 Mirassol,1227,Botafogo RJ,33.61,66.39,Casa,-0.9407069513367673,-1.3577069871360155,-0.6133142982840941,-0.7543670230496807,0.4891334363996861,-0.30407939575428616,0.17767447707398437,1.3919178882331298,-1.3662124720482034,-0.5041109604388592,-2.6569158070220915,0.18461147622331414,0.9353069673669209,-1.4823730499132735,-2.15264804315803,1.27434025942414,0.6714755970775568,-0.3276114658617386,-1.364623535237338,-0.4311833202354204,0.8532615334626006,-0.1785150461459506,-1.2450536025332348,-1.731890585647066,-1.5355274866239277,-0.3008132953323425,-0.150223153237736,-0.4195338478124602,-0.07339010680823516,-1.8184047798689327,0.2905851396142454,0.23030704472698252,-0.8624135360398305,0.17279955507097694,-0.5094493313609368,-0.8277108814208815,1.8270527077057066,-0.6950868176471711,0.8123623944599235,0.815430667240429,0.5364179595739348,2.6019770266862894,-1.111611555349803,2.018254858883572,0.7235680511449365,-0.3278109752951825,1.3022979303897735
417,2026,9,1955765,2026-04-01,Botafogo RJ 3 x 2 Mirassol,6332,Mirassol,66.39,33.61,Fora,0.7090853458249696,0.8927193486023178,1.3485750577327689,0.920740507860579,0.34948980404023294,1.2832959807736464,1.5586206136055054,-0.6206898993644848,1.315783117889649,0.07958238134406949,0.8971021162355115,-0.3813508356050794,-1.0279175551592614,1.883454435769763,1.6171728896094453,0.8210081102119756,0.9732427391435378,0.7835441780597141,-0.07216291125488987,0.14241298028495278,0.40409681103230566,0.8278712106861582,1.3535782967188499,1.2130397645437376,1.3878139089936206,2.03802511654837,1.59375,-0.36816608632921644,1.0651859578994982,1.6334029829003822,-1.6231419651616323,1.0841284498230268,2.0472351371901816,-0.009284342075544884,0.011608253427297356,1.2336140355774088,-1.3508322405747875,1.0430004134619502,-0.7318978552073229,-0.05413072935119819,1.2692955176439846,-0.6783803326034092,1.4504096562577098,-0.1549436898621153,-0.5585807734779457,-1.5109662034355793,1.046449728472674
418,2026,8,1955996,2026-03-29,Athletico Paranaense 4 x 1 Botafogo RJ,1227,Botafogo RJ,53.27,46.73,Fora,0.21956229111363812,0.4626873212363082,-0.19397598653328318,-0.17147841486693888,-0.27586343923820345,0.22734782939821593,-1.4032245632547662,0.6307967337558914,1.0247332417787687,0.28115217911122475,0.43492702559644003,0.36412216348359,0.3892866852134909,0.6082685767121334,0.46413980490566137,-1.3713829792454462,0.05189371184898584,-0.9991103187020595,0.6140805908568017,0.1642603124706364,-0.6248440766216841,-1.0135047781189441,0.33012937286163924,0.7554341792631971,1.1266174241444877,-0.8823856663082044,-0.150223153237736,-0.6776611116382583,-0.2033058736596509,0.6084611576699026,-0.8989693330976641,0.5108882171008772,-0.2556453826703264,-0.4036123462757056,-0.6351170881916262,-0.42765062206745547,-2.60818778675202,-0.3563050073653566,-0.8703882797784892,-0.013334572730723034,-0.3278109752951825,0.4343462759728543,0.22975054379605905,-0.10445059769597444,-1.7450758880554347,-2.0562688450334172,-0.37621940211260124
419,2026,8,1955996,2026-03-29,Athletico Paranaense 4 x 1 Botafogo RJ,1243,Athletico Paranaense,46.73,53.27,Casa,-0.041981678037951387,-0.4528506353330298,-0.1986776423819404,-0.3687086861792647,0.4433395550029674,-0.031268040001926914,-0.5216766313206853,-0.4223317407491345,-0.3352888160368203,0.022693706037866263,0.27528929000856245,-0.02045777797531915,-0.061017940394868075,-0.09181851604062681,-1.4497098029905113,0.2987505569333372,-0.5947409502810289,0.4783825728205486,0.1735239528729506,-0.4433981751739318,0.43528383643999463,0.13460653921728666,0.21842661180027634,-0.5144153610553194,-0.13987238544207783,-0.03290154140020664,0.0,1.0539508702301446,-0.9977821028536794,-0.2352047944435768,-0.19185912912310096,0.2731449416213394,-0.5213377903107028,-0.2788069976642538,-0.43948516229852536,-0.7964011080179246,-0.42849034056918356,-0.2975347243286119,0.6947820837245287,0.19486296845499232,2.7247320096518837,0.46920426722941727,-0.38643588042841087,-0.014138977830311358,1.979542592068368,0.16912752287293448,2.2891318747780214
420,2026,8,1955750,2026-03-22,Internacional 2 x 0 Chapecoense AF,1219,Internacional,46.92,53.08,Casa,0.7445796521378047,0.3003867805905487,-0.10275311723999164,0.1346729698861757,0.6775118161870983,0.42756172901641926,0.7921943604676405,0.17428872663910047,0.25413157501730976,0.5219018046492727,0.3017930967736021,1.5250778927962498,0.6785436594752059,0.3781926164603272,0.14416451024489263,0.4555592407557712,0.7356122872973525,0.23777024057302207,0.9089839915055454,-0.22979399584857052,0.5234106459323687,0.660226348728423,0.3342453979586733,-0.21308206513201683,-0.35707717596822974,-0.6636421073038828,-0.06625891564490792,0.4402875540840596,-0.6680073620462385,0.02231855642242648,-0.1403722548311483,0.20944291894669612,-0.5596886957712954,0.5674329342503429,0.5086290846432288,0.23056765745060306,-0.3322559010879925,-0.26897447254531215,1.6521837493687346,1.0137939664560658,0.03716470731235827,1.4140813497498572,0.3266276531826559,2.0273965416139275,1.7609035322810844,1.3846153846153846,0.9498566853858941
421,2026,8,1955759,2026-03-22,Remo 4 x 1 Bahia,1221,Bahia,70.11,29.89,Fora,0.60612943671037,0.21701118415150578,-0.07754918865886394,-0.07134681099775494,-0.37135882617927807,0.7407750807322535,-0.9797222222669194,0.1715300319277356,0.25603583221569604,-0.7672427767211144,0.9732072112011337,1.0396292708640866,-1.090796460116754,0.796823245580141,0.9207325912076779,-0.04735075913583835,-1.2921021455396253,0.6978489574617163,0.23549792376378548,-1.0850090239455814,-1.3220612097467639,-0.181466546577824,1.6488706145801948,-0.16344642761903178,-0.8284375553412847,0.020701227463920096,-1.1182668882397142,-0.15494373686865734,-0.6716871115607285,0.25399086620125283,-0.813427992589928,-0.31719220597489883,-0.5801697486924229,-0.46322212879225394,0.5040137672924042,0.32770935919453403,0.180246176400792,-0.7764536663298178,-0.4545324114471422,-0.7066523668417378,-0.1778216897897549,-0.41965321841057474,0.3199636264132911,-0.0587729397595732,-2.5931651176207526,-2.654893246399888,-0.5392598510399419
422,2026,8,1956046,2026-03-22,Sao Paulo 0 x 1 Palmeiras,1224,Sao Paulo,62.28,37.72,Casa,0.9804776004530222,1.276763920751145,0.22194912514788698,-0.2427385411682782,-1.379961206755045,1.1519762880234108,1.870014019751991,-0.272937018087298,1.1131640176013615,0.1873389920038138,0.697682467970054,0.7327298333725691,1.8797947286068568,1.7399323758021956,2.135218530501012,-0.4333172581602051,1.048157275049149,0.6870145125598252,0.7445888536028343,0.4873159230985381,0.4350547333237244,1.1785346109104835,0.46324050729081656,0.7820435604798961,0.04069895016538519,0.21293277517100226,-0.40325254197910865,-0.7021370746718537,-0.9018041609857681,0.9311766693245583,-0.9238443842495127,-0.5796647174924608,0.7681801283319303,-1.236514576875706,-1.4337963854538955,-0.7438696012540452,-2.397321243132036,-1.790753127837181,-1.5124972906241902,-1.6413041929016863,-1.0526899013331488,-1.510556562313865,1.0105331467809573,-1.6178090718192943,-0.7430428494079853,0.21801036009847358,-1.2654922315981614
423,2026,8,1956043,2026-03-22,Vasco da Gama 2 x 1 Gremio,1226,Vasco da Gama,34.07,65.93,Casa,-0.7091146071126776,-0.77294710404618,-0.06954362216670441,-0.51662874083518,0.19064238684465498,-0.9694482962664787,0.32315800229718994,-0.566417683581628,-0.9588417383383651,0.43660387140769724,-0.6000942967793633,-1.0502290459039383,0.9561481012253851,-0.9275745453479961,-1.2414909594599008,-0.35114754072474924,0.17923305517226643,0.43951776513225793,-1.1773007096683612,0.2545777982915386,0.06280054540171098,1.2211709888384052,-0.0640554157200587,-2.214138698741698,-1.9971332182736543,0.9642310012205814,0.11990028442779196,-0.7758943268563653,-0.44436989302524826,-0.6175995744741355,1.3426073271249386,-0.7737112238327456,-1.6528238483973825,0.7823652793568304,-0.5784568198260325,-0.4163633706375878,-0.8314146811396272,-1.4972281002266947,0.8967441005093512,-0.013191027432367797,0.7269004605005989,1.745760249215617,-1.6995646950326329,-0.06612924098440986,0.7242243488319183,0.47519096331149147,0.5997601439040671
424,2026,8,1955748,2026-03-22,Cruzeiro 0 x 0 Santos FC,1230,Cruzeiro,64.02,35.98,Casa,1.8874024194118324,0.8839404718540814,-0.2325156214614622,0.2648207110924154,-0.7809580680038583,1.1667341250185421,0.11906835609985279,0.38347703370710423,1.729648579251747,0.15170049794996354,2.5090275110540454,2.4421134157097772,1.693094664132574,0.7910891895785709,0.793050716144577,-1.123834767011007,0.33551331101529175,-0.5423375830840766,0.6049843779478735,1.3466376037453043,0.6823754850374834,-0.9300910476252504,0.6510515195589126,0.774129796933119,0.9998277406484098,-0.8477305654765672,-0.24000113610274143,-0.8425624332079475,-0.8024522960562458,1.299470820612428,0.7049978568035848,-1.0283059197401012,0.3393163252695569,-0.3564367656514199,-0.2230675358609034,-0.6539058674597877,-1.1149123947521808,-1.4576108017480438,-0.6552987134013684,-0.7399738588808136,-1.49071198499986,0.3755789800458199,0.777602043180272,-0.8790526307655768,-0.08440246205572778,1.2239801227242093,-1.6262867961000604
425,2026,8,1956046,2026-03-22,Sao Paulo 0 x 1 Palmeiras,1234,Palmeiras,37.72,62.28,Fora,0.03220893097785872,-0.7201281775488764,-0.7694407648494653,-1.3333292906725236,-1.409474057614624,-0.5277624820839675,1.439206568415174,-0.775692832846192,-1.5002187691857962,-0.4088764204406543,-0.7561249870772742,1.1251657271610653,1.6685617119868335,-1.081507148998525,-1.0049754562933966,-1.5834780593196573,0.781216727269175,0.4179701462580074,-0.3109126351029605,-0.4831174698006231,0.5232133896857175,0.3112482404527465,-1.5703492760846707,-0.8308589983436419,-1.4956105917605556,-1.123150875843605,-0.5241424183609591,-0.6790733965140509,-0.8793912609166619,-1.3658197648174837,1.389086732664622,-0.7742882533500183,-1.1238089279795647,-1.4669919513344012,-1.3766965185586448,-1.6241634161695788,-0.30190974186890274,-1.6612394862077444,-1.2792042981336624,-1.5404485704935817,-0.4564354645876384,-1.8174931866711936,-1.0048148272924329,-1.6081777693671828,0.05259516830382171,0.9244734516419049,-0.5285941398709242
426,2026,8,1955753,2026-03-22,Athletico Paranaense 2 x 0 Coritiba,1236,Coritiba,46.81,53.19,Fora,0.08580657582133772,-0.00984352724505486,-1.008823150142763,-1.1770082810372182,-1.2982737504946376,0.016150736187482355,-1.6552460414043737,1.3648214303463206,-1.2141940722788434,0.5964580411655604,-0.0331370196525726,1.5872875512773583,-0.73083186569895,0.22664885557776362,-0.28865788407093795,-0.5601937969749238,-0.18063818400084522,-0.6615138603313557,-0.02312795668267276,0.04576287619562765,0.5642036911923043,-1.3289231107606088,-1.189042005962044,-0.07801946275286822,1.0912929114626408,-1.7755877064059287,-1.0195723224662485,-0.6919331907643042,-0.6617942925088802,-0.8207459349014433,-0.9898817385439556,-0.06568373006666144,-1.0577978412219455,-1.1773594392515008,-1.6521299087739831,-1.6363868340570504,-1.7593615244142529,-1.351083954319712,-1.2490109081139247,-1.470172710928247,-1.1500671555359552,-0.8473277057728724,0.34733637799925793,-1.4587377362561076,-0.9265097237786195,-0.2865127435888428,-1.1819216452498889
427,2026,8,1956048,2026-03-22,Corinthians 1 x 1 Flamengo,1237,Corinthians,52.53,47.47,Casa,0.541324459495086,0.7220719894419021,-0.18180962210770205,0.827547482596421,-0.013512374569038758,0.9235280273324842,0.622482389663139,0.7678148979320506,1.6645107943984112,0.06186094075326134,0.3404794958295322,0.03703705297896134,0.23174147282073923,0.7866060285787037,0.8053080985216616,1.9555273966174798,0.8162182098930579,-0.7318543056486789,1.7528092952548815,-0.4564354645876384,-0.298288358458371,-0.5815431366846942,1.679227654469178,-0.38035151424003244,0.3044012271744031,-0.5188950544785784,-0.5507910552258941,-0.6541342445664671,-0.7385046264861912,0.8703830340288119,1.92872252071188,-0.27414323595118023,1.1956471669028927,0.10637549969901644,1.137784229754963,0.41874253228656166,0.20047745514537849,0.08086553909098033,-0.450815794366247,-0.007342239078048435,-0.04055535528269071,-0.09788551943302196,-0.1757353475745284,-0.007342239078048435,0.10562954660396924,0.1691275228729345,-0.04055535528269071
428,2026,8,1955756,2026-03-22,Vitoria 1 x 0 Mirassol,1238,Vitoria,35.94,64.06,Casa,0.4851740014469061,0.13265639331119422,0.34443244726052535,-0.2717295777051848,-0.311795784355629,0.6964585042714186,2.3426929854303395,-1.0942129734239494,-0.2421544069282187,1.2859041298024416,1.2313659864194038,-0.8572291294957344,-0.3961397029152767,-0.8905589651234989,-0.5307976003085699,-0.1742903769309673,0.491675434889244,0.6221858139313889,0.47991980676787693,1.4720623319089687,0.7135771887123606,0.8372582819030006,0.12571989234666855,-1.2897039029791522,-1.878363641277925,1.0390587534842932,0.8649092473678264,1.0083241130679133,0.4893524114405156,0.1067340690767717,0.26901412099982325,0.4917238375241327,-0.1401898910600536,-0.13618885886687132,-0.917273629970586,-0.07476013058707444,-1.0630068802496744,0.18280750757349765,-0.9460264891125479,-0.3907274782454063,0.03450327796711767,-0.679650818237858,-0.8206689537437901,-0.5217980995981518,0.670820393249937,1.05,-0.0974354703692446
429,2026,8,1956048,2026-03-22,Corinthians 1 x 1 Flamengo,1239,Flamengo,47.47,52.53,Fora,-0.6822691538775669,-0.6438812916739709,-1.0678981270014234,-1.4497865700542278,-1.3193626350553478,0.2124049647006071,-0.621646849259936,-0.711847111473363,-1.0653774307878767,0.4637709289713681,-1.7828259438537712,0.16398179330508392,-0.9133809861986716,-1.384660301115236,-1.7567531453484648,0.8385737233593833,-2.2905272067314715,-2.2873947128833865,0.46788908825781234,0.09799919151000508,0.6506386965891837,-1.0868686824131817,-1.4279837351116196,-1.5993923238469534,-1.4063221780804276,-1.7926726454306188,-0.07271792483455793,-0.06754406895245252,-0.42775345037160956,-2.057653966478674,0.8669576946012126,-3.2029772504188325,-1.4476902594468233,-0.9494663482220971,-1.3443357060693168,-1.6844798293999919,-2.4581318959929757,-1.036580287406927,-1.3254642869079394,-1.7042851291267727,-0.7216617351891165,-1.3648113768646313,-1.4337464648125078,-1.8048711413948015,-0.6106603353392058,-0.15339299776947413,-0.8329497642322214
430,2026,8,1955748,2026-03-22,Cruzeiro 0 x 0 Santos FC,1241,Santos FC,35.98,64.02,Fora,-0.6737338595030997,-0.31957676103944455,-0.9453600171514,-1.7495403138764156,-1.5329713145319719,-0.6055884514196963,-0.20079496419829626,-0.6618633600948488,-0.8243575062961912,0.5810175049973402,-1.4933547935078186,-0.02765099509620991,-0.03971449949193961,-0.6661295448095246,-1.127822852629855,-0.8728603277347159,-0.6028925049260088,-0.5415803617334835,0.682183567777612,-0.16653821449601067,0.7100003603922289,-1.0617250325026988,-1.04085883374359,-0.01875073246479354,0.28152538211152894,-0.8652160462715237,-1.6229725506764974,-0.9790381742093303,-1.062636907249297,-1.2660975222370436,1.630823609573438,-1.2392973685703708,-1.488536180714807,-2.0709497221273883,-2.172577830426423,-1.5679410360836772,-2.877390913464751,-1.2319716235530906,-1.5277777777777777,-1.887283728406296,-1.4717809757251006,-1.49722459436373,-1.006805388614884,-2.140404009957714,-0.050604539936925735,1.3849367467617868,-1.9084250917799344
431,2026,8,1955753,2026-03-22,Athletico Paranaense 2 x 0 Coritiba,1243,Athletico Paranaense,53.19,46.81,Casa,0.6279489971745884,1.4867324435144142,0.005115857366177747,0.16924375842590017,-0.08960034493080415,-0.34170342671542414,-1.2319405894568305,0.7678480589077489,1.1675264284347533,0.7977023236653393,1.4427431774481427,0.8309168521282642,1.9753231242891809,1.4497660427467396,1.7657496773625587,-0.6812933150780925,0.028064126346266205,0.4131479528416523,1.746084775784065,0.9853292781642932,0.7600690403775552,-1.053442480830935,1.8339375720008428,-0.6265811164733965,0.425522429412459,0.28514669213512284,0.0,-0.6268907365009018,-0.4083655226345676,1.5600779091155732,-0.36461364128500556,-0.26237094968386193,0.7105318440594566,-1.3333963882134336,-0.2602383312579954,-0.6728950538333266,-0.0985726271482795,-1.1603854248815866,-0.3943357772490567,-0.2485137597339256,0.6453312654438671,1.6461514533316497,0.1869271235560684,-0.39595791797716123,1.2241908135159645,1.150067155535955,0.4191368221424546
432,2026,8,1956043,2026-03-22,Vasco da Gama 2 x 1 Gremio,1244,Gremio,65.93,34.07,Fora,0.5796504714588403,-0.12875576063878078,0.8697955602930971,0.4169301586449667,0.001583559845130417,1.1599440105706442,0.6229811518718127,-0.9178865382398097,1.0350181488793784,0.4680845924716135,1.2299562371905168,-0.5502072484707538,0.8128079371129845,0.6896395006611078,0.652640615653557,1.0283399979418184,-1.2245964724588831,0.491387382542979,-1.0146444438055515,-0.8426587150642363,0.6989337071291183,1.4762442251545929,0.23645910247882662,2.2466583829735156,1.9011107965913536,0.748353343367251,-0.2635683356958402,0.5874749526700984,0.7746266434802367,0.2500323980500118,-1.1199190442912115,-0.8074373338526895,0.39381518891614786,0.8492610769366388,0.17461197067706832,1.252563180973587,-1.4315011775920168,-0.5439651398182391,-0.3140617969232957,-0.3374619249630612,0.0,-0.056029640179620095,1.8086393468473805,-0.3351174028512497,-0.5892742099296294,-0.6847124716486248,-0.06035716402834562
433,2026,8,1955759,2026-03-22,Remo 4 x 1 Bahia,4617,Remo,29.89,70.11,Casa,0.47926894790474256,-0.23903166194030914,0.6219603100800276,-0.0011556573852986307,1.7334724651645534,0.4071921649706933,0.12660545463656717,-0.5502402482659776,-0.796978391493199,0.6233084350995299,0.7851002598036865,0.929432131828095,0.10638778386691612,-0.742043111594342,-1.1845225078617092,0.13783703796277524,1.3912164343675146,0.49152976370553286,0.02358989248105348,0.946849079213761,0.46020339460285414,0.12481478488779654,-0.6020330591383702,-1.3294319335028775,-1.6612967489387902,0.06290054637224402,2.123019439021117,1.7463411054670304,3.3524920828402562,-0.014208567275265621,1.4718441863341154,1.2163428082255696,-0.9503696493935866,0.12933998841144786,0.8306155987162098,0.4725728113579319,1.1469236451831022,0.597582549609672,2.6253390377799093,2.233550926567174,2.888417580629986,1.7508459742665685,-1.445768895817895,1.8696141895521265,2.6460056490907555,0.6847124716486249,2.748404640909966
434,2026,8,1955756,2026-03-22,Vitoria 1 x 0 Mirassol,6332,Mirassol,64.06,35.94,Fora,0.6581004145755432,-0.10064613948479006,0.1585090081360027,0.3740860509647203,-0.12385741701771802,0.8851628608694151,1.7161118951196506,0.7236374560792752,-0.09810867432718004,0.11505992449340648,0.6013341021091891,0.4798156879595614,0.7897051031287778,0.37669088715395255,0.263652225083867,0.2881326066175764,1.3078498023139515,1.677578109396992,-0.5953440178528421,-0.44758365232413777,-0.4926610642988531,0.8278712106861582,-0.5163037413646925,2.0684355863496564,0.8176203895141181,0.013959076140742196,-1.125,-0.5782319495950857,-0.31790808299584805,0.6123782881721702,-0.13538885286047594,-1.1153831117158572,-0.6007088631925731,0.9476280535279101,0.537046725351374,1.086995973971897,-0.9498068822948385,0.12083541375473808,-0.04721921646498866,-0.35864157631402044,-1.2692955176439846,-0.492052956579699,0.6112617624455136,-0.48452182753606726,-0.5585807734779457,0.4807619738204117,-1.4824704486696212
435,2026,8,1955750,2026-03-22,Internacional 2 x 0 Chapecoense AF,8865,Chapecoense AF,53.08,46.92,Fora,0.22311137536669517,0.10465996255411678,0.13237175145757538,-0.3597563680457507,-0.7073122146212767,0.049491719259609795,-0.31653824990705903,1.2400962879235145,-0.05291639666955173,0.7848411952127861,0.7634135581670463,0.12249677186282693,-2.209516957444327,-0.6492094474486916,0.001117049233781656,0.05921605487425837,-0.09053045343099163,-0.18498676886893256,0.8855323563459472,0.18119989208542986,-0.8012359447176264,0.45483372682814754,-0.5199142623512063,0.6233193414862863,-0.07666311421097302,-0.6566268835188154,0.603458241894982,-0.23086663150573575,0.28916034440605815,0.33415882581366624,-0.6195333779913922,-0.555807298743906,-0.3380762136636436,-1.1138740120392765,-0.3212340722937488,-0.5566589321826574,1.4297048308987792,-0.4115938373339282,-1.13829930063565,-0.6311797784774753,-0.9510448211356669,-0.570349452938182,0.7555968438335331,-0.7504084601134695,-0.6720215050322471,0.03196013860502954,-1.0183277314699042
436,2026,8,1956049,2026-03-21,Red Bull Bragantino 1 x 2 Botafogo RJ,1227,Botafogo RJ,34.99,65.01,Fora,-0.4754456599494608,-0.22521487075450966,-0.8287239787618036,-0.6704214723779386,-0.7243722342373586,-0.4366762082923372,-0.642050951244627,0.3136629193903755,-1.7410609389280567,1.7321913781064548,0.028573883906968706,-0.36015359553182863,-1.0089063853883344,-1.3517079482491856,-0.7232332633151192,0.990869912423827,-0.17502273908989138,-0.2538242627893798,1.0098214160756296,0.1642603124706364,0.8251514901739447,-0.3455129925405493,-0.9330457136399041,-1.3492252371993334,-1.1926156628148945,-0.8823856663082044,-0.6947820837245289,-0.788282574318893,-0.7673921791583013,-1.2742517918757694,1.563837950421153,-0.2976985567448999,-1.8562070232562946,0.8914429645421642,-0.4426700389218544,-0.5610040418519308,0.2917771519318777,-1.2032595330698928,-0.8703882797784892,-1.1525165447742252,-0.3278109752951825,-0.08297412023358074,-1.5320384819477597,0.13467958314604622,0.7235680511449365,0.5364179595739348,0.4630392641385861
437,2026,8,1956049,2026-03-21,Red Bull Bragantino 1 x 2 Botafogo RJ,5438,Red Bull Bragantino,65.01,34.99,Casa,-0.05547110183572315,0.6937996023479422,-0.08448657906149926,0.5972959636923194,0.8487411542611872,-0.4158433057049121,-0.4770181194898743,0.3920696624012511,-0.6547973605746277,0.5000052517403226,1.654047621802967,-1.15110294535786,0.02445374964969246,0.8438222355563189,1.1847606607262968,0.7638786460784817,-1.5345224289884054,-1.5343207303821884,0.27299823454831645,0.4736172785608368,0.5664882434631575,-0.04146893054752921,-0.004699940868617333,0.2917492310567865,0.18332084015706837,-0.6280131263868465,0.19945899323007127,-0.4869811736045453,-0.32394570085286034,0.8373649225548402,-0.604580554105919,-0.559686014866321,-0.12432693168336617,0.6064518351361807,1.0696940287616228,1.080276559220903,-0.7183038973142836,0.21934208262208255,1.97174882457935,0.8680864257212187,0.08333333333333338,0.7455781542404349,0.7085168996722375,0.6342406880746516,-0.7254762501100118,-1.0135855282610855,-0.14177624100166725
438,2026,7,1956041,2026-03-21,Fluminense 1 x 0 Atletico MG,1232,Fluminense,54.39,45.61,Casa,0.40776930907775527,0.40788693716848573,0.010117710854124218,-0.6785867656451314,-0.7439063220066005,0.9141375926209069,0.7530308159237302,-0.8123536388825806,0.8898191681376565,1.0157976951009606,0.3129363863217392,-0.09014427903246325,-1.414208059131437,0.6024247818160382,0.3102371446355564,0.3328570019772483,1.5681436801365825,0.4397417050476869,0.5649559982256085,0.15392982399673974,-0.8337532901536373,-0.3577248908481416,1.2699095985025475,-0.543139840526973,-1.0471666236603032,0.5738539217988251,-0.26356833569584015,-0.6624030888125367,-0.6186241881056725,0.0765755457678102,-0.4742330212335567,0.08834549160551079,-0.4183198412882843,-1.073390846909415,-1.2992119201506362,-0.5713217230822165,0.4759587315164396,-0.150821499672394,-1.0185858104283618,-1.1760054070849284,-0.5492450692885529,-1.0072735637762331,-0.7596611311368666,-1.2759279838257516,0.47041085297561275,1.3846153846153846,-0.6383174836492261
439,2026,7,1956041,2026-03-21,Fluminense 1 x 0 Atletico MG,1235,Atletico MG,45.61,54.39,Fora,0.5568479100064196,-0.14817016416637818,0.26800990008575676,-0.015654418749288218,0.37507063345922664,0.552704019072522,0.6360010771467207,-0.36182302311064146,0.44465785046329837,-0.6857046477813781,0.5292882410200674,0.600932371586869,-0.09409409256910164,-0.2612578955247054,-0.41065160191129996,0.4297428893067933,0.2545864741320418,0.12190655675886251,-0.34073168479531546,0.4199605255658081,0.4333772981714249,0.05766358738623609,-0.38896744093262775,0.3558218742989118,0.3669655421076498,-0.15267126148108967,0.33659453374915754,1.042038506722513,1.3996181074939527,-0.18198554962887276,0.901461481967108,-1.0270335365891647,0.01434226887853018,-0.4045294066465272,0.5095550123997169,-0.22294011418002205,1.5742445991574114,0.1253693485731547,1.3217013315942028,1.0438227226004644,-1.1250000000000002,0.9795253863757448,-0.4790294534944447,0.955274421937248,-0.7235680511449364,0.18160817807303692,-1.1372630948636184
440,2026,7,1956039,2026-03-20,Chapecoense AF 0 x 0 Corinthians,1237,Corinthians,65.32,34.68,Fora,-0.2913058054873258,0.4588292899976938,0.12643186423642058,0.32993769041155674,-0.10138828257002847,0.21446074138178936,-0.17004396985919876,0.019730664535549475,-0.0549818735157509,0.11571988445448093,-0.3906155590917449,-0.5757081916468256,1.0298784832118844,0.8824529816408146,0.5669470545609487,-0.0678725167025336,0.010782544914616287,0.35833181878198295,-0.9225312080288851,1.308448331817897,0.1936794974402652,0.2907715683423471,0.11139448917480134,0.6587247239374471,1.0725766046129357,0.038436670702117,-0.5507910552258941,0.5874003191134461,0.21005478848770506,0.4104600272185165,-0.1708129081565668,0.518094785880386,0.3980574606565643,0.19681822958335804,0.3144150441877882,0.06844829854684163,-0.367977633779937,0.08086553909098033,0.31822291367029193,0.03862877858171567,-1.2166606584807191,-0.04978767685760516,0.7774661951028683,0.03862877858171567,0.10562954660396924,1.1500671555359552,-1.2166606584807191
441,2026,7,1956039,2026-03-20,Chapecoense AF 0 x 0 Corinthians,8865,Chapecoense AF,34.68,65.32,Casa,0.1746817382239966,0.28180315897660496,-0.011356406350762266,-0.11347101450495392,-0.11259716361406456,0.31733359616406603,-0.22964539699139566,0.0254242851613551,0.6249645473354403,-0.25661575596269176,-0.10237082939950486,0.3679087361425555,0.5240797379024389,0.27705116547173453,-0.5165281800885032,-0.40114798940022534,-1.107759580338856,-0.9521636662109891,0.6217567608386438,0.7449328896845446,0.10102678050551724,-1.2746574813578933,1.0477628764677365,0.2174369795882396,0.8876306732372214,1.0778592238893758,-1.0057637364916368,-0.06697705891384675,-0.1307763002003955,-0.16000353794225478,1.2395016990206342,-0.3610890580208507,0.12982981990452674,0.4907837700025777,-0.9144941099846654,-0.0657471179743297,-0.20060314838134657,0.24695630240035693,0.3441369978665918,-0.09421760379598107,-0.9510448211356669,-0.30258627787084114,-0.9465596127504218,-0.2071364018217625,0.6720215050322471,1.82172790048669,-1.0183277314699042
442,2026,7,1956026,2026-03-19,Santos FC 1 x 2 Internacional,1219,Internacional,34.59,65.41,Fora,-0.12068415257532766,0.04883161472665698,-0.9952823597659574,-0.49581055894971976,0.19486286746613932,-0.2226844881019006,0.1164991706570056,-0.4976900318374453,-0.9762411231251573,0.3021479521461684,0.08585024194579402,-0.007052332499085146,1.079318983488404,-0.3959899160584606,-0.1562718630994266,-0.41986642137271446,-0.9872048172099477,-1.8439757563102563,-0.6886242359890499,1.4362124740535651,0.8275896389788039,-0.8220882922876492,-0.9108184755001831,-0.8730158396670985,-1.52507345908906,-1.9466835147580563,-0.7067617668790178,-0.7286422121643916,-0.712326269503739,-0.8139972930529955,1.008482215511214,-1.1058569104756282,-0.5049165989044697,-0.6843418358139244,0.020013491972510532,-0.5216593249819899,-0.21030276986058088,0.42438194557149284,0.8916547218815392,0.3601118420707304,0.03716470731235827,-0.08498297283683046,-1.114033602819415,0.2592232705540711,0.9503288904374108,0.2692307692307693,0.9498566853858941
443,2026,7,1956024,2026-03-19,Vasco da Gama 3 x 2 Fluminense,1226,Vasco da Gama,54.18,45.82,Casa,0.4880823107238856,0.7373103007779921,-0.41947192060386435,-0.14535631891947853,-0.21667118427053997,0.3355769932873341,0.2566254724124744,-0.6747602149803527,-0.23467978184203367,-0.8502282383185269,0.5659273947807331,0.9021146703620969,0.4380584280303996,1.1337022220919952,0.9069052329126783,-0.15318972405142636,0.13229907462057763,0.4958563578187196,0.6540559498157561,0.2545777982915386,-1.4461521130742345,-0.31213787607080296,-0.934998540165454,0.12532860558915293,0.9235199377569772,-0.17254660021842,-0.5515413083678438,-0.6044892560621058,-0.6709358043898181,0.25973616040753894,1.0651489323569938,-1.3407322245214428,0.8178562996221931,-1.552982205261172,-0.10603553044647424,-1.012036514031509,0.0788014134749374,-0.3486695575870387,-0.17171695541668439,-0.6093977408117001,1.6520465011377246,-0.5977301671199035,-0.11685230374288288,-0.6336675580309681,0.7242243488319183,-0.47519096331149147,1.439424345369761
444,2026,7,1956024,2026-03-19,Vasco da Gama 3 x 2 Fluminense,1232,Fluminense,45.82,54.18,Fora,-0.260781165774424,-0.2895122324783122,-0.8436191159835146,-1.1236577623296113,-0.24959711662865947,-0.4168443550788292,-0.20237703177950303,0.2760820496679971,-1.2112387476463433,0.6633124508100604,-0.7873265939156212,0.7315938788918416,0.5189495131678481,-0.3355789053069207,-0.9030289397425992,-0.24631412595607527,-1.8955989023945377,-1.920849918060612,-0.0733709088604687,0.15392982399673974,0.5983924026887824,-1.1436356358933015,-1.025679799468986,-1.642050680662941,-1.1529373763251514,-0.9961237887828663,-0.26356833569584015,1.5809527025868841,0.009343544602847725,-1.108035693765903,0.8238895510211283,-1.1527615263962125,-1.0901881869017465,-1.136727282353772,-1.1596798862970237,-0.9779065076069842,0.8992119632793568,-0.150821499672394,-0.26117584882778494,-0.21221049480426687,0.38770240185074306,-0.18254976997847122,-1.2780181382655529,-0.30028014576258377,-1.1345202924705953,-1.9615384615384615,0.33595657034169796
445,2026,7,1956034,2026-03-19,Gremio 2 x 0 Vitoria,1238,Vitoria,56.06,43.94,Fora,0.6318665682846432,0.29436125957466763,0.011219065142280363,0.5003468354254282,-0.6012549625662649,0.8031269810897839,-0.7623388508347362,0.504679416992513,0.9412234241206485,0.38547354472837225,1.2216838390438953,0.4480884755157168,0.021199973742408815,0.4598310996389311,0.508072927548612,0.017159118113914348,1.0620526994217394,0.25470317836818673,0.47991980676787693,-0.2703787956567493,0.209358929008796,0.14352999118337134,0.7223066784740239,1.1743892010657222,1.799205204855919,-0.1784242303962928,-0.8452522190185577,-0.610269012372018,-0.9492350304545842,0.9050200511529896,-1.1875490026987086,1.225034337186496,1.1742522978559156,-0.2865368339443602,0.2086518266371681,-0.45735609300328006,-0.45988449831593525,-0.763874228074973,-0.3080086243622249,-0.6992225037614206,-0.966091783079296,-0.4424029432935886,1.0507249393153473,-0.7900653700100989,-0.8256250993845379,-0.39999999999999997,-1.0393116839386092
446,2026,7,1956022,2026-03-19,Flamengo 3 x 0 Remo,1239,Flamengo,66.69,33.31,Casa,0.28069359880230654,0.655605464384352,0.49058497751688973,0.4380778973019888,-0.5516273308265762,1.3245075484829045,0.6847124716486246,0.5902470908970978,1.3480250977364212,0.2160139570108264,1.0488071365991136,-1.6052707485327369,0.4650100172280232,1.5251330852863465,1.5574477369651192,-0.801081232056952,0.2905069247577892,0.025196986038844654,0.15233598222347372,-0.6124949469375315,-0.035752151770683194,0.5332766899690843,0.43815526737983607,0.45696923538484385,2.1249176755325756,0.4195616829731237,0.6302220152328355,-0.9788300145233808,0.4653249741616146,0.7976020330099531,-1.9488852277584705,0.005868338996652637,1.9320346744923127,-0.6237567253103017,-0.35356839298400883,0.2228921249314521,-1.5063322764168576,-0.8451100432362209,-1.3254642869079394,-1.3013240482336994,1.022354124851248,-0.9093623680076143,1.500742964547004,-1.4034359567824912,1.0495724513642601,0.9587062360592129,0.8924461759630945
447,2026,7,1956026,2026-03-19,Santos FC 1 x 2 Internacional,1241,Santos FC,65.41,34.59,Casa,0.24635924303686474,0.7112867848922789,-0.4869175457261017,0.011394740424537739,-1.0510257470635573,0.8607259008212484,-0.06215082225185384,0.1503708141892575,-1.4429973926118633,1.5149836249879436,0.2610963554803461,0.8465110386614114,-1.3842248049081431,0.30461200290284784,0.10014431778629565,0.6909332463682913,0.040685294197837445,-0.9767053449164038,1.8019943299785979,0.6383964889013743,0.5848082732818494,0.010564428184106682,-1.4203562465930217,0.8875346700002081,0.5406137182343447,-0.038031474561385496,-1.6229725506764974,-0.9790381742093303,-0.7382441007100202,0.6134144607435859,0.4026381786096584,-1.4340344908783875,-0.21799419728221012,0.10816823629879598,-0.45800953806202077,-0.19283145806674243,0.3179878109346057,-0.4718189196586305,-1.5277777777777777,-1.463640312576689,-1.4717809757251006,-1.2696441252721364,0.5400332733400262,-0.49186421309646217,-0.7843703690223489,-0.4831174698006232,-0.6785511437439767
448,2026,7,1956034,2026-03-19,Gremio 2 x 0 Vitoria,1244,Gremio,43.94,56.06,Casa,0.39842072209486595,0.649673539617458,0.22876804298202136,-0.09133675998047631,-0.16965970458275564,0.21758011321554682,-0.21202299706561645,-0.30392268513169035,0.22742588815829418,-0.16407477979998839,0.3168672433150957,0.907653828419691,-0.23394446606843333,0.3487381565843103,0.15997619518917094,0.11775426217821294,0.031630640531084595,-0.7710880349112672,0.7764235743903354,1.3135562323060155,0.7624209123633638,0.9604480501005783,0.8166107605629885,-0.5419954075655954,-1.1219037341979579,0.16180612829562188,0.5857074126574228,0.004431269195843712,-0.6099686861588877,0.5123478931653467,0.28748834914262383,-0.18007690676933222,-0.3681387133838214,-0.46058995494922206,-0.04896626475420844,0.37090463125916884,1.4526837650926878,0.5991500090751624,-0.8498142740277413,-0.43388228970376913,0.0,-0.7651491199216618,-0.7628046199439622,-0.42127171687718856,1.8520046597788353,1.405462441805072,0.8148217143826669
449,2026,7,1956022,2026-03-19,Flamengo 3 x 0 Remo,4617,Remo,33.31,66.69,Fora,-1.1076065809178979,-0.6230850151163778,-0.04996561066245616,0.0914289911789739,-0.8177845544787044,-1.2825819029756422,-0.7912840914785411,0.2170998336556873,-1.4980900643967348,-1.4200189887435086,-2.8108130338580275,0.7063271236209984,0.44634668150462603,-0.46437536661065276,-1.2111595247218132,-0.647566953934189,0.8687997231624836,0.8881473401165944,-0.3184635484942235,-0.49834162063882165,0.8306181707970904,0.6184005251258997,-1.5639980498266306,-0.6832834518562275,0.049620854432766294,-0.8491573760252925,0.48121773951145325,-0.26045665769702786,1.697026949096061,-1.241265698281237,-0.9523062100440386,0.4626782353203116,-1.4525781304730139,2.832728151726223,0.22683164174392337,-0.13652103439229135,0.012874872501638887,-1.0103457539792393,-1.2198545024027863,-1.025129621723734,-1.0534228823474063,-0.44131474959623057,-0.019418297443166338,-1.0474029549977564,-1.8677686934758275,-1.4054624418050723,-1.0927391945786613
450,2026,7,1956037,2026-03-18,Bahia 2 x 0 Red Bull Bragantino,1221,Bahia,52.38,47.62,Casa,0.6598779217504767,-0.1318168146000844,1.5250623945105772,0.6806697900176806,1.1849234805056021,1.4202637847242623,1.8701080716827536,-1.9353615337380699,0.2300172158699806,1.7272517150856435,0.6147369218660123,0.02023878517913355,-0.6576164095486319,-0.2127440704218825,-0.22493527796944254,0.6488684098448531,0.9733841589865924,1.383619092007986,-0.6181820498799371,0.5285941398709245,0.17912663216286048,1.4724714065172042,0.04442032716755621,0.5336045136974293,0.0330105607405723,1.221372420371291,1.5290588063685886,4.771638176834169,4.349446892941394,0.18141513009796467,0.8015681073256425,1.289392215199571,0.1512858257662567,1.3250362773125302,1.0649419268939708,0.8867429719381512,0.180246176400792,0.18581797142935794,1.7423742438807115,1.59692320968037,1.1113855611859678,1.6409361791013575,-0.5015923897110917,1.2225941371127582,1.4069300106240255,1.1947019608799496,0.577778411828509
451,2026,7,1956032,2026-03-18,Atletico MG 1 x 0 Sao Paulo,1224,Sao Paulo,66.45,33.55,Fora,-0.2630323294898102,0.9519019504680314,0.07360843647698988,0.34591414864763215,-0.7735846952412524,0.6959689004576309,-1.3009763407105135,1.2625316988543553,0.12468949871884685,1.878762586256102,0.8123908246218049,-1.4756906155727119,-2.932266063080953,1.5210254825342406,0.7172857183477277,-0.12783389856759986,0.3719104901359504,1.0962373501389813,1.0819806778916188,0.4873159230985381,0.39101073645912965,-0.6270693590127473,-0.397162525204283,0.6194681966525342,0.8783383764786153,0.21293277517100226,0.8277289019571173,-0.8517690192273665,-0.1942473707016842,0.7909514821454862,-1.3603460999023707,1.9977571876586242,1.1028927772636412,-0.9109262090878183,0.4007385442692196,-1.089947971890954,-0.16559448528949358,-0.2010029021041733,-0.6689891862376227,-0.8160260720383291,-1.0526899013331488,-0.8659142459589424,0.6094886797015833,-0.9124930623867393,-0.7430428494079853,0.21801036009847358,-1.2654922315981614
452,2026,7,1956028,2026-03-18,Palmeiras 2 x 1 Botafogo RJ,1227,Botafogo RJ,49.78,50.22,Fora,-0.02654196547435156,0.4765630075018903,-0.21236180473223265,-0.5034408636291395,-0.3776821801178928,0.817468643630061,-0.4663955023192103,-0.903721722851443,1.5655518492040683,-0.343852462759281,0.19613344228285018,-1.1364399896484307,-2.7173251460308823,0.8695987800403093,0.8537559793458706,2.020569890843767,0.7658140712942305,-1.2010881722670703,0.6140805908568017,-0.4311833202354204,-1.028562827031424,-1.1805027245135429,1.2914970705881113,1.3294322019347964,1.7591185606315352,-0.010027109844411625,-1.2393410142113217,-0.9119649332272337,-1.4652292523470274,0.048562457765128436,0.6014098320835014,-0.2681099740670454,0.5176015453580327,-1.7477130047227147,-0.8322144529170047,-1.094417720989832,-2.0537827249448046,-1.3726504382107998,-0.02901294265928285,-0.7510881320159953,-0.3278109752951825,1.598293880697792,-0.04252594200071287,-0.8105743978534505,-0.5107539184552492,-0.3278109752951825,-0.37621940211260124
453,2026,7,1956028,2026-03-18,Palmeiras 2 x 1 Botafogo RJ,1234,Palmeiras,50.22,49.78,Casa,0.18756778019423698,-0.010015577835361389,0.03606271277565513,0.33063616155910625,0.7080401629287151,-0.04177115263916401,-0.19220674040723848,-0.09531753819054353,-0.7959339358773757,0.523722280306374,-0.2280288894139936,1.310993414027574,0.7964439620192166,-0.694300885776831,-0.4197855372234403,-0.8828612641891104,-0.27285077197660373,0.4356084167576359,-0.3109126351029605,1.3849367467617864,0.7258876116547466,0.43661211507954706,-1.1734231585097514,-0.5405588663922491,-0.10620644679781652,-0.23484063767639016,0.9958705948858222,1.1971188278356182,0.7327162292669522,0.11135018612827813,-0.2596932163988495,0.43826825507424244,-0.1849410404223977,0.8413950757434544,0.5547404247870901,1.011644366275942,0.6421082967897213,0.6844057808346511,0.7817359599705714,0.7426835387849251,0.4260064336151293,0.5370467323991998,-0.5451883105862052,0.6713879620293522,0.05259516830382171,-0.3521803625302495,0.27820744203732856
454,2026,7,1956032,2026-03-18,Atletico MG 1 x 0 Sao Paulo,1235,Atletico MG,33.55,66.45,Casa,-0.35148559283917874,-0.6639129551873069,-1.0815900886671646,-0.05251892817651119,-0.33888977638429313,-0.3783819773011079,-1.098053141740492,-0.36182302311064146,-0.5214508481892459,-1.9308841885488846,-0.9929623666761572,0.7092930426481595,0.4593180541316519,-0.35145407374156795,-0.556598301566887,-1.056252909654347,-0.7502398838636909,-0.8967206256769374,-0.34073168479531546,-1.4068677606454572,0.6699529240159997,-1.1585138920325584,-1.0755232252218954,-1.6754447309507812,-1.6029615804063841,-1.25953790721899,-0.550791055225894,-0.6848474722447836,-0.7697297213528681,-0.9024492094207903,2.0996234133350753,-2.2160253005889814,-0.7033244106302128,1.319927952802894,0.07576995454206438,-0.31030853730462526,-0.08058640528456233,-0.07661460190581651,-0.7225300612714974,-0.2947770577249799,-0.21875000000000008,-0.4022465413205484,-1.3069680390183658,-0.35841468503565,0.5107539184552491,1.2349356108966516,-0.2916059217599022
455,2026,7,1956030,2026-03-18,Mirassol 0 x 1 Coritiba,1236,Coritiba,30.39,69.61,Fora,-0.6061726283674074,0.44529985658839255,0.2963736295777517,-0.16648633258963919,0.6640123702662369,-0.6170124875048707,0.07283082582179264,1.4310638559716324,-0.9399253672265913,0.06531365706525712,-1.4508017017267423,0.08982939779523723,-0.47147796060902936,0.22664885557776362,0.20479224158965256,0.5682643850070932,0.34865434126309003,0.4856750363806134,-0.02312795668267276,1.3728862858688267,0.6038523377274705,0.07248671513239716,-0.3711998289426831,-0.1763918288325713,-0.18740177895107368,0.050371282451232124,0.951600834301832,0.8364159233151807,1.2513746033563036,-0.12044670118662124,0.5526270515472893,-0.8993266186369531,-0.04889842774417225,0.09696180376533256,-0.5935620051930959,1.1967605204297833,-0.49905038774605454,0.5602055420350026,1.0629880069054678,0.9728488395787547,-0.1691275228729345,0.17093993087400453,-0.3668428084941277,0.8957237004430967,0.7527891505701284,1.2241908135159645,-0.2555506259999761
456,2026,7,1956037,2026-03-18,Bahia 2 x 0 Red Bull Bragantino,5438,Red Bull Bragantino,47.62,52.38,Fora,-0.4633275230220283,-0.7601677131121214,0.47351822369906804,-0.22192886761527114,-0.0680141783287547,-0.03986678437703337,1.0773105844658952,-0.6302325451009654,0.46626812462281475,-1.0405537252647326,-0.7647010325223684,-1.4480404552006934,-0.6068806836362765,0.3118473479229873,-0.07171399621399531,-0.7885231432779324,1.526476173994105,0.9559803246767643,-1.7922927572519904,-1.4885114469054872,-3.068194039585794,0.7602637267047034,0.19106089576373592,0.4498936740595306,0.9939061892451485,0.6367355309199974,0.19945899323007127,0.8559420524686053,0.6036965215163701,-0.6706809390180928,-0.6348087711304673,-1.2031586657195261,-0.7863095698013569,0.7070360766538719,-0.13776103829550676,0.2249039935579353,0.9142445734967279,-0.22444306128771246,0.08667027800348794,0.14944493621334692,-1.1250000000000002,0.39556664024006816,-0.134031468606905,-0.003487600603990047,-1.4267699585496896,-1.0135855282610855,-1.1696539882637542
457,2026,7,1956030,2026-03-18,Mirassol 0 x 1 Coritiba,6332,Mirassol,69.61,30.39,Casa,0.09601465629556905,0.6131087307361295,-0.15165404125623974,1.567008746219574,0.3380975313194138,0.7077990461752368,-1.433713735163253,-0.41044923024245367,-0.25265191016778293,1.7189295502576545,0.7459226877546936,0.00904465507755837,0.1953158380935553,1.318418105038834,1.1305822748867593,-0.9030008720051995,0.2522217017178379,-0.2581306115074141,0.45101819534306237,-0.44758365232413777,-0.9772075250245,-0.8569193233418135,-0.7542941625661678,1.3199642422694775,1.507646727175224,0.4187722842222677,-1.125,-0.19179147499030552,0.08755271187879768,1.0828336830595024,-0.9501281694171418,0.17171864366544662,2.076762967106962,0.08699941290003456,3.021438921811797,1.2336140355774088,0.4337306037709871,1.4118664133448349,-0.04721921646498866,0.748804786127471,-1.2692955176439846,-0.38163129524210354,2.289557550069905,0.7140893659490071,-0.5585807734779457,0.4807619738204117,-1.4824704486696212
458,2026,6,1956036,2026-03-18,Athletico Paranaense 2 x 1 Cruzeiro,1230,Cruzeiro,53.78,46.22,Fora,-0.6424414846889327,0.4208731343486905,-0.9555799608520318,-0.7906990660456337,-0.5275810587239376,-0.39202906580903346,-0.8445546188477956,0.8547607584314396,-0.8466850645860737,-0.07049950617982131,-1.300084980928851,0.08451058718480997,1.0978539780275927,0.6752225911049418,-0.21306745561824222,-0.9246749514522236,-0.7810283135339003,-1.5570755151156823,1.3210883355188259,-0.09975093361076331,0.28991981510651377,-2.168630656962956,-1.0787619421325079,0.9009646224193364,1.5552885130742793,-1.0985896103624901,-1.3107754356380499,-0.8425624332079475,-0.9776867424355243,-0.2883974857832449,0.3740935715245209,-1.5869894333400647,-0.13812148143899244,-1.4187773719056993,-1.3174999250545978,-1.521506462847611,-0.2478065007054264,-0.8005530828253505,-0.07943014707895366,-0.4058650895194326,-0.40994579587496155,0.16798598369861695,0.01944333542670629,-0.5645928876845502,-0.6963203119597542,-0.5507910552258941,-0.5544159532159296
459,2026,6,1956036,2026-03-18,Athletico Paranaense 2 x 1 Cruzeiro,1243,Athletico Paranaense,46.22,53.78,Casa,0.3471361280527096,0.7847361079372187,-0.3752025955772087,-0.18197931228534145,-1.1425713099807777,0.9579417757788614,1.0409040765788338,-0.8294985143159627,0.3304717579159473,1.0481126307118367,-0.48140351240467877,0.6032716680143139,0.8281624772198292,0.8891898395513337,0.4618770319958517,-0.6812933150780925,-1.0328608299475364,-0.8858058662819868,0.8025482820373964,0.9853292781642932,0.7600690403775552,-0.7139999036743002,0.21483853207439876,0.15857917145314382,0.2127113514415661,-1.3050944755415246,0.0,-0.6171089152696434,-0.60553889777497,-0.1607386479731049,-0.014533293528276349,0.15173351430082022,0.2802105838265789,0.09657521031765642,-0.9439643953124962,-0.7964011080179246,-0.21640038194145966,-0.9878152847709917,-1.483453638222642,-1.5485541503410503,-0.39436910666014113,-1.6038447483003335,0.038001667975684696,-0.6360898852008136,0.4688390349635609,0.16912752287293448,0.4191368221424546
460,2026,6,1956020,2026-03-16,Chapecoense AF 1 x 1 Gremio,1244,Gremio,65.76,34.24,Fora,-0.10525746265884181,1.3163283947649609,0.46121002784487325,1.1336603258715987,0.006847623791834859,-0.5131320583925486,-2.0338502311109163,-2.2140324503569504,0.6563831677227312,1.412878259175834,0.18857966193259984,0.30082840555158713,1.6399759944203056,1.0305408447379054,1.633059208141048,0.7247384557533278,-1.5449126323142304,0.4722725430073575,1.2881572938748744,1.3135562323060155,0.7624209123633638,0.10078775834388759,1.9292716606922204,1.0635931385023776,1.5156810511120447,0.4550797358314364,-0.2635683356958402,-0.38818612332142216,-0.5179037906048419,1.9237577327696522,-0.33742305563047154,0.7288982774070785,2.4016782059713204,-0.6998506697519024,0.9090560344973247,0.5472363412020526,-0.7969804902013821,0.37052697929648204,-0.3140617969232957,-0.19530187511443162,0.0,-0.43081543125870936,1.5665841079195892,-0.20809339076066827,0.2244854133065255,0.36037498507822363,-0.06035716402834562
461,2026,6,1956020,2026-03-16,Chapecoense AF 1 x 1 Gremio,8865,Chapecoense AF,34.24,65.76,Casa,0.005582886283404871,0.3724880423494984,-0.5640803864791396,-0.0892652105623771,-0.6446121354349834,0.6086483136110099,-0.6641096615697124,-0.2927253149751755,0.3064112565514873,0.10148926538885325,-1.076951052405518,0.9840273806422964,0.7870898353798284,0.04548601224162801,0.34155210214048043,1.1769145530434408,-0.2723305617801852,-0.8458732721905474,0.35798116533134045,0.7449328896845446,0.8583803820328431,-0.3312986405291437,0.034670116072332086,-0.4928571537333421,-0.10738131684075446,-0.6566268835188154,-1.0057637364916368,-0.712933073662111,-0.9326060206742317,-0.4818576058720291,0.2256933650939057,-1.059000048308086,0.558643156340068,0.21708483057048758,-0.6509312232880349,-0.5566589321826574,0.05021346381559591,-0.4115938373339282,-0.39708115138452915,-0.7924323936133995,-0.9510448211356669,-0.8289753814972899,-0.6186212128581001,0.13001933728824572,0.6720215050322471,0.9268440195458597,-0.035114749361031275
462,2026,6,1956014,2026-03-15,Internacional 0 x 1 Bahia,1219,Internacional,57.37,42.63,Casa,0.7867401520713846,1.2771132174859399,0.596419551613734,0.7675736194392151,0.3869117149508401,1.034353629114771,0.8597638794487039,1.5930563788132133,0.9643198853349518,-0.920842094601989,1.0704984951631777,0.28155205889769236,0.23540108739115068,1.152375148979115,0.8120771416582355,2.6868270869125217,0.7060163383265747,0.6964849439364126,1.7077881052528432,1.4362124740535651,0.8275896389788039,0.41317390855907765,-0.18054048552624133,1.1067854839381466,0.8614166362248205,0.6193993001502908,1.214746786823312,0.5315156947341332,0.4049523157378181,0.9224536789093154,0.3778336119759785,-0.7126372803389041,0.7538727472747979,1.4145554372545603,-0.020587385681813626,0.1469868816247594,-1.260975900435205,-0.09563536801611092,0.8916547218815392,1.0966155038008985,-1.0406118047460329,1.2404645419120333,0.33537660817862003,0.9520538166808655,-0.6708203932499369,0.2692307692307693,-1.0905761943319523
463,2026,6,1956014,2026-03-15,Internacional 0 x 1 Bahia,1221,Bahia,42.63,57.37,Fora,-0.38439275477283874,-1.3424654362642676,-1.018239813266622,-1.240579612974928,-0.49559985316370075,0.585005500477482,1.0928816278782973,0.8883075748862055,-0.9348908115546608,0.7987802457789696,-1.073530906077492,-0.5379988617435788,0.5991746189078122,-1.7831821175361413,-2.1680485449099853,0.593011995859952,1.0450287149097117,-0.057129290433548904,-0.3336220586653629,-1.0850090239455814,-0.6336793709351463,-0.9332565252573822,0.10336921416170342,-1.6969584985152464,-1.7012951581252247,-1.7803055618971362,-1.1182668882397142,-0.48686144124828956,-0.6840206198519571,-1.5420295104927135,1.1186083820639288,1.3821770619823242,-1.748292739575426,-0.5752344601217796,-1.0967617417097928,-1.1257780339388705,-0.5176349771669257,-1.3538166489853232,-0.4545324114471422,-0.4486906203059119,-0.1778216897897549,0.8204433358218723,-1.8432463676561528,-0.7673458066288709,0.6069109849750698,1.1947019608799496,-0.5392598510399419
464,2026,6,1956010,2026-03-15,Red Bull Bragantino 1 x 2 Sao Paulo,1224,Sao Paulo,45.78,54.22,Fora,-0.595185168525741,0.3978235140392996,-1.3870567712318287,-0.3977251785869359,-0.2877341781960275,0.4166916487427035,-0.39497909486408367,-2.840581928084175,-1.3164653072321446,1.3077505730707266,-1.2748600804529497,-0.13364481314239798,-1.1161154170990444,0.09813067629253179,-0.2846096831640219,-1.8843632162250803,0.42762730793227366,-2.999474445725826,0.40719702931405005,1.3705760337146384,0.5307757611639193,-2.174729904661231,-1.0401354050270057,-1.494011533103171,-0.45784264005311565,-1.0870778521888016,-1.6342339859153345,-0.8517690192273665,-0.8921519464954296,-0.98865926261421,0.1469831403515237,-1.0326638337307188,0.042008874502235415,-0.8769211814797192,0.23267085524394995,-1.089947971890954,0.01687374019448742,-1.614114213866847,-0.6689891862376227,-0.7703183271555877,1.3895506697597566,1.5261527912762392,-0.9628181051394071,-0.8734293777865338,0.7961173386514129,0.21801036009847358,0.958706236059213
465,2026,6,1956012,2026-03-15,Cruzeiro 3 x 3 Vasco da Gama,1226,Vasco da Gama,35.13,64.87,Fora,-2.1831012566381904,-0.462994870674733,-1.644889425409855,-1.0139730384360452,0.11619057788820322,-3.318000424159163,-2.2716106632067152,0.1300700182673156,-2.3672168959314326,0.5093234621006031,-2.8843609148512654,-0.8562752813661202,-0.01284078434831627,-0.721446868603997,-1.3066236984085824,-0.15318972405142636,-2.3946885404776768,-0.3093458841391257,-0.07848671397789078,0.2545777982915386,0.7011569212295022,-2.1521085139618528,-2.5116207291312853,-1.7887810070451795,-0.5935311595489066,-1.5935186020171717,-1.2229829011634794,-0.663322903259904,-0.6003247991401586,-1.9186614622562328,2.671280259395585,0.4828054161677869,-0.7357073774525158,-0.6072824979778891,-0.7942408160575434,-0.7567480240055429,2.169249860436618,-0.5400959813603148,0.3625135725463334,-0.08590416667640505,1.6520465011377246,0.3128310508622147,-2.0975566998598807,-0.13534599374424805,0.12780429685269148,-1.4255728899344744,1.439424345369761
466,2026,6,1956012,2026-03-15,Cruzeiro 3 x 3 Vasco da Gama,1230,Cruzeiro,64.87,35.13,Casa,0.32031337073264166,0.7363173212494222,-0.5380680752048632,0.930092981109286,0.7511443349263129,1.6788991734333174,0.2796721852577942,-1.187468715374012,0.3925008880616449,-0.8386027528281385,-0.2843216497334128,0.30711188695210445,-0.10673394885989944,0.9069557880521999,0.45183380514486843,0.11411217396230496,0.34211219547220545,0.08033078966867574,0.9630363567333498,0.6234433350672705,0.3976297901887803,-0.5172445111793486,0.29994295612171235,-1.0015577598739238,0.4234215277872191,-0.5968715205906442,-0.7753882858703957,-0.8425624332079475,-0.6372893298365792,0.5522913974147662,-1.0518014960028337,-1.3914576921910453,1.710590310644503,0.46735250572277864,0.9901377106550961,0.08975178572977496,0.2902315055728921,1.1706200739427297,1.0723069855658758,0.5580290039866665,1.7515865823748353,-0.11645017362863656,1.0557205641149976,0.34261433582115663,-0.08440246205572778,-1.4381766442009458,1.5893257325523318
467,2026,6,1956002,2026-03-15,Fluminense 3 x 2 Athletico Paranaense,1232,Fluminense,77.34,22.66,Casa,0.6542169142123725,0.7024144517629387,-0.1997511219213313,1.611605346584764,1.4467654959120873,0.971310356697356,-1.3625151325620004,0.7048597451576182,1.0202045575696257,1.5215193737365884,1.4214642527956243,0.47970333604340365,-2.3433322881100827,0.4851743209256683,-0.5209234205649714,1.2542656145984457,-0.07497362627969494,-0.2938362099203636,1.416058541007045,1.429348365684013,0.7709053621567983,-0.3577248908481416,-0.14224011288882088,-0.9094434539056289,1.2119098933580463,-0.9961237887828663,1.4349831610106856,0.9202779843318414,-0.22795764611321553,1.9434958927917119,-1.2977631663389573,2.9722948727146647,0.7539965656598226,3.030332159051371,0.7185967688361502,1.9698331801975815,1.2015357002528702,1.598707896527375,2.0110540359739453,1.578106562117723,1.3246498729900391,-0.030198520862185583,0.6630634203439939,1.5120545571673483,0.47041085297561275,-0.8461538461538461,1.310230624332622
468,2026,6,1956008,2026-03-15,Palmeiras 1 x 0 Mirassol,1234,Palmeiras,40.35,59.65,Casa,-1.0506805062393352,-0.3316762777135062,-0.6489229280707218,-0.813028416579338,-0.8554988338257253,0.02726499785407838,-0.4641089585443072,-0.4264092591192285,-0.8329805813702862,-0.028749454338092985,-1.7530865260289643,-1.1848153649641464,0.9074505111758582,-1.2105759034057566,-1.4997767512377314,-0.851951699698057,0.8009276322522616,-1.1758392286948218,0.9327379053088816,0.4509096384805817,0.7258876116547466,-0.5662988819348571,-0.47861509868881297,0.04004139751053641,0.88168272000978,-0.5309440503987951,-1.2841489249843496,-0.6574368515462433,-1.0735720099280524,-1.0226098726469148,0.8305502950218783,-0.3399191078069922,-0.5759245749332338,-0.6052768274488567,-1.0483023912883467,-1.2803624010679893,1.611300149812575,-0.7590682296529769,-0.5922242120989177,-0.9881060962396826,-0.4564354645876384,-1.023835665347703,-0.814743711361286,-1.056698084426021,0.05259516830382171,0.9244734516419049,-0.5285941398709242
469,2026,6,1956016,2026-03-15,Coritiba 1 x 0 Remo,1236,Coritiba,41.95,58.05,Casa,1.1084638231988244,0.9218908809797934,0.30117788135945583,0.4099620826636365,0.107737123637315,0.8647200050535228,0.32884221355900245,-0.4852348853320313,0.34355870959491963,-0.4447165232447601,0.598243193586581,2.4134713600950803,1.0647671423976683,1.2055790190306581,0.45436639294393527,0.7845522032203132,0.7605297619319109,0.3758855985515364,1.3182935309123534,0.7093245810322272,0.74157883385084,-0.45304196957748005,-0.16922293074071526,-0.1763918288325713,0.46933716092592637,-0.31482051532020006,0.29454311537913846,1.777814767309316,2.6260014172485633,-0.12103842783407369,-0.3199845355365306,0.08425153574909416,-0.13328340524958668,1.1706743358957954,0.7234958278424108,0.7717884172567583,-0.21898124626423263,-0.5865681557778261,0.2923217018990037,-0.03061536762606785,-0.1691275228729345,0.36596065207785516,-0.5683686185442413,-0.07136468994845717,0.7527891505701284,1.2241908135159645,-0.2555506259999761
470,2026,6,1956006,2026-03-15,Santos FC 1 x 1 Corinthians,1237,Corinthians,55.91,44.09,Fora,0.2988686177417432,-0.12560391081296635,-0.21207058523367603,-0.3139343829628376,-0.5273188047778024,0.9965220472100053,0.3583069364890264,0.7554918049400534,-0.4020100463385111,0.18214980018149798,0.13265832706497427,0.44009531546949393,0.10910734529774208,-0.45940436122873857,-0.5497391963407835,-0.021381503604988715,-0.22246406147528552,0.5215154293792714,0.08072148070252738,0.4260064336151293,-0.7530989681158308,-0.5815431366846942,-0.45476748718150184,-0.14056469004522948,-0.22936780912411409,-0.2402291918882307,-0.5507910552258941,0.3357991938917428,0.695472049623494,-0.24828261447299974,-0.5236252322157022,-0.3399280426025573,-0.6034039558693127,0.2960217937015103,-0.7000727552105482,-0.04831644603306503,-0.45543226284536986,-0.46031153021019494,-1.219854502402786,-0.7445327788161968,-0.04055535528269071,-0.5897188761967087,-0.6916596148982683,-0.7445327788161968,0.10562954660396924,0.1691275228729345,-0.04055535528269071
471,2026,6,1956006,2026-03-15,Santos FC 1 x 1 Corinthians,1241,Santos FC,44.09,55.91,Casa,0.40416576483804856,0.3464907785455218,-0.6062141304152431,-0.3680565611923683,-0.5334235414377483,1.194611521824879,-0.3394391061447387,0.8363794073346175,1.1738246872525444,-0.11360569243427507,0.49836308424685327,-0.05292035831232914,0.15334311139395057,0.40168615767408505,0.03696715389601098,-1.3294040893017012,0.3526693475860888,-1.2695241103948327,0.30891331371061675,0.6383964889013743,0.10831411874968275,-1.0617250325026988,1.4115478664367878,-1.287550295915796,-0.911795382447828,-0.5894878557014777,-0.8988771049900601,0.27446268975379334,-1.2111923598182142,-0.1530310492454753,0.25627452445809323,-1.6371891595041355,-0.4711472992443444,-0.4440064499992414,-0.40404144628041205,-0.46785337367012936,0.08974647347750878,-0.3197883788797385,-0.7222222222222222,-0.7356376003119708,-0.3182229136702921,-0.6181821916499589,-1.0192297955382168,-1.0439082103806139,-0.050604539936925735,0.4509096384805818,-0.6785511437439767
472,2026,6,1956002,2026-03-15,Fluminense 3 x 2 Athletico Paranaense,1243,Athletico Paranaense,22.66,77.34,Fora,-1.6365592659878778,-0.5505246797126421,-1.5561642355635898,-1.5387965670852037,-0.4262460467282575,-1.3428253914495962,-1.2319405894568305,-1.3014418200411493,-0.2679445096254883,-2.342937909261947,-1.0278817091923125,-3.163888959419763,0.48713328691019037,0.04832553475822469,-1.8952106338031451,1.3347969359168486,-2.266024734138732,-2.8442435875274357,0.8025482820373964,-1.1577619018430443,-1.6106304938799492,-2.0717702123008395,-0.14656403106967789,-2.7577304694168636,-1.451104670971629,-1.623142709076854,-1.5879984667608413,-0.8435795888195793,-1.1497795247564622,-2.4068369760900965,0.6784938500320253,-0.8131340824039595,-1.8172697910351103,-0.6713340661068762,-1.2597454351087316,-1.5374374331255123,-0.42849034056918356,-1.5055257051027766,-0.3943357772490567,-0.8263489545237865,0.6453312654438671,1.4872842713690693,-2.393206394374088,-0.8935673043683341,-1.0418645221412466,-1.7927517424531065,0.4191368221424546
473,2026,6,1956016,2026-03-15,Coritiba 1 x 0 Remo,4617,Remo,58.05,41.95,Fora,0.18111867612968013,0.9763379664042561,-0.3610717840030939,0.11347415892062604,-0.524032028227275,0.8467076606925272,-1.0207564780073182,1.0118449185031257,0.006854608536103424,0.6283924711181563,1.3169439141871262,-0.6389064565198869,-1.9963166803933976,1.479298848275172,1.3929141892895953,1.1297602045147894,-0.7912165809073273,-0.5798314789684081,1.0497502154068843,-0.01661138735462742,-2.3997092221846974,-0.3687709553503067,0.03422055028043382,0.39363068422152236,0.2972522818766869,-1.7612152984228289,-0.33968311024337866,-0.7250274298120508,-0.12461257450400538,1.9976118107943133,-0.9278077355222357,1.1871659722160504,0.5835972391817446,-1.4226617003693762,-0.7046507139241774,-0.7456148801425146,-0.4731460300761316,0.2402651488121362,-0.45081579436624714,-0.41118055149839605,-1.0534228823474063,-0.8448868824402355,0.28808066272593086,-0.4978247017175903,-0.3631772459536331,0.6847124716486249,-1.0927391945786613
474,2026,6,1956010,2026-03-15,Red Bull Bragantino 1 x 2 Sao Paulo,5438,Red Bull Bragantino,54.22,45.78,Casa,0.29923458011405574,0.6064541607207053,-1.0825434171892916,0.09389353929281799,-0.5564158269142147,0.8579298862557664,0.6110119732791643,0.19649880531387032,0.22226231811277378,-0.10348552671809506,-0.5550988191114131,0.8009011183148412,-0.49289968991966204,0.4182423254496536,0.2627007305351888,0.20891375519744484,-0.6717898992232192,-1.4530514187418015,0.6172133998483676,1.1276601870496115,0.6547096937158557,-1.1104458068838394,-1.7320956753785215,-0.73618964846105,0.13317012895823727,-0.8809628578482153,-1.0859434075859438,-0.7276772009785984,-0.9496231069781803,0.2514263889001054,1.3173066895966201,-0.6585553047476785,0.6780421647520388,0.26776325796021716,-0.8216576544410893,0.5456687056815482,0.10811611954823987,-0.5202998238942425,-1.1700487530470867,-1.1285650325805112,0.08333333333333338,-1.1406531249477576,-0.33479494698592,-1.1376040163863324,-0.7254762501100118,-1.0135855282610855,-0.14177624100166725
475,2026,6,1956008,2026-03-15,Palmeiras 1 x 0 Mirassol,6332,Mirassol,59.65,40.35,Fora,0.3300315330885578,0.9961693857445248,-0.4598706621080792,0.7680237985916412,-0.5114369693586353,1.1671488751173744,-1.1974768128920352,-2.1449347504992153,1.1575896459765491,-0.07021040292669532,0.3954765265650954,0.2036233800848135,0.5006830407599366,1.224245383250346,0.9870077188815569,0.01011060474223734,0.8056451558668342,-1.5455923087940704,0.45101819534306237,1.322406245503134,0.7806236802896551,-1.9099134071092958,0.2884919437077586,0.14379498728633908,2.0649644371309406,-0.7956673400223088,-0.21875000000000003,-0.5782319495950857,-0.2671801565109686,0.9379125325214447,-0.44389970183861654,-0.06846578949097186,1.5746802932900945,0.9476280535279101,-0.38812568497288474,0.2072876043388271,-2.1528829571346857,-0.2480305861281467,-0.7318978552073229,-0.6283997731662189,-1.2692955176439846,-0.5057368995569124,0.9704301216647419,-0.7764864817596505,-0.5585807734779457,0.4807619738204117,-1.4824704486696212
476,2026,6,1956018,2026-03-14,Vitoria 2 x 0 Atletico MG,1235,Atletico MG,68.51,31.49,Fora,1.0447704676389256,0.8368561151339107,-0.32835386242937836,0.4046281165688441,-0.11882791998283879,1.4316170932355603,1.1089249550250515,0.7817523459971105,0.08928144036103121,2.1048282304378865,1.0084810525904326,1.3052767334852553,1.0687979621914383,1.272077134161958,1.6966876110860967,-1.056252909654347,0.7753615268030079,-0.33789389226820316,-0.04130081027822013,0.4199605255658081,0.6699529240159997,0.2096857723135854,-0.17415021984661738,0.7620751953488505,0.44580767965824014,-0.5216268100603898,-1.4381766442009454,-0.8267702817578287,-0.8079304681307535,1.0979225655105411,-0.531074473928121,-0.8860138077072589,0.531584830492759,-0.6335443535254568,0.6225494237975332,0.3886388476922003,0.2909062691820029,-0.2785985523847877,0.2995856351613526,-0.11817594584301225,-1.1250000000000002,-0.007211115282303468,0.9539411752969574,-0.1851000316429543,-1.340729035945029,-0.8717192547505778,-1.1372630948636184
477,2026,6,1956018,2026-03-14,Vitoria 2 x 0 Atletico MG,1238,Vitoria,31.49,68.51,Casa,0.44737111495031157,0.4765528017901519,-0.14815754205588927,-0.7482094806544295,-0.5482742520224713,0.5294813117134396,1.2869821611002137,0.1154753482727162,0.4147419914818268,0.8492604149305665,0.12886731257593548,0.3707228642382231,-0.3183635659920848,-0.04656517464698014,-0.6177690633700771,-0.004314271195173705,1.6867300848897975,0.536590562193575,1.0984831132686963,1.4720623319089687,0.7135771887123606,0.490394136543186,0.08084254767254184,-0.8496872772568532,-1.2566429016228182,0.4303172615440002,-0.275198396889763,-0.610269012372018,-0.7656135239484474,-0.3217441230297823,0.6064849831955654,-0.9470647209476126,-0.4397879755607194,-1.2058582467699532,-1.0254475772572633,-0.8399520554194857,2.0531254264079797,-0.5745378809452789,-0.9460264891125479,-0.8547185320402562,1.035098339013531,-0.9391525687261761,-1.1267705570694484,-0.9252847142977,1.1696355574614288,1.05,0.84444074320012
478,2026,5,1956004,2026-03-14,Botafogo RJ 0 x 3 Flamengo,1227,Botafogo RJ,43.24,56.76,Casa,-0.05460818767718281,-0.6968882223398125,-0.8240452767009664,-1.0913916938329038,-1.5577423098354661,-0.14496322070862522,-0.4663955023192103,-2.045019824953149,0.06494130578369846,-1.2539677230088615,-0.9156008473922975,0.9764257405768602,0.6677205977010555,-1.2210428465850975,-1.157628470445107,1.1725816733214638,0.4217611228402899,0.6113582257724913,-0.5731418847996821,0.1642603124706364,0.3082083632526756,-0.512510938935148,-1.0051411339837735,-0.009896517632268483,0.8114859308062847,-0.8823856663082044,-1.2393410142113217,-0.8565643259713203,-1.2949963891350817,-0.9940270517594961,-0.7607850782687307,0.9431661993550702,-0.6436292388872301,-1.5699107128966536,-1.1579997717882358,-1.494477980343258,-0.02096416498501333,-1.2032595330698928,-1.7117636168976955,-1.8535501712124982,-1.1920399101642998,-1.886015636961574,0.28580746734245355,-1.8657705061595533,-1.7450758880554347,-1.1920399101642998,-1.2154780683637885
479,2026,5,1956004,2026-03-14,Botafogo RJ 0 x 3 Flamengo,1239,Flamengo,56.76,43.24,Fora,0.782291153500355,0.5615933141618561,0.24652606623656656,-0.3368873431292461,-0.12351840977546917,0.678970852417262,0.6847124716486246,0.19238497350612366,0.517744343274383,-0.3916690862943829,0.5262554239773116,1.2451916799837521,0.36365174622827756,0.8267826725499667,0.4587612719164421,0.9868376565336081,0.3314621770921644,0.054170408356550424,0.15233598222347372,0.8084933299575416,0.5818639961871165,0.5332766899690843,0.20782920725393814,-0.22848461769242193,-0.1788210668667004,0.6960909740235914,-0.07271792483455793,-0.264407744048374,0.3431620686997652,0.48403179677843794,-0.2051820341418518,1.0496753396209175,0.1080133051453029,-1.6081094212987879,-0.3314850531419375,-0.6248287436603007,1.568712648367525,0.49518166595872315,-0.705489055934871,-0.2427435950566938,1.022354124851248,-0.5882838398790432,0.0009616722449936189,-0.3488640395484881,1.0495724513642601,0.9587062360592129,0.8924461759630945
480,2026,5,1955995,2026-03-13,Gremio 1 x 1 Red Bull Bragantino,1244,Gremio,37.93,62.07,Casa,0.1092690259841335,-1.2567001113442258,0.035865124888986154,0.25157859204607014,0.712245166524361,0.6495140234293312,0.9266190242126959,-0.2550846513617261,-0.7725152330123713,1.4029286834537953,-0.017932054439224458,0.024998667884266842,-0.32165871902604315,-1.4694023451586098,-1.2372234853006903,-0.8044353233228803,0.4302031116709314,0.75704811421398,-0.7587775840632819,-1.5613970308543204,-0.1392910928197896,0.7885159917492401,-1.1172862582520082,-0.6265000678849624,-1.1913296932448243,-0.13146747924019267,-0.2635683356958402,0.22406168441543386,1.5654968986576803,-1.0975576022819291,1.5793833977607536,-1.7645369064207181,-0.9772399791589074,1.6344002063718093,1.4467117432533079,0.7235680511449362,-0.03555566533262004,0.37052697929648204,1.293195634390041,0.9733114562780278,0.0,0.827598635534672,-1.3317916101508487,0.836095564533521,0.2244854133065255,0.36037498507822363,-0.06035716402834562
481,2026,5,1955995,2026-03-13,Gremio 1 x 1 Red Bull Bragantino,5438,Red Bull Bragantino,62.07,37.93,Fora,0.1976775462149224,0.8542720944556299,0.9574845852868519,0.5530089226228192,0.22305513485149261,1.241384928376502,1.2327434548614722,-0.05642420927714034,1.110943546739862,1.3809749113290923,0.8938886968367791,-1.8283288449994095,-2.367027992991347,1.4821921007163168,1.1882807639970496,1.8070721434941022,0.5935627488279266,1.696540315062177,0.27299823454831645,0.4736172785608368,0.29802798427495547,1.6956184934989749,0.5110065190566611,0.7661825600650187,0.845043096736202,0.889685262381366,1.4848613940460864,0.9283907506903117,0.3975532826730046,1.0151452585542304,-1.2134584690963213,-0.07083140076289404,0.2482015773759286,0.487579549706182,0.4611093048549359,-0.09586071856567756,0.07925218513576214,0.5151988452286126,0.08667027800348794,0.5676121193330994,0.08333333333333338,0.151143621010508,0.7611761726896837,0.3675973506074259,-0.024182541670333724,0.11695217633781756,-0.14177624100166725
482,2026,5,1955987,2026-03-12,Sao Paulo 2 x 0 Chapecoense AF,1224,Sao Paulo,65.08,34.92,Casa,0.4561331584020624,0.7523198015421818,0.5621974661309829,0.29983895619315787,0.5354211596442157,0.9130434915633245,0.5110181509823463,0.3507286706457929,-0.3883545617601205,0.013112508558354745,1.2513307739913044,-0.1912011707780077,0.0870182090226793,0.5359444628284422,0.5666463180613438,-0.3138193557313329,-0.22666232422567867,1.0094203033041755,1.4193725021804031,0.4873159230985381,0.5307757611639193,0.5336760502236154,-0.8950159813094694,0.7007558785662151,0.2997957583353858,1.187940745690855,0.8277289019571173,0.20368697137877473,1.0180992016575632,0.5684302015072196,-0.28668413445411806,0.02315220574848006,0.42076781884431036,-0.698717619077784,0.9088754234988855,0.7558033381725595,0.1628483205816725,0.8588305817178319,0.17451891814894502,0.3413671861442463,1.3895506697597566,-0.3056829670124988,0.23234752522958893,0.07666195525929098,1.5656974326811117,1.482470448669621,0.958706236059213
483,2026,5,1955985,2026-03-12,Vasco da Gama 2 x 1 Palmeiras,1226,Vasco da Gama,49.25,50.75,Casa,-0.015433599240946746,0.01950566847147319,0.3248546875406749,-0.21149689768166463,-0.04848223876787025,-0.12798844295733536,-0.00950464712638766,0.8702984936623284,0.013621712775297907,-0.3350695843113381,0.14021122286909998,-0.13660260820184464,0.5984585210373071,-0.5153191918599979,0.4172507814322428,1.5917502070366556,-0.528790681554186,1.2350956681051024,-0.07848671397789078,0.2545777982915386,0.7011569212295022,1.0678401023474846,0.7645401881521585,-0.08735024025910623,-0.8175697962168622,0.6800366008608311,-0.5515413083678438,1.299319566856194,0.07560278251052521,-0.34498438243621515,-0.23876671293426655,-1.0518825095608046,0.7864512097406999,-0.8152224938564426,-0.4722319241747006,0.09421360941434474,-1.4541941142969619,-0.15724313381376273,-0.17171695541668439,-0.36020193227840624,0.7269004605005989,-0.3560089048428073,0.1515609088150275,-0.39645424490267517,0.7242243488319183,0.47519096331149147,0.5997601439040671
484,2026,5,1955983,2026-03-12,Flamengo 2 x 0 Cruzeiro,1230,Cruzeiro,62.6,37.4,Fora,-0.27372608600114084,0.22622500061442322,-0.8824509361275582,-0.3655518121418118,-0.6979337270579737,-0.48431642049897783,-0.8445546188477956,-0.23663313040386263,0.13483177442423755,-1.7917551399554872,-0.2880202252524951,-0.09371594367462519,0.17139927382018966,-0.48344339363134886,-0.5561882744970547,-1.067794126269358,0.707335722153917,-0.8963021070731947,1.3210883355188259,0.6234433350672705,-0.12672225676768925,-1.0677065597738844,-0.35256859796095946,0.26679049498824964,0.8030438991608524,-1.6003077001343362,-1.3107754356380499,-0.5485387486988814,-1.2301378182463691,0.025704899139118893,-0.47832324497388207,-1.627588509462185,-0.6462514214393054,0.9053637095322347,-1.7470244357992954,-0.034191156468485494,0.31057748060022394,-0.3625146035435549,-0.6552987134013684,-0.8821589873519646,-1.49071198499986,-0.9056554911603629,1.4595638958832284,-1.0128758137201666,-1.3082381618637804,-0.5507910552258941,-1.6262867961000604
485,2026,5,1956000,2026-03-12,Remo 0 x 2 Fluminense,1232,Fluminense,68.7,31.3,Fora,0.47571798946155,-0.2619239882060894,-0.06419065467832367,0.6124912677857992,0.10372452079435168,0.7426193003915595,0.684787398230642,-0.3571896236705205,-0.701611253399714,0.44845953861226545,0.03430640907289753,1.2288444690333857,-1.3184402973449716,-0.10107798352618098,-0.38946761359081117,2.9128011173166004,1.1624462179526047,1.390505880187124,-0.0733709088604687,-0.48377944684689683,0.06515147349110673,1.0569144502331462,-0.7662533208797304,1.1662770219067549,0.5769262237096455,-0.36813270455018976,-1.112844084049103,-0.13362767277475993,-0.36110529073081993,0.7786571296435607,0.576156194059086,-0.11291360759010033,0.4653182097801443,0.2446622148378052,0.9613275168816864,0.6484326304920864,-0.3456504830821658,0.024131439947582916,-0.26117584882778494,-0.022634150159490933,0.38770240185074306,-0.14975201324952425,1.0518311756905085,-0.10837235662213593,1.2728764256987166,1.3846153846153846,0.33595657034169796
486,2026,5,1955985,2026-03-12,Vasco da Gama 2 x 1 Palmeiras,1234,Palmeiras,50.75,49.25,Fora,0.059515615299185726,-0.8422018092881154,-0.24403427533910405,-0.5332932113808514,-0.5790590539793605,1.0982769566339592,1.847059895620777,-0.06793401239944853,-0.6644306175846454,0.14581864593308325,-0.8919173569529679,0.07656663698576875,-0.07319100698194089,-1.339644657812988,-0.3023945691270085,1.5255089690721448,1.6238867443654823,1.3092028781182883,-1.243650540411842,-0.4831174698006231,-1.7562702262923306,0.9380676135867492,-0.515116078847857,0.13680810816100067,0.2847836316670638,-0.5309440503987951,-0.5241424183609591,-0.7646231423605362,-0.9688788261747627,-0.5547139589332818,-0.3986278747548486,-0.6176422312627674,-0.8180130100002168,-0.38534023680072504,-0.37510563978918227,-0.5927603708648098,-2.1479894619124336,-1.3003709835858375,-0.5922242120989177,-0.7727509607618376,-0.4564354645876384,0.3971660532552051,0.3464180150544456,-0.8416793455100814,-1.4726647125070071,-1.628834176702404,-0.5285941398709242
487,2026,5,1955989,2026-03-12,Corinthians 0 x 2 Coritiba,1236,Coritiba,37.29,62.71,Fora,-0.35949979665806303,0.05526409383396563,-1.0214762020473975,-0.7118416296488115,-0.5011104753996394,0.42085300287744015,-0.8232090312584417,2.3954756408107314,-0.8035889905297601,-0.33802077617172926,-1.710261086936543,1.047903995370005,0.8750449902935226,-0.3327398092524618,0.19580589317661293,-0.5893323885284499,0.36197102468625475,-0.527740955172101,0.31222741521608377,0.04576287619562765,0.9056139808774476,-0.8033944260507315,-1.1020371079484785,-1.258487855709305,-1.0077140409312515,-1.0452041108630643,-1.0195723224662485,-0.6919331907643042,-0.9001613892465563,-0.938466777435061,1.1876463748211588,-2.899036911988776,-0.5805953606154,-1.2473770899667114,-0.08092729057807355,-0.928099995435342,-1.2459014316975796,-1.351083954319712,-0.4783446031074604,-0.9818047559592918,0.8118121097900862,0.21000691450442455,0.2483412432377989,-0.9880732361187957,1.3125554420197112,1.2241908135159645,0.6708203932499368
488,2026,5,1955989,2026-03-12,Corinthians 0 x 2 Coritiba,1237,Corinthians,62.71,37.29,Casa,0.5591984006333403,1.4376437440142962,-0.18024183267742164,0.785570906741258,-0.7194247313980251,1.4714379993015245,-2.1953891108607286,1.3170727570038996,0.6424961529143661,3.3567686780146064,0.7274488534115078,1.1727480192084432,-0.19717418321891902,1.4575347000134804,1.9006177747918673,-0.8814652459095692,-2.0112350421221996,-0.6188662558517259,1.0839741694339398,1.308448331817897,0.752331892821965,-1.4538578417117354,0.4681540907143887,0.33900895834437644,1.2696358839538746,0.038436670702117,0.3365945337491576,-0.6541342445664671,-0.809787407862834,1.3189636604793569,-0.3169482975284041,0.35099940355629095,2.1050939660984005,-0.6392950517848607,0.35752105217213537,0.06844829854684163,0.010992425503606532,-0.27991917377646985,-1.219854502402786,-0.8865094092517449,-1.2166606584807191,-0.8753636328079301,1.3468704169662646,-0.8865094092517449,-1.4259988791535847,-0.8118121097900862,-1.2166606584807191
489,2026,5,1955983,2026-03-12,Flamengo 2 x 0 Cruzeiro,1239,Flamengo,37.4,62.6,Casa,-0.12173562769220275,0.4661420479712023,-0.672780066520104,-0.8791050133137241,-0.6125909970316713,0.2899466538793103,1.555618685587665,-0.6483922283169081,-0.10115040277201486,1.805148357015072,-0.07654205599145598,-1.1045388970692023,0.42297267106617314,0.12843225981358694,-0.4869058042471475,-0.6622947804944451,0.24315241424616824,0.35483522975928744,1.4145484063608282,0.8084933299575416,0.1323882579655341,-0.055867081806285177,-0.7669159683834691,-0.9139384707696877,-0.7664545775541225,-1.239614063329683,-0.7756578649019513,-0.543049170473817,-0.28468694992954785,-0.9878810557630407,1.013268752544993,0.748501169052137,-0.7795368726425651,-0.38684935252945346,-1.3621527723198377,-0.3069334179383934,0.9097744501994437,-0.07922906655339569,-1.3254642869079394,-1.0379452033969507,0.15034619483106582,-1.026452204446082,-1.7746058494266015,-1.1410544509415514,0.4961615224631048,0.9587062360592129,0.02974820586543654
490,2026,5,1956000,2026-03-12,Remo 0 x 2 Fluminense,4617,Remo,31.3,68.7,Casa,-0.11320890679841357,1.0742754832826384,0.7580873976356113,-0.2737352508306493,-0.43916799943692325,-0.6958884676198129,0.050114659126974825,-0.8001738749490346,0.7735083574023857,-1.114930273457445,-0.3057405951685001,-0.128393338119344,0.6077317591583398,1.479298848275172,1.1632572312100133,0.13783703796277524,-0.9020272193992867,0.043243939112376735,0.7076967744316074,0.946849079213761,0.007235297060951611,-0.3687709553503067,1.3425306241599266,-0.46790062464067755,-0.38210498946617116,0.5189295075710123,1.3021185892662852,0.16825152723861295,2.2216172448074274,-1.052389268245414,-0.08870714397488137,-0.3520394902956474,0.3613658359607851,-0.634887050064075,0.23096947902610643,-0.441067957267403,-1.877206415300801,-0.47436965278293547,-0.45081579436624714,-0.3135712953225733,-1.0534228823474063,0.08543170246360346,-0.604777763789159,-0.4104494989285446,-1.1154729697147303,-0.3603749850782237,-1.0927391945786613
491,2026,5,1955987,2026-03-12,Sao Paulo 2 x 0 Chapecoense AF,8865,Chapecoense AF,34.92,65.08,Fora,0.09748136965052129,-0.9982643533000066,-0.8011008583209085,-0.36289709179413343,-0.5373827185573201,-0.02218427596834322,-0.7510025144853758,0.20633288131742086,-0.6499352490834063,-0.1346127915204249,0.03213086028404126,0.9253057227897521,-0.060399240901447444,-1.9228177902142776,-0.42685230317507633,-1.156839911133812,-0.7925791006153451,-1.2421137260156019,-0.6971212166978731,-0.9462661031127997,-0.24726096114947885,-1.4318839548293514,-0.7095445198174112,-0.3913865632588304,-1.2015280304448224,-1.350421326482092,-0.20115274729832733,-0.712933073662111,-0.7222160382394387,-0.251593272703834,0.5691466580140961,0.11271550949116126,-1.1994486845505035,0.3429863427092492,-0.34353275263144545,0.056980835577752235,-1.089862046170506,-0.905506442134642,-0.39708115138452915,-0.7447325724684392,-0.9510448211356669,-0.3094440837682997,-1.2151567783765138,-0.8652956216772003,-0.6720215050322471,0.03196013860502954,-1.0183277314699042
492,2026,5,1955993,2026-03-11,Atletico MG 1 x 0 Internacional,1219,Internacional,65.12,34.88,Fora,0.6111383279076955,0.7811603269413967,0.5913546555951993,1.543104998572329,0.5367294819180315,1.1194749647294835,1.6030285882404023,1.1402581919491348,1.4099255017852375,0.7940527055793796,0.3310703610875988,-0.1305777368420017,-1.1423158147047887,0.8943143048061858,1.1517349504287777,-0.36918511796350684,0.5573549465973993,0.4929649628073835,1.3083860483791943,-0.22979399584857052,-1.795803679767461,1.030805008982441,0.29547146122182955,1.226773442944525,1.163499443292698,0.9401596520138342,0.5742439355892021,-0.17979793565828558,-0.5193255671806355,1.2643109513351203,-1.2844689503056792,0.9181757406039249,1.3625832428938132,0.9012743147446156,2.6442514853157673,1.4006985190124144,-0.1832020740322674,0.7710601546298953,0.8916547218815392,0.8316406766707605,-1.0406118047460329,0.07457859997253213,1.0061298245358594,0.702791438596878,-0.6708203932499369,0.2692307692307693,-1.0905761943319523
493,2026,5,1955998,2026-03-11,Bahia 1 x 1 Vitoria,1221,Bahia,64.36,35.64,Casa,1.4095685681954218,1.3669594788418142,0.23544973563157504,0.08624655789639288,-0.33931608417979775,1.5133859617756913,0.9201646403661959,0.11381547652069018,2.1596482496337863,0.09804095548024683,1.3517607177597037,1.305379464324736,1.0712715743545764,1.2455198304699293,1.5131844744960676,2.3751160559384106,0.7797799494100983,0.39882701375436186,1.3737378886220821,1.3353957217791774,0.8138415644655901,-0.4821825380496473,2.0020229422121867,0.5336045136974293,0.6208786246781303,-0.27946657076292264,0.20539595906443725,-0.1500875380913334,-0.566675892372033,1.6886480027059854,-0.9839103034020815,0.7233546799459135,0.7814228054331039,-1.1614808175996878,-0.9636037589538299,-0.23132425354908312,-1.4481431819238824,-0.3915450112261475,-0.4545324114471422,-0.4473890970395684,-0.1778216897897549,-0.30536296926996553,0.09469826715337978,0.19343416255937224,-0.19310804067388587,0.23230315905999022,-0.5392598510399419
494,2026,5,1955993,2026-03-11,Atletico MG 1 x 0 Internacional,1235,Atletico MG,34.88,65.12,Casa,-0.46815283503347027,-1.1780079152836633,-0.18261085438068045,-0.5086377080515211,-0.19157587490089564,0.08270179676514354,1.8183107718425475,0.04914937516245738,-0.984488218127802,0.013995246759110286,-1.2796676493243417,-0.6881859565560654,-1.2612723593569235,-1.4338082123439184,-1.540705016386194,0.3443408318952334,0.701953927544987,-0.7369593937661262,-0.9395934338295061,-0.7979249985750353,-0.1681110753298558,-0.3984029673958118,-1.0597656646867666,-0.6191860962209409,-1.0732175038164662,-1.25953790721899,0.33659453374915754,2.292888559663516,1.9046329754892692,-1.384231728046133,1.7761649161896258,-1.079974365219993,-0.3489354451865346,-0.11834286614215532,-0.1830407928312617,-0.7471506529276413,0.4395033389686293,-1.2885183047796438,0.2995856351613526,-0.27845265182491485,-0.21875000000000008,1.2918694707600176,-1.312275337643519,-0.34239406817621365,0.5107539184552491,1.2349356108966516,-0.2916059217599022
495,2026,5,1955998,2026-03-11,Bahia 1 x 1 Vitoria,1238,Vitoria,35.64,64.36,Fora,0.003880191491378443,-0.354908156145261,-0.7766168691927285,-1.027369510171541,-0.7646059648518584,0.13685926434738033,-0.14133248358172104,-0.3903943135277077,-0.5057106711892888,-0.22349397646957123,-0.5308245168549924,0.770506884236756,1.1959736226386828,-0.5529614489328913,-1.0762121867592802,2.455880012286323,0.486760162333443,-0.9519647953767257,0.47991980676787693,-0.2703787956567493,0.2756286156848087,-0.7814410631094676,-0.24988908458757217,-1.5537138784125315,-0.9341252679267311,-0.7871657223365858,-0.275198396889763,-0.156333048464784,-1.0122930698204509,-1.2966188512182513,0.13633014508872118,0.4108373479105295,-1.1573063450106125,-0.6282367773022889,-1.027316067155011,-1.2225480178356913,0.9474010595294562,-1.1425469223343612,-0.9460264891125479,-0.8401737178098151,0.03450327796711767,-0.2886987053716887,-0.8554532268489784,-0.9126365440209746,0.1720052290384454,0.325,-0.0974354703692446
496,2026,5,1955991,2026-03-11,Mirassol 2 x 2 Santos FC,1241,Santos FC,43.68,56.32,Fora,-0.8819253431384504,0.039928961885200294,-0.6171056519226163,-0.15255632746900233,0.011390285233525796,-0.22360740167625662,-0.47808324809118113,-0.39843606032703094,0.8345832490079285,-1.521638195441744,-1.1033309588548974,-1.8954835623801551,-0.6672192270553124,0.01338953858913611,0.003951209737059001,-0.4719926346515092,0.4395483935178325,0.2572017398576833,0.30891331371061675,-0.16653821449601067,0.7100003603922289,-1.368093449841786,1.0766417906811436,-1.1062932154227956,-0.8474851462474093,-0.31375966513143155,-0.8988771049900601,-0.842834529571015,-1.0922522668307686,-0.20075803309876916,1.553551102223215,0.5025772179063898,-0.2700704406646363,0.05526714673849653,-0.19466398285110037,0.0821904575366445,0.3179878109346057,0.2883337842358296,0.08333333333333331,0.1647084119987146,-0.3182229136702921,-0.32750216972814494,-0.6309670791840727,1.0585057253655885,-0.050604539936925735,-0.4831174698006232,0.5513228042919811
497,2026,5,1955991,2026-03-11,Mirassol 2 x 2 Santos FC,6332,Mirassol,56.32,43.68,Casa,-0.1638662731171342,0.24458433569834698,-0.18945762150742076,1.0833876117357928,0.5780248344522247,-0.9240516695455907,-0.41002040532130934,-0.41044923024245367,-1.2603441572766627,-0.9547492320853689,0.396431420737274,0.21042154982497344,-0.5339539326405586,0.18834544357697627,-0.13184535572171796,0.9368506109933671,-0.11957809566070948,-0.9023408536673891,0.18942764204408624,0.7324096128940434,0.7553840595681471,-0.22512287308132412,-1.1715056706638145,-0.3908274013423602,0.39919315899538504,-0.3908541319407833,0.6875,-0.5782319495950857,0.3540643479837576,0.18463475421948206,-0.4313425060174901,1.3327100897603394,0.48690088912241314,2.298802600429971,1.3632122031713052,1.3802320971829205,0.23417274691263137,1.2274334134033924,-0.04721921646498866,0.1793940647329188,1.2692955176439846,-0.6122770399591025,-0.028710950345110252,0.0978048329001396,0.25136134806507554,-0.5151021148075837,1.046449728472674
498,2026,4,1955957,2026-09-02,Flamengo 2 x 0 Mirassol,1239,Flamengo,56.17,43.83,Casa,-0.36013128312632925,-0.3465857339972306,0.2602058071251399,-0.16479295404573677,0.34862963062066477,0.17810767910233435,1.0330749572242408,-1.5264706114548823,-1.1894181256992646,-0.6815910705627523,-0.968242474121042,-0.24186825213441587,0.6521725280302515,-1.035485094747046,-0.6805809413542142,-0.28202577156207975,0.6391446047857543,0.6451595366451884,-0.47877022984520357,0.8084933299575416,0.53374972374563,0.6805626329129266,-1.569528254278947,1.1424230884621096,0.7027909034876837,0.6960909740235914,-0.07271792483455793,1.6114749614487283,0.6844043264657168,-0.6480229497540347,0.3779115025429724,-0.4027681736777276,-0.9276287719157961,0.3601028903495877,0.5563770151372959,-0.41289852651236253,0.4567544389588871,-0.27069931072410197,1.1544366369843346,0.6563248593149877,0.15034619483106582,0.8588270737333649,0.7663459267875486,0.5467999043736074,0.4961615224631048,0.9587062360592129,0.02974820586543654
499,2026,4,1955957,2026-09-02,Flamengo 2 x 0 Mirassol,6332,Mirassol,43.83,56.17,Fora,-0.40092154146040615,0.07922267086854215,-0.18308667440310736,0.06418909163617817,-0.5776976227268927,-1.3033328603432852,-0.5675116868354545,2.094918743461758,0.4327913712851394,-0.9646596882208149,0.23401577110144148,-0.9312861644611952,-1.665960111115219,0.37669088715395255,0.39313083388810544,0.49608402265441504,-0.9869023590438809,-0.6213624535444616,-0.5953440178528421,0.14241298028495278,-2.313645526842356,-0.014524056327827653,0.34742466576024567,0.036870509560599216,0.7433982643666717,0.4187722842222677,-1.125,-0.40373881081263197,-0.7620634496339292,0.015626929168388308,-0.5724612054376722,1.1542386723456621,0.6508187041978679,0.43072206507092164,-0.8404113318924652,-0.23256658047770792,-1.375896325467284,-0.9857625858939163,-0.04721921646498866,-0.8438881275890625,-1.2692955176439846,-0.1210127050386789,0.49045058707177325,-1.009713807647901,-1.3685228950209667,-0.5151021148075837,-1.4824704486696212
500,2026,4,1955960,2026-07-23,Botafogo RJ 0.0 x 0.0 Vitoria,1227,Botafogo RJ,51.56,48.44,Casa,1.024248274248428,1.4283525370579455,0.8822182140264335,1.257304952552588,0.42949395343508434,0.9633632399542554,1.582918068477318,1.1713657355152947,1.346785582995001,2.445004839900662,1.7224729352192574,-0.03856397280297505,-2.5106262241367565,1.522924288360749,1.4297760406938251,-0.5548017327424876,0.5462239505186957,1.865236882607942,1.4055622412944575,1.35514757788275,0.9390680908497528,1.4914644178000365,0.5808442257722586,0.6597678421512639,0.1978259463615387,1.443903817595243,0.9388947077358496,0.007072578383802654,0.17843427310394924,2.550445072447679,-0.28934692491923303,0.23745910115311047,0.5105879677795444,1.3964356306570531,0.5717511393260752,1.5726506746996745,-0.6464467988187954,0.8294313286209938,0.8123623944599235,0.5214999077191583,-1.1920399101642998,-0.30326875668484626,-0.23071704247789393,0.40745388726021053,0.10640706634484359,1.4006468944430521,-1.2154780683637885
501,2026,4,1955960,2026-07-23,Botafogo RJ 0.0 x 0.0 Vitoria,1238,Vitoria,48.44,51.56,Fora,-0.1957076445287308,-1.0738240170070115,-0.408374568115687,-0.6572476522812475,-0.4751234278222764,1.4368744878483322,1.7216866181773243,-1.2249900892830485,-1.0007523182744433,0.17795153854904214,0.11567780041753285,-1.7270627434027304,-0.7128225412872695,-0.21536393274228388,-0.3820604460783032,0.5500657918211617,1.1020871441533435,0.7842024442947338,-1.685051765984991,-2.0128199232224673,-0.49052791361227366,0.37477275475658106,-1.0737446599584655,-0.1456606761011748,-0.40236090675424596,-0.4827949763664393,-0.8452522190185577,-0.610269012372018,-0.27756763200606605,-1.15779552991648,0.34376322011146826,-2.1176907097642563,-1.4013030492607605,0.20957454327693567,-0.2794665732246851,-0.45735609300328006,-0.526898096308573,-1.3318832694640554,-0.3080086243622249,-0.5981557606968922,-0.966091783079296,0.9432399697116484,-0.12150506432950225,-0.7021777314785042,0.1720052290384454,1.05,-1.0393116839386092
502,2026,4,1955979,2026-07-17,Bahia 2.0 x 0.0 Chapecoense AF,1221,Bahia,66.88,33.12,Casa,0.5975594889171278,1.3314468733877411,-0.49579825877074923,0.695533726220553,-0.0899707780504159,1.1823441187764074,-0.9797222222669194,0.8052584834560794,0.778793931952826,0.9398602701410201,0.8841641104848773,0.6715160399222981,0.10908273660501326,0.9089973918025881,1.1854149006534385,0.9046745956307776,-1.0610969931809537,0.40316368700743066,1.089177897407508,2.14219730368743,1.1391835562266748,-0.7828985295214705,0.24747399448431914,-0.302856615882324,0.5206599526555112,-0.5796343689897654,-1.1182668882397142,-0.2719479460366367,-0.4386071444755405,1.1825196804680056,-0.7748121785252797,-0.6225638282616803,1.0268285270449307,-0.13354199900828695,0.706328696377563,0.5513228042919809,-1.4481431819238824,0.18581797142935794,0.09469425238482122,-0.5569418366904074,-0.1778216897897549,-0.7426922205313958,1.3435959206973003,0.08686303491941381,1.4069300106240255,1.1947019608799496,0.577778411828509
503,2026,4,1955979,2026-07-17,Bahia 2.0 x 0.0 Chapecoense AF,8865,Chapecoense AF,33.12,66.88,Fora,-0.17729775075275772,0.727793089864972,-0.9516279787358185,-0.4608017888625966,-0.5552466480604668,0.38935253873760745,-0.22964539699139566,-0.3503089530089365,-0.8967753280411356,1.4488205385297441,-0.4785020672164195,0.2150954252827488,-0.1318733736992992,0.7401814719319476,-0.023207356101666004,0.7667395260062266,0.31565918450195074,-0.16869383244078243,0.8855323563459472,1.3086658872836594,0.8198953161700967,-1.2746574813578933,-0.4643115589429618,-1.9134454203765054,-1.2207444881616203,-0.3097296620371771,-1.0057637364916368,-0.6496229631701805,-0.7418600132087367,-0.5592715372202425,-0.7454709239811406,-1.1425750490053967,-0.5558945396350331,-0.034718193707035265,-0.6933228848880756,-0.4339309786305755,0.6145508412587164,-0.4115938373339282,-0.39708115138452915,-0.6290742824751832,-0.9510448211356669,-0.5669725411391933,-0.6779624471243301,-0.7482782222665137,-0.6720215050322471,0.03196013860502954,-1.0183277314699042
504,2026,4,1955963,2026-02-26,Santos FC 2 x 1 Vasco da Gama,1226,Vasco da Gama,63.0,37.0,Fora,0.10006030512934924,-0.34720874584031797,-0.060923099329530404,-0.3102519037785424,-0.2924106089969354,0.9289249754682772,0.32315800229718994,1.677820466820523,0.6365944685791733,-0.2669061515550976,9.31852260324236e-05,-0.5059710331702642,0.05061289852666393,0.5153191918599979,-0.7842128318689026,-0.3335787844949918,-0.27163147525577314,0.6414994272683738,-0.07848671397789078,-1.0414546293744764,0.5726714476303848,0.4545165563838012,-0.9821121503714968,1.5077411036028376,1.0403881675193882,-1.5935186020171717,0.7913418772234276,1.7798355012411633,-0.5435073807985804,-0.10328074990187547,-0.23569119641375652,-1.1449703648102643,-1.033150557218418,0.16311814249019252,-0.26769445048406854,-0.2461710439536103,-1.1428043977182945,-0.3486695575870387,-0.17171695541668439,-0.43586373035306053,-0.19824558013652685,-0.34833364464758293,0.6467370078442773,-0.46847787123961127,-0.4686157551265354,-0.47519096331149147,-0.23990405756162692
505,2026,4,1955966,2026-02-26,Palmeiras 2 x 1 Fluminense,1232,Fluminense,64.14,35.86,Fora,-0.3329818325302882,0.18352462889693738,0.004446766324769998,0.32304073955608986,-0.01767576623896655,0.3147262976720294,0.0705966389928493,-0.2433986198675054,-0.13653412734628995,0.26828768582159185,0.3428965989291415,-1.5634088448383638,0.19300819387302473,0.2506733991449286,0.40224856506410933,-0.2280004144008714,-0.08516297196171103,-0.08759229731582265,0.5649559982256085,-0.48377944684689683,0.4372766778832549,-0.20054274183910958,0.003601597353540594,0.555770999608995,0.3356324292432541,-0.36813270455018976,0.5857074126574227,-0.40561353720081794,-0.5497239652820389,0.2457665463580067,-0.5221950722489275,0.6657615423938332,0.19835983963696813,0.4027567211082583,0.4452798511211264,0.3434940420985107,0.34229981622288685,0.5489902588075136,-0.26117584882778494,0.07180185038210733,-0.5492450692885529,-0.388888725174962,0.23293739315210613,-0.012774964905554654,-1.1345202924705953,-0.8461538461538461,-0.6383174836492261
506,2026,4,1955966,2026-02-26,Palmeiras 2 x 1 Fluminense,1234,Palmeiras,35.86,64.14,Casa,-0.625382326357286,-0.15618751668227618,-0.04295663604732386,-0.2618992196349547,-0.5822961331675716,-1.256565169213242,-0.32815784947577287,1.0030661074300138,0.5579813303212653,-1.7808462248842314,-0.2147978621538201,-1.4134802530959114,-0.5577803140922628,-0.17802586814790547,-0.5854319989864972,1.732774770964932,0.7379769768078216,0.2679582877836138,0.621825270205921,-0.4831174698006231,0.1381918586617091,-0.3155711326812561,1.3122142403642987,-1.314692551595963,-0.857369969982081,-0.5309440503987951,0.9958705948858222,-0.42264112932647774,-0.4046169168580498,-0.6746244263121844,0.720562518573185,-0.5207903202680493,-0.41330961602460337,0.7338637156098863,-0.6935265518129173,-0.13435901739602357,-1.1200587087063765,-0.3981997270310699,-1.2792042981336624,-0.6217994169697807,-0.4564354645876384,-0.5863825537438795,-1.3503986744399719,0.32600063507914595,0.05259516830382171,-0.3521803625302495,0.27820744203732856
507,2026,4,1955975,2026-02-26,Gremio 2 x 1 Atletico MG,1235,Atletico MG,32.87,67.13,Fora,-0.47077125075220205,-0.5768276470061156,-1.0221521054275786,-1.2552116304760097,-0.8620152007450852,-2.93886846732859,-0.2310260322968856,0.5587551490210988,-1.92906495768002,0.3868419595176953,-1.2378702695454575,1.9348369702850046,0.8570214004370346,-0.5318464301752931,-0.966481388104607,0.5903910837890787,0.17026255495606835,-0.0732690341262706,-1.837886057380792,1.0289032876362298,0.4199443831859363,-0.5504251523231611,-1.1672062365454858,-1.1066900814808671,-1.169816879554126,-1.25953790721899,-1.4381766442009454,-0.4906196613633286,-0.6108766107960207,-0.9213573568460937,0.49815039204167016,-0.47769202455267196,-0.8714976783297586,-2.162201398327225,-1.0657900884009615,-1.3587296147998635,-1.3808107659175413,-1.0865343543006727,-0.7225300612714974,-1.0223086588167287,-0.21875000000000008,-0.6395648675803449,-1.3228899348938257,-1.0724072863943754,-0.7235680511449364,-0.8717192547505778,-0.2916059217599022
508,2026,4,1955963,2026-02-26,Santos FC 2 x 1 Vasco da Gama,1241,Santos FC,37.0,63.0,Casa,0.3618376475645761,-0.2534794529037634,-0.332646689263316,-0.1971767472627465,-0.03747538097658029,0.9166743021786137,1.809545094025119,-0.5515914671687849,0.23253309537001207,0.3665933899847449,0.2255584683997541,-0.33443408388394247,-0.07618515138200543,-0.18075877095333837,-0.11220524121554186,-0.027408917425483872,0.7721312525252941,0.8557285780034988,1.0554538218446072,-1.7764076212907807,-1.4756659831046157,0.9296696802013684,-0.6210031069212217,-0.9250361349297953,-1.3431479027184112,-0.5894878557014777,0.5493137863828147,-0.8646381746172234,-1.3393365046115844,-0.6405826787335015,0.3432952226796169,-1.154980626205643,-0.35203465614899543,0.5201080816322526,-0.31619773580074173,-0.19283145806674243,-0.33413029608567135,-0.7758800012164145,0.08333333333333331,-0.3688196646868852,0.8353351483845164,0.3780597341811086,-1.0502908128465482,-0.6946565472086901,0.6831612891484975,0.4509096384805818,0.5513228042919811
509,2026,4,1955975,2026-02-26,Gremio 2 x 1 Atletico MG,1244,Gremio,67.13,32.87,Casa,1.911717287347274,1.705727714184978,0.4557143225157623,0.591492140497114,-0.03375522421672605,1.8628593800682778,0.5470716837865918,0.31594466656400727,2.4079768050652635,0.608416838946371,1.7105666455947106,2.52053192604281,2.071251937977922,1.825977314250433,2.1393531565663193,0.9750765694876968,1.8231806933120407,0.5149822625947615,1.544024153617144,1.3135562323060155,0.42101978400503454,0.2727198166952257,1.766057974218714,0.38755585594744163,1.098090004811064,2.2147213810463238,-1.1128440840491032,-0.2423949990440055,-0.7939250087640277,1.912492739635394,-1.147106239344691,0.3878160879483598,1.9267713744893693,-2.000620189665067,0.5273246375287598,-1.3924124681696677,1.1065815719705223,1.5136421281898835,-0.3140617969232957,-0.170690703916738,0.983192080250175,-0.7841169274052278,0.8372748166046852,-0.18610261549639426,1.0382450365426805,0.36037498507822363,0.8148217143826669
510,2026,4,1955981,2026-02-25,Remo 1 x 1 Internacional,1219,Internacional,60.47,39.53,Fora,0.33617846714379285,0.16105711919368795,0.4197478585578221,0.8149836522138635,0.11103272179401341,0.7306994834802122,-0.4916265001725657,-0.5260391357106744,0.0938320615546005,0.40697496995554255,-0.25984648617500977,1.2324835789377653,-0.5882003685624666,0.8943143048061858,1.0677344606798351,-0.904969933730052,0.1493692433008506,0.7145502835066397,-1.0880262928626987,-0.22979399584857052,-1.204910305109106,1.2778574491517865,-0.24141940681506996,0.8668095659253896,0.6594395869637744,-0.3428817554403394,-0.06625891564490792,-0.5169188655454927,1.0243802141700735,0.27363260625523733,-1.7688765696365598,0.7994337491374738,0.3118627915399285,1.7049974382845772,0.9694417727757111,1.5678600706641017,-0.6627665610811229,0.5977210501006941,-0.6294033330928513,-0.2717588770863438,0.03716470731235827,-0.7721019577021363,0.6911674446811561,-0.33517884607181303,0.13975424859373686,0.2692307692307693,-0.0703597544730291
511,2026,4,1955977,2026-02-25,Coritiba 0 x 1 Sao Paulo,1224,Sao Paulo,58.57,41.43,Fora,-0.016488597783927555,0.13174939855560233,-0.38262902326073855,-0.30844120616625625,-0.8394230728393604,0.5939252892540996,0.122733617048162,-1.0608125557155392,0.9106582871770275,0.24484944815325482,0.1478345419869041,-0.9260486205907913,-0.6374678851649502,0.5359444628284422,0.10871565184773192,-0.15064596762808646,0.5784554382056083,-0.5511757040657548,-0.6049784435523029,0.4873159230985381,0.1326472342502059,-0.49809764687537367,0.23224363694911843,-0.27469630439795645,1.0698646433125818,-0.7620751953488506,-0.40325254197910865,-0.8517690192273665,-0.5898960879122603,0.002310144590213689,0.7733155298327001,-0.25456491362898837,0.22172612870536199,-1.007273787310765,-0.45052731064983587,-1.2053074287699235,0.7467466421304133,-0.9075585579855101,-0.6689891862376227,-0.8283400607471801,-1.0526899013331488,-0.33156947823231164,0.5404346655024858,-0.031953866171589344,0.7961173386514129,1.482470448669621,-0.15339299776947415
512,2026,4,1955972,2026-02-25,Cruzeiro 1 x 1 Corinthians,1230,Cruzeiro,49.04,50.96,Casa,0.16749559646798517,-0.020695913457667484,-0.33147507967341033,0.1287904207972344,-0.8024160940109397,-0.734810668943113,-1.4066680209005904,-0.16031187943635933,0.13242697488048086,-0.2931692892834016,-0.23304139996882936,1.6842719281791012,0.775718600189975,-0.2517101966840907,0.02174507730178684,-0.27216450310831514,0.27578618162424523,-0.291833637890761,0.24693239916239726,-0.09975093361076331,0.15802343808101385,-1.4805530962197864,-0.10635964577474799,0.393625320474467,1.4458711146868721,-0.3460124757047212,-0.24000113610274143,-0.4159089177939474,-0.20954944471293216,0.04103744798880989,1.1088898925995023,-0.708241334136035,-0.2282713444929932,1.0990421329853957,-0.39664655329227466,-0.034191156468485494,-0.8491430959576646,-0.8005530828253505,-1.2311672797237831,-1.1894716093150741,-0.40994579587496155,-1.1415478478098287,-1.1577980751052122,-1.302115298013829,-0.08440246205572778,0.3365945337491576,-0.5544159532159296
513,2026,4,1955977,2026-02-25,Coritiba 0 x 1 Sao Paulo,1236,Coritiba,41.43,58.57,Casa,0.3057712942974028,0.5034269982623416,0.5152649534876469,0.6638198741917395,0.25034077746242994,-0.9890774746230577,-0.8232090312584417,-0.7300952800541652,-0.008298496926741984,-0.21271903756882257,0.53370575214059,1.2946807856544154,0.8343371255220275,1.065731852823102,0.25463047691579677,-0.5293155880152169,-0.19792952969132407,0.5712694051010386,0.6475827871148403,0.04576287619562765,0.9056139808774476,0.4228391716056486,1.088705842012917,1.0040765641238656,0.9742826665860727,0.7807548779940965,-0.362514603543555,-0.2866459932945855,0.15772786873290878,0.7128205043642212,-0.2782509378933915,0.16784739959451433,0.4300574451987147,0.8629223362405667,0.6494792109634556,0.7717884172567583,0.4919634974973152,1.3247213405768883,0.2923217018990037,0.43014889144217133,-1.1500671555359552,-0.4698047377518034,0.34733637799925793,0.3726967548473576,-0.3667434323290369,0.46883903496356083,-1.1819216452498889
514,2026,4,1955972,2026-02-25,Cruzeiro 1 x 1 Corinthians,1237,Corinthians,50.96,49.04,Fora,-0.8469274482725224,-0.4117138853910456,-0.01924072978367582,-0.9833417475726765,-1.024542113799716,0.09548758528239047,-0.3461609386419405,0.6363685726840864,-0.39355391803007433,-0.04344613854460438,-0.8874466080603279,-1.6493216544526919,-0.28086772471861843,-0.5552513142908495,-0.3814726804777509,1.1726171033590174,0.4462914526177131,-0.08082046212995965,-0.25369608220794343,-0.4564354645876384,0.15362290999656944,-0.2907715683423471,0.06658759325885438,-0.5402093970365678,0.1730891968430295,-0.2402291918882307,0.3365945337491576,-0.17634130201759654,0.5525836515570786,-0.714431727857784,1.2436474800405006,-0.19694137357976063,-0.2880694784676662,-1.5855992624449753,-1.3452665215202801,-1.0991991472522251,-0.746947693063481,-1.5426656688125455,-1.219854502402786,-1.3231488357121264,-0.04055535528269071,-0.7407125568391202,-0.7136807726498915,-1.3231488357121264,0.10562954660396924,0.1691275228729345,-0.04055535528269071
515,2026,4,1955969,2026-02-25,Red Bull Bragantino 1 x 1 Athletico Paranaense,1243,Athletico Paranaense,61.09,38.91,Fora,0.3666440987526235,0.5193899762504979,0.45997649530471657,0.4128954832171775,-0.019983204331598475,0.5565832241180197,-0.5216766313206853,-0.6498661142129495,0.1084476111827442,1.6307986637204825,0.7257681539298522,0.43266586236552457,-0.7977203429156854,0.7490457887524822,0.5695124472991552,0.10689011638083504,-1.2577327611329114,0.0594591003042004,0.48803611745517345,0.2709655514951807,0.7600690403775552,0.304327827795604,-0.9417441234497381,1.1680709702158387,0.906488642783209,0.28514669213512284,1.5879984667608413,-0.22799880262113048,0.3560591383706306,1.3383468288683542,-0.23833748750976783,0.17855536597329894,0.49432011169525886,-0.154230331811102,-0.02685467588380104,-0.05536478291033688,0.7777712991259973,0.9104562564455527,0.15022315323773597,-0.0881235717597752,-0.39436910666014113,-0.8089084863992213,0.07895616826028962,-0.257836073304812,-0.28651274358884277,0.16912752287293448,-0.5158607041753288
516,2026,4,1955981,2026-02-25,Remo 1 x 1 Internacional,4617,Remo,39.53,60.47,Casa,-0.09080138122539178,-0.19584190324168887,0.23682029274927732,-0.18945574542651367,0.6040087014206614,0.5035912632265702,0.5855502276941214,-0.2546198296085993,0.06420478967201208,-0.43434521104973606,-0.12936354073733355,-0.685906076944063,-1.6481366220401754,-0.6032092391024974,-0.5291903199659612,-0.8594624059147241,1.1971903287329149,0.7339421967789087,0.36564333345633043,-0.01661138735462742,0.3612324709983274,-0.0397137951915712,0.2683813103245355,0.17824785700597237,-0.15793715728164595,0.5189295075710123,0.48121773951145325,2.134259060693186,0.013859137274261836,-0.24831632586215494,1.5788212276992786,-0.7370322543908793,0.27527423715559624,-0.45552764307492144,-0.32925324992457455,0.16802588848282027,-1.1211739001798253,-0.29571095238416756,1.0872616217068312,0.9756218266165919,-0.0679627666030584,1.83695599424838,-0.645530638028437,0.7435753843343047,0.38911847780746406,0.6847124716486249,-0.13245323570650444
517,2026,4,1955969,2026-02-25,Red Bull Bragantino 1 x 1 Athletico Paranaense,5438,Red Bull Bragantino,38.91,61.09,Casa,-0.4563571859029142,-0.8257120370555389,-0.7511251543118092,-1.2525273325238637,-0.6875894616657493,0.3052810025817144,-0.8656002954788168,-0.5502262853834009,-0.46486744887607356,-0.21098519452830003,-1.187824581604498,0.12227251382730667,0.7461177962469933,-0.43291749476367686,-0.9659871105012057,1.263347047871415,1.6079302399035764,0.5874630748346549,-0.4154320960517859,-1.4885114469054872,0.1766401223521377,-0.709579478257723,-0.950604634272021,-0.73618964846105,-0.11155025877140012,-0.8809628578482153,-0.4432422071779363,-0.7276772009785984,-0.7861720998539095,-1.7610702391917297,0.6166010862835117,-0.825171819292624,-1.0313528667842593,-0.8592710889332447,-1.3584151351862217,-1.058154854936516,-1.0572652323555525,-1.4078701117138326,-0.5416892375217993,-1.0375877037612147,0.08333333333333338,0.052255814817260646,-1.56899665833232,-1.0568699966232715,-0.024182541670333724,0.11695217633781756,-0.14177624100166725
518,2026,3,1955971,2026-02-19,Athletico Paranaense 0 x 1 Corinthians,1237,Corinthians,41.87,58.13,Fora,-1.3970697486267012,-0.5191366482207614,-0.687633135060071,-2.0059835840367395,-1.2245810147944134,-1.7266043266156748,-1.0506288137729074,0.28526851971912937,-1.2031070068533711,-0.11276668442325614,-1.2385374421954438,-1.6493216544526919,0.8749081281282024,-1.60956779797407,-1.6425418350475738,-0.9576751977593422,-1.7844382999546846,-1.4176969386354237,0.749556606523469,0.4260064336151293,-1.2041207894066124,-0.8723147050270412,-0.29165331956827995,-1.0997119868244414,-0.8367581906770856,-0.5188950544785784,-0.5507910552258941,-0.6541342445664671,-0.7924326892361897,-1.8283308611548392,1.2347570627420454,-1.3245310326111206,-1.3300012754377126,-2.9686773163686,-1.8969248831858063,-1.799787614731665,-2.641797989481199,-1.5426656688125455,-1.219854502402786,-1.4361850737598085,-0.04055535528269071,-1.125076407022127,-1.012539342136204,-1.4361850737598085,0.8714437594827462,1.1500671555359552,-0.04055535528269071
519,2026,3,1955971,2026-02-19,Athletico Paranaense 0 x 1 Corinthians,1243,Athletico Paranaense,58.13,41.87,Casa,1.344055242024339,0.6888109002387636,0.15528477476894795,0.8934589290569471,0.2634262603929173,0.6387940024084785,0.4726929100699177,0.1302517376629901,1.5335755498618484,0.9334940796880707,1.2452720050648884,2.0593288184205774,1.2745219079606334,0.8891898395513337,1.1070520924533669,0.9067589953039423,0.7425930654647636,-0.15235703114804347,0.48803611745517345,0.2709655514951807,0.7600690403775552,0.8134916935305562,0.8637810502269991,0.831573703961607,1.1643683997394418,-0.9870462420061951,-0.7939992333804207,0.97458196673512,0.20390767628114098,1.3954787899238683,-0.5928925441384567,0.04263140443400306,0.40535289716191286,1.5355403409149793,0.23746368822702763,1.6737199756740344,-0.42849034056918356,0.9104562564455527,0.15022315323773597,0.37398551735472024,-1.4340694787641493,-0.4362045051137855,0.8868767647838742,1.0195271367126604,-1.0418645221412466,0.16912752287293448,-1.4508582304931121
520,2026,3,1955947,2026-02-13,Internacional 1 x 3 Palmeiras,1219,Internacional,60.9,39.1,Casa,0.34274137986293096,0.22316907700020955,-0.07106734705410128,1.2242742729310225,0.5547799747268136,0.9506640865055372,0.18406868963806908,-0.1808471061954707,1.1149139311804337,0.9476955433703248,1.3971963740362119,-1.254568088859349,-0.3365601387506774,1.152375148979115,1.0923205689367625,-0.13161650823284723,-0.07436076748401228,0.19732280453671885,-0.289222179115401,-1.0627972307996383,-1.130915324543082,0.289647688474405,0.21273808052356408,0.32686375039668636,0.7840358186507835,-0.3428817554403394,-0.7067617668790178,-0.6056928639927002,-0.20601007939990593,1.533129825496578,-1.6868308333067135,0.2201358733598235,0.7370454138622524,1.9062847744414564,0.7206370779238036,1.7350216223157888,1.3073361965249868,1.984433886334304,-0.6294033330928513,0.6420162639247808,0.03716470731235827,-0.6927113885292936,1.2715147927467676,0.5244113540591552,-1.4813950350936105,-1.9615384615384615,-0.0703597544730291
521,2026,3,1955947,2026-02-13,Internacional 1 x 3 Palmeiras,1234,Palmeiras,39.1,60.9,Fora,-1.0091444273103904,-0.46768498716562584,-0.013567436496565407,-1.009876991266522,-0.3379239690664556,0.36235274586221555,-0.6000600676128416,-0.13533961434675804,-1.1290015634903814,-0.055856990100974876,-0.7718808701311792,-1.9845077163518967,-0.18464862534538704,-0.8233696401840623,-1.8091925820619832,-0.05289982995753926,-0.22998698428237205,-0.2905304533391771,0.3109126351029605,0.4509096384805817,0.35610642361511385,-0.4409350073080566,0.18442754570664757,-0.9276257089941061,-0.7419314198823355,-0.23484063767639016,0.9958705948858222,1.2852455739882558,0.3416985944066906,-2.0089349483583234,2.1421507713044123,-1.6511399240711881,-2.0999379909651483,0.8195527682163236,-0.7501877939589396,-1.1657620627007925,1.611300149812575,-0.7590682296529769,-0.5922242120989177,-0.548702510868344,1.308448331817897,0.015441725613602067,-1.1292250122655465,-0.6179808716135714,0.8152251087092363,-0.3521803625302495,1.0850090239455814
522,2026,3,1955933,2026-02-12,Vasco da Gama 0 x 1 Bahia,1221,Bahia,39.08,60.92,Fora,-0.5022583181221318,-0.8944038405957816,-0.39673923129592065,-1.6154443955027966,-1.0736722477571121,-0.06211133601302064,2.042825059194855,-0.6364737437709033,-1.1072987780034038,0.062269572659478196,-0.8760192994590315,-1.1863595143607109,-0.67192819224151,-0.8857889477565648,-1.3200737237510871,-0.7484728800107603,0.38528650103871803,-0.869281609793423,0.5200579149783596,-1.8918106058538342,-0.13534102926822958,0.7206814278376459,-0.0574976854238762,-1.557548310251954,-1.8020910983077525,-0.27946657076292264,-0.45643546458763845,-0.18808425354824662,-0.7501687845867784,-1.7154554696385804,1.2115041486355027,-1.1219570946428712,-1.186256133997807,-1.8830147960340373,-1.6770511823407614,-1.6848116466824878,0.180246176400792,-1.161362321433488,-1.0037590752791055,-1.2035745274914271,-0.1778216897897549,-1.0842344625567333,-1.7306136880261969,-1.5016846235532162,0.6069109849750698,1.1947019608799496,-0.5392598510399419
523,2026,3,1955936,2026-02-12,Sao Paulo 2 x 0 Gremio,1224,Sao Paulo,54.78,45.22,Casa,-0.013492142451359448,0.41401558661644583,1.2581638733088547,1.7784750500821336,0.9917467811950789,0.09105437324309819,-0.5891213618311758,-0.39864790719363274,1.2943884301858064,-0.10510600522600062,-0.1073807690812299,-0.2915136798000699,1.3484178107719798,0.8643048027303749,0.44311287765013624,3.0235863478178806,0.9703469379418548,1.4670310714905817,0.7445888536028343,-0.3959441875175622,0.37970201158986416,1.1785346109104835,0.15392090500025524,0.21302978708412934,0.608263701204091,2.487951373050659,0.21223817998900435,2.527118471959823,3.303308383818597,1.1377193572076911,-1.3911780506272695,1.5178826929184883,1.8735648217647314,0.9554640204881155,3.1471520008679965,0.8711627950515292,0.08322582218866251,0.5055527537771636,1.0180270225355126,1.957053629052436,0.1684303842133039,1.3661192566011404,0.33327262290519294,3.2396192923883915,1.5656974326811117,1.482470448669621,0.958706236059213
524,2026,3,1955933,2026-02-12,Vasco da Gama 0 x 1 Bahia,1226,Vasco da Gama,60.92,39.08,Casa,0.8130174538580017,0.04077093116701021,0.43725681985767606,0.9096068057780147,-0.01983817357353046,0.7822952908911235,0.057027882758327854,-1.2355921422208092,0.8630650441235398,0.8463305927007996,0.4425089798317914,1.5109322140179964,1.4400032559160387,-0.10306383837199957,0.45632781062321603,-0.4480786095785831,-0.0580146961885888,-0.042185391085925006,-0.44475804587471424,0.2545777982915386,0.4270688994101281,0.4545165563838012,0.322277087169979,0.86970456605806,0.2293799866737799,-0.7409354009379207,1.4627834700190634,0.523294329570768,0.2551946404530734,0.9894584375482214,-0.5892412432240588,-0.7789995059341056,0.40547732218910665,2.0792066441772104,0.1642848191975204,1.7961368762541199,-0.8113250220055199,1.5655946801457212,-1.2401780113427199,-0.39092353230475296,-1.1233916207736525,-1.0279312179276467,0.6004588677480854,-0.425698607276765,-0.4686157551265354,0.47519096331149147,-1.0795682590273208
525,2026,3,1955930,2026-02-12,Fluminense 1 x 0 Botafogo RJ,1227,Botafogo RJ,56.84,43.16,Fora,-0.14695114123297512,0.3877395164475467,-0.9307435351766683,-0.8055292306276174,-1.5729072315136352,0.3365452044295518,-0.9348100327869883,-1.8043379122650336,-0.5121888907806006,0.33347270067207685,0.7965356640436992,-0.7928378152033776,0.7009344615764515,0.34693837338395755,-0.16976484362726563,0.3924325132009448,0.2038742515977184,-1.3497342238381764,0.6140805908568017,0.7597039451766933,0.9390680908497528,-1.681496563697339,0.13049485205318814,-0.2968955289680681,0.273690504878059,-1.4639580372840661,-1.2393410142113217,-0.9119649332272337,-1.0332649189524026,0.27409469938463304,-0.6615180217385578,-1.0791896918320063,-0.5184731562366159,-1.9382154602506372,-1.039523005407849,-1.7611848199122087,-0.02096416498501333,-1.542041343351707,-1.7117636168976955,-1.815295410676699,-1.1920399101642998,-1.3253422439485745,0.30582779718045117,-1.8291558446053315,-0.5107539184552492,0.5364179595739348,-1.2154780683637885
526,2026,3,1955930,2026-02-12,Fluminense 1 x 0 Botafogo RJ,1232,Fluminense,43.16,56.84,Casa,0.9680044407621926,0.6672416518135499,-0.25834207586644736,-0.19345616457872294,0.18413673582499268,0.6891055932160032,0.8895176513099063,1.1531273358967684,0.47022168792039043,1.7401405991361585,0.6445649465622956,1.671518774891102,0.9648762421237158,-0.21832844441655086,0.46743941637041075,0.7875781354786185,-0.3384796833504604,-1.3036898448057954,0.9905072696163267,1.429348365684013,0.7709053621567983,-0.04336059283007759,-0.12450789034210946,-1.2757470672842848,-0.4591635426059699,-0.05413716243385147,-0.26356833569584015,-0.9228307761133641,0.21126859338747958,-0.22053269461644331,2.2922248694163527,-1.4275522527458084,-0.6493830509236154,0.2276450978434168,-0.13155401061824987,-0.06309074242625695,-0.6124067215882064,-0.8506332581523016,0.49623411277279184,0.6261240470920507,-0.5492450692885529,1.5334167889545063,-1.763288527917939,0.5483643873770936,0.47041085297561275,1.3846153846153846,-0.6383174836492261
527,2026,3,1955938,2026-02-12,Corinthians 2 x 0 Red Bull Bragantino,1237,Corinthians,59.32,40.68,Casa,0.5854544716954699,-0.0006292192396317731,0.03192967305652431,0.155326960633138,0.20800671650743693,0.24390359314376153,-0.08198548546782791,0.09180522522823538,0.7968858769787028,0.5777801054312975,0.40425500788987717,1.1211247934707396,0.31915500345850745,-1.1303330326635153,-0.9301887826363777,0.7689657190532748,0.8470114004621548,0.8068363808596264,0.749556606523469,1.308448331817897,0.752331892821965,0.2907715683423471,-0.06996825140719608,0.33900895834437644,0.2191007774381614,-0.5188950544785784,0.3365945337491576,0.14775259912450103,-0.18593371621096066,0.05143727359588936,0.21315286067843883,-0.053522009327123775,-0.6849456715963677,1.2195167905832214,0.035299449949808985,-0.1650811906129717,0.010992425503606532,0.08086553909098033,0.31822291367029193,0.030889627454156177,1.1355499479153377,-0.05788487573529109,-0.053046040101200315,0.030889627454156177,1.637257972361523,1.1500671555359552,1.1355499479153377
528,2026,3,1955950,2026-02-12,Athletico Paranaense 2 x 1 Santos FC,1241,Santos FC,42.05,57.95,Fora,-0.6084879712298548,-1.0823469135903627,-0.280095201918829,-0.26656060621450894,-0.49106203779555196,-0.6883216741751873,-0.27011703517151747,0.3173989933898666,-0.6004736934627944,0.2412737185168607,0.5017938113027677,-1.837237091931395,-1.3281070782941833,-0.27783292572457563,-0.3444388966547395,-0.4614073080508896,-0.3087630392489554,-0.7340016988384993,-1.930708210691355,-1.7764076212907807,-0.5787188307186499,-0.7553566151636115,-0.8320388009715818,-1.3781788361622962,-1.4587861523076682,0.23769671600866057,1.273409232069252,-0.1187962197321327,-0.22610290729339674,-0.4077157506926987,1.5929303607766938,-0.8481251703539441,-0.3773454874775641,0.06047208399398188,-0.34165327068175466,-0.2845054299345381,-0.5036810039109432,-0.4718189196586305,-0.7222222222222222,-0.6857132540993153,-0.3182229136702921,-0.4305542080662311,-1.103094542270712,-0.9963746542096804,-0.7843703690223489,-0.4831174698006232,-0.6785511437439767
529,2026,3,1955950,2026-02-12,Athletico Paranaense 2 x 1 Santos FC,1243,Athletico Paranaense,57.95,42.05,Casa,0.2960731310132292,-0.9549015192941355,1.122699252410871,0.6570889333839272,0.3396071859729176,1.230213954235976,0.2596137226290742,0.1302517376629901,-0.13446697319140574,0.23377523157102975,0.44062461772435507,-0.05609671597965531,0.08299478597789436,-0.9326828208337358,-0.24478508695693105,-0.2000865885031682,0.39068088511118887,0.08133824382793071,-0.770012540873718,-1.8721256285121568,-0.6889576845613495,1.4923768478438257,-1.238159330650652,1.2802367256339158,0.43666676850275765,1.5573396262764407,1.5879984667608413,0.49918169438909515,2.056403178600854,0.3246303882978109,-0.167163655381906,0.0061322156391087216,-0.761547062475207,2.2244788350453026,0.840793572667802,0.9326836505664468,-0.057332912970666366,-0.12496458421801694,0.6947820837245287,0.3774573628882265,-0.39436910666014113,0.46513208135820944,0.01566284963862674,1.0225169561995147,0.4688390349635609,0.16912752287293448,0.4191368221424546
530,2026,3,1955936,2026-02-12,Sao Paulo 2 x 0 Gremio,1244,Gremio,45.22,54.78,Fora,-0.9895125961973953,-0.6360878101069423,-0.49114360918503114,-0.3765121248401705,-0.966304672667309,-0.4236122022599221,-0.895208209832604,0.35008228883130654,-0.4614343424245601,-1.519141830282447,-1.6029974797448374,-0.9041535055722195,-0.5430635561078468,0.3487381565843103,-0.268185658915483,-0.693844188741432,0.08633445893661008,-0.04950284244155862,-1.78224502303236,-0.8426587150642363,-2.4924415828419866,-0.41500841671012684,-0.9370546527396215,-1.3870420107592654,-0.5145951021472142,-0.7180146943118217,0.5857074126574228,-0.38818612332142216,-0.07544929324677377,-1.2071079700874454,0.769724994303115,0.17297856336287382,0.11785099851163146,0.2298481077670841,-0.6466396355519521,-0.6870856283981331,-0.7969804902013821,-1.4584572589329603,-0.8498142740277413,-1.0653104177730266,-0.983192080250175,-0.7213935618780468,-0.3981499742865101,-0.9854705495281728,-1.4030338331657841,-0.6847124716486248,-0.9355360424393582
531,2026,3,1955938,2026-02-12,Corinthians 2 x 0 Red Bull Bragantino,5438,Red Bull Bragantino,40.68,59.32,Fora,-0.14869438090586917,-0.13065895993937232,-0.8390649727144722,-1.2149721919522545,-1.2598587183955599,0.15956875177670587,-0.8656002954788168,0.17684814503236324,1.1028972068605212,-0.5311167914208443,0.24204120494890483,-0.9140738804833177,0.5929608627507992,-0.007337584657011626,-0.9520860250209073,-0.8011223462060423,-0.3516824206194936,-0.7671472675689457,0.6172133998483676,-0.18042562992793792,0.26032165442503014,-1.5113121355099557,0.44091010245155443,-0.8943340914637941,-0.562239530377791,-1.133912589309584,-1.0859434075859438,-0.7276772009785984,-0.8497977148691106,-0.7937477661095137,0.8002342788759125,-0.07883541100917506,-1.0949552951602368,-1.6068921330896975,-1.36429357344957,-1.485841137768,-1.3639445354881297,-1.2599417304105676,-1.1700487530470867,-1.38475208050156,-1.1250000000000002,-1.090043803955317,-1.091771996611712,-0.37817617203575477,-1.4267699585496896,-1.0135855282610855,-1.1696539882637542
532,2026,3,1955941,2026-02-11,Mirassol 2 x 2 Cruzeiro,1230,Cruzeiro,42.28,57.72,Fora,-1.23339182031709,-1.180779308553089,-0.8238744069746099,-1.3044018864498548,-1.0363639626445365,-1.368224195418223,-1.7278756792164733,0.495687444355755,-1.108488692128486,-0.38613378545697213,-1.5741700347916914,-0.668430003259416,0.11381142582006712,-1.9897091737885266,-2.1573952572974298,0.42378545937756995,-3.431019022618401,-2.403725301589535,0.24693239916239726,-0.8229452022887971,-0.6689215127401993,-1.3429375840711524,0.42439146419598556,-2.1430711892498797,-1.5195799817543274,-1.0985896103624901,-0.7753882858703957,-0.349473318317785,-0.007651236489727039,-1.8463516942287619,0.11859861890437762,0.29351638509979766,-1.9243210092161904,-0.5140224509173605,-0.9329123914371067,-1.3975635206493504,-0.7041780238879287,-1.4576108017480438,-1.2311672797237831,-1.0990500526183362,-0.40994579587496155,-0.4495236912258488,-1.8321402423031077,-0.1579498266716344,-0.08440246205572778,-0.5507910552258941,0.5174548896682011
533,2026,3,1955955,2026-02-11,Chapecoense AF 3 x 3 Coritiba,1236,Coritiba,47.36,52.64,Fora,0.1937352882006504,-0.7575566353545192,-0.11108940850097493,0.10574850021382828,1.4125479009899533,0.0928483431811438,0.5848536012962122,-0.1587543590358514,0.11620087053119009,0.134131637819168,0.38428986047602476,-0.0913512620332106,-0.781241878294945,-0.6124341416675746,-0.770799498730588,-0.5449817381491858,1.2104462754683933,1.5902279863889135,-1.0291940723789423,-0.6177988286409719,-0.51835489177524,0.4228391716056486,0.24492353045477758,0.020352903326834853,0.04424363131972636,0.4155630802226643,-1.0195723224662485,-0.6919331907643042,-0.7506428141495263,0.34843678981768406,0.18954740517325264,0.8977750075159988,0.2825860183797875,0.41255355625730683,-0.6205823635994653,0.2051589463593915,0.06108789521758885,0.3690765923995311,2.6043206169183963,2.3251683248588035,1.792751742453107,1.2032223701877733,0.9448427270952092,2.1990212818860515,0.19302285912054576,-1.0418645221412466,1.5971914124998496
534,2026,3,1955952,2026-02-11,Vitoria 1 x 2 Flamengo,1238,Vitoria,45.01,54.99,Casa,0.7838377242990421,0.8677149829471752,0.5121841373962273,-0.2314237402326547,0.09532415306654797,0.2677332801360668,-0.5760369406588316,1.6880701664783824,2.093529052177908,-0.8559354067754,1.7184902561886415,0.10086865073921288,1.481008342348557,1.135026132020146,0.945790571624158,-0.9274314182714165,-1.1805436058060776,0.3077857628559205,0.7892014600182867,0.6008417681261098,0.5650631025376563,-0.5501982995362579,1.421089655028052,0.03034597418774478,-0.2724185247236257,1.0390587534842932,0.8649092473678264,0.16745457470665093,0.2678994938457045,0.5977743005449008,-0.25296695733692165,-0.9010107240222143,-0.8122588078876355,-0.10487671860279969,-0.6063337349850844,-0.45735609300328006,0.39453887609019583,-0.5745378809452789,0.33000924038809804,0.21473548245043736,0.03450327796711767,1.1693318687715628,-0.4171713857236042,1.0604371215474067,-0.32680993517304624,-0.39999999999999997,-0.0974354703692446
535,2026,3,1955952,2026-02-11,Vitoria 1 x 2 Flamengo,1239,Flamengo,54.99,45.01,Fora,0.5287011565945712,-0.9898594978509584,-0.5851946989460576,-1.1336335117437875,-1.2711903157672921,1.1620335560482817,0.7718030930425286,-0.140753163065266,-0.48398258981098086,2.0865442372058496,0.8110059110706072,0.3069516956758172,-0.231948031857877,-0.45352641746672956,-1.0730460466381553,-0.11246137430422695,0.45941321126014106,0.4270150487149302,-1.109876441913881,-1.322989085385068,-0.1408915934673074,-0.20315302475012756,-0.2692059381950971,-0.6854538530772657,-1.6568968320920097,-0.41002619017827974,-0.7756578649019513,-0.8816576751450679,-1.167671322573624,-0.3817465929731439,1.3314158895908688,-0.5403025231452245,-1.6616494900526815,-0.8260914910585384,-1.6650464728907868,-1.7904449379739609,-0.07863284705267948,-1.8024612640897522,-1.3254642869079394,-1.75187751631276,0.15034619483106582,-0.8429922937812008,-1.4120554130643388,-1.8522833100682745,-0.05724940643805054,-0.15339299776947413,0.02974820586543654
536,2026,3,1955941,2026-02-11,Mirassol 2 x 2 Cruzeiro,6332,Mirassol,57.72,42.28,Casa,0.6503655356177784,0.8962645936513611,0.21577106852049796,0.5986393777378758,1.7134658639373526,0.8355751790506796,-0.5675116868354545,0.2991130280444033,0.9766788155021197,-0.4460593937546452,1.345780505705645,0.2688858095903522,0.17872091334212195,0.659209052519417,1.2192404072509697,0.9368506109933671,1.0247442418168018,-0.08601942327189151,0.9741993019410146,0.7324096128940434,0.18093422472852796,0.8278712106861582,0.3584090291634199,-0.7116008345195798,-0.05527917804442306,-0.3908541319407833,1.59375,0.9951377545525788,-0.3829488622662271,1.0334795459804624,-1.0229697079196658,0.33807194044116995,0.5401901170387304,1.0412145368371237,-0.2203266889048131,1.8200862819994554,-0.7091916673268686,1.2274334134033924,2.006816699762014,2.919455536352123,1.2692955176439846,0.8510529885018846,-0.2866591356025556,3.0634277850397087,0.25136134806507554,-0.5151021148075837,1.046449728472674
537,2026,3,1955955,2026-02-11,Chapecoense AF 3 x 3 Coritiba,8865,Chapecoense AF,52.64,47.36,Casa,-0.43307679721837644,0.9359671717398597,0.964463623427431,0.7940644953258307,0.8146240037430674,-4.303881885638171,-1.4461453378106826,-1.1852717044984744,0.6422936513712031,-0.04374194247872254,0.8834359082118877,-0.056921422460852994,0.030223803018193076,0.8559640485470008,0.9574819902901346,0.3545439323333613,-0.33905553126632826,1.0993402766705214,0.6217567608386438,1.3086658872836594,1.0584720896062265,-0.01684569358622719,0.9985038272560828,0.3189075700627513,0.9473977713768839,1.7716536668526521,1.4080692310882914,0.41156474843948926,1.306493138891036,1.225492015717301,-0.9652268680474418,0.23813454855735738,0.7865995981589279,0.2833487843277304,0.8808175830993634,0.17970878912983418,1.66260597079594,1.3994190469353558,0.3441369978665918,0.8639208567908608,2.2444657778801735,-0.06535572543614003,0.7555968438335331,0.7622612171450109,0.6720215050322471,-0.8629237423358007,1.9313112148567146
538,2026,2,1955944,2026-02-11,Atletico MG 3 x 3 Remo,1235,Atletico MG,60.56,39.44,Casa,-0.3474437474562727,0.10745959432894701,0.23046495826992675,1.0815053527216567,2.073133134221503,0.1242068828103873,-0.3886673249229958,1.6930389682548495,-0.391032439052881,-0.21245451258032405,-0.11228910656580827,-0.7545265488815498,0.650693163255293,0.1897229955596073,0.4703984285390144,-1.056252909654347,-1.117898475799697,-0.21817079357289657,-0.04130081027822013,-0.1889822365046136,-3.0143723840721175,0.3617079572409347,-0.818232114909077,0.8433258595588382,0.41169053649998477,0.5852398356775105,0.33659453374915754,-0.8267702817578287,0.0741536783021966,0.7688123362736634,-0.41850117906284234,0.17066721598347784,0.9456654407601055,0.5591035340855852,2.052440099767273,1.174954655813629,0.17945846684203384,0.9333051504890396,3.3659327244599027,3.1806189845435653,1.5937500000000002,2.129857460286197,0.3250262882162866,3.052305972661537,-0.10640706634484358,-1.9250466875741925,1.3997084244475304
539,2026,2,1955944,2026-02-11,Atletico MG 3 x 3 Remo,4617,Remo,39.44,60.56,Fora,0.0023955946603538836,0.7344584748573939,0.10813541292652078,0.5734348795730854,1.6179631485921326,0.41113326385158194,-0.17935772740180222,1.1159839296210654,1.0551982786301866,-0.48158117037192183,-0.48667015469191793,-0.07733289203133206,-0.32417545880165116,1.6181327207670166,1.3127226735361333,-0.5916824391261357,-0.9044341257265498,-0.9004392564967756,0.02358989248105348,-0.01661138735462742,0.8306181707970904,-0.6978281155090421,0.8127762617333858,-0.6832834518562275,-0.23393241588110342,0.06290054637224402,0.48121773951145325,3.1327384779686662,0.6730294973073111,-0.30504080262256356,-0.75288862743656,1.0794608008431485,0.6817544649360617,1.5530879381193976,0.3639379178594459,0.6248462727954877,0.8634114520127368,0.9548999504072079,2.6253390377799093,2.2907525334758536,1.9029574648856376,1.3049860988603805,-0.5455008558047546,1.9208183703779933,0.38911847780746406,-1.4054624418050723,1.7881186820378092
540,2026,2,1955965,2026-02-06,Cruzeiro 1 x 2 Coritiba,1230,Cruzeiro,71.06,28.94,Casa,-0.7787609682209378,0.7043234789427885,-0.09370483710503273,1.1783479021312595,-0.332330984983204,-1.2806244523950692,-1.5672718500585319,-0.23663313040386263,0.20348000335132077,0.925106201057795,0.8051770579451755,-2.225750819080621,-2.705636110219076,1.3704221819467162,2.0228845369508375,-0.33181735703567644,-1.7228924606465854,-1.341104666834671,0.24693239916239726,-0.8229452022887971,-0.31584656016570684,-0.7924755354766165,-0.4920117664401291,0.774129796933119,0.9998277406484098,-0.3460124757047212,0.2953860136649128,-0.5135086903595291,-0.0012450556067611007,1.4893739564376842,-2.1205684150912223,-1.0693370540432252,1.9293814217884702,0.4731301547526189,0.8215060755462648,0.8334094389193377,-0.15653219606892613,0.9516008343018318,-1.2311672797237831,-0.89838170456807,-0.40994579587496155,-1.4036322744306011,2.1186666920710024,-1.0281444685884704,-0.6963203119597542,-0.5507910552258941,-0.5544159532159296
541,2026,2,1955965,2026-02-06,Cruzeiro 1 x 2 Coritiba,1236,Coritiba,28.94,71.06,Fora,-0.7435747050816609,-0.6243681018987105,0.2978149849644675,0.9832556059168771,0.5041489282511146,0.15649103834609682,0.07283082582179264,-1.0007304531681045,-0.3669136098430914,0.5512337683372365,-1.4997186308351693,-0.9177118324702774,0.581085217205874,-1.0319756402902436,-1.15992535387971,0.4159490200682061,-1.6122298635862702,-1.6974060188744247,0.31222741521608377,-0.6177988286409719,0.22951475386419237,0.7731916280789001,-0.5527367452034028,-0.7666260253107897,-0.7682440017196474,0.050371282451232124,0.951600834301832,-0.15279687482602736,1.3310889354690334,-0.4950562803349465,0.28500453877994675,-0.3344604869490419,0.01916377505437605,2.376036334545439,2.0328785944026397,0.4884736818080749,-0.8351333575242407,-0.2043102565068832,0.2923217018990037,0.9174197259879224,0.8118121097900862,0.806291749831207,-0.6885769964688705,0.8423039054384434,0.7527891505701284,0.46883903496356083,0.6708203932499368
542,2026,2,1955926,2026-02-05,Bahia 1 x 1 Fluminense,1221,Bahia,43.6,56.4,Casa,-0.5443938145492934,-0.4215580267624135,1.0279937702907638,-0.07360273370174648,0.08077621410426647,-1.205033480699407,0.4883721715859425,-1.9645719038272864,0.25690516784973183,-0.8684225842236549,0.3071356233842869,-1.9174456090980505,0.03249269369696359,0.34812666069035275,0.2379522885146603,-0.7598670639903093,0.7395497826164729,0.08460504664006903,-1.1873020323090855,-1.0850090239455814,-0.4750892875788159,1.4724714065172042,0.5268520235255925,-0.16344642761903178,0.028212909344367616,2.121875815051819,1.5290588063685886,0.6467406119350801,0.6811509979004089,-0.5802168295559008,1.3517363666948532,-0.5856387793538569,0.3762293870939584,0.34819027573987305,-0.4386137680849166,0.2159026366458106,1.265839081950575,0.9556352816366985,-0.4545324114471422,0.18456455375586525,-0.1778216897897549,-0.33550195353823953,-1.0117521739173616,-0.15132544786201657,-0.19310804067388587,0.23230315905999022,-0.5392598510399419
543,2026,2,1955953,2026-02-05,Vasco da Gama 1 x 1 Chapecoense AF,1226,Vasco da Gama,68.72,31.28,Casa,1.1572856059811394,1.178347836899694,1.072395265332717,1.6881763150294575,2.1647196626972227,0.7216997877130403,0.6558206517207675,-0.3858467979170877,1.8505665031866372,-0.7150400319690828,1.6019743808978446,0.8209389978746436,-0.043149979739162875,0.721446868603997,1.3364805213640065,0.986617993878464,0.6879273921215341,0.6415382957821638,1.7528699455062264,0.902594012124546,0.4686712894221309,1.0678401023474846,1.8644334114375625,0.4443468743615417,-0.28504719059841266,1.8168142022998324,0.7913418772234276,1.646358577564852,0.44959512432645377,2.234352472019384,0.045774006972414606,1.3210179361426786,0.8280478552327734,1.6897290844014754,2.0005758484641984,2.0514253662800863,0.9510230068623974,2.3313003752388255,3.56789674032444,3.2284232174773337,-0.19824558013652685,1.5874900155772118,1.4149541334410565,3.0196130892930415,0.12780429685269148,0.47519096331149147,-0.23990405756162692
544,2026,2,1955968,2026-02-05,Gremio 5 x 3 Botafogo RJ,1227,Botafogo RJ,54.52,45.48,Fora,-0.45918712741321777,-0.3169019011592046,-1.1998493529949574,-0.03694375237873924,0.053138962381357624,-0.21332424406157566,-1.2275691143293495,-0.18290186889247112,-0.8388867943298758,0.3353504717519399,0.008203544911299543,-0.5255916795238916,-0.28112942814446434,0.08560817005578171,-0.9443342023635543,0.49180240009933296,-0.43803847981267735,-0.5226292141471973,-0.5731418847996821,0.1642603124706364,-0.06126314422520778,-1.5144986173027402,-2.0600691189969393,0.18143615659159792,1.5087655175270178,-1.754744222771997,-1.2393410142113217,-0.7986110275476705,-0.8118793012783448,-0.051511154431278926,-1.5266272580277855,1.538486445308068,-0.02231868572882434,-0.0966917234807188,0.022746554125865116,-0.8277108814208815,0.7921632589989033,-0.8644777227880782,-0.02901294265928285,-0.19741542367910705,1.4006468944430521,1.1919993204045731,0.6261530745884188,-0.2806393376511186,-1.127914903255342,-2.9204977799025342,1.3022979303897735
545,2026,2,1955926,2026-02-05,Bahia 1 x 1 Fluminense,1232,Fluminense,56.4,43.6,Fora,-0.3263454054837088,-0.8855821228355726,0.9968478972875076,0.557351083704031,0.6670666873804565,0.6476245539260748,0.2753268920721136,-0.19963284917403828,-0.2661105007429183,0.8361880299745871,-0.3611683973448126,-1.018578929936559,1.0424183840320285,-0.6873302879780303,-0.38348476264110315,-1.5099602232651455,1.934407195854738,1.2087946309414987,-1.3500247230326232,-1.1214887176905335,-0.05752594671223317,0.4281858541970183,-0.8550881578942545,0.677872204068547,1.0939843547090584,1.8298360902641784,2.2842589093639485,0.8306238844699582,1.616022483725608,0.06876990859110363,0.04198246600605712,-0.19417755966612874,-0.40368838496859166,1.6184076594757548,0.945915151717857,0.14020164983612687,-0.5116321425970354,-0.3257744392923709,2.0110540359739453,1.3010106762649634,-0.5492450692885529,1.3487824085784876,-0.20821750653188192,1.2315508955234937,-0.3320547197474913,0.2692307692307693,-0.6383174836492261
546,2026,2,1955959,2026-02-05,Palmeiras 5 x 1 Vitoria,1234,Palmeiras,62.49,37.51,Casa,0.07939777010163032,0.6147457044671923,-0.2099954787634236,1.4465599594578182,1.4331473286368819,0.4067619654777521,-0.4641089585443072,-1.7717978394008678,0.25953136161866347,-0.8466327740743178,0.7616207746693964,-0.5868212603537879,-0.2796543524988452,1.2417304303316397,0.7663427490565483,2.1287452581630912,1.0570867434771452,0.09010266078168574,-0.0,0.4509096384805817,0.5519762798131338,-1.0677543804420593,0.7465832426791076,0.13680810816100067,0.8864889783332339,0.06126277504601481,-0.5241424183609591,-0.6981898922157245,-0.6127301996636461,0.370924523430381,-0.5050480228423947,0.147914573087639,0.5601922036705915,3.239529805618815,1.6155933051114846,1.1262447046431385,-0.8828439195049789,0.32353727821274403,1.4687160460053161,1.210907966528784,3.073332128223432,1.6633430680674668,-0.06828260152260153,1.1388809974739578,2.3404849895200655,-0.3521803625302495,2.698612187762087
547,2026,2,1955959,2026-02-05,Palmeiras 5 x 1 Vitoria,1238,Vitoria,37.51,62.49,Fora,-1.1437177500162135,0.24448865099810907,-0.47036184354265353,0.06545997518405235,0.22160373389286842,-0.44895775870673965,-0.14133248358172104,-1.3219190104492045,-0.43853929256813157,-0.4211481697230645,-0.2001763065336889,-3.1549586224729818,-1.9677618513259312,0.4598310996389311,-0.25335641729007186,-0.7549755707044223,1.2260589521370513,-0.5899359482574077,0.17063815351746722,0.6008417681261098,0.5982492781586953,-0.7814410631094676,-0.8046537468813598,-1.1136972526902327,-0.6026665513162971,0.4303172615440002,-0.275198396889763,-0.4370366926364855,-0.2774978632290987,0.24472949986914022,-1.0089743685343073,1.4011946834509907,-0.10434437726443901,0.361093611892327,-0.2396388337608188,-0.7124200679474171,-0.15832330734906544,-0.5745378809452789,0.968027105138421,0.3406299302929177,0.03450327796711767,1.4175393470235886,-1.022417737753883,0.11419029391306426,-1.823255427807521,-2.575,-0.0974354703692446
548,2026,2,1955968,2026-02-05,Gremio 5 x 3 Botafogo RJ,1244,Gremio,45.48,54.52,Casa,0.6237647946563549,1.3087560290238762,0.7648170840427486,0.5392578418709987,1.9382885764411042,0.4839339254294672,0.31934327953092934,-0.21796774569655317,2.1673467279217182,-1.1946223860169147,0.6098166288501268,0.1491220498345609,-0.17296634740299244,1.598709751532568,0.7787339786397774,-1.5283045678559966,0.36905225852349954,0.9114231812224989,1.544024153617144,1.3135562323060155,0.6637038819131439,0.6165839333979021,1.2971391021138208,-0.5419954075655954,0.17390452349320154,1.0416269509030656,0.5857074126574228,1.7900585716099806,1.5898405127498765,0.9047796759411136,0.07091639473436905,0.20597784043275977,0.43384725805920443,0.45423042517867407,0.3641740083050027,0.018241211373401522,0.15480054088457054,0.37052697929648204,2.9004530657033776,2.8328053715335524,2.9495762407505253,2.8299832029655545,-0.6905024057187777,3.471589929164115,1.8520046597788353,-1.7297999283754733,3.4403583496157046
549,2026,2,1955953,2026-02-05,Vasco da Gama 1 x 1 Chapecoense AF,8865,Chapecoense AF,31.28,68.72,Fora,-0.7552880225318525,-1.6370992295443403,-1.2442894073898783,-1.2415687745607196,-0.9147278718186358,-0.7860994882662641,-0.14275254407573232,-0.9243458446579937,-1.7999877324523668,-0.7619476033689097,-0.3846842718081989,-0.9201247967227032,-0.7856358764862558,-1.8070352135992243,-2.042872002738251,-1.156839911133812,-1.2334023266244765,-1.209446250235364,-1.7522235987270864,-0.9462661031127997,-1.5741136999763141,-0.6457515874720602,-1.980883493430551,-1.6090336489529704,-1.7089648470556005,-1.69731854796373,-1.0057637364916368,-0.42548091850117575,-0.5269854300283213,-1.5741791578763147,0.13431670096375736,0.4181685066273302,-1.8318011570951815,-0.5841066103125395,-0.9761881729588424,-1.2930266534951491,1.4297048308987792,-0.905506442134642,-1.13829930063565,-1.0747146137978705,0.11412537853627996,-1.0655063455866551,-1.2276496698009831,-1.199155307228935,0.6720215050322471,0.9268440195458597,-0.035114749361031275
550,2026,2,1955951,2026-02-04,Flamengo 1 x 1 Internacional,1219,Internacional,31.24,68.76,Fora,-0.8453869912458972,-1.4142157366239305,-0.41201757373120623,-1.161071662906464,-0.7196763203427947,-0.7582313507198201,0.25163820861913255,-0.7916807386709339,-1.3314051489265382,-1.073263897379362,-1.861609859875542,-0.13945864826534832,0.5016244647629272,-1.686294136923107,-1.4545423502403994,1.1655081008965558,0.3816771715235312,0.41036024628369383,-2.2862324634836453,-0.22979399584857052,0.21198260675848588,0.41317390855907765,-0.8913577022791476,-0.8130218601639092,-1.3982693496044938,-0.6636421073038828,-0.7067617668790178,0.9180547444476881,0.18950408567964253,-1.7509870253813398,0.48745745401308793,1.9003359676497718,-1.6367812777167445,-0.49624720110081727,-0.7602711474269543,-1.1903055315887392,-0.3961361126833037,-0.9623308906621171,-0.6294033330928513,-0.9746915760939981,0.03716470731235827,-0.45215362292033273,-0.9740503228839911,-0.9964291168441005,0.13975424859373686,0.2692307692307693,-0.0703597544730291
551,2026,2,1955956,2026-02-04,Santos FC 1 x 1 Sao Paulo,1224,Sao Paulo,48.58,51.42,Fora,0.4551609055701943,-0.42838130137148567,-0.06679942447320798,-0.1748856306841296,-0.26408942445206296,0.8374693746598607,1.675871752784899,0.13251939893776135,-1.0006023818014167,-0.26876525172614313,-1.0878247960373657,1.9326994832076385,0.4693275134371286,-0.1207762169754234,-0.8003028194791858,0.6503752927996387,2.3180460774305476,1.576890054476448,-1.2797620921298716,0.4873159230985381,0.0028098187679147955,1.5654497473226046,-0.48374844102527104,-0.4372716682253184,-0.42402998635221817,-1.0870778521888016,0.21223817998900435,0.2642570174825522,-0.17038651271146585,-0.8249768653466842,-0.029932783224433,-0.08315776147257095,-1.063628146239882,1.0072664846235697,0.18179600422647818,-0.2824317737381668,0.3818101911624504,-0.9075585579855101,0.17451891814894502,-0.6423735636946968,0.1684303842133039,0.00512592625394313,-0.6573868884895524,-0.7640826161183311,0.02653724462171376,0.21801036009847358,-0.15339299776947415
552,2026,2,1955962,2026-02-04,Red Bull Bragantino 1 x 0 Atletico MG,1235,Atletico MG,54.83,45.17,Fora,0.2515122286692835,0.19456982221798602,-0.6024662962809194,-0.580799733594544,-0.8585631641744809,0.6124576222880709,0.6360010771467207,-2.3850717530705086,-0.636761959690354,1.0767180328077632,0.5995814852419912,-0.03307260734190727,-0.7400554801219281,-0.08086553909098033,0.49056612571156766,-0.26500839332438914,-0.047134147057400044,-1.7680883742631786,0.5575609387559705,-0.1889822365046136,0.5470149236804865,-1.3105360769599075,-1.1648920921047439,0.599573866928875,0.6059493720337243,-0.5216268100603898,-0.550791055225894,-0.8267702817578287,-0.6665256102634567,-0.07360479571705858,0.45687222130574306,-1.3960614555859894,-0.5165119390939674,-0.4707192167836924,-1.2623629827834575,0.12653357831839074,-1.7354174097265354,-0.2785985523847877,-1.2335879094879225,-1.256964336701602,-1.1250000000000002,-1.5157010041979644,0.31441169096598,-1.3026961393118266,-0.7235680511449364,0.18160817807303692,-1.1372630948636184
553,2026,2,1955951,2026-02-04,Flamengo 1 x 1 Internacional,1239,Flamengo,68.76,31.24,Casa,1.2154099078649123,0.5721167504617125,0.6122106364732472,0.3078766201328412,-0.5624543513025263,1.32022084576418,1.642709306981569,-0.6483922283169081,1.6724856114193578,-1.149765507105788,1.2167559227067322,0.7744256527695955,0.7642144143136702,0.94317440800603,1.0949574201073418,-0.894939031894124,1.3330241215650485,0.9043904908519905,0.15233598222347372,0.09799919151000508,-2.1851589876914717,1.2697064046882962,0.8714251254948454,0.7996961619234767,-0.146177250141385,1.2491495561245272,-0.07271792483455793,-0.246968554168237,-0.4439955045571043,1.1940366533842037,0.17237828326874438,-0.4455620840314055,0.9305488807490607,-0.5531001404458383,-0.3399789131560612,-0.0950032007904552,-0.4680054186974553,0.30371142178801686,-0.705489055934871,-0.6387459808461227,-1.5936696652092988,-0.8312447250602061,0.2953402316844376,0.291349677174052,-0.6106603353392058,-0.15339299776947413,-0.8329497642322214
554,2026,2,1955956,2026-02-04,Santos FC 1 x 1 Sao Paulo,1241,Santos FC,51.42,48.58,Casa,0.11101445650234945,0.07675094907795499,0.08873970718319367,-0.394958411017844,-0.5079246662552569,-0.10710878239966551,-0.4087611771179599,-0.6336390065482965,1.0060792770148073,-0.8010196600770128,1.216528614618257,-1.0643512340536174,-1.8481229905465866,0.20753784813161058,0.3887552982959929,-0.611978178267867,-0.30317136837382985,-0.13322536457514483,0.682183567777612,-0.9714729178933956,-0.3781715727331756,-0.4489881978245242,1.3107880231893505,0.6156490492607076,0.07225599323266575,0.5134249065787067,-0.8988771049900601,-0.46452543576759153,-0.5595584331150184,0.4412332541313784,0.2795869972640899,-0.5865459851933631,0.7864584014621999,-1.6164173310572936,-1.1911079686076609,-0.834549261141312,1.5733151669486387,-0.16775783810084643,-0.7222222222222222,-0.4781151929093918,-0.3182229136702921,-0.49818959459535234,-0.22717385417576266,-0.7987181028246035,-0.050604539936925735,0.4509096384805818,-0.6785511437439767
555,2026,2,1955928,2026-02-04,Remo 2 x 2 Mirassol,4617,Remo,32.64,67.36,Casa,0.8674853645636389,0.7449387550387497,1.1471767020243584,-0.015603957248198507,0.2967098172101447,0.9473301379093197,1.3504581827900448,-0.13368420379421714,1.0151041825094178,0.5006493340091064,0.6829535912281222,0.7362676225578819,-0.6906476804102977,0.6462956133241042,0.1344834635438895,0.09327052855414805,-0.2989642195264369,-0.9659423141372105,1.7338570973574383,0.4651188459295668,0.8306181707970904,0.7829291052052675,2.0475263779334494,-0.3602092110329026,-0.2487496732396106,1.887016391167317,2.943920288775949,-0.5328198375412639,-0.41812273990292953,0.27718618860083893,1.4029286439179685,0.6145716271087289,0.2864986959307184,-0.634887050064075,0.008786336539723542,0.32029934992037606,0.390891130062127,0.9548999504072079,-0.45081579436624714,0.46048420170887727,0.9174973491412896,-0.43844422668890753,-1.1753180031390504,0.28244847686661234,0.38911847780746406,-0.3603749850782237,0.8278327231656524
556,2026,2,1955962,2026-02-04,Red Bull Bragantino 1 x 0 Atletico MG,5438,Red Bull Bragantino,45.17,54.83,Casa,0.14787241543403448,0.14079232961221042,-0.4330743235699613,-0.2093607290265699,0.5051692127368982,0.19746784836074616,-0.08843594350093195,1.532743704456357,-0.5699503846982218,1.1008553389879805,0.5011841142239172,0.19657659492882343,1.2744224397873196,-0.11373256218367794,-0.4139287977766849,-0.7755787567079563,-0.523098287146759,-2.139375119014427,0.6172133998483676,0.4736172785608368,0.6547096937158557,-1.5113121355099557,-0.25191931779257987,-0.18268409795144572,-0.13221001729505158,-0.6280131263868465,0.19945899323007127,-0.526824404189892,-0.22397625700901158,-0.08005252682324453,0.6930078143043562,0.6898624792731279,-0.6031391763492303,-0.06799197377718065,-0.08625923915662416,0.5456687056815482,1.2782156145771482,0.3672704639253475,1.3433893090540627,0.43759706192099274,0.08333333333333338,0.14154828756704485,-0.29859169678642555,0.2522209337480847,0.6771111667693444,1.2474898809367208,-0.14177624100166725
557,2026,2,1955928,2026-02-04,Remo 2 x 2 Mirassol,6332,Mirassol,67.36,32.64,Fora,0.4108846883454453,-0.6703708190214972,-0.5124060477137348,0.08419676562119215,0.8528467196956748,0.6337103640877952,-0.4887660460783819,0.8904149099501182,-0.476862950552584,-0.36426915920585423,-0.03796450436912331,1.5550995244286834,0.2135399757639536,-0.09417272178848814,0.1587914876956127,0.037367663749623366,-1.8282704507589873,-0.8607394456763936,-1.1185251244507943,-1.627576917542319,0.6160141547813243,-0.8569193233418135,-0.7875937805294229,1.4268887199952174,0.6300271859261347,-1.6052937561853597,-0.21875000000000003,-0.5782319495950857,-1.0327681462210299,0.17715294681796095,-0.18520567830324497,-0.3070427526301124,-0.2794898063547335,0.12928275503216735,0.3098411669893738,0.9403779123663855,-0.7091916673268686,-0.9857625858939163,0.6374594222773455,1.0871854999536563,1.2692955176439846,2.4572123235064653,0.7157471033092893,1.0803255332315227,0.25136134806507554,-0.5151021148075837,1.046449728472674
558,2026,1,1955927,2026-01-30,Botafogo RJ 4 x 0 Cruzeiro,1227,Botafogo RJ,46.24,53.76,Casa,-1.0036842663977623,0.2374664771052335,-0.45664666777004825,0.01617506626854532,0.27901036444847205,-0.3477583457668204,-1.8130872774140718,-1.8043379122650336,-0.7432204355426708,-1.4292973696357985,0.07270961839758606,-2.127627813624099,0.4343853423938577,0.6082685767121334,-0.04100274639980959,-1.3713829792454462,-1.8700135580342463,-1.4494082604082201,0.21833976563797378,0.1642603124706364,0.8137794694919668,-1.681496563697339,-0.5522604927779059,-1.0622262258635338,0.015846583318444588,-0.3008132953323425,0.39433577724905683,0.9697499387577208,0.4625807938017743,-0.18805221455264207,-0.8416534993213279,1.3972460322927103,-0.05918477953711461,0.42945791559640045,-0.11752065643246248,-0.1609437824985048,-0.02096416498501333,-0.6950868176471711,-0.02901294265928285,-0.170588784089544,2.2648758293121696,0.826764315054564,-0.4869772644042676,-0.25496283842719214,2.5750510055452147,1.4006468944430521,2.141556596640961
559,2026,1,1955927,2026-01-30,Botafogo RJ 4 x 0 Cruzeiro,1230,Cruzeiro,53.76,46.24,Fora,-0.3936501918421045,0.09086430702758186,-0.4453572964147677,0.26070810557641183,0.37908186081070516,-0.33665665299506703,-1.2460641917426492,-2.197362411211873,0.03346178527146853,-1.5031685087942166,-0.12378989945101077,-0.49981782470433844,0.46647435899992373,1.254555583473087,0.4010184053345926,1.1921951031876512,1.2500666110293093,0.016792873474544643,-0.4691715584085552,-0.8229452022887971,-2.312597024137131,-0.2420134868820807,0.04258232621853228,-1.128392585360141,0.41734756984524096,-0.09515343081879818,-0.24000113610274143,-0.7259930603046687,-1.009165465543377,0.13255409752245192,-1.1151981688936412,2.2017174812253923,-0.4826612694064252,1.7769166150714608,-0.38397702088184027,0.7094664967210772,1.1030532079147808,0.5135623550200362,1.0723069855658758,0.7344819094212874,-1.49071198499986,0.4831370192215723,-0.6168004042458837,0.5086899985908906,-2.5320738616718335,-2.3255622331759973,-1.6262867961000604
560,2026,1,1955929,2026-01-29,Sao Paulo 2 x 1 Flamengo,1224,Sao Paulo,38.72,61.28,Casa,-0.38874063887849697,-1.6593238830770771,-0.2471385976556755,-0.47369705338780316,-0.09065154753470872,-0.20060738004787737,1.3523013078397454,0.6575854589852135,-0.8495846807934553,-0.8729338051234073,-0.9379342081945334,-0.4921386978441954,0.5977720476710068,-2.2003917030209976,-2.5527210876013444,-0.2759749253579895,1.3195874046911469,0.6803015799369019,-0.6049784435523029,-1.2792042981336627,0.5307757611639193,1.5654497473226046,-0.5973399691824599,-0.8437100777937232,-0.6864719738244263,-0.11206988166894868,-0.40325254197910865,-0.7411667753818058,-1.0919088626324172,-1.7311578872494484,1.4790391287064855,0.1611447792640953,-1.6269974928840487,2.278510863120064,-0.8151436965377796,-0.6285101443750756,0.3818101911624504,-0.5542807300448417,0.17451891814894502,-0.5186310037017386,1.3895506697597566,-0.21250753335631897,-0.824710076741212,-0.6583272272321008,0.7961173386514129,0.21801036009847358,0.958706236059213
561,2026,1,1955934,2026-01-29,Mirassol 2 x 1 Vasco da Gama,1226,Vasco da Gama,53.13,46.87,Fora,0.2833664748812585,0.006994310552740829,-0.13479934537469965,-0.2423908338526893,-0.7637474397310399,-0.4953421848870732,-1.473220304590129,-0.566417683581628,-0.31900650708206874,-1.187367819698017,0.5055194913484544,1.4557327567265277,0.5515822555852702,0.10306383837199957,-0.8991938943076916,2.833897943508686,-0.7841648213420164,0.03512512459530063,-0.07848671397789078,0.902594012124546,0.18302670219536143,-1.232123195016328,-0.06748339282680571,-0.40636850903149496,1.411614638629304,0.11164780014133034,0.11990028442779196,-0.5920449138688324,0.6656309400573086,-0.19353648899172865,-0.42275767770946143,0.5385668492064373,-0.04346081044124695,0.22447748553632282,-0.9570435215141044,-1.012036514031509,-0.4960719094395248,-0.9229488289068668,-0.7059474833797021,-0.9083859078784952,-0.19824558013652685,-0.7525321615077376,0.3135343991516985,-0.9182789811263697,-0.4686157551265354,-0.47519096331149147,-0.23990405756162692
562,2026,1,1955929,2026-01-29,Sao Paulo 2 x 1 Flamengo,1239,Flamengo,61.28,38.72,Fora,-0.09670021860724476,-0.5467815869699145,0.5145643305847888,0.00919571819873602,-0.011113640763865451,0.29138048688927143,0.4234406074669125,1.5272037656186987,0.9310704268576558,-0.3885607527957065,1.3309850614148866,-2.3848264662007423,-0.39221029127832213,-0.6863098883788562,-0.409551282718067,1.9663259810143878,0.4711293906712933,0.7706769410653126,-0.47877022984520357,-0.6124949469375315,0.4987653926864375,1.7115642335198231,0.28091326939050093,0.9139384707696877,0.008617622717370163,0.14303239192265585,0.6302220152328355,-0.9788300145233808,-0.5922843973267707,0.8617615813146792,0.19359329471043832,-0.6818006462635067,-0.1772036653066118,-0.12411373234016633,-0.523661310872957,0.32885723350542123,-1.2057639754980833,-0.07922906655339569,-0.08551382496180245,0.21241406791773457,-0.7216617351891165,0.20828765187072956,-0.06411148299951537,0.10457007388722515,-1.1640712642403612,-1.2654922315981612,-0.8329497642322214
563,2026,1,1955934,2026-01-29,Mirassol 2 x 1 Vasco da Gama,6332,Mirassol,46.87,53.13,Casa,0.027471018447332823,-0.268147473522783,-0.5589720949865998,-1.1523770640944222,-0.8837447602349421,0.8217203530408727,0.21994472073527135,-1.2776919903708346,0.8216580303752902,-0.67943143135881,-0.40411267807185813,-0.33246086228211424,0.9052115636327175,0.18834544357697627,-0.2180076674911284,-0.06711772911202354,1.7872629674874854,-1.6259822808216726,-0.5953440178528421,-0.44758365232413777,0.6688723522296125,-1.488715773602303,1.4476864341315694,-0.8185253122453197,-0.018050820252882294,-0.3908541319407833,-1.125,0.46065627138319226,-0.9784237862627624,-0.5785985186504472,-0.5936681318039051,0.6157902814196895,-0.9138034913256482,-1.3514798864351272,-1.7656263599664668,-1.2588930117162895,1.6855026149733996,-0.06359758618670432,-1.416576493949657,-1.3092553566147291,0.0,-1.1685888783543374,-0.19849962924874529,-1.5133900024584335,1.0613034696080965,0.4807619738204117,1.046449728472674
564,2026,1,1955940,2026-01-28,Internacional 0 x 1 Athletico Paranaense,1219,Internacional,71.38,28.62,Casa,0.6605403436628753,0.7238395201625638,0.35958047355719164,1.310116702479354,0.6347220663046009,1.0907222438266362,-0.6943350571157562,-0.037017093897469766,0.805224149585579,1.3431357752282975,0.9018373950945789,0.7659142676499126,-1.9275378961388174,0.3781926164603272,1.0049722335818854,-1.5728660739321836,-0.8934130652485716,0.16005108952587474,0.9089839915055454,0.6032092391024972,-0.9411135684918146,0.660226348728423,0.8004140922838459,1.0467915044349572,0.8924900284188282,-1.625923162894513,1.214746786823312,-0.4797995234354657,0.06122727196712499,1.4146417524081767,-1.5077954571788452,1.1613546537394202,1.458641064317855,0.33364912660307533,2.033534866588309,1.233536967360727,0.2852528110000134,0.7710601546298953,0.8916547218815392,1.2539181956571843,-1.0406118047460329,0.4302272006591354,1.825615275824487,1.1000287902878993,-0.6708203932499369,0.2692307692307693,-1.0905761943319523
565,2026,1,1955931,2026-01-28,Corinthians 1 x 2 Bahia,1221,Bahia,40.83,59.17,Fora,-0.1438333746669798,-0.3808485178892534,0.2816231248017609,-1.1264475069949758,-0.33232709879852756,-0.7386238428514252,1.0065231341222467,-0.5603574460601614,0.29626705779988205,-0.6611041089043124,-0.09322600993036784,-0.6369591718798775,-0.5070235980609343,0.12377836824545867,0.10289702575851574,-1.557459942558747,0.09079037973761762,0.6727136983238244,-1.4718620235236595,-0.27820744203732845,1.1960863233576455,1.7731873979890274,0.13627401661945315,-1.2787279337253696,-2.182780716218337,0.020701227463920096,0.20539595906443725,0.36746149183636,0.8329080813990971,-0.7233198595719332,0.7057281454568286,-0.07055486916271878,-1.363419846625535,-1.357151049039512,-1.061899272742923,-1.0139713113901472,2.134313406390401,-0.7764536663298178,-0.4545324114471422,-0.06083951928397297,-0.1778216897897549,0.6524040909924977,-1.7140500586688505,0.5694633200360197,0.6069109849750698,0.23230315905999022,0.577778411828509
566,2026,1,1955925,2026-01-28,Fluminense 2 x 1 Gremio,1232,Fluminense,49.72,50.28,Casa,0.016163638493550958,0.1995758007422933,0.14380192246995435,-0.4240612532005315,0.2817616128750035,0.23598065257564083,1.9131689167062276,-1.1916569848926304,0.19325109772760074,0.7402986862821741,0.012603523354852379,-0.9997916914916688,0.524368584463402,0.016172477364188875,0.2760205390779951,-0.48141107429264646,1.1424982463378222,0.8524626094165639,0.3521803625302495,0.15392982399673974,0.4234872966917329,1.2140965992421782,0.2556686488149344,-0.29893743160786895,-1.1886381260444434,0.2598583796824868,-0.26356833569584015,-0.9228307761133641,-0.30430632561616416,-0.44682088427169303,-0.2962962335729064,-0.6094952703204315,-0.09861160170573739,-0.8968794694415352,-0.25393305738316035,-0.2663831346886408,0.8992119632793568,-0.8506332581523016,0.49623411277279184,0.6054273545942748,0.38770240185074306,1.508622430368802,-0.47291044634227486,0.5274131631765729,0.47041085297561275,0.2692307692307693,0.33595657034169796
567,2026,1,1955937,2026-01-28,Atletico MG 2 x 2 Palmeiras,1234,Palmeiras,43.52,56.48,Fora,0.13451275290761866,0.13111581077370849,-0.6125101358481168,-0.20977447557517137,0.08637422448855411,0.9130270690948649,-1.415766722024048,1.8439339701060387,1.0848232849987636,0.47591344795488183,-0.24221350422444984,0.43188551077447634,0.7043044933757867,0.20918039507378866,-0.13562679045953638,-0.028984545123756252,-1.5604045987612354,-3.6182227175315482,-0.0,0.4509096384805817,0.1702410148889782,-2.196029252083264,1.1461347806406468,-0.6373255770427134,1.380181316358085,-1.123150875843605,-0.5241424183609591,-0.6597058268438464,-0.3405474723988057,-0.22176736907085715,0.21712741333064603,-0.5523681420931511,-0.8235150198881025,0.6742539398836696,-0.4680694532253955,-0.7073607092320063,0.20156654541569682,-0.3981997270310699,0.09475587393582688,0.21182350802034217,0.4260064336151293,1.0819662929999565,-1.0531965658930884,0.14135716381966515,-0.7100347721015928,-1.628834176702404,0.27820744203732856
568,2026,1,1955937,2026-01-28,Atletico MG 2 x 2 Palmeiras,1235,Atletico MG,56.48,43.52,Casa,0.2577421031700825,0.919772465751469,0.09655682835926173,-0.18299642335929575,-0.5689878839906679,1.232075732288591,-0.46748797123605096,0.23595501074113817,1.6814732042839757,0.7358835973211324,0.8506601669471745,-1.078658029863129,-0.08323862668138508,1.452469490595683,0.6502371590542233,1.2428349302477946,-0.5328172939366316,-0.25146263210997377,1.156422687790161,0.4199605255658081,0.5338588888029531,-0.7024473372505105,1.9041901036736006,-0.05043144675102678,0.7658832231472037,0.5852398356775105,-0.550791055225894,-0.4376782435931995,-0.6064191299681098,0.29316775104157394,-0.10948588104946325,-0.8013784826082676,0.560550723738805,-0.878966856930402,-0.70673731128716,-0.8345190760522444,-0.08058640528456233,0.1253693485731547,-0.7225300612714974,-0.7378419416778038,-0.21875000000000008,-1.043393874437997,0.11804164183530619,-0.7932343527854283,-0.10640706634484358,-0.8717192547505778,0.554051251343814
569,2026,1,1955943,2026-01-28,Coritiba 0 x 1 Red Bull Bragantino,1236,Coritiba,25.79,74.21,Casa,0.255730481617257,-1.0297051825572174,-0.7981097275197432,-1.0130772138272246,-1.137469753570343,0.54618015643304,1.1608792237049343,0.7259025509279903,-0.6894802011191239,0.4457872781069042,-0.4443390050229634,0.8445165308498864,-0.9996620321755456,-0.05304547683734911,-1.0773608647765802,0.5046503208267342,-0.8676987208160621,-0.1997881676754494,-2.3706155599739684,-0.6177988286409719,-2.193231437332426,-0.45304196957748005,-1.644435816336361,-1.4552325878687113,-1.4458932616163152,0.4155630802226643,-1.0195723224662485,-0.6919331907643042,-0.6319387490923213,-1.3828232419758815,1.950284593571374,-1.395296737604722,-0.3438817482618562,-1.2473770899667114,-1.0782267751044492,-1.353072098608367,0.3971708649957754,-0.5865681557778261,-1.2490109081139247,-1.3836450691470745,-1.1500671555359552,-1.0987189313446069,-1.5689265877404202,-1.3753467421242653,-0.3667434323290369,0.46883903496356083,-1.1819216452498889
570,2026,1,1955931,2026-01-28,Corinthians 1 x 2 Bahia,1237,Corinthians,59.17,40.83,Casa,0.8132757964095292,-0.2484724042023032,1.2656075607821797,0.3316546344960706,0.7441813009582876,0.383186308213664,3.088119952621523,0.3187066200015062,-0.5499775160445355,-0.05681666056914366,0.6344144085573049,0.7781365817897252,1.065386390225468,0.01983040408181614,0.030829088815023643,0.6402213750908426,1.3572037288352954,1.2013964903299619,-0.5881136451184142,-0.4564354645876384,-0.08572375309404762,3.3438730359369915,-0.6224087046273619,0.4988668411409118,-0.08428216973132101,1.989097708834551,1.2239801227242093,-0.6541342445664671,1.160236360683776,0.1106615121988672,-0.26865929409679307,0.4032687800627755,-0.14829355763360333,1.4792497584562023,-0.11499917503718382,1.1193309997660017,0.3500708995994087,0.8024349648258807,1.087261621706831,1.008724928010841,-0.04055535528269071,0.31438609497679443,0.12626910159058716,1.008724928010841,-0.6601846662748077,-0.8118121097900862,-0.04055535528269071
571,2026,1,1955945,2026-01-28,Vitoria 2 x 0 Remo,1238,Vitoria,38.18,61.82,Casa,0.5026399422776041,0.27537821591630324,1.4642154503630023,1.9280255956092307,2.060143576632536,-0.9101328619621111,-0.14133248358172104,2.106808431681075,0.13392812101866255,0.7621839684028062,0.5148870806317825,1.5683737156380846,-0.32243906149388085,-0.21536393274228388,-0.3824480849873093,0.0619205493497602,-1.160518825693569,-0.6546277419770475,1.0984831132686963,0.6008417681261098,-0.42879503002595815,0.490394136543186,1.0746257277396207,-0.32166732639009443,-0.49867189434508696,1.6478002454245861,3.1451245358830056,0.6072238332363815,2.7490153829777104,1.1645804979300158,-0.193323123020962,0.5833776547268845,1.1576383990044825,2.5349284126396805,2.8549550728627433,2.2208156439101594,0.39453887609019583,1.5081619374813566,2.88208069938939,2.841141954994336,1.035098339013531,1.6716252301322598,-0.7754493987070451,2.2886355199806685,1.1696355574614288,1.05,0.84444074320012
572,2026,1,1955948,2026-01-28,Chapecoense AF 4 x 2 Santos FC,1241,Santos FC,69.41,30.59,Fora,0.11924912365647145,1.2108166635478983,1.5657047257093932,1.400478306494452,0.23383847886896775,-1.0403779412198322,-1.725880525609163,-1.2216463721014625,1.7437147807148217,0.11208489229734526,0.7459421600459344,0.10601877930415876,0.20605307056974786,1.7607243244714064,1.7619622730412003,-0.5304525065594767,-2.113332996456107,-0.22783979330973597,0.682183567777612,0.6383964889013743,0.4926444484536713,-0.6021724064940679,1.6326363322300654,1.6125629919722095,2.138120473190671,2.7192504311390753,2.7216001234421268,-0.03591285394045425,1.310350881966951,2.023768225424313,-0.8681316468065782,-0.287953335618958,2.706135129943347,0.07907696609869685,0.7929329045114508,0.5405603168756227,0.08974647347750878,1.80863919202475,-0.7222222222222222,-0.07796736143405367,0.8353351483845164,-1.083590202042844,1.6271688791316294,-0.4177326545006222,-1.5181361981077723,-2.351171686363033,0.5513228042919811
573,2026,1,1955940,2026-01-28,Internacional 0 x 1 Athletico Paranaense,1243,Athletico Paranaense,28.62,71.38,Fora,-0.8004881155370185,-0.9869627213962362,-0.4217387319934569,-1.0731353815613869,-0.020164590498312374,-1.3130489918424124,0.3306401184426887,-0.03552330586064778,-0.9850507923728261,-0.3630964146732181,-1.673898101958558,-0.1199690983770369,-0.8787972633526118,-1.9136911764256963,-1.279094527266711,1.8610427157179967,0.9539901537818091,0.9137733271868284,1.1170604466196192,-1.8721256285121568,0.11444356358282111,0.4740491163739214,0.1758984444718581,-1.5239071598180143,-1.9811010581122392,-0.9870462420061951,-0.7939992333804207,1.4092818750777185,0.12457268239810944,-1.8208414386968166,0.9378630901930235,-0.8749446271179029,-1.5731552406603313,-0.7201347286700135,-0.17841011821838634,-0.9199071622025226,-0.21640038194145966,-1.1603854248815866,0.15022315323773597,0.07367992401089839,-0.39436910666014113,2.4257262648127798,-1.7826120264945131,-0.11849714246022722,0.4688390349635609,1.150067155535955,-0.5158607041753288
574,2026,1,1955925,2026-01-28,Fluminense 2 x 1 Gremio,1244,Gremio,50.28,49.72,Fora,0.5723184445008518,0.19640446511838427,0.46510376757205235,0.3587983279428799,0.5600242227483745,-0.20667506806209165,1.1543474284683584,0.7938713783061968,0.07354517513362088,-0.3017764470228688,0.431798345529266,1.0220553425669565,0.36833585080016246,-0.21943075021035227,0.1455408392621615,-0.0805660787897639,0.1678086301763895,0.17740374296781625,0.2646898549057963,0.5948179165159316,0.7624209123633638,0.6165839333979021,0.0635399996387752,-0.034967445649393386,-0.07644333488660675,0.16180612829562188,0.5857074126574228,0.17031066442000112,1.3979525770919856,0.7531925390939461,0.15155868129538075,-0.5688665574731381,0.4420489502738795,0.4717017958336361,-0.23174997342994189,1.0762314710307035,0.5117184275418026,0.14190394951780175,0.22169068018114987,0.9192959953091199,0.0,0.9811857062772597,0.32801574249686444,0.7878312274395295,-0.5892742099296294,-0.6847124716486248,-0.06035716402834562
575,2026,1,1955945,2026-01-28,Vitoria 2 x 0 Remo,4617,Remo,61.82,38.18,Fora,-0.3767361753834827,-0.5760438196765323,-0.5497891356076067,-0.03973085820537958,-0.08670891820322303,1.1255756689790664,0.5855502276941214,-1.7205643732104487,-0.024236631532218115,0.09406531725232163,0.2522664575672723,-2.257782271130423,-1.3794800682703876,1.062797230799638,0.4029139156898857,-0.7089266408011393,2.221145033527672,0.4285304146357805,-1.3446238714200545,-2.4252625537755983,-0.29165572739249795,-0.3687709553503067,-1.4642398530233574,0.7167049250448473,1.397780251598541,-1.3051863372240606,-0.33968311024337866,0.0767008813067566,-0.5375594828493836,0.20764902715994066,-1.6977419612784954,-0.8844780363730148,0.2439314354766661,-1.0088704944244373,0.3983665989663122,-0.5933414187049588,2.2809724178645676,0.2402651488121362,0.318222913670292,0.3585103882241916,-1.0534228823474063,0.09776355699064827,1.1957583162371215,0.1911663282110868,-1.1154729697147303,-0.3603749850782237,-1.0927391945786613
576,2026,1,1955943,2026-01-28,Coritiba 0 x 1 Red Bull Bragantino,5438,Red Bull Bragantino,74.21,25.79,Fora,1.0182750574786645,0.6494091500661472,1.0902747229044782,0.8279092520968776,1.2652884985499742,1.5640194454003782,-0.32158524909429737,2.436674077405686,1.963966864958096,2.311598262659169,0.7016220713225262,1.2675609819333882,0.06319047492416478,0.6310322805029862,0.9101610634637257,-0.06856869024307359,0.791201982043072,-0.12751855765907807,-0.07121693075173471,1.1276601870496115,0.6547096937158557,-0.5759573687156843,1.107498896762467,1.3987603320759951,1.7352901543819956,1.6485344567654723,0.8421601936380788,2.6973607180816597,2.12065182690054,1.751974548803093,-1.5516200258551625,0.6455162503670935,1.1440921494342886,-0.7413770012008808,1.1569473113510096,0.973354988513032,0.5988030045603627,1.9944826582612625,1.97174882457935,1.9763312010637077,0.08333333333333338,0.28335270584625183,1.014598924086145,1.617706093753083,0.6771111667693444,1.2474898809367208,-0.14177624100166725
577,2026,1,1955948,2026-01-28,Chapecoense AF 4 x 2 Santos FC,8865,Chapecoense AF,30.59,69.41,Casa,-0.7793258177242638,-1.7916855461928785,-0.33376178269410445,-0.6162887474960894,0.30846174228385403,-0.5053443247721565,-1.0985739261480292,-1.3667853461266346,-1.0325118520343244,0.1556278644589742,-1.79807875532357,0.3720727420002507,0.7028345530732517,-1.3439049071390112,-1.4693303895797805,-0.4419962013858246,-0.7153059816793838,-0.9066558092909829,-2.279774789741693,-2.0737320983110292,-0.22332494782360762,-1.7463369017722679,-0.1984754548264637,-1.3046218775294354,-0.7116305711474209,-0.3097296620371771,-0.20115274729832733,-0.4311530954759471,1.7577459472990444,-1.2768703514857556,2.0706688534535473,0.05158416025356323,-0.3968678857178681,0.0516142717595442,-0.8430310245402785,-0.6793868857347394,-1.0157571380214094,-0.905506442134642,0.3441369978665918,-0.03973783230370395,2.2444657778801735,1.305855693369763,-1.1901709955275752,0.891558869994151,2.0160645150967413,0.03196013860502954,2.914524196965588
