,Temporada,round,game_id,date,fixture,team_id,team_name,possession,opponent_possession,place,PPDA,defensive_intensity,defensive_duels_won_%,defensive_height,opposition_pass_tempo,opposition_progression_percentage,opp_final_third_to_box_%,Opposition_xT,high_turnovers,turnover_line_height,recoveries_within_5s_%,avg_time_to_defensive_action,avg_recovery_time,opposition_final_third_entries_10s,opposition_box_entries_10s,opposition_xG_10s,recoveries,recovery_height,retained_possessions_5s,retained_possessions_5s_%,final_third_entries_10s,box_entries_10s,xG_10s,xT_10s,field_tilt_%,long_ball_%,pass_tempo,final_third_entries_%,final_third_to_box_entries_%,xT,penalty_area_touches,box_entries_to_shot_%,np_shots,high_opportunity_shots,np_xg,np_goals,xg_per_shot,ball_in_play,total_xg,goal_difference,goals_conceded,goals_scored
0,2026,1,1955925,2026-01-28,Fluminense 2 x 1 Gremio,1232,Fluminense,49.72,50.28,Casa,10.961538461538462,130,0.5666666666666667,37.03665,14.379817799579536,26.01626016260163,27.586206896551722,2.309163581421019,25,59.19191860465117,2.3255813953488373,43.674418604651166,96.79069767441861,7,2,0.09783455366879576,49,40.23214285714286,66,40.243902439024396,8,1,0.0,0.077332732533959,47.176079734219265,7.0686070686070686,16.32884479092842,25.37313432835821,19.672131147540984,0.8448925164498617,21,66.66666666666666,10,3.0,1.8787071873767311,2.0,0.1878707187376731,23.516666666666666,1.8787071873767311,1.0,1.0,2.0
1,2026,1,1955925,2026-01-28,Fluminense 2 x 1 Gremio,1244,Gremio,50.28,49.72,Fora,15.789473684210526,121,0.7391304347826086,35.17977272727273,16.32884479092842,25.37313432835821,19.672131147540984,2.5194035994153117,31,55.31222891566266,2.4096385542168677,57.06172839506173,122.9875,8,1,0.0,45,37.501333333333335,63,41.72185430463576,7,2,0.09783455366879576,0.18486797166626445,52.823920265780735,14.222222222222221,14.379817799579536,26.01626016260163,27.586206896551722,0.6393802224177971,23,56.25,12,2.0,1.7186209814892852,1.0,0.1432184151241071,23.783333333333335,1.7186209814892852,-1.0,2.0,1.0
2,2026,1,1955931,2026-01-28,Corinthians 1 x 2 Bahia,1221,Bahia,40.83,59.17,Fora,13.428571428571429,119,0.6086956521739131,38.43831683168317,16.422881969587255,25.53191489361702,31.666666666666664,2.8249724032394536,23,59.95932989690722,0.0,55.43617021276596,108.58695652173913,14,3,0.0,54,39.831944444444446,61,34.07821229050279,8,2,0.1758157650842003,0.24017696406811773,41.88679245283019,11.692307692307692,14.858342077649528,17.142857142857142,16.94915254237288,0.5272426531793175,13,70.0,10,1.0,1.2306867868992466,1.0,0.12306867868992466,15.883333333333333,2.0245854176943463,1.0,1.0,2.0
3,2026,1,1955931,2026-01-28,Corinthians 1 x 2 Bahia,1237,Corinthians,59.17,40.83,Casa,10.6,133,0.7407407407407407,35.345847457627116,14.858342077649528,17.142857142857142,16.94915254237288,1.8054623407200394,24,58.567115384615384,3.8461538461538463,35.078947368421055,86.27631578947368,8,2,0.1758157650842003,63,37.22,75,44.37869822485207,14,3,0.0,0.192554950527839,58.11320754716981,10.526315789473683,16.422881969587255,25.53191489361702,31.666666666666664,0.7442440716511869,28,52.63157894736842,17,3.0,1.6992672929920796,1.0,0.09995689958776939,23.016666666666666,1.6992672929920796,-1.0,2.0,1.0
4,2026,1,1955937,2026-01-28,Atletico MG 2 x 2 Palmeiras,1234,Palmeiras,43.52,56.48,Fora,8.766666666666667,87,0.7727272727272727,42.021,14.307342922028766,27.927927927927925,19.230769230769234,2.143740626757171,23,57.617109375000005,3.125,76.57142857142857,231.2,8,1,0.09408275123212623,25,44.595600000000005,60,50.847457627118644,4,1,0.028823529411764706,0.08600331705776654,48.29059829059829,11.436950146627565,15.147347740667978,20.454545454545457,30.434782608695656,0.7387650299046529,17,50.0,13,2.0,1.5685491519548356,2.0,0.12065762707344889,16.966666666666665,1.5685491519548356,0.0,2.0,2.0
5,2026,1,1955937,2026-01-28,Atletico MG 2 x 2 Palmeiras,1235,Atletico MG,56.48,43.52,Casa,9.88,91,0.7272727272727273,43.22645833333333,15.147347740667978,20.454545454545457,30.434782608695656,2.679952312375334,14,59.27943396226415,3.7735849056603774,70.86792452830188,130.81132075471697,4,1,0.028823529411764706,35,45.92700000000001,65,48.507462686567166,8,1,0.09408275123212623,0.046681292298396126,51.70940170940172,12.962962962962962,14.307342922028766,27.927927927927925,19.230769230769234,0.5447082279674054,11,50.0,14,1.0,0.8846044429004816,1.0,0.06318603163574868,22.016666666666666,0.8846044429004816,0.0,2.0,2.0
6,2026,1,1955940,2026-01-28,Internacional 0 x 1 Athletico Paranaense,1243,Athletico Paranaense,28.62,71.38,Fora,22.2,102,0.7,33.40767326732673,16.507754164273408,36.92307692307693,23.863636363636363,2.949375769215617,38,51.03875,5.952380952380952,50.144578313253014,99.4320987654321,3,4,0.09657084231569157,43,40.35174418604652,48,29.81366459627329,4,1,0.5085765404084484,0.11029471837315441,21.3768115942029,20.425531914893615,12.893982808022923,15.862068965517242,18.91891891891892,0.6808533486436041,11,42.857142857142854,6,3.0,1.4960567927885482,1.0,0.24934279879809138,11.633333333333333,1.4960567927885482,1.0,0.0,1.0
7,2026,1,1955940,2026-01-28,Internacional 0 x 1 Athletico Paranaense,1219,Internacional,71.38,28.62,Casa,6.32,104,0.6875,44.46564705882352,12.893982808022923,15.862068965517242,18.91891891891892,3.561494429737691,22,66.28695652173913,0.0,65.40449438202248,109.06741573033707,4,1,0.5085765404084484,49,44.86285714285714,83,46.89265536723164,3,4,0.09657084231569157,0.13853598217569818,78.62318840579711,7.9470198675496695,16.507754164273408,36.92307692307693,23.863636363636363,1.576339407626984,38,52.38095238095239,19,3.0,2.131464573820894,0.0,0.11218234599057338,29.016666666666666,2.131464573820894,-1.0,1.0,0.0
8,2026,1,1955943,2026-01-28,Coritiba 0 x 1 Red Bull Bragantino,1236,Coritiba,25.79,74.21,Casa,13.4,116,0.6774193548387096,29.30679775280899,14.612403100775193,35.15625,19.230769230769234,2.89920910909948,32,45.00176470588236,2.941176470588235,75.75384615384615,151.96610169491527,15,3,0.44399871454226486,35,29.439,40,28.368794326241137,7,0,0.0,0.031543269490347914,16.129032258064516,25.423728813559322,11.37546468401487,17.829457364341085,14.285714285714285,0.2832589578528797,6,60.0,8,0.0,0.25544646526709763,0.0,0.031930808158387204,8.966666666666667,0.25544646526709763,-1.0,1.0,0.0
9,2026,1,1955943,2026-01-28,Coritiba 0 x 1 Red Bull Bragantino,5438,Red Bull Bragantino,74.21,25.79,Fora,5.7272727272727275,105,1.0,47.705,11.37546468401487,17.829457364341085,14.285714285714285,2.7113973480797524,19,66.37125,2.380952380952381,47.107142857142854,112.05,7,0,0.0,40,44.191875,86,51.49700598802395,15,3,0.44399871454226486,0.2790055580445592,83.87096774193549,9.643605870020965,14.612403100775193,35.15625,19.230769230769234,1.4272557307372786,32,60.0,30,5.0,2.7303942427076393,1.0,0.09101314142358798,25.8,2.7303942427076393,1.0,0.0,1.0
10,2026,1,1955945,2026-01-28,Vitoria 2 x 0 Remo,1238,Vitoria,38.18,61.82,Casa,16.0,110,0.9230769230769231,35.63074468085106,14.293989862418538,25.190839694656486,12.76595744680851,2.743975254646577,31,52.61091549295775,2.8169014084507045,70.11267605633803,138.09859154929578,5,1,0.18078346167056758,48,41.56250000000001,56,35.44303797468354,12,7,0.2069553834223954,0.37791105957050997,53.669724770642205,14.23841059602649,15.263774912075029,26.119402985074625,42.857142857142854,1.5871021494698403,34,58.333333333333336,20,6.0,2.819806185809495,2.0,0.14099030929047476,14.216666666666667,2.819806185809495,2.0,0.0,2.0
11,2026,1,1955945,2026-01-28,Vitoria 2 x 0 Remo,4617,Remo,61.82,38.18,Fora,7.64,115,0.5238095238095238,35.07648148148149,15.263774912075029,26.119402985074625,42.857142857142854,3.693007967048946,19,59.09513513513514,1.3513513513513513,34.26027397260274,109.75,12,7,0.2069553834223954,40,32.298,69,46.93877551020408,5,1,0.18078346167056758,0.04098867369943937,46.330275229357795,7.819905213270142,14.293989862418538,25.190839694656486,12.76595744680851,0.7351943316341658,11,83.33333333333334,14,2.0,1.3184934612568173,0.0,0.09417810437548695,23.016666666666666,1.3184934612568173,-2.0,2.0,0.0
12,2026,1,1955948,2026-01-28,Chapecoense AF 4 x 2 Santos FC,8865,Chapecoense AF,30.59,69.41,Casa,22.76923076923077,92,0.5217391304347826,29.89875,16.002304147465438,45.63106796116505,23.404255319148938,2.2159881578819314,40,45.3897972972973,1.3513513513513513,68.71830985915493,156.45714285714286,18,6,0.23762413028562224,29,37.46689655172414,47,37.00787401574803,5,1,0.051125057400887804,0.2599724431610637,17.89137380191693,22.866894197952217,15.058823529411764,20.353982300884958,22.857142857142858,0.3668965112663347,10,37.5,7,2.0,1.038712609808546,3.0,0.14838751568693515,12.75,1.8326112406036457,2.0,2.0,4.0
13,2026,1,1955948,2026-01-28,Chapecoense AF 4 x 2 Santos FC,1241,Santos FC,69.41,30.59,Fora,15.428571428571429,89,0.5833333333333334,45.82772727272727,15.058823529411764,20.353982300884958,22.857142857142858,2.4790060467783688,11,70.92988636363637,2.272727272727273,75.58333333333333,114.53571428571429,5,1,0.051125057400887804,42,48.3125,82,54.3046357615894,18,6,0.23762413028562224,0.2872262883725858,82.10862619808307,7.553956834532374,16.002304147465438,45.63106796116505,23.404255319148938,1.0046486108144834,26,50.0,25,1.0,1.2274216068764625,2.0,0.0490968642750585,28.933333333333334,1.2274216068764625,-2.0,4.0,2.0
14,2026,1,1955929,2026-01-29,Sao Paulo 2 x 1 Flamengo,1239,Flamengo,61.28,38.72,Fora,11.807692307692308,105,0.8571428571428571,44.2981875,16.58440276406713,13.793103448275861,41.37931034482759,2.6628097679689917,26,58.257127659574465,6.382978723404255,51.62765957446808,87.86206896551724,8,2,0.025365853658536587,55,43.71054545454545,78,46.98795180722892,8,3,0.0,0.06985564147462409,71.27659574468085,7.664233576642336,16.731129132875857,29.457364341085274,27.142857142857142,0.9526386037100363,30,36.84210526315789,15,3.0,1.9598867898254824,1.0,0.13065911932169882,26.716666666666665,1.9598867898254824,-1.0,2.0,1.0
15,2026,1,1955929,2026-01-29,Sao Paulo 2 x 1 Flamengo,1224,Sao Paulo,38.72,61.28,Casa,12.379310344827585,132,0.775,34.321875,16.731129132875857,29.457364341085274,27.142857142857142,2.3915194229837673,47,40.06319277108434,2.4096385542168677,41.01204819277108,99.15853658536585,8,3,0.0,57,37.98421052631579,58,37.66233766233766,8,2,0.025365853658536587,-0.015944497550405945,28.723404255319153,16.358839050131927,16.58440276406713,13.793103448275861,41.37931034482759,0.4333241103675629,17,50.0,10,2.0,0.9287669372400466,2.0,0.09287669372400466,16.883333333333333,0.9287669372400466,1.0,1.0,2.0
16,2026,1,1955934,2026-01-29,Mirassol 2 x 1 Vasco da Gama,1226,Vasco da Gama,53.13,46.87,Fora,14.045454545454545,95,0.65,37.93232876712329,16.140912730184148,17.92452830188679,14.000000000000002,2.336005042954577,22,56.7508064516129,8.064516129032258,60.77049180327869,104.75409836065573,6,0,0.11623369700181609,40,41.325375,68,50.37037037037037,10,3,0.05101010255859944,0.22174067374022144,58.87096774193549,8.993576017130621,16.483050847457626,28.205128205128204,26.53061224489796,0.6121111524668392,16,46.15384615384615,13,1.0,0.8351656698074523,1.0,0.06424351306211172,23.6,0.8351656698074523,-1.0,2.0,1.0
17,2026,1,1955934,2026-01-29,Mirassol 2 x 1 Vasco da Gama,6332,Mirassol,46.87,53.13,Casa,9.548387096774194,110,0.5,41.24096385542169,16.483050847457626,28.205128205128204,26.53061224489796,2.1610124299979785,23,57.92937499999999,2.7777777777777777,42.405797101449274,156.10294117647058,10,3,0.05101010255859944,36,47.49791666666667,59,42.7536231884058,6,0,0.11623369700181609,-0.001044948624006281,41.12903225806452,9.24170616113744,16.140912730184148,17.92452830188679,14.000000000000002,0.2680573448129424,11,71.42857142857143,13,0.0,0.5104911418413433,1.0,0.03926854937241102,20.816666666666666,0.5104911418413433,1.0,1.0,2.0
18,2026,1,1955927,2026-01-30,Botafogo RJ 4 x 0 Cruzeiro,1227,Botafogo RJ,46.24,53.76,Casa,18.352941176470587,79,0.5238095238095238,33.22315068493151,18.484349258649093,25.555555555555554,37.735849056603776,2.4546502850925207,24,55.490750000000006,0.0,79.48333333333333,142.31034482758622,8,2,0.03431704345471774,35,36.108,53,41.732283464566926,8,3,0.3901539796139666,0.18869690971580777,43.54838709677419,10.344827586206897,17.471264367816094,23.853211009174313,28.57142857142857,0.791621032678532,19,50.0,10,2.0,1.196859201598899,4.0,0.11968592015988991,17.4,1.196859201598899,4.0,0.0,4.0
19,2026,1,1955927,2026-01-30,Botafogo RJ 4 x 0 Cruzeiro,1230,Cruzeiro,53.76,46.24,Fora,11.347826086956522,87,0.47619047619047616,38.343445945945945,17.471264367816094,23.853211009174313,28.57142857142857,2.3793023199927563,12,62.597796610169496,5.084745762711865,41.847457627118644,121.63157894736842,8,3,0.3901539796139666,39,41.23538461538461,60,48.0,8,2,0.03431704345471774,0.00171866976485191,56.451612903225815,7.111111111111111,18.484349258649093,25.555555555555554,37.735849056603776,0.8588130328498642,29,65.0,17,4.0,1.9026041333992854,0.0,0.11191789019995796,20.233333333333334,1.9026041333992854,-4.0,4.0,0.0
20,2026,2,1955928,2026-02-04,Remo 2 x 2 Mirassol,4617,Remo,32.64,67.36,Casa,9.5,125,0.6551724137931034,39.48276315789474,14.715500327011117,23.239436619718308,23.809523809523807,3.291697042978712,22,57.70855263157895,2.631578947368421,63.61842105263158,147.85333333333332,3,1,0.0,47,46.89031914893618,59,38.81578947368421,12,5,0.06120947373360221,0.05254498831629251,47.13114754098361,18.40277777777778,15.951417004048583,25.423728813559322,15.0,0.6324192749213777,17,55.55555555555556,18,1.0,1.376269688533897,2.0,0.07645942714077206,12.35,1.376269688533897,0.0,2.0,2.0
21,2026,2,1955928,2026-02-04,Remo 2 x 2 Mirassol,6332,Mirassol,67.36,32.64,Fora,10.5,101,0.75,34.127592592592585,15.951417004048583,25.423728813559322,15.0,2.46144425972406,26,60.951470588235296,2.941176470588235,72.13861386138613,140.56435643564356,12,5,0.06120947373360221,39,35.93153846153846,80,46.24277456647399,3,1,0.0,-0.004345623639416818,52.86885245901639,10.590631364562118,14.715500327011117,23.239436619718308,23.809523809523807,0.9063746016859673,26,40.0,8,3.0,1.9842840275922136,2.0,0.2480355034490267,25.483333333333334,1.9842840275922136,0.0,2.0,2.0
22,2026,2,1955951,2026-02-04,Flamengo 1 x 1 Internacional,1239,Flamengo,68.76,31.24,Casa,6.696969696969697,119,0.631578947368421,48.3525,17.59282970550576,14.64968152866242,18.421052631578945,2.07051395117429,12,69.7609756097561,1.2195121951219512,36.98780487804878,83.42857142857143,6,1,0.47363445198204673,52,46.44836538461539,77,46.3855421686747,12,2,0.17701290605191738,0.08307655692436011,76.03833865814697,7.628524046434494,16.92844677137871,38.46153846153847,24.444444444444443,1.036440163920488,26,45.45454545454545,17,2.0,1.3092970394554113,0.0,0.07701747290914185,28.65,2.103195670250511,0.0,1.0,1.0
23,2026,2,1955951,2026-02-04,Flamengo 1 x 1 Internacional,1219,Internacional,31.24,68.76,Fora,16.85,118,0.6296296296296297,31.611621621621627,16.92844677137871,38.46153846153847,24.444444444444443,2.28577809567075,38,47.96925,5.0,52.3,101.40506329113924,12,2,0.17701290605191738,47,37.90276595744681,52,30.23255813953488,6,1,0.47363445198204673,0.15684728022934014,23.961661341853034,16.08832807570978,17.59282970550576,14.64968152866242,18.421052631578945,0.4744172932122468,9,42.857142857142854,9,1.0,0.688264435253501,1.0,0.07647382613927789,13.016666666666667,0.688264435253501,0.0,1.0,1.0
24,2026,2,1955956,2026-02-04,Santos FC 1 x 1 Sao Paulo,1241,Santos FC,51.42,48.58,Casa,12.272727272727273,108,0.6428571428571429,42.5396511627907,16.28252788104089,17.985611510791365,31.818181818181817,3.545024330042062,27,59.424642857142864,2.0408163265306123,55.98947368421052,112.51578947368421,5,3,0.2559527921135989,43,47.00093023255814,71,41.040462427745666,10,1,0.12963350613705998,0.08448348340645451,57.14285714285714,11.450381679389313,15.645302897278313,30.46875,9.876543209876543,0.4039970111840745,11,75.0,12,1.0,0.9845146601498045,1.0,0.08204288834581704,18.983333333333334,0.9845146601498045,0.0,1.0,1.0
25,2026,2,1955956,2026-02-04,Santos FC 1 x 1 Sao Paulo,1224,Sao Paulo,48.58,51.42,Fora,8.466666666666667,137,0.7037037037037037,33.648529411764706,15.645302897278313,30.46875,9.876543209876543,2.470778756487319,28,53.100759493670886,3.79746835443038,30.303797468354432,76.375,10,1,0.12963350613705998,57,38.457631578947364,63,39.62264150943396,5,3,0.2559527921135989,0.13181398901061625,42.857142857142854,11.195928753180661,16.28252788104089,17.985611510791365,31.818181818181817,0.861003304208364,20,50.0,8,2.0,0.8345434794934196,1.0,0.10431793493667744,17.933333333333334,0.8345434794934196,0.0,1.0,1.0
26,2026,2,1955962,2026-02-04,Red Bull Bragantino 1 x 0 Atletico MG,5438,Red Bull Bragantino,45.17,54.83,Casa,11.391304347826088,108,0.8947368421052632,35.19489473684211,13.24731182795699,19.166666666666668,22.0,1.8746749623681886,26,56.408013698630135,1.36986301369863,59.183098591549296,146.04225352112675,5,1,0.0,33,38.56681818181818,66,42.038216560509554,6,2,0.026037195994277538,0.07859110267889013,54.35540069686411,17.5531914893617,14.673629242819844,22.31404958677686,22.807017543859647,0.9112306631320379,28,69.23076923076923,19,4.0,1.6318034271321018,1.0,0.08588439090168958,19.15,1.6318034271321018,1.0,0.0,1.0
27,2026,2,1955962,2026-02-04,Red Bull Bragantino 1 x 0 Atletico MG,1235,Atletico MG,54.83,45.17,Fora,13.38888888888889,105,0.46153846153846156,31.12980769230769,14.673629242819844,22.31404958677686,22.807017543859647,3.1530993871064386,31,58.08409090909091,1.2987012987012987,63.871428571428574,167.77142857142857,6,2,0.026037195994277538,31,31.452580645161294,73,47.4025974025974,5,1,0.0,0.040442584257178726,45.64459930313589,15.632754342431761,13.24731182795699,19.166666666666668,22.0,0.3182630940034543,22,18.181818181818183,12,0.0,0.4810665518817028,0.0,0.040088879323475234,23.25,0.4810665518817028,-1.0,1.0,0.0
28,2026,2,1955926,2026-02-05,Bahia 1 x 1 Fluminense,1221,Bahia,43.6,56.4,Casa,15.045454545454545,113,0.4482758620689655,38.240769230769224,16.801592568015927,22.950819672131146,40.909090909090914,2.5927337251486637,21,60.84084507042254,1.4084507042253522,48.55882352941177,127.28358208955224,13,4,0.3373536797016358,52,41.5860576923077,69,45.09803921568628,15,4,0.23329013486953482,0.21839456898678922,43.986254295532646,13.586956521739129,14.214592274678111,29.166666666666668,27.692307692307693,0.7955193844482769,24,61.111111111111114,19,1.0,1.4282071528986178,1.0,0.07516879752097988,19.416666666666668,1.4282071528986178,0.0,1.0,1.0
29,2026,2,1955926,2026-02-05,Bahia 1 x 1 Fluminense,1232,Fluminense,56.4,43.6,Fora,8.961538461538462,106,0.6538461538461539,35.07984375,14.214592274678111,29.166666666666668,27.692307692307693,2.0018275344482817,31,54.37816901408451,0.0,36.183098591549296,84.79411764705883,15,4,0.23329013486953482,44,34.592727272727274,74,52.85714285714286,13,4,0.3373536797016358,0.28707196210386954,56.013745704467354,7.7227722772277225,16.801592568015927,22.950819672131146,40.909090909090914,1.309047586250864,25,44.44444444444444,13,5.0,2.3298276783523564,1.0,0.17921751371941202,25.116666666666667,2.3298276783523564,0.0,1.0,1.0
30,2026,2,1955953,2026-02-05,Vasco da Gama 1 x 1 Chapecoense AF,1226,Vasco da Gama,68.72,31.28,Casa,8.172413793103448,127,0.6666666666666666,47.95318181818182,15.537848605577688,10.218978102189782,18.181818181818183,2.680398464333176,19,68.11463855421688,4.819277108433735,44.1219512195122,88.725,1,0,0.05215419501133787,55,49.56763636363637,76,42.22222222222222,16,4,0.48803819199502785,0.19654145109975252,87.18861209964413,9.983079526226735,17.303506650544136,32.8125,33.72093023255814,2.0972267981544466,52,65.51724137931035,30,9.0,5.0034651651846715,1.0,0.16678217217282237,27.566666666666666,5.0034651651846715,0.0,1.0,1.0
31,2026,2,1955953,2026-02-05,Vasco da Gama 1 x 1 Chapecoense AF,8865,Chapecoense AF,31.28,68.72,Fora,25.25,103,0.5625,25.866627906976746,17.303506650544136,32.8125,33.72093023255814,2.9433397701548727,44,41.69760000000001,0.0,74.50666666666666,165.7246376811594,16,4,0.48803819199502785,36,28.942083333333333,44,30.344827586206897,1,0,0.05215419501133787,0.03225835221093476,12.811387900355871,15.384615384615385,15.537848605577688,10.218978102189782,18.181818181818183,0.315367259890472,5,75.0,7,0.0,0.24210299865139395,1.0,0.03458614266448485,12.55,0.24210299865139395,0.0,1.0,1.0
32,2026,2,1955959,2026-02-05,Palmeiras 5 x 1 Vitoria,1238,Vitoria,37.51,62.49,Fora,14.238095238095237,110,0.5294117647058824,33.01011235955056,16.162701458173448,29.82456140350877,44.827586206896555,3.5605199673402192,27,53.19950704225353,1.4084507042253522,42.028985507246375,136.20289855072463,8,1,0.018250950570342206,37,33.7277027027027,47,34.81481481481482,8,1,0.029446876243533624,0.063188296350706,42.10526315789473,10.638297872340425,16.342710997442456,20.72072072072072,25.53191489361702,0.5096712444987297,11,50.0,9,3.0,1.1846363454166926,1.0,0.13162626060185473,13.033333333333333,1.1846363454166926,-4.0,5.0,1.0
33,2026,2,1955959,2026-02-05,Palmeiras 5 x 1 Vitoria,1234,Palmeiras,62.49,37.51,Casa,10.666666666666666,101,0.5555555555555556,38.16346153846154,16.342710997442456,20.72072072072072,25.53191489361702,2.5307296210866155,15,64.30231343283583,7.462686567164178,43.53125,113.57142857142857,8,1,0.029446876243533624,34,42.756617647058825,68,48.226950354609926,8,1,0.018250950570342206,0.054244456145393194,57.89473684210527,8.685446009389672,16.162701458173448,29.82456140350877,44.827586206896555,1.5560546168907887,33,34.61538461538461,17,4.0,2.3472715310371677,5.0,0.1380747959433628,21.716666666666665,2.3472715310371677,4.0,1.0,5.0
34,2026,2,1955968,2026-02-05,Gremio 5 x 3 Botafogo RJ,1244,Gremio,45.48,54.52,Casa,12.310344827586206,110,0.64,44.12123595505618,17.745839636913765,24.107142857142858,25.0,2.7616724332228433,15,59.3394827586207,0.0,55.19642857142857,105.17857142857143,3,0,0.02350275169957915,45,42.583333333333336,57,43.18181818181818,10,2,0.2739946380697051,0.19861587471424702,54.85714285714286,13.920454545454545,15.394378966455124,25.961538461538463,27.450980392156865,0.8046667809885109,17,50.0,13,7.0,3.112265545596393,4.0,0.2394050419689533,18.383333333333333,3.9061641763914925,2.0,3.0,5.0
35,2026,2,1955968,2026-02-05,Gremio 5 x 3 Botafogo RJ,1227,Botafogo RJ,54.52,45.48,Fora,17.266666666666666,89,0.6842105263157895,32.854791666666664,15.394378966455124,25.961538461538463,27.450980392156865,2.9074094152068275,28,49.53633802816901,2.8169014084507045,62.26086956521739,123.12121212121212,10,2,0.2739946380697051,36,29.5225,66,52.38095238095239,3,0,0.02350275169957915,0.02423169213467702,45.14285714285714,7.43099787685775,17.745839636913765,24.107142857142858,25.0,0.8459969104962104,14,60.0,9,2.0,1.1815263937508322,3.0,0.13128071041675915,22.033333333333335,1.1815263937508322,-2.0,5.0,3.0
36,2026,2,1955965,2026-02-06,Cruzeiro 1 x 2 Coritiba,1236,Coritiba,28.94,71.06,Fora,18.375,99,0.5263157894736842,30.591250000000006,14.378881987577639,43.36283185840708,29.268292682926827,2.2334516964063442,39,44.54514084507042,2.8169014084507045,85.11428571428571,210.41176470588235,7,3,0.09687065573936081,42,34.17,47,33.33333333333333,6,3,0.1300380228136882,0.16913190941229628,28.037383177570092,17.472118959107807,13.646759847522237,19.84732824427481,41.66666666666667,1.166722331842192,19,40.0,10,2.0,1.7057867810756886,2.0,0.17057867810756885,13.116666666666667,1.7057867810756886,1.0,1.0,2.0
37,2026,2,1955965,2026-02-06,Cruzeiro 1 x 2 Coritiba,1230,Cruzeiro,71.06,28.94,Casa,13.571428571428571,83,0.6842105263157895,38.95022727272728,13.646759847522237,19.84732824427481,41.66666666666667,4.261093333248272,11,72.68791139240506,2.5316455696202533,79.94736842105263,161.93421052631578,6,3,0.1300380228136882,35,39.092999999999996,75,51.02040816326531,7,3,0.09687065573936081,0.14609355764726972,71.96261682242991,4.2477876106194685,14.378881987577639,43.36283185840708,29.268292682926827,1.2423874677916684,30,45.83333333333333,19,0.0,0.750555240338059,1.0,0.03950290738621363,32.2,0.750555240338059,-1.0,2.0,1.0
38,2026,3,1955941,2026-02-11,Mirassol 2 x 2 Cruzeiro,6332,Mirassol,57.72,42.28,Casa,9.478260869565217,100,0.6818181818181818,42.09017647058824,16.089385474860336,14.912280701754385,22.857142857142858,2.4765681347193738,18,69.4567391304348,4.3478260869565215,48.6764705882353,124.83333333333333,4,1,0.14516129032258066,47,41.86148936170213,60,42.5531914893617,6,3,0.17603296848579866,0.03512199133900351,66.17100371747212,7.823960880195599,15.711947626841244,30.107526881720432,29.850746268656714,0.7433196335588601,32,40.0,20,5.0,3.111116153249344,2.0,0.15555580766246718,20.366666666666667,3.111116153249344,0.0,2.0,2.0
39,2026,3,1955941,2026-02-11,Mirassol 2 x 2 Cruzeiro,1230,Cruzeiro,42.28,57.72,Fora,13.777777777777779,81,0.7619047619047619,34.26791666666667,15.711947626841244,30.107526881720432,29.850746268656714,2.5885125429045637,40,46.68113924050633,3.79746835443038,101.83783783783784,193.47297297297297,6,3,0.17603296848579866,31,42.76548387096774,52,37.95620437956204,4,1,0.14516129032258066,0.14517593395633677,33.82899628252788,10.625,16.089385474860336,14.912280701754385,22.857142857142858,0.6841464819839111,12,37.5,8,0.0,0.6089759031153232,1.0,0.0761219878894154,14.916666666666666,1.402874533910423,0.0,2.0,2.0
40,2026,2,1955944,2026-02-11,Atletico MG 3 x 3 Remo,1235,Atletico MG,60.56,39.44,Casa,16.153846153846153,92,0.875,32.41203488372093,16.46542261251372,27.586206896551722,28.07017543859649,2.151254430094003,28,57.933109756097565,0.0,79.29629629629629,130.0,8,2,0.7803079592279332,42,33.087500000000006,76,46.06060606060606,8,2,0.0,0.11732084781265506,59.57446808510638,11.506276150627615,16.04002859185132,31.060606060606062,28.985507246376812,1.6692104432699106,34,55.00000000000001,18,9.0,3.930605681460751,3.0,0.21836698230337503,23.316666666666666,3.930605681460751,0.0,3.0,3.0
41,2026,2,1955944,2026-02-11,Atletico MG 3 x 3 Remo,4617,Remo,39.44,60.56,Fora,15.095238095238095,105,0.7586206896551724,39.652741935483874,16.04002859185132,31.060606060606062,28.985507246376812,3.0781918296760686,15,63.79476923076923,1.5384615384615385,70.671875,146.06349206349208,8,2,0.0,38,41.759605263157894,56,38.88888888888889,8,2,0.7803079592279332,0.15812136487352912,40.42553191489361,11.044776119402986,16.46542261251372,27.586206896551722,28.07017543859649,0.7261117111973272,19,62.5,18,5.0,2.4132613974895603,3.0,0.13407007763830892,15.183333333333334,2.4132613974895603,0.0,3.0,3.0
42,2026,3,1955952,2026-02-11,Vitoria 1 x 2 Flamengo,1238,Vitoria,45.01,54.99,Casa,11.5,103,0.875,44.601375,16.84931506849315,17.391304347826086,22.727272727272727,1.8489560819169897,23,58.667,1.1111111111111112,70.34831460674157,109.89655172413794,6,1,0.02350275169957915,39,43.00692307692308,60,36.809815950920246,10,3,0.13220125583577902,0.11990338374921361,46.54377880184332,13.975155279503104,13.305439330543933,17.692307692307693,21.818181818181817,0.382000722551175,13,58.333333333333336,9,2.0,1.102309685056197,1.0,0.12247885389513301,15.933333333333334,1.8962083158512968,-1.0,2.0,1.0
43,2026,3,1955952,2026-02-11,Vitoria 1 x 2 Flamengo,1239,Flamengo,54.99,45.01,Fora,7.482758620689655,109,0.6842105263157895,36.56019230769231,13.305439330543933,17.692307692307693,21.818181818181817,2.5807268918545416,24,53.18388157894737,2.631578947368421,51.82666666666667,99.25675675675676,10,3,0.13220125583577902,42,41.160000000000004,64,40.50632911392405,6,1,0.02350275169957915,0.018556169562130798,53.45622119815668,9.579439252336448,16.84931506849315,17.391304347826086,22.727272727272727,0.4319035819167354,10,50.0,6,1.0,0.4584676697733638,2.0,0.07641127829556063,19.466666666666665,0.4584676697733638,1.0,1.0,2.0
44,2026,3,1955955,2026-02-11,Chapecoense AF 3 x 3 Coritiba,1236,Coritiba,47.36,52.64,Fora,19.1875,107,0.6,32.515,15.302593659942364,28.71287128712871,24.561403508771928,2.807217908998079,36,46.69720588235294,1.4705882352941175,49.62686567164179,82.109375,11,3,0.204024487730408,40,37.62675,55,39.285714285714285,7,0,0.0,0.02322329978595894,39.351851851851855,17.016317016317018,16.285028022417933,21.311475409836063,26.82926829268293,0.41321665065182334,17,54.54545454545454,13,5.0,2.5930779828628654,3.0,0.19946753714329735,20.816666666666666,2.5930779828628654,0.0,3.0,3.0
45,2026,3,1955955,2026-02-11,Chapecoense AF 3 x 3 Coritiba,8865,Chapecoense AF,52.64,47.36,Casa,56.333333333333336,88,0.5384615384615384,38.697750000000006,16.285028022417933,21.311475409836063,26.82926829268293,2.5446641623017427,21,61.0125,2.857142857142857,64.51470588235294,95.05970149253731,7,0,0.0,40,43.191750000000006,63,48.091603053435115,11,3,0.204024487730408,0.21499708015995456,60.64814814814815,11.1358574610245,15.302593659942364,28.71287128712871,24.561403508771928,1.0339927152025417,17,78.57142857142857,21,2.0,1.7342482100363665,3.0,0.08258324809696983,23.133333333333333,1.7342482100363665,0.0,3.0,3.0
46,2026,3,1955930,2026-02-12,Fluminense 1 x 0 Botafogo RJ,1232,Fluminense,43.16,56.84,Casa,8.76,115,0.7727272727272727,38.216499999999996,12.657004830917876,20.689655172413794,12.5,2.0478298596837012,27,60.589090909090906,5.194805194805195,57.68421052631579,169.3815789473684,4,0,0.0,41,38.3019512195122,58,44.274809160305345,7,1,0.0,0.13364407138975576,51.0548523206751,12.074303405572756,15.397667020148463,21.0,29.166666666666668,0.8922342173104285,23,42.857142857142854,10,3.0,1.8921300251450992,1.0,0.18921300251450993,15.716666666666667,1.8921300251450992,1.0,0.0,1.0
47,2026,3,1955930,2026-02-12,Fluminense 1 x 0 Botafogo RJ,1227,Botafogo RJ,56.84,43.16,Fora,12.823529411764707,94,0.5238095238095238,34.11272727272728,15.397667020148463,21.0,29.166666666666668,2.2859849377048636,26,54.642,2.666666666666667,54.54054054054054,140.24657534246575,7,1,0.0,35,39.09,61,43.57142857142857,4,0,0.0,-0.004337451709570228,48.9451476793249,11.11111111111111,12.657004830917876,20.689655172413794,12.5,0.43419831873177905,7,50.0,5,0.0,0.25682455478036653,0.0,0.051364910956073304,20.7,0.25682455478036653,-1.0,1.0,0.0
48,2026,3,1955933,2026-02-12,Vasco da Gama 0 x 1 Bahia,1226,Vasco da Gama,60.92,39.08,Casa,7.88,118,0.5882352941176471,43.392096774193554,13.544303797468354,18.367346938775512,13.636363636363635,1.8215443667788471,23,63.640862068965525,2.2988505747126435,52.55813953488372,106.79761904761905,7,1,0.06148698321315451,51,42.98823529411764,80,44.6927374301676,7,5,0.2687700285501735,0.17386585419482437,72.66881028938906,8.641975308641975,15.10148849797023,30.57851239669421,35.63218390804598,1.175166114727238,49,41.935483870967744,26,0.0,1.3565670914394443,0.0,0.05217565736305555,24.633333333333333,1.3565670914394443,-1.0,1.0,0.0
49,2026,3,1955933,2026-02-12,Vasco da Gama 0 x 1 Bahia,1221,Bahia,39.08,60.92,Fora,11.083333333333334,131,0.6,31.39416666666667,15.10148849797023,30.57851239669421,35.63218390804598,2.895956774886159,32,50.6715,1.4285714285714286,52.31428571428572,157.6086956521739,7,5,0.2687700285501735,47,38.96170212765958,59,35.97560975609756,7,1,0.06148698321315451,0.012950630087379622,27.331189710610932,13.175675675675674,13.544303797468354,18.367346938775512,13.636363636363635,0.2624668124009921,7,50.0,8,0.0,0.31092439556848384,1.0,0.03886554944606048,15.8,0.31092439556848384,1.0,0.0,1.0
50,2026,3,1955936,2026-02-12,Sao Paulo 2 x 0 Gremio,1244,Gremio,45.22,54.78,Fora,16.88235294117647,94,0.6956521739130435,32.895172413793105,18.26086956521739,39.84375,31.428571428571427,2.9273156163578515,26,52.68083333333334,1.3888888888888888,57.816901408450704,128.4927536231884,16,3,0.7749242931254886,39,33.379230769230766,47,39.166666666666664,4,2,0.03709371811689259,0.07930538903341278,26.53061224489796,16.535433070866144,15.351170568561873,23.853211009174313,25.71428571428571,0.5243056717359043,13,33.33333333333333,5,0.0,0.2731951195364467,0.0,0.05463902390728934,19.933333333333334,0.2731951195364467,-2.0,2.0,0.0
51,2026,3,1955936,2026-02-12,Sao Paulo 2 x 0 Gremio,1224,Sao Paulo,54.78,45.22,Casa,11.28,102,0.631578947368421,43.88125,15.351170568561873,23.853211009174313,25.71428571428571,1.9283180634590753,19,62.351470588235294,7.352941176470589,44.75757575757576,79.16666666666667,4,2,0.03709371811689259,54,41.11527777777778,71,47.333333333333336,16,3,0.7749242931254886,0.6887922334667134,73.46938775510205,6.538461538461539,18.26086956521739,39.84375,31.428571428571427,2.133117416147538,30,45.45454545454545,16,3.0,2.8138707075318647,1.0,0.17586691922074155,24.15,4.401667969122064,2.0,0.0,2.0
52,2026,3,1955938,2026-02-12,Corinthians 2 x 0 Red Bull Bragantino,5438,Red Bull Bragantino,40.68,59.32,Fora,11.548387096774194,98,0.7368421052631579,43.45384615384615,15.770392749244714,20.8955223880597,30.0,2.3454305013975625,25,52.3586,1.3333333333333335,57.608108108108105,122.85714285714286,5,2,0.11464088397790055,33,41.43363636363637,57,39.86013986013986,4,0,0.0,0.025097046417291935,42.857142857142854,17.93103448275862,13.612334801762115,18.69918699186992,14.634146341463413,0.3807494221137646,9,33.33333333333333,8,0.0,0.3307235461379946,0.0,0.041340443267249324,15.133333333333333,1.1246221769330944,-2.0,2.0,0.0
53,2026,3,1955938,2026-02-12,Corinthians 2 x 0 Red Bull Bragantino,1237,Corinthians,59.32,40.68,Casa,11.277777777777779,97,0.7142857142857143,42.47653846153847,13.612334801762115,18.69918699186992,14.634146341463413,2.3111066813285244,36,50.59297297297297,4.054054054054054,44.885714285714286,97.84057971014492,4,0,0.0,42,39.535000000000004,73,46.20253164556962,5,2,0.11464088397790055,0.06873039362296485,57.14285714285714,12.276785714285714,15.770392749244714,20.8955223880597,30.0,0.8016063966646745,17,46.666666666666664,13,2.0,1.0707312764345178,2.0,0.08236394434111675,22.066666666666666,1.0707312764345178,2.0,0.0,2.0
54,2026,3,1955950,2026-02-12,Athletico Paranaense 2 x 1 Santos FC,1243,Athletico Paranaense,57.95,42.05,Casa,7.814814814814815,101,0.7142857142857143,37.30721590909091,15.332555425904317,21.27659574468085,23.25581395348837,2.4122934219653804,31,56.87033333333334,2.2222222222222223,56.40229885057471,120.51724137931035,9,4,0.2167413405989051,49,35.361428571428576,73,44.51219512195122,12,4,0.3031242262128764,0.2792213066703386,56.25,13.131313131313133,14.885690093141406,21.58273381294964,37.735849056603776,0.9969753642020236,26,45.0,12,4.0,1.7322200977907412,1.0,0.1443516748158951,19.683333333333334,2.526118728585841,1.0,1.0,2.0
55,2026,3,1955950,2026-02-12,Athletico Paranaense 2 x 1 Santos FC,1241,Santos FC,42.05,57.95,Fora,14.238095238095237,110,0.7391304347826086,35.378297872340426,14.885690093141406,21.58273381294964,37.735849056603776,3.275161156898153,32,53.28166666666667,2.4691358024691357,56.05,125.34177215189874,12,4,0.3031242262128764,41,38.26865853658536,49,31.210191082802545,9,4,0.2167413405989051,0.1206380220737846,43.75,15.909090909090908,15.332555425904317,21.27659574468085,23.25581395348837,0.6611622389954523,17,40.0,10,1.0,0.8584937068333897,1.0,0.08584937068333896,14.283333333333333,0.8584937068333897,-1.0,2.0,1.0
56,2026,3,1955947,2026-02-13,Internacional 1 x 3 Palmeiras,1219,Internacional,60.9,39.1,Casa,7.117647058823529,117,0.6764705882352942,46.32875,13.554216867469878,11.811023622047244,31.25,2.7259651358111183,16,66.9375,2.631578947368421,56.98684210526316,107.92647058823529,7,3,0.5631525258243653,46,42.44510869565217,71,46.103896103896105,7,1,0.0626117962877014,0.10038830255750675,80.66914498141264,7.216494845360824,15.125725338491295,31.73076923076923,34.177215189873415,1.0585113622873548,44,66.66666666666666,26,1.0,1.735209938370765,1.0,0.06673884378349096,25.85,1.735209938370765,-2.0,3.0,1.0
57,2026,3,1955947,2026-02-13,Internacional 1 x 3 Palmeiras,1234,Palmeiras,39.1,60.9,Fora,10.833333333333334,99,0.6538461538461539,31.67325,15.125725338491295,31.73076923076923,34.177215189873415,2.4933640636135554,31,45.213,3.076923076923077,59.77777777777778,125.64516129032258,7,1,0.0626117962877014,39,40.16923076923077,57,39.58333333333333,7,3,0.5631525258243653,0.16560924268509947,19.33085501858736,18.771331058020476,13.554216867469878,11.811023622047244,31.25,0.6281077840251093,13,70.0,11,1.0,0.9757678052534965,3.0,0.08870616411395423,16.6,0.9757678052534965,2.0,1.0,3.0
58,2026,3,1955971,2026-02-19,Athletico Paranaense 0 x 1 Corinthians,1237,Corinthians,41.87,58.13,Fora,20.866666666666667,86,0.7368421052631579,31.887987804878048,14.968197879858659,29.807692307692307,33.33333333333333,1.9345298885964461,41,44.68215189873418,1.2658227848101267,95.46666666666667,163.04,4,1,0.4104443742528348,34,38.60602941176471,55,39.85507246376812,5,1,0.0,0.012942891072510676,26.344086021505376,15.988372093023257,13.95485770363101,15.32258064516129,3.125,0.06416199086331353,3,0.0,4,0.0,0.1277204358886297,1.0,0.03193010897215742,16.983333333333334,0.1277204358886297,1.0,0.0,1.0
59,2026,3,1955971,2026-02-19,Athletico Paranaense 0 x 1 Corinthians,1243,Athletico Paranaense,58.13,41.87,Casa,11.16,104,0.7142857142857143,44.9544375,13.95485770363101,15.32258064516129,3.125,1.7469227902032758,18,64.49218309859155,4.225352112676056,52.49295774647887,126.43661971830986,5,1,0.0,45,42.77933333333334,69,48.93617021276596,4,1,0.4104443742528348,0.1172320712493935,73.65591397849462,10.321100917431194,14.968197879858659,29.807692307692307,33.33333333333333,0.8098431345785109,32,40.0,18,3.0,1.7295210082247743,0.0,0.0960845004569319,23.583333333333332,2.523419639019874,-1.0,1.0,0.0
60,2026,4,1955969,2026-02-25,Red Bull Bragantino 1 x 1 Athletico Paranaense,1243,Athletico Paranaense,61.09,38.91,Fora,11.625,90,0.6470588235294118,38.420869565217394,12.581913499344692,19.166666666666668,18.6046511627907,2.9041009275631033,19,61.46145833333333,2.7777777777777777,74.71428571428571,121.07142857142857,5,1,0.0,42,36.4075,72,47.368421052631575,8,4,0.13896546751930763,0.13053677238426387,72.72727272727273,12.661498708010335,15.275459098497498,30.434782608695656,22.535211267605636,0.7278606469178084,18,56.25,18,3.0,1.3702671737064627,1.0,0.07612595409480348,19.966666666666665,1.3702671737064627,0.0,1.0,1.0
61,2026,4,1955969,2026-02-25,Red Bull Bragantino 1 x 1 Athletico Paranaense,5438,Red Bull Bragantino,38.91,61.09,Casa,10.944444444444445,98,0.6521739130434783,35.71369565217391,15.275459098497498,30.434782608695656,22.535211267605636,2.239629268850268,29,52.254,4.285714285714286,39.60294117647059,99.96969696969697,8,4,0.13896546751930763,39,35.67576923076923,59,42.142857142857146,5,1,0.0,0.030535645855764404,27.27272727272727,17.28395061728395,12.581913499344692,19.166666666666668,18.6046511627907,0.38318942011813406,13,37.5,7,1.0,0.5785841648634856,1.0,0.08265488069478366,12.716666666666667,0.5785841648634856,0.0,1.0,1.0
62,2026,4,1955972,2026-02-25,Cruzeiro 1 x 1 Corinthians,1230,Cruzeiro,49.04,50.96,Casa,12.285714285714286,85,0.6923076923076923,38.6966447368421,15.565529622980252,24.324324324324326,12.0,2.1958493666295853,25,60.23822368421053,2.631578947368421,54.333333333333336,130.79166666666666,6,2,0.06830715047036469,30,40.6385,72,53.333333333333336,7,2,0.1256032083205837,0.11625596082302225,55.4054054054054,13.445378151260504,14.832089552238806,27.43362831858407,33.33333333333333,0.8547816957455043,23,35.294117647058826,11,0.0,0.545179972206651,1.0,0.049561815655150096,17.866666666666667,0.545179972206651,0.0,1.0,1.0
63,2026,4,1955972,2026-02-25,Cruzeiro 1 x 1 Corinthians,1237,Corinthians,50.96,49.04,Fora,12.0,94,0.7777777777777778,36.174,14.832089552238806,27.43362831858407,33.33333333333333,2.7176804359566913,30,55.146,4.705882352941177,52.588235294117645,123.85714285714286,7,2,0.1256032083205837,38,40.107236842105266,62,45.925925925925924,6,2,0.06830715047036469,0.13666132404549725,44.5945945945946,16.020671834625322,15.565529622980252,24.324324324324326,12.0,0.27470554201692243,9,33.33333333333333,4,0.0,0.20037822063898075,1.0,0.05009455515974519,18.566666666666666,0.20037822063898075,0.0,1.0,1.0
64,2026,4,1955977,2026-02-25,Coritiba 0 x 1 Sao Paulo,1224,Sao Paulo,58.57,41.43,Fora,9.384615384615385,113,0.5416666666666666,42.17030487804878,14.722222222222221,22.131147540983605,30.23255813953488,3.153749551167199,22,59.86363636363637,2.5974025974025974,48.96052631578947,130.45205479452054,8,1,0.09775402671389831,41,41.441707317073174,65,50.78125,6,2,0.0,0.06454909854448276,55.76036866359447,13.94422310756972,16.07072691552063,27.55102040816326,16.666666666666664,0.5897416367818074,12,55.55555555555556,8,1.0,0.692939763049295,0.0,0.08661747038116188,25.45,1.4868383938443948,1.0,0.0,1.0
65,2026,4,1955977,2026-02-25,Coritiba 0 x 1 Sao Paulo,1236,Coritiba,41.43,58.57,Casa,33.0,85,0.55,32.019246575342464,16.07072691552063,27.55102040816326,16.666666666666664,2.1267905364352355,24,52.36835820895523,1.4925373134328357,67.33333333333333,121.875,6,2,0.0,40,41.28337500000001,65,46.09929078014184,8,1,0.09775402671389831,0.08689101460511761,44.23963133640553,14.782608695652174,14.722222222222221,22.131147540983605,30.23255813953488,0.7738771717756419,21,61.53846153846154,18,2.0,1.398664383847435,0.0,0.07770357688041306,18.0,1.398664383847435,-1.0,1.0,0.0
66,2026,4,1955981,2026-02-25,Remo 1 x 1 Internacional,1219,Internacional,60.47,39.53,Fora,8.37037037037037,107,0.65,40.185891089108914,14.457013574660634,25.36231884057971,16.071428571428573,2.858118324353069,18,66.75439024390244,1.2195121951219512,54.6875,92.09333333333333,9,2,0.5844291939871802,54,40.57666666666667,80,45.19774011299435,7,2,0.0865581010407069,0.2760244345740084,58.921161825726145,6.881720430107527,15.976331360946745,28.671328671328673,32.857142857142854,1.1566439434516065,42,39.130434782608695,18,1.0,1.1434686533586083,1.0,0.06352603629770046,22.533333333333335,1.1434686533586083,0.0,1.0,1.0
67,2026,4,1955981,2026-02-25,Remo 1 x 1 Internacional,4617,Remo,39.53,60.47,Casa,14.130434782608695,115,0.6451612903225806,35.45142857142857,15.976331360946745,28.671328671328673,32.857142857142854,3.8495261734384756,31,54.28033333333334,1.1111111111111112,46.18888888888889,101.4047619047619,7,2,0.0865581010407069,42,39.4975,64,39.263803680981596,9,2,0.5844291939871802,0.09434216360996661,41.078838174273855,19.003115264797508,14.457013574660634,25.36231884057971,16.071428571428573,0.5432411490747626,16,33.33333333333333,11,3.0,1.6681358792605276,1.0,0.1516487162964116,14.733333333333333,1.6681358792605276,0.0,1.0,1.0
68,2026,4,1955963,2026-02-26,Santos FC 2 x 1 Vasco da Gama,1241,Santos FC,37.0,63.0,Casa,8.81081081081081,140,0.6511627906976745,39.091499999999996,14.71774193548387,22.972972972972975,26.229508196721312,2.625474068936556,31,55.227407407407405,3.7037037037037033,44.35,91.40259740259741,4,4,0.5140983572696756,52,39.128653846153846,54,31.952662721893493,6,3,0.028823529411764706,-6.307304479458153e-05,40.0763358778626,11.666666666666666,14.965675057208239,21.476510067114095,26.923076923076923,0.6688686869587399,18,42.857142857142854,8,2.0,1.0508617473088726,2.0,0.13135771841360908,14.566666666666666,1.0508617473088726,1.0,1.0,2.0
69,2026,4,1955963,2026-02-26,Santos FC 2 x 1 Vasco da Gama,1226,Vasco da Gama,63.0,37.0,Fora,7.172413793103448,122,0.8571428571428571,42.346071428571435,14.965675057208239,21.476510067114095,26.923076923076923,2.6261029065572337,20,57.33525,2.5,54.97402597402598,88.72602739726027,6,3,0.028823529411764706,51,37.423235294117646,86,48.58757062146893,4,4,0.5140983572696756,0.08070227393928242,59.92366412213741,9.388646288209607,14.71774193548387,22.972972972972975,26.229508196721312,0.9582554539002026,25,37.5,16,2.0,1.3112847979686766,1.0,0.08195529987304229,24.8,1.3112847979686766,-1.0,2.0,1.0
70,2026,4,1955966,2026-02-26,Palmeiras 2 x 1 Fluminense,1232,Fluminense,64.14,35.86,Fora,10.578947368421053,103,0.65,35.63181818181818,15.193133047210301,23.232323232323232,30.76923076923077,2.50574505419099,23,60.11326086956522,2.898550724637681,55.28787878787879,128.43939393939394,6,3,0.09395139937042754,40,38.952374999999996,73,48.66666666666667,6,2,0.09950935297877705,0.050528100735496295,59.04761904761905,6.631762652705062,17.780443911217755,27.73109243697479,30.64516129032258,1.1153794112844442,27,57.89473684210527,18,2.0,1.5326244220811056,1.0,0.08514580122672809,27.783333333333335,1.5326244220811056,-1.0,2.0,1.0
71,2026,4,1955966,2026-02-26,Palmeiras 2 x 1 Fluminense,1234,Palmeiras,35.86,64.14,Casa,16.90909090909091,103,0.7222222222222222,39.558461538461536,17.780443911217755,27.73109243697479,30.64516129032258,2.6401159908775935,26,54.28325000000001,6.666666666666667,47.559322033898304,107.9298245614035,6,2,0.09950935297877705,40,45.36000000000001,53,38.970588235294116,6,3,0.09395139937042754,0.0785275576818445,40.95238095238095,13.355048859934854,15.193133047210301,23.232323232323232,30.76923076923077,0.6503324185089574,22,31.25,13,0.0,0.918793446240997,1.0,0.07067641894161515,15.533333333333333,1.7126920770360967,1.0,1.0,2.0
72,2026,4,1955975,2026-02-26,Gremio 2 x 1 Atletico MG,1235,Atletico MG,32.87,67.13,Fora,33.5,94,0.76,24.386515151515155,15.632473253618627,35.92233009708738,8.450704225352112,2.002623040163014,36,47.17621621621622,2.7027027027027026,60.73972602739726,126.46875,14,0,0.052949627943112774,36,31.441666666666666,52,35.13513513513514,3,0,0.0812814760854072,0.04621863134490134,31.626506024096386,15.827338129496402,14.884318766066839,16.27906976744186,10.526315789473683,0.39837633873934397,5,25.0,8,1.0,0.6634752829958798,1.0,0.08293441037448497,12.966666666666667,0.6634752829958798,-1.0,2.0,1.0
73,2026,4,1955975,2026-02-26,Gremio 2 x 1 Atletico MG,1244,Gremio,67.13,32.87,Casa,5.363636363636363,113,0.6923076923076923,45.14883333333334,14.884318766066839,16.27906976744186,10.526315789473683,1.7572350808278396,13,67.99333333333333,4.166666666666666,41.71830985915493,114.79710144927536,3,0,0.0812814760854072,43,44.51511627906977,68,48.57142857142857,14,0,0.052949627943112774,0.027829852307271974,68.37349397590361,9.362549800796813,15.632473253618627,35.92233009708738,8.450704225352112,0.849918536010237,9,66.66666666666666,18,1.0,0.9247633410723728,2.0,0.051375741170687377,26.483333333333334,0.9247633410723728,1.0,1.0,2.0
74,2026,5,1955991,2026-03-11,Mirassol 2 x 2 Santos FC,1241,Santos FC,43.68,56.32,Fora,12.666666666666666,107,0.6666666666666666,41.775192307692315,17.24827056110684,29.66101694915254,38.18181818181819,2.932192243014197,29,56.20060975609756,2.4390243902439024,47.95,104.18055555555556,6,2,0.0,37,46.04675675675676,52,35.13513513513514,7,1,0.03431704345471774,0.026726756294285003,47.01492537313433,15.775401069518717,16.94747274529237,22.123893805309734,23.214285714285715,0.7056620031183645,21,53.84615384615385,15,2.0,1.3747362404501222,1.0,0.09164908269667481,16.816666666666666,2.1686348712452217,0.0,2.0,2.0
75,2026,5,1955991,2026-03-11,Mirassol 2 x 2 Santos FC,6332,Mirassol,56.32,43.68,Casa,18.384615384615383,102,0.6,29.835638297872343,16.94747274529237,22.123893805309734,23.214285714285715,2.7861228594378837,23,58.62043478260869,4.3478260869565215,58.08695652173913,141.4090909090909,7,1,0.03431704345471774,42,33.945,63,45.0,6,2,0.0,0.07988544224665484,52.98507462686567,9.777777777777779,17.24827056110684,29.66101694915254,38.18181818181819,1.230342527732662,29,52.38095238095239,20,2.0,1.4259992047863992,2.0,0.07129996023931996,21.683333333333334,1.4259992047863992,0.0,2.0,2.0
76,2026,5,1955993,2026-03-11,Atletico MG 1 x 0 Internacional,1219,Internacional,65.12,34.88,Fora,6.15625,138,0.7777777777777778,48.10354838709678,13.81074168797954,20.52980132450331,24.390243902439025,3.1491215676851203,18,67.38000000000001,2.197802197802198,50.494505494505496,98.87640449438203,3,2,0.7543358843605064,52,42.78548076923077,86,48.86363636363637,11,3,0.17749464402515353,0.055663046951822004,76.02739726027397,8.858267716535433,16.15068493150685,36.231884057971016,27.586206896551722,1.817215883817683,40,45.83333333333333,19,3.0,1.8580066622385416,0.0,0.0977898243283443,24.333333333333332,1.8580066622385416,-1.0,1.0,0.0
77,2026,5,1955993,2026-03-11,Atletico MG 1 x 0 Internacional,1235,Atletico MG,34.88,65.12,Casa,16.38888888888889,120,0.7083333333333334,29.315357142857142,16.15068493150685,36.231884057971016,27.586206896551722,3.5285651511450853,46,42.87741379310345,2.2988505747126435,53.08045977011494,142.64285714285714,11,3,0.17749464402515353,37,31.94837837837838,58,35.80246913580247,3,2,0.7543358843605064,0.3073141040227849,23.972602739726025,21.85185185185185,13.81074168797954,20.52980132450331,24.390243902439025,0.758140641842096,12,60.0,7,3.0,1.241709023555976,1.0,0.17738700336513943,13.033333333333333,1.241709023555976,1.0,0.0,1.0
78,2026,5,1955998,2026-03-11,Bahia 1 x 1 Vitoria,1221,Bahia,64.36,35.64,Casa,5.621621621621622,118,0.6857142857142857,47.790166666666664,15.036144578313252,16.216216216216218,17.647058823529413,2.1455838656207695,13,69.164375,6.944444444444445,48.13235294117647,117.29411764705883,4,1,0.07716225339516534,39,48.21115384615385,74,48.05194805194805,7,2,0.06930653404111049,0.03928821236486035,77.27272727272727,6.7368421052631575,15.850567044696463,31.967213114754102,18.181818181818183,0.5695513527089338,20,33.33333333333333,12,1.0,0.9195614941140983,1.0,0.0766301245095082,24.983333333333334,1.713460124909198,0.0,1.0,1.0
79,2026,5,1955998,2026-03-11,Bahia 1 x 1 Vitoria,1238,Vitoria,35.64,64.36,Fora,12.0,110,0.6363636363636364,32.702616279069765,15.850567044696463,31.967213114754102,18.181818181818183,1.9904137914628288,33,49.44770833333333,6.944444444444445,50.72857142857143,146.81159420289856,7,2,0.06930653404111049,37,36.04054054054054,42,32.8125,4,1,0.07716225339516534,-0.013222001244698856,22.727272727272727,15.693430656934307,15.036144578313252,16.216216216216218,17.647058823529413,0.2354291888336597,7,66.66666666666666,6,0.0,0.4124686878610607,1.0,0.06874478131017679,13.833333333333334,0.4124686878610607,0.0,1.0,1.0
80,2026,5,1955983,2026-03-12,Flamengo 2 x 0 Cruzeiro,1239,Flamengo,37.4,62.6,Casa,11.814814814814815,118,0.631578947368421,38.65365,13.678226264923252,24.347826086956523,32.075471698113205,2.2452906193515387,19,57.665655737704924,1.639344262295082,55.5,101.65,2,0,0.0865581010407069,43,38.85244186046511,62,43.97163120567376,3,1,0.10540086858725728,0.09727994661735684,44.76987447698745,9.043927648578812,17.925784966698384,24.561403508771928,25.49019607843137,0.5700930056245257,24,61.53846153846154,15,1.0,1.00416650269625,2.0,0.06694443351308334,17.516666666666666,1.00416650269625,2.0,0.0,2.0
81,2026,5,1955983,2026-03-12,Flamengo 2 x 0 Cruzeiro,1230,Cruzeiro,62.6,37.4,Fora,11.695652173913043,92,0.6842105263157895,38.70522727272728,17.925784966698384,24.561403508771928,25.49019607843137,2.5543497052950537,27,56.64272727272728,1.2987012987012987,48.80281690140845,148.73239436619718,3,1,0.10540086858725728,33,39.651818181818186,71,50.0,2,0,0.0865581010407069,-0.029933490794745055,55.23012552301255,8.924949290060852,13.678226264923252,24.347826086956523,32.075471698113205,0.4251029762551126,23,52.94117647058824,13,1.0,0.7620009993415303,0.0,0.05861546148781002,29.316666666666666,0.7620009993415303,-2.0,2.0,0.0
82,2026,5,1955985,2026-03-12,Vasco da Gama 2 x 1 Palmeiras,1226,Vasco da Gama,49.25,50.75,Casa,12.272727272727273,117,0.782608695652174,39.468676470588235,15.052705551651442,20.491803278688526,24.489795918367346,2.3088602600058743,25,63.44223529411765,5.88235294117647,57.88235294117647,73.03571428571429,6,1,0.0,55,44.87509090909091,71,39.66480446927375,12,2,0.4202819557354195,0.1529175906052913,57.10455764075068,9.382151029748284,14.815351194786388,32.592592592592595,21.428571428571427,0.8555506212936987,29,33.33333333333333,17,2.0,1.3875225515553342,2.0,0.08161897362090201,23.016666666666666,1.3875225515553342,1.0,1.0,2.0
83,2026,5,1955985,2026-03-12,Vasco da Gama 2 x 1 Palmeiras,1234,Palmeiras,50.75,49.25,Fora,8.071428571428571,135,0.6578947368421053,33.844724409448816,14.815351194786388,32.592592592592595,21.428571428571427,2.449528011098082,35,56.3810625,6.25,36.37662337662338,74.90140845070422,12,2,0.4202819557354195,50,36.9495,68,45.033112582781456,6,1,0.0,0.012688275093192924,42.89544235924933,9.090909090909092,15.052705551651442,20.491803278688526,24.489795918367346,0.7752288753057113,18,16.666666666666664,8,1.0,0.8011363810080999,1.0,0.10014204762601249,23.716666666666665,0.8011363810080999,-1.0,2.0,1.0
84,2026,5,1955987,2026-03-12,Sao Paulo 2 x 0 Chapecoense AF,1224,Sao Paulo,65.08,34.92,Casa,8.181818181818182,119,0.7333333333333333,36.378370786516854,15.138705416116247,14.685314685314685,25.0,2.7066905517290003,22,63.2705294117647,2.3529411764705883,57.595238095238095,90.79518072289157,2,1,0.0,49,36.743571428571435,77,45.02923976608187,12,4,0.24206147425114577,0.32237784290914284,64.59016393442623,10.317460317460316,16.413890857547837,29.03225806451613,18.9873417721519,1.1729145859581833,29,46.666666666666664,18,2.0,1.5836103727382311,2.0,0.08797835404101284,23.516666666666666,1.5836103727382311,2.0,0.0,2.0
85,2026,5,1955987,2026-03-12,Sao Paulo 2 x 0 Chapecoense AF,8865,Chapecoense AF,34.92,65.08,Fora,18.5,96,0.6666666666666666,31.908709677419353,16.413890857547837,29.03225806451613,18.9873417721519,2.588947754232782,45,52.10079207920793,0.0,69.58163265306122,166.72448979591837,12,4,0.24206147425114577,31,35.02258064516129,56,33.734939759036145,2,1,0.0,0.012800152041057444,35.40983606557377,17.064846416382252,15.138705416116247,14.685314685314685,25.0,0.5601927204498813,16,36.36363636363637,7,1.0,0.4960863442997748,0.0,0.07086947775711068,12.616666666666667,0.4960863442997748,-2.0,2.0,0.0
86,2026,5,1955989,2026-03-12,Corinthians 0 x 2 Coritiba,1236,Coritiba,37.29,62.71,Fora,15.0,85,0.8235294117647058,28.85241935483871,16.34821933295647,45.0,18.072289156626507,2.10964575713093,34,52.043028169014086,1.4084507042253522,60.294117647058826,164.76470588235293,7,2,0.0,33,31.789545454545458,42,31.57894736842105,3,0,0.0,0.012743540609630788,22.08955223880597,21.782178217821784,8.155893536121672,16.51376146788991,14.285714285714285,0.5664629843423676,9,33.33333333333333,4,1.0,0.5087227780269912,2.0,0.1271806945067478,17.533333333333335,0.5087227780269912,2.0,0.0,2.0
87,2026,5,1955989,2026-03-12,Corinthians 0 x 2 Coritiba,1237,Corinthians,62.71,37.29,Casa,5.304347826086956,73,0.8571428571428571,41.65915384615385,8.155893536121672,16.51376146788991,14.285714285714285,2.6609699218249396,9,74.081875,1.3888888888888888,99.82608695652173,139.62686567164178,3,0,0.0,30,41.79,73,52.51798561151079,7,2,0.0,0.011346554635505601,77.91044776119404,10.350877192982457,16.34821933295647,45.0,18.072289156626507,0.92458410371052,19,46.666666666666664,11,0.0,0.4810426695734229,0.0,0.04373115177940208,29.483333333333334,0.4810426695734229,-2.0,2.0,0.0
88,2026,5,1956000,2026-03-12,Remo 0 x 2 Fluminense,4617,Remo,31.3,68.7,Casa,26.647058823529413,108,0.6,38.458518518518524,16.894093686354378,29.850746268656714,29.310344827586203,2.5352665065084743,16,63.02270270270271,2.7027027027027026,70.64383561643835,120.27777777777777,6,0,0.1518377275034064,40,43.960875,58,38.15789473684211,9,3,0.1987435990272876,0.3079577282942765,31.818181818181817,13.311688311688311,14.88268156424581,25.833333333333336,15.0,0.6910333456841808,12,22.22222222222222,10,1.0,0.9377060534857848,0.0,0.09377060534857848,14.916666666666666,0.9377060534857848,-2.0,2.0,0.0
89,2026,5,1956000,2026-03-12,Remo 0 x 2 Fluminense,1232,Fluminense,68.7,31.3,Fora,8.5,112,0.64,33.22468085106383,14.88268156424581,25.833333333333336,15.0,3.4024206341847463,26,54.334500000000006,10.0,43.48571428571429,78.67647058823529,9,3,0.1987435990272876,48,35.04375,78,50.0,6,0,0.1518377275034064,0.07112912244095648,68.18181818181817,8.755760368663594,16.894093686354378,29.850746268656714,29.310344827586203,1.3150097799468279,30,47.05882352941176,15,2.0,1.471377963744847,2.0,0.09809186424965646,32.733333333333334,1.471377963744847,2.0,0.0,2.0
90,2026,5,1955995,2026-03-13,Gremio 1 x 1 Red Bull Bragantino,5438,Red Bull Bragantino,62.07,37.93,Fora,7.064516129032258,125,0.7096774193548387,43.49357142857142,12.814238042269189,16.546762589928058,36.58536585365854,4.390198975895366,11,68.46398734177217,5.063291139240507,48.92307692307692,81.23076923076923,6,1,0.10368039188658196,57,41.723684210526315,78,46.98795180722892,12,4,0.21468143101241427,0.13171829374338628,72.0,10.835214446952596,13.62338545207342,28.57142857142857,25.757575757575758,1.1384301496640332,22,52.94117647058824,20,2.0,1.7246286555624297,1.0,0.08623143277812148,24.516666666666666,1.7246286555624297,0.0,1.0,1.0
91,2026,5,1955995,2026-03-13,Gremio 1 x 1 Red Bull Bragantino,1244,Gremio,37.93,62.07,Casa,11.476190476190476,118,0.6363636363636364,31.56671875,13.62338545207342,28.57142857142857,25.757575757575758,2.8282221860019234,42,46.51753012048193,1.2048192771084338,54.629629629629626,108.92405063291139,12,4,0.21468143101241427,46,32.63673913043478,56,35.22012578616352,6,1,0.10368039188658196,0.19687176482411983,28.000000000000004,19.565217391304348,12.814238042269189,16.546762589928058,36.58536585365854,1.1049214144933006,21,46.666666666666664,13,4.0,1.757961449057618,1.0,0.13522780377366292,14.983333333333333,1.757961449057618,0.0,1.0,1.0
92,2026,5,1956004,2026-03-14,Botafogo RJ 0 x 3 Flamengo,1239,Flamengo,56.76,43.24,Fora,9.882352941176471,108,0.71875,42.03797872340426,16.58852061438965,19.82758620689655,15.0,2.2756735188693176,13,64.89646153846154,4.615384615384616,54.0,111.61904761904762,6,0,0.011486738886813598,47,43.371702127659574,68,46.25850340136054,10,2,0.17279494698849537,0.15325675401985883,65.86345381526104,6.993006993006993,18.177339901477833,31.775700934579437,17.80821917808219,1.040315324144005,21,69.23076923076923,18,2.0,1.6119840531267666,3.0,0.0895546696181537,27.066666666666666,1.6119840531267666,3.0,0.0,3.0
93,2026,5,1956004,2026-03-14,Botafogo RJ 0 x 3 Flamengo,1227,Botafogo RJ,43.24,56.76,Casa,16.714285714285715,102,0.5,36.33494117647059,18.177339901477833,31.775700934579437,17.80821917808219,2.307001806587452,38,48.130384615384614,3.8461538461538463,51.92,99.64179104477611,10,2,0.17279494698849537,42,34.13,64,47.40740740740741,6,0,0.011486738886813598,-0.0381131056963806,34.13654618473896,10.688836104513063,16.58852061438965,19.82758620689655,15.0,0.3882697075667725,9,50.0,7,0.0,0.2349599865175039,0.0,0.03356571235964342,20.616666666666667,0.2349599865175039,-3.0,3.0,0.0
94,2026,6,1956018,2026-03-14,Vitoria 2 x 0 Atletico MG,1238,Vitoria,31.49,68.51,Casa,10.5,133,0.6944444444444444,36.91625,14.156479217603913,27.692307692307693,20.8955223880597,2.7419526580326092,30,51.53797297297297,2.7027027027027026,36.608108108108105,103.1917808219178,5,0,0.0,48,37.419374999999995,50,30.864197530864196,8,1,0.0,0.012429850239495277,34.98349834983499,17.768595041322314,13.24468085106383,19.28571428571429,13.043478260869565,0.23607973259552484,10,83.33333333333334,9,0.0,0.40295733925373967,2.0,0.04477303769485996,12.533333333333333,0.40295733925373967,2.0,0.0,2.0
95,2026,6,1956018,2026-03-14,Vitoria 2 x 0 Atletico MG,1235,Atletico MG,68.51,31.49,Fora,8.75,111,0.782608695652174,34.91833333333333,13.24468085106383,19.28571428571429,13.043478260869565,1.850066874519835,16,67.11346153846154,0.0,52.02298850574713,132.91764705882352,8,1,0.0,41,36.12512195121951,75,46.2962962962963,5,0,0.0,0.025765570738684573,65.01650165016501,10.975609756097562,14.156479217603913,27.692307692307693,20.8955223880597,1.0864587773834113,25,57.14285714285714,12,3.0,1.3662995334845813,0.0,0.11385829445704844,27.266666666666666,1.3662995334845813,-2.0,2.0,0.0
96,2026,6,1956002,2026-03-15,Fluminense 3 x 2 Athletico Paranaense,1243,Athletico Paranaense,22.66,77.34,Fora,22.36842105263158,80,0.5909090909090909,36.69528169014085,20.405924300603402,32.142857142857146,52.83018867924528,2.186615059531422,24,47.565,5.0,85.91525423728814,194.6206896551724,4,3,0.35460256623896014,28,39.213750000000005,37,33.035714285714285,2,0,0.0,-0.0011394737398453536,11.851851851851853,18.71345029239766,13.03370786516854,14.14141414141414,19.230769230769234,0.34546023446379115,6,40.0,4,2.0,0.7963544207568902,2.0,0.19908860518922256,8.9,0.7963544207568902,-1.0,3.0,2.0
97,2026,6,1956002,2026-03-15,Fluminense 3 x 2 Athletico Paranaense,1232,Fluminense,77.34,22.66,Casa,7.388888888888889,82,0.7333333333333333,40.55933823529412,13.03370786516854,14.14141414141414,19.230769230769234,4.010443749487664,21,53.37500000000001,6.25,55.191489361702125,135.38297872340425,2,0,0.0,39,38.21192307692308,61,53.50877192982456,4,3,0.35460256623896014,0.08567157176801565,88.14814814814815,5.131964809384164,20.405924300603402,32.142857142857146,52.83018867924528,1.221110646333636,43,71.42857142857143,24,5.0,2.509538186322821,3.0,0.10456409109678422,30.383333333333333,2.509538186322821,1.0,2.0,3.0
98,2026,6,1956006,2026-03-15,Santos FC 1 x 1 Corinthians,1237,Corinthians,55.91,44.09,Fora,7.615384615384615,102,0.7916666666666666,36.129230769230766,14.389140271493213,20.535714285714285,19.230769230769234,2.453434398294716,29,53.74979166666667,2.7777777777777777,65.44285714285714,106.203125,6,1,0.31582446808510634,36,37.9225,67,43.506493506493506,6,1,0.1415247617005018,0.14980460577571852,52.23214285714286,9.6,15.36128456735058,21.6,24.074074074074073,0.5209474123130606,18,38.46153846153847,10,0.0,0.5723028497770025,1.0,0.05723028497770025,18.683333333333334,0.5723028497770025,0.0,1.0,1.0
99,2026,6,1956006,2026-03-15,Santos FC 1 x 1 Corinthians,1241,Santos FC,44.09,55.91,Casa,7.870967741935484,109,0.7916666666666666,43.28739130434783,15.36128456735058,21.6,24.074074074074073,2.506359972887773,25,56.477229729729736,0.0,48.89041095890411,136.77464788732394,6,1,0.1415247617005018,39,47.41153846153846,50,34.72222222222222,6,1,0.31582446808510634,0.013830811084155847,47.767857142857146,11.37123745819398,14.389140271493213,20.535714285714285,19.230769230769234,0.6422747463136891,15,50.0,11,1.0,0.8281874811039416,1.0,0.07528977100944924,14.733333333333333,0.8281874811039416,0.0,1.0,1.0
100,2026,6,1956008,2026-03-15,Palmeiras 1 x 0 Mirassol,1234,Palmeiras,40.35,59.65,Casa,12.090909090909092,101,0.6363636363636364,33.05689655172414,15.084007467330428,38.775510204081634,29.230769230769234,2.063843714950254,34,47.506323529411766,1.4705882352941175,46.76470588235294,153.72727272727272,5,1,0.0,38,37.1175,67,48.201438848920866,6,0,0.029446876243533624,0.00047245120640004856,35.31353135313531,13.774104683195592,15.45538178472861,22.131147540983605,23.25581395348837,0.511176214772338,12,70.0,11,1.0,0.6332808388477588,1.0,0.05757098534979625,18.116666666666667,0.6332808388477588,1.0,0.0,1.0
101,2026,6,1956008,2026-03-15,Palmeiras 1 x 0 Mirassol,6332,Mirassol,59.65,40.35,Fora,7.8,92,0.4,43.08121621621622,15.45538178472861,22.131147540983605,23.25581395348837,2.336721894481747,12,67.5941304347826,2.898550724637681,50.47826086956522,154.47058823529412,6,0,0.029446876243533624,34,41.49970588235294,68,53.96825396825397,5,1,0.0,0.04215335347016547,64.68646864686468,9.73630831643002,15.084007467330428,38.775510204081634,29.230769230769234,0.6917124686742717,21,21.052631578947366,12,1.0,0.9292121431795785,0.0,0.07743434526496487,26.783333333333335,0.9292121431795785,-1.0,1.0,0.0
102,2026,6,1956010,2026-03-15,Red Bull Bragantino 1 x 2 Sao Paulo,1224,Sao Paulo,45.78,54.22,Fora,10.052631578947368,105,0.3,32.24018518518519,12.811950790861161,31.73076923076923,24.59016393442623,3.4491088250397506,26,56.93739130434783,0.0,50.578125,192.66666666666666,5,0,0.0,28,36.13875,50,39.37007874015748,5,0,0.0,0.016084871689558966,40.3041825095057,11.801242236024844,15.109261186264309,26.21359223300971,17.647058823529413,0.8828282102214793,13,44.44444444444444,4,1.0,0.7371202645983544,2.0,0.1842800661495886,16.016666666666666,0.7371202645983544,1.0,1.0,2.0
103,2026,6,1956010,2026-03-15,Red Bull Bragantino 1 x 2 Sao Paulo,5438,Red Bull Bragantino,54.22,45.78,Casa,8.653846153846153,117,0.7391304347826086,39.106097560975606,15.109261186264309,26.21359223300971,17.647058823529413,3.0955459693980747,21,61.49937500000001,2.7777777777777777,60.54929577464789,134.44615384615383,5,0,0.0,36,32.442083333333336,59,43.38235294117647,5,0,0.0,0.016564157244590483,59.6958174904943,19.753086419753085,12.811950790861161,31.73076923076923,24.59016393442623,0.6059845101021977,28,53.333333333333336,13,0.0,0.5136302164691524,1.0,0.03951001665147326,18.966666666666665,0.5136302164691524,-1.0,2.0,1.0
104,2026,6,1956012,2026-03-15,Cruzeiro 3 x 3 Vasco da Gama,1230,Cruzeiro,64.87,35.13,Casa,6.6,106,0.5833333333333334,39.62482758620689,16.424581005586592,24.545454545454547,22.448979591836736,2.7193466699360895,15,62.91393442622952,3.278688524590164,53.483333333333334,119.7457627118644,4,1,0.03709371811689259,37,42.26675675675676,61,48.031496062992126,6,1,0.0,0.05498634335248376,61.25000000000001,7.291666666666667,13.97459165154265,41.74757281553398,29.230769230769234,1.296044615155941,24,52.63157894736842,20,4.0,1.7781097343314174,3.0,0.08890548671657086,27.55,1.7781097343314174,0.0,3.0,3.0
105,2026,6,1956012,2026-03-15,Cruzeiro 3 x 3 Vasco da Gama,1226,Vasco da Gama,35.13,64.87,Fora,27.666666666666668,83,0.7142857142857143,28.472027027027025,13.97459165154265,41.74757281553398,29.230769230769234,2.662847225506863,26,54.67985915492959,2.8169014084507045,78.98461538461538,113.859375,6,1,0.0,34,30.89779411764706,55,40.74074074074074,4,1,0.03709371811689259,0.07407487852430261,38.75,15.527950310559005,16.424581005586592,24.545454545454547,22.448979591836736,0.6938596179685321,19,81.81818181818183,15,3.0,1.663908336660557,3.0,0.11092722244403713,14.916666666666666,1.663908336660557,0.0,3.0,3.0
106,2026,6,1956014,2026-03-15,Internacional 0 x 1 Bahia,1221,Bahia,42.63,57.37,Fora,8.84,120,0.7741935483870968,32.259439655172415,13.75609756097561,31.851851851851855,30.952380952380953,2.3488014042541394,40,45.1367088607595,3.79746835443038,45.32051282051282,131.78947368421052,10,4,0.36936763911698856,36,39.68416666666667,58,36.477987421383645,2,0,0.0,0.0224451816756166,29.87551867219917,12.903225806451612,16.673960612691467,14.482758620689657,21.875,0.5122370271082777,12,42.857142857142854,7,1.0,0.9185139265299892,1.0,0.13121627521856988,15.233333333333333,0.9185139265299892,1.0,0.0,1.0
107,2026,6,1956014,2026-03-15,Internacional 0 x 1 Bahia,1219,Internacional,57.37,42.63,Casa,6.641025641025641,127,0.8125,45.42277173913043,16.673960612691467,14.482758620689657,21.875,2.4255898746156404,16,64.85033333333334,7.777777777777778,48.96666666666667,92.64634146341463,2,0,0.0,47,40.82712765957447,84,46.666666666666664,10,4,0.36936763911698856,0.18760215043188788,70.12448132780082,15.64102564102564,13.75609756097561,31.851851851851855,30.952380952380953,0.766160488928626,25,30.76923076923077,14,3.0,2.029598706785038,0.0,0.1449713361989313,20.5,2.029598706785038,-1.0,1.0,0.0
108,2026,6,1956016,2026-03-15,Coritiba 1 x 0 Remo,1236,Coritiba,41.95,58.05,Casa,9.333333333333334,103,0.5714285714285714,33.42033333333333,16.58450704225352,27.049180327868854,10.294117647058822,2.029741187210054,23,53.473,3.3333333333333335,55.28333333333333,129.5,4,1,0.02350275169957915,35,35.832,53,42.4,5,2,0.595695618754804,0.25989234472720213,33.054393305439326,14.583333333333334,14.543239951278927,19.0,32.55813953488372,0.7948957366626024,21,50.0,8,2.0,1.1082488412589717,1.0,0.13853110515737146,13.683333333333334,1.1082488412589717,1.0,0.0,1.0
109,2026,6,1956016,2026-03-15,Coritiba 1 x 0 Remo,4617,Remo,58.05,41.95,Fora,10.55,94,0.75,35.20829268292683,14.543239951278927,19.0,32.55813953488372,4.05237444744986,16,64.209,4.285714285714286,69.3529411764706,137.3030303030303,5,2,0.595695618754804,40,38.524499999999996,66,41.509433962264154,4,1,0.02350275169957915,0.08094408670861242,66.94560669456067,10.44776119402985,16.58450704225352,27.049180327868854,10.294117647058822,0.44420765232602477,10,42.857142857142854,14,1.0,0.8824026929812965,0.0,0.06302876378437831,18.933333333333334,0.8824026929812965,-1.0,1.0,0.0
110,2026,6,1956020,2026-03-16,Chapecoense AF 1 x 1 Gremio,8865,Chapecoense AF,34.24,65.76,Casa,12.925925925925926,97,0.6206896551724138,36.933109756097565,16.079077429983524,39.09090909090909,18.51851851851852,2.1748162177404424,28,57.047426470588235,4.411764705882353,63.76923076923077,154.59677419354838,8,1,0.03709371811689259,38,38.581973684210524,55,41.04477611940299,4,0,0.0,-0.008168949215474175,31.475409836065577,15.737704918032788,13.60759493670886,27.102803738317753,24.074074074074073,0.4412354338517339,11,53.84615384615385,10,1.0,0.4593723458275619,0.0,0.04593723458275619,15.8,1.2532709766226615,0.0,1.0,1.0
111,2026,6,1956020,2026-03-16,Chapecoense AF 1 x 1 Gremio,1244,Gremio,65.76,34.24,Fora,17.333333333333332,79,0.4444444444444444,37.66875,13.60759493670886,27.102803738317753,24.074074074074073,1.9502598278947871,20,64.7731875,3.75,72.9367088607595,115.83333333333333,4,0,0.0,42,45.1875,76,51.006711409395976,8,1,0.03709371811689259,0.04760552467264656,68.52459016393443,12.392426850258175,16.079077429983524,39.09090909090909,18.51851851851852,0.9557962500093165,20,33.33333333333333,13,1.0,0.9068385661106471,1.0,0.06975681277774208,30.35,0.9068385661106471,0.0,1.0,1.0
112,2026,7,1956028,2026-03-18,Palmeiras 2 x 1 Botafogo RJ,1227,Botafogo RJ,49.78,50.22,Fora,8.9375,102,0.6129032258064516,42.11297468354431,16.583690987124463,24.778761061946902,31.372549019607842,4.448970679118399,22,61.38865384615385,5.128205128205128,47.782051282051285,137.16883116883116,7,3,0.5389418047705121,38,44.16078947368422,78,54.166666666666664,9,0,0.0,-0.06008114141259613,46.31147540983606,16.483516483516482,14.233766233766234,27.82608695652174,13.793103448275861,0.5145633910529002,12,25.0,6,2.0,0.8650738906594265,1.0,0.1441789817765711,19.25,0.8650738906594265,-1.0,2.0,1.0
113,2026,7,1956028,2026-03-18,Palmeiras 2 x 1 Botafogo RJ,1234,Palmeiras,50.22,49.78,Casa,12.35,105,0.65625,33.23005813953488,14.233766233766234,27.82608695652174,13.793103448275861,2.107502362872592,30,55.51098591549296,1.4084507042253522,60.31884057971015,102.61194029850746,9,0,0.0,46,33.9195652173913,61,42.95774647887324,7,3,0.5389418047705121,0.2112340139724007,53.68852459016394,9.620253164556962,16.583690987124463,24.778761061946902,31.372549019607842,1.1399488872354722,32,56.25,19,3.0,1.9823205629663532,2.0,0.10433266120875544,19.416666666666668,1.9823205629663532,1.0,1.0,2.0
114,2026,7,1956030,2026-03-18,Mirassol 0 x 1 Coritiba,6332,Mirassol,69.61,30.39,Casa,10.125,89,0.6,35.35583333333334,12.437357630979498,19.469026548672566,24.444444444444443,2.4693600265728444,11,68.7456617647059,1.4705882352941175,55.029411764705884,128.328125,6,3,0.36863311019601475,39,36.103846153846156,79,50.967741935483865,8,0,0.043236032642812304,0.0636985132022545,66.93766937669376,8.064516129032258,15.454997513674789,42.98245614035088,23.52941176470588,1.7403359227479323,28,55.00000000000001,21,2.0,1.7761824642486235,0.0,0.08458011734517254,33.516666666666666,1.7761824642486235,-1.0,1.0,0.0
115,2026,7,1956030,2026-03-18,Mirassol 0 x 1 Coritiba,1236,Coritiba,30.39,69.61,Fora,28.25,99,0.7391304347826086,28.309531250000006,15.454997513674789,42.98245614035088,23.52941176470588,2.6767557971930667,30,52.09272727272728,3.0303030303030303,60.46153846153846,125.21538461538462,8,0,0.043236032642812304,38,34.95671052631579,53,37.5886524822695,6,3,0.36863311019601475,0.16354473067613506,33.06233062330624,18.75,12.437357630979498,19.469026548672566,24.444444444444443,0.42088964599234235,24,45.45454545454545,14,3.0,1.740723249740232,1.0,0.12433737498144515,14.633333333333333,1.740723249740232,1.0,0.0,1.0
116,2026,7,1956032,2026-03-18,Atletico MG 1 x 0 Sao Paulo,1235,Atletico MG,33.55,66.45,Casa,19.0,83,0.6666666666666666,31.73150602409639,18.853831294269156,34.10852713178294,17.391304347826086,2.289114128096398,34,50.24471830985915,0.0,74.0,146.53623188405797,9,4,0.0,32,31.8740625,45,32.142857142857146,3,1,0.03431704345471774,0.029730589234737703,31.93916349809886,23.376623376623375,11.785714285714286,17.647058823529413,34.146341463414636,0.8636189114159913,17,50.0,13,1.0,1.2290193064638348,1.0,0.09453994665106422,13.066666666666666,1.2290193064638348,1.0,0.0,1.0
117,2026,7,1956032,2026-03-18,Atletico MG 1 x 0 Sao Paulo,1224,Sao Paulo,66.45,33.55,Fora,9.0,91,0.8571428571428571,38.6658904109589,11.785714285714286,17.647058823529413,34.146341463414636,4.569801819888918,13,64.39125,2.631578947368421,51.17567567567568,88.58904109589041,3,1,0.03431704345471774,40,38.8185,76,49.35064935064935,9,4,0.0,0.12798809779377862,68.06083650190115,6.643952299829642,18.853831294269156,34.10852713178294,17.391304347826086,0.9549279106325583,13,41.66666666666667,12,1.0,0.7023162184488512,0.0,0.058526351537404264,25.883333333333333,0.7023162184488512,-1.0,1.0,0.0
118,2026,6,1956036,2026-03-18,Athletico Paranaense 2 x 1 Cruzeiro,1230,Cruzeiro,53.78,46.22,Fora,11.478260869565217,92,0.8,35.20227272727273,15.214827295703452,28.92561983471074,24.137931034482758,2.004749004599713,17,58.77738461538462,1.5384615384615385,67.87692307692308,168.34426229508196,3,2,0.051125057400887804,25,36.741600000000005,76,53.90070921985816,4,0,0.0,0.006227693567300463,51.63934426229508,11.352657004830919,13.729181752353368,28.09917355371901,16.9811320754717,0.5617740104576883,11,44.44444444444444,11,2.0,1.0980448998049537,1.0,0.09982226361863215,23.016666666666666,1.0980448998049537,-1.0,2.0,1.0
119,2026,6,1956036,2026-03-18,Athletico Paranaense 2 x 1 Cruzeiro,1243,Athletico Paranaense,46.22,53.78,Casa,9.35483870967742,112,0.631578947368421,39.43875,13.729181752353368,28.09917355371901,16.9811320754717,1.9961780953874113,18,60.8545945945946,1.3513513513513513,72.21621621621621,145.0144927536232,4,0,0.0,36,40.48916666666667,63,43.15068493150685,3,2,0.051125057400887804,0.046450991629356064,48.36065573770492,14.138817480719796,15.214827295703452,28.92561983471074,24.137931034482758,0.44340467841367737,12,42.857142857142854,7,0.0,0.234896115741566,1.0,0.03355658796308086,19.783333333333335,1.0287947465366656,1.0,1.0,2.0
120,2026,7,1956037,2026-03-18,Bahia 2 x 0 Red Bull Bragantino,1221,Bahia,52.38,47.62,Casa,5.944444444444445,129,0.45161290322580644,38.105825242718446,12.060050041701418,20.967741935483872,26.923076923076923,2.889796164827681,26,57.81954545454546,3.896103896103896,46.08,85.98648648648648,11,2,0.2052896725440806,52,39.41942307692308,74,45.1219512195122,12,4,1.0821752498320643,0.7449220207461598,55.16014234875445,11.973392461197339,16.557998483699773,27.611940298507463,33.84615384615385,1.44268509601266,30,50.0,15,5.0,2.564983715671074,2.0,0.1709989143780716,21.983333333333334,2.564983715671074,2.0,0.0,2.0
121,2026,7,1956037,2026-03-18,Bahia 2 x 0 Red Bull Bragantino,5438,Red Bull Bragantino,47.62,52.38,Fora,12.375,123,0.6428571428571429,40.31076923076923,16.557998483699773,27.611940298507463,33.84615384615385,3.1742843545752817,22,58.983040540540536,1.3513513513513513,40.351351351351354,93.74324324324324,12,4,1.0821752498320643,50,40.3998,74,47.74193548387097,11,2,0.2052896725440806,0.14933903505567958,44.83985765124555,12.874251497005988,12.060050041701418,20.967741935483872,26.923076923076923,0.8898535079267491,25,64.28571428571429,15,2.0,1.4260750490203669,0.0,0.09507166993469113,19.983333333333334,1.4260750490203669,-2.0,2.0,0.0
122,2026,7,1956022,2026-03-19,Flamengo 3 x 0 Remo,1239,Flamengo,66.69,33.31,Casa,6.675675675675675,108,0.76,46.578238636363636,15.783475783475783,15.909090909090908,35.714285714285715,2.223759996423461,7,73.29729166666668,1.3888888888888888,54.69565217391305,112.57971014492753,6,2,0.11464088397790055,47,44.439574468085105,74,55.223880597014926,9,3,0.0,0.16414836844922753,70.35714285714286,4.057971014492753,17.30550284629981,46.601941747572816,24.0,1.0302402251882765,29,33.33333333333333,11,1.0,0.8028511599896081,3.0,0.07298646908996437,35.13333333333333,0.8028511599896081,3.0,0.0,3.0
123,2026,7,1956022,2026-03-19,Flamengo 3 x 0 Remo,4617,Remo,33.31,66.69,Fora,32.76923076923077,97,0.6842105263157895,28.828085106382982,17.30550284629981,46.601941747572816,24.0,2.629288790863537,30,50.75760869565218,1.4492753623188406,50.01449275362319,97.19117647058823,9,3,0.0,46,31.883478260869566,56,40.28776978417266,6,2,0.11464088397790055,0.2572000606567184,29.642857142857142,10.364145658263306,15.783475783475783,15.909090909090908,35.714285714285715,0.6899417440237277,14,50.0,7,0.0,0.5345520065575906,0.0,0.07636457236537009,17.55,0.5345520065575906,-3.0,3.0,0.0
124,2026,7,1956024,2026-03-19,Vasco da Gama 3 x 2 Fluminense,1232,Fluminense,45.82,54.18,Fora,14.133333333333333,99,0.6956521739130435,31.053750000000004,14.512471655328797,32.758620689655174,17.80821917808219,2.3123784768840148,28,50.586000000000006,2.857142857142857,72.41428571428571,190.15942028985506,9,2,0.04858045700370619,34,33.72661764705882,55,40.44117647058824,4,1,0.481712238532987,0.11158972113633636,35.842293906810035,9.234828496042216,15.710455764075068,17.5,17.647058823529413,0.49450904343410484,14,66.66666666666666,14,2.0,1.3484282451286718,2.0,0.09631630322347655,18.65,1.3484282451286718,-1.0,3.0,2.0
125,2026,7,1956024,2026-03-19,Vasco da Gama 3 x 2 Fluminense,1226,Vasco da Gama,54.18,45.82,Casa,10.035714285714286,121,0.64,38.32181818181817,15.710455764075068,17.5,17.647058823529413,2.401743634302813,17,65.93112676056337,2.8169014084507045,50.405797101449274,92.57575757575758,4,1,0.481712238532987,46,37.62423913043479,73,48.026315789473685,9,2,0.04858045700370619,0.06583854772825415,64.15770609318996,12.135922330097088,14.512471655328797,32.758620689655174,17.80821917808219,1.0394295880196158,16,53.84615384615385,16,2.0,1.1364298055563027,3.0,0.07102686284726892,22.05,1.1364298055563027,1.0,2.0,3.0
126,2026,7,1956026,2026-03-19,Santos FC 1 x 2 Internacional,1219,Internacional,34.59,65.41,Fora,13.8,116,0.6521739130434783,33.74829896907217,14.632034632034632,22.535211267605636,23.636363636363637,1.982391897407142,28,57.638368421052625,2.1052631578947367,66.36842105263158,170.41379310344828,8,0,0.0,37,37.8227027027027,51,29.310344827586203,2,1,0.029446876243533624,0.028112523341835338,40.140845070422536,18.21428571428571,13.178717598908595,22.794117647058822,17.1875,0.7821741293630411,17,45.45454545454545,17,3.0,1.5526546494909004,1.0,0.0913326264406412,12.216666666666667,1.5526546494909004,1.0,1.0,2.0
127,2026,7,1956026,2026-03-19,Santos FC 1 x 2 Internacional,1241,Santos FC,65.41,34.59,Casa,9.0,113,0.7222222222222222,31.622673267326732,13.178717598908595,22.794117647058822,17.1875,3.304283549918917,26,57.00655172413793,5.747126436781609,52.26744186046512,130.52325581395348,2,1,0.029446876243533624,46,35.87119565217391,74,44.047619047619044,8,0,0.0,0.06510969176679504,59.859154929577464,11.868131868131867,14.632034632034632,22.535211267605636,23.636363636363637,0.625936362817253,18,53.84615384615385,10,0.0,0.3862585185179048,0.0,0.03862585185179048,23.1,1.1801571493130045,-1.0,2.0,1.0
128,2026,7,1956034,2026-03-19,Gremio 2 x 0 Vitoria,1238,Vitoria,56.06,43.94,Fora,9.454545454545455,100,0.7391304347826086,39.32636842105263,14.88888888888889,20.610687022900763,20.37037037037037,2.57343325581729,27,56.67123287671233,2.73972602739726,43.95890410958904,111.45205479452055,7,2,0.07979388935717828,45,40.09366666666667,73,49.32432432432432,6,0,0.0,-0.006664686348647475,50.40650406504065,9.850107066381156,16.110304789550074,26.190476190476193,20.37037037037037,0.665750596587189,13,45.45454545454545,8,1.0,0.5046414796340601,0.0,0.06308018495425752,22.966666666666665,0.5046414796340601,-2.0,2.0,0.0
129,2026,7,1956034,2026-03-19,Gremio 2 x 0 Vitoria,1244,Gremio,43.94,56.06,Casa,13.652173913043478,103,0.631578947368421,35.83691176470588,16.110304789550074,26.190476190476193,20.37037037037037,2.788964208031615,26,55.40404109589041,2.73972602739726,58.32394366197183,146.0,6,0,0.0,47,40.60372340425532,57,35.625,7,2,0.07979388935717828,0.04100949113953156,49.59349593495935,14.730878186968837,14.88888888888889,20.610687022900763,20.37037037037037,0.6900774440363113,19,72.72727272727273,14,0.0,0.7330760008333853,1.0,0.052362571488098954,18.0,0.7330760008333853,2.0,0.0,2.0
130,2026,7,1956039,2026-03-20,Chapecoense AF 0 x 0 Corinthians,1237,Corinthians,65.32,34.68,Fora,11.421052631578947,96,0.7058823529411765,37.9665,14.519572953736654,24.074074074074073,26.08695652173913,1.8295224011070168,15,63.01560810810812,2.7027027027027026,60.95945945945946,110.98591549295774,9,0,0.11719973344108706,42,40.295,77,51.33333333333333,7,1,0.17749464402515353,0.10515454386618117,63.02521008403361,10.881801125703564,16.586901763224184,30.252100840336134,23.4375,0.9081324506082638,19,40.0,13,2.0,1.0757058720729489,0.0,0.082746605544073,26.466666666666665,1.0757058720729489,0.0,0.0,0.0
131,2026,7,1956039,2026-03-20,Chapecoense AF 0 x 0 Corinthians,8865,Chapecoense AF,34.68,65.32,Casa,15.5,102,0.65,38.606707317073166,16.586901763224184,30.252100840336134,23.4375,2.3033379637188665,26,51.523500000000006,1.4285714285714286,73.1029411764706,157.85,7,1,0.17749464402515353,32,43.42734375,62,47.69230769230769,9,0,0.11719973344108706,0.07174763428594533,36.97478991596639,19.655172413793103,14.519572953736654,24.074074074074073,26.08695652173913,0.3392416738228108,15,50.0,14,2.0,0.9967801622789122,0.0,0.0711985830199223,14.05,0.9967801622789122,0.0,0.0,0.0
132,2026,7,1956041,2026-03-21,Fluminense 1 x 0 Atletico MG,1232,Fluminense,54.39,45.61,Casa,7.666666666666667,113,0.6,40.0039175257732,13.905109489051096,23.484848484848484,22.448979591836736,3.459235414075381,20,59.44166666666667,4.166666666666666,39.647887323943664,110.68571428571428,6,2,0.45187938868236266,39,45.38153846153846,64,41.02564102564102,9,1,0.050104653734185454,0.043002785496812024,56.14754098360656,6.724511930585683,17.12318286151492,22.83464566929134,18.181818181818183,0.44053179829463507,18,60.0,14,1.0,0.7233591549389216,1.0,0.051668511067065825,21.783333333333335,0.7233591549389216,1.0,0.0,1.0
133,2026,7,1956041,2026-03-21,Fluminense 1 x 0 Atletico MG,1235,Atletico MG,45.61,54.39,Fora,13.727272727272727,105,0.6666666666666666,36.7727027027027,17.12318286151492,22.83464566929134,18.181818181818183,2.6877721968723773,33,51.33731707317073,2.4390243902439024,59.525,121.71232876712328,9,1,0.050104653734185454,40,35.112,70,45.751633986928105,6,2,0.45187938868236266,0.2548964561682552,43.85245901639344,17.72853185595568,13.905109489051096,23.484848484848484,22.448979591836736,1.0404079270739746,18,81.81818181818183,14,5.0,2.269574939294831,0.0,0.16211249566391647,18.266666666666666,2.269574939294831,-1.0,1.0,0.0
134,2026,8,1956049,2026-03-21,Red Bull Bragantino 1 x 2 Botafogo RJ,1227,Botafogo RJ,34.99,65.01,Fora,19.071428571428573,99,0.7333333333333333,29.381010638297877,12.948453608247423,25.833333333333336,26.38888888888889,3.36792773802365,39,50.99375,3.571428571428571,59.09756097560975,117.55555555555556,6,2,0.03120220250841236,43,34.444883720930235,50,33.11258278145696,6,1,0.025644248900062852,0.0299726205853017,30.864197530864196,20.577617328519857,14.176245210727968,11.475409836065573,31.70731707317073,0.6655738757958853,16,53.84615384615385,7,1.0,0.6356368530078305,1.0,0.09080526471540436,13.05,1.4295354838029302,1.0,1.0,2.0
135,2026,8,1956049,2026-03-21,Red Bull Bragantino 1 x 2 Botafogo RJ,5438,Red Bull Bragantino,65.01,34.99,Casa,13.933333333333334,103,0.7619047619047619,34.776,14.176245210727968,11.475409836065573,31.70731707317073,2.7381567848569777,17,68.4375,3.571428571428571,68.47619047619048,135.81927710843374,6,1,0.025644248900062852,44,39.58977272727273,72,43.63636363636363,6,2,0.03120220250841236,0.07004590023135915,69.1358024691358,12.980769230769232,12.948453608247423,25.833333333333336,26.38888888888889,1.3910389966567007,33,42.10526315789473,18,5.0,1.9391545472790637,1.0,0.1077308081821702,24.25,1.9391545472790637,-1.0,2.0,1.0
136,2026,8,1955748,2026-03-22,Cruzeiro 0 x 0 Santos FC,1230,Cruzeiro,64.02,35.98,Casa,7.806451612903226,104,0.75,44.397000000000006,14.864864864864865,12.5,6.25,1.65163438746843,16,65.03674698795182,1.2048192771084338,53.5679012345679,138.22666666666666,5,0,0.0,34,43.67382352941176,75,51.02040816326531,5,2,0.0,0.03132833970932758,69.79166666666666,12.295081967213115,14.430379746835444,31.62393162393162,23.88059701492537,0.9100130579489831,18,31.25,8,1.0,0.8623181467515071,0.0,0.10778976834393839,26.333333333333332,0.8623181467515071,0.0,0.0,0.0
137,2026,8,1955748,2026-03-22,Cruzeiro 0 x 0 Santos FC,1241,Santos FC,35.98,64.02,Fora,13.958333333333334,111,0.64,34.38031578947368,14.430379746835444,31.62393162393162,23.88059701492537,2.606547559932149,36,46.71818181818182,1.2987012987012987,59.23376623376623,121.23376623376623,5,2,0.0,39,37.417692307692306,64,42.384105960264904,5,0,0.0,0.02993776819908689,30.208333333333332,16.037735849056602,14.864864864864865,12.5,6.25,0.1068653086684459,3,0.0,5,0.0,0.12908874138676446,0.0,0.025817748277352892,14.8,0.12908874138676446,0.0,0.0,0.0
138,2026,8,1955750,2026-03-22,Internacional 2 x 0 Chapecoense AF,1219,Internacional,46.92,53.08,Casa,10.096774193548388,126,0.7037037037037037,41.15025773195876,14.265129682997118,20.76923076923077,14.285714285714285,2.192865942025886,22,59.87592592592593,3.7037037037037033,48.6625,106.68831168831169,4,2,0.08746425024564292,49,42.945,62,37.80487804878049,6,2,0.34475934281099474,0.0344389723732621,54.581673306772906,13.526570048309178,15.11002444987775,22.400000000000002,25.396825396825395,0.9748919932056759,26,43.75,13,4.0,1.9759652462808668,1.0,0.15199732663698975,20.45,2.7698638770759665,2.0,0.0,2.0
139,2026,8,1955750,2026-03-22,Internacional 2 x 0 Chapecoense AF,8865,Chapecoense AF,53.08,46.92,Fora,17.866666666666667,101,0.7619047619047619,35.04529411764706,15.11002444987775,22.400000000000002,25.396825396825395,3.6391293400063085,34,54.855862068965514,2.2988505747126435,61.73809523809524,134.36904761904762,6,2,0.34475934281099474,43,35.92953488372093,66,41.25,4,2,0.08746425024564292,0.11360178494547135,45.41832669322709,12.471655328798185,14.265129682997118,20.76923076923077,14.285714285714285,0.5688218801917175,11,75.0,10,0.0,0.58348661132447,0.0,0.058348661132447,23.133333333333333,0.58348661132447,-2.0,2.0,0.0
140,2026,8,1955753,2026-03-22,Athletico Paranaense 2 x 0 Coritiba,1243,Athletico Paranaense,53.19,46.81,Casa,16.705882352941178,80,0.7692307692307693,43.27626760563381,14.222222222222221,13.861386138613863,14.814814814814813,1.3555825181729997,14,68.20601351351351,1.3513513513513513,60.43055555555556,112.11267605633803,1,0,0.0,34,46.20308823529412,56,44.44444444444444,8,2,0.04891684136967156,0.0636925796625607,76.33136094674556,11.827956989247312,14.27872860635697,31.958762886597935,15.0,0.6554730445229104,13,44.44444444444444,6,2.0,1.245576291388522,2.0,0.20759604856475367,20.45,1.245576291388522,2.0,0.0,2.0
141,2026,8,1955753,2026-03-22,Athletico Paranaense 2 x 0 Coritiba,1236,Coritiba,46.81,53.19,Fora,20.166666666666668,72,0.7333333333333333,27.217399999999998,14.27872860635697,31.958762886597935,15.0,2.7859869123457863,30,49.36369565217392,1.4492753623188406,67.1159420289855,169.98529411764707,8,2,0.04891684136967156,30,31.4125,54,46.95652173913044,1,0,0.0,0.029450694003450018,23.668639053254438,11.384615384615385,14.222222222222221,13.861386138613863,14.814814814814813,0.12028717175260484,4,25.0,4,0.0,0.2009088757248979,0.0,0.05022721893122448,18.0,0.2009088757248979,-2.0,2.0,0.0
142,2026,8,1955756,2026-03-22,Vitoria 1 x 0 Mirassol,6332,Mirassol,64.06,35.94,Fora,9.227272727272727,129,0.7307692307692307,36.20242990654206,15.142857142857142,20.56737588652482,21.568627450980394,2.2111833751156,21,61.792500000000004,3.3333333333333335,46.348314606741575,89.02272727272727,10,3,0.27513636904607963,47,37.33531914893617,86,47.25274725274725,7,0,0.0,0.03907232722087661,59.62962962962963,10.755148741418765,13.466933867735472,20.54794520547945,29.230769230769234,0.9762524614338648,27,36.84210526315789,14,2.0,1.0951113809196056,0.0,0.07822224149425754,24.95,1.0951113809196056,-1.0,1.0,0.0
143,2026,8,1955756,2026-03-22,Vitoria 1 x 0 Mirassol,1238,Vitoria,35.94,64.06,Casa,9.862068965517242,150,0.5555555555555556,33.90912,13.466933867735472,20.54794520547945,29.230769230769234,2.7805515844991002,35,51.93451807228916,2.4096385542168677,50.670731707317074,100.68354430379746,7,0,0.0,51,37.60647058823529,45,27.10843373493976,10,3,0.27513636904607963,0.14293195441080853,40.370370370370374,16.27906976744186,15.142857142857142,20.56737588652482,21.568627450980394,0.2737421714925712,16,36.36363636363637,13,0.0,0.7063768668874884,1.0,0.05433668206826833,14.0,0.7063768668874884,1.0,0.0,1.0
144,2026,8,1955759,2026-03-22,Remo 4 x 1 Bahia,4617,Remo,29.89,70.11,Casa,15.136363636363637,109,0.6206896551724138,31.800445544554453,14.550095724313975,22.55639097744361,22.58064516129032,2.8273474503593765,32,50.895202702702704,2.7027027027027026,43.92857142857143,108.02857142857142,8,0,0.06830715047036469,43,35.88069767441861,50,31.84713375796178,8,4,0.5083285866338961,0.41737753578558756,43.77510040160642,18.63799283154122,16.61676646706587,18.65671641791045,19.565217391304348,0.8492258156386021,18,66.66666666666666,16,5.0,2.380852164879402,4.0,0.14880326030496263,11.133333333333333,2.380852164879402,3.0,1.0,4.0
145,2026,8,1955759,2026-03-22,Remo 4 x 1 Bahia,1221,Bahia,70.11,29.89,Fora,8.3,96,0.6923076923076923,38.23640625,16.61676646706587,18.65671641791045,19.565217391304348,3.076261641136941,17,65.29740000000001,2.666666666666667,70.0958904109589,107.78787878787878,8,4,0.5083285866338961,41,46.62512195121951,69,40.828402366863905,8,0,0.06830715047036469,0.024215467082694175,56.22489959839358,7.236842105263158,14.550095724313975,22.55639097744361,22.58064516129032,1.2012484317392125,25,50.0,10,1.0,0.7108861640465123,1.0,0.07108861640465122,26.116666666666667,1.504784794841612,-3.0,4.0,1.0
146,2026,8,1956043,2026-03-22,Vasco da Gama 2 x 1 Gremio,1244,Gremio,65.93,34.07,Fora,8.904761904761905,114,0.5714285714285714,39.28568965517241,15.10703363914373,19.696969696969695,29.268292682926827,2.320472698398364,23,58.5375,4.25531914893617,69.96774193548387,115.3695652173913,13,3,0.015115163147792706,50,38.2137,90,53.25443786982249,9,1,0.14320438924689666,0.14020948663328348,46.075085324232084,9.464285714285714,14.067439409905164,25.694444444444443,30.508474576271187,0.7520895097332834,24,22.22222222222222,9,1.0,0.8033007506358925,1.0,0.08925563895954361,31.633333333333333,0.8033007506358925,-1.0,2.0,1.0
147,2026,8,1956043,2026-03-22,Vasco da Gama 2 x 1 Gremio,1226,Vasco da Gama,34.07,65.93,Casa,16.333333333333332,122,0.65,34.97704918032787,14.067439409905164,25.694444444444443,30.508474576271187,2.1017318566745034,27,55.010925925925925,2.4691358024691357,49.875,94.06493506493507,9,1,0.14320438924689666,56,41.34,51,34.0,13,3,0.015115163147792706,0.09226603996560323,53.92491467576792,12.721893491124261,15.10703363914373,19.696969696969695,29.268292682926827,0.8022116906339081,23,41.66666666666667,10,4.0,1.7371749855277907,2.0,0.17371749855277907,16.35,1.7371749855277907,1.0,1.0,2.0
148,2026,8,1956046,2026-03-22,Sao Paulo 0 x 1 Palmeiras,1234,Palmeiras,37.72,62.28,Fora,14.173913043478262,129,0.6153846153846154,29.938125,15.669014084507044,31.61764705882353,14.942528735632186,1.7645002419893498,33,51.17368421052632,0.0,47.013513513513516,103.17142857142858,9,2,0.03431704345471774,45,32.09266666666667,58,35.58282208588957,4,1,0.02350275169957915,0.023129874995502675,29.75206611570248,15.902140672782874,14.825581395348838,18.421052631578945,18.421052631578945,0.38236789414964845,9,42.857142857142854,6,0.0,0.20276523833350685,1.0,0.03379420638891781,17.2,0.20276523833350685,1.0,0.0,1.0
149,2026,8,1956046,2026-03-22,Sao Paulo 0 x 1 Palmeiras,1224,Sao Paulo,62.28,37.72,Casa,7.28125,140,0.6486486486486487,43.07322115384616,14.825581395348838,18.421052631578945,18.421052631578945,1.6004210408417014,11,74.94032608695652,2.1739130434782608,43.92307692307692,98.98795180722891,4,1,0.02350275169957915,54,42.40444444444445,78,43.0939226519337,9,2,0.03431704345471774,0.014537218933033724,70.24793388429752,8.1374321880651,15.669014084507044,31.61764705882353,14.942528735632186,0.16792703263030706,16,7.6923076923076925,3,0.0,0.07391029121727098,0.0,0.024636763739090326,28.4,0.07391029121727098,-1.0,1.0,0.0
150,2026,8,1956048,2026-03-22,Corinthians 1 x 1 Flamengo,1239,Flamengo,47.47,52.53,Fora,12.2,93,0.625,33.38092592592592,15.455252918287936,37.142857142857146,22.857142857142858,2.9297421682754075,32,47.956086956521744,4.3478260869565215,98.53623188405797,189.25757575757575,5,1,0.0,36,35.7875,56,41.48148148148148,1,2,0.22040971168437026,0.08452464127582937,29.439252336448597,8.797653958944283,14.625322997416019,19.130434782608695,21.951219512195124,0.5782216993302116,11,22.22222222222222,10,1.0,0.49484522220174104,1.0,0.049484522220174104,19.35,0.49484522220174104,0.0,1.0,1.0
151,2026,8,1956048,2026-03-22,Corinthians 1 x 1 Flamengo,1237,Corinthians,52.53,47.47,Casa,7.970588235294118,105,0.7931034482758621,47.07,14.625322997416019,19.130434782608695,21.951219512195124,2.370337849895543,16,64.9934328358209,5.970149253731343,45.47761194029851,142.93846153846152,1,2,0.22040971168437026,36,46.865,64,46.715328467153284,5,1,0.0,0.017903347844927087,70.56074766355141,18.509615384615387,15.455252918287936,37.142857142857146,22.857142857142858,1.2223759829937548,22,50.0,13,1.0,1.046156478324824,1.0,0.0804735752557557,21.416666666666668,1.046156478324824,0.0,1.0,1.0
152,2026,8,1955996,2026-03-29,Athletico Paranaense 4 x 1 Botafogo RJ,1243,Athletico Paranaense,46.73,53.27,Casa,14.95,90,0.6666666666666666,36.386538461538464,15.748160261651677,22.5,22.916666666666664,2.4927127737036585,25,50.07679687500001,3.125,67.34920634920636,110.46031746031746,6,2,0.04858045700370619,41,40.50182926829268,57,41.007194244604314,7,2,0.4283616598926196,0.012151757536643437,47.15025906735752,12.968299711815561,15.48928238583411,23.275862068965516,21.73913043478261,0.5998768275765971,12,40.0,11,4.0,1.5902671738883172,4.0,0.1445697430807561,17.883333333333333,1.5902671738883172,3.0,1.0,4.0
153,2026,8,1955996,2026-03-29,Athletico Paranaense 4 x 1 Botafogo RJ,1227,Botafogo RJ,53.27,46.73,Fora,13.705882352941176,86,0.7647058823529411,40.03057692307692,15.48928238583411,23.275862068965516,21.73913043478261,2.483187541952982,24,58.820454545454545,0.0,56.36842105263158,132.98684210526315,7,2,0.4283616598926196,39,39.96192307692308,72,49.6551724137931,6,2,0.04858045700370619,0.1027662508656908,52.84974093264248,10.1010101010101,15.748160261651677,22.5,22.916666666666664,0.5909700022618467,17,18.181818181818183,12,1.0,1.2867380922446787,1.0,0.10722817435372323,20.383333333333333,1.2867380922446787,-3.0,4.0,1.0
154,2026,9,1955765,2026-04-01,Botafogo RJ 3 x 2 Mirassol,6332,Mirassol,66.39,33.61,Fora,7.212121212121212,127,0.5757575757575758,43.947808988764045,15.202702702702702,18.3206106870229,26.82926829268293,3.000679012291707,5,72.64833333333334,4.166666666666666,49.1,107.17647058823529,8,2,0.10210045662100456,47,47.01095744680851,78,50.32258064516129,12,3,0.02350275169957915,0.12307633330820877,75.49019607843137,5.841924398625429,16.86431014823261,42.73504273504273,22.89156626506024,0.8146520317966601,28,31.57894736842105,19,1.0,1.282383233950197,2.0,0.06749385441843142,29.233333333333334,1.282383233950197,-1.0,3.0,2.0
155,2026,9,1955765,2026-04-01,Botafogo RJ 3 x 2 Mirassol,1227,Botafogo RJ,33.61,66.39,Casa,18.0,113,0.84,30.82434782608696,16.86431014823261,42.73504273504273,22.89156626506024,2.137680114081771,40,41.571600000000004,4.0,48.916666666666664,119.08333333333333,12,3,0.02350275169957915,44,33.08215909090909,46,30.666666666666664,8,2,0.10210045662100456,0.11953148733321184,24.509803921568626,15.161290322580644,15.202702702702702,18.3206106870229,26.82926829268293,0.6396862671953807,14,72.72727272727273,10,3.0,1.7604201623828417,2.0,0.17604201623828417,14.8,2.5543187931779414,1.0,2.0,3.0
156,2026,9,1955779,2026-04-01,Internacional 1 x 1 Sao Paulo,1224,Sao Paulo,60.93,39.07,Fora,8.318181818181818,107,0.8125,33.92290322580645,11.207645525629887,21.311475409836063,18.75,2.7371586700144745,20,67.66301204819277,1.2048192771084338,66.29629629629629,110.425,4,1,0.025644248900062852,49,33.53142857142857,85,48.85057471264368,7,2,0.0,0.21328985828512215,64.38356164383562,11.5,16.311977715877436,31.15942028985507,27.27272727272727,0.9827715855147625,22,38.095238095238095,15,2.0,1.1259719832274044,1.0,0.07506479888182696,29.916666666666668,1.1259719832274044,0.0,1.0,1.0
157,2026,9,1955779,2026-04-01,Internacional 1 x 1 Sao Paulo,1219,Internacional,39.07,60.93,Casa,18.761904761904763,99,0.8,32.473636363636366,16.311977715877436,31.15942028985507,27.27272727272727,2.2153449913396663,25,55.16269230769231,3.8461538461538463,80.02631578947368,155.83098591549296,7,2,0.0,32,40.36921875,61,41.78082191780822,4,1,0.025644248900062852,0.07881003835551725,35.61643835616438,15.282392026578073,11.207645525629887,21.311475409836063,18.75,0.718154060366115,14,44.44444444444444,6,2.0,1.1672426206551996,1.0,0.1945404367758666,19.183333333333334,1.1672426206551996,0.0,1.0,1.0
158,2026,9,1955762,2026-04-02,Fluminense 3 x 1 Corinthians,1232,Fluminense,63.68,36.32,Casa,12.277777777777779,83,0.7333333333333333,35.623378378378376,16.84090909090909,19.130434782608695,18.367346938775512,2.3814276465226842,27,52.705298507462686,1.4925373134328357,53.323076923076925,121.25806451612904,0,1,0.40090857151398435,32,39.929531250000004,69,53.07692307692308,6,1,0.0,0.08500727887785997,61.648745519713266,7.224334600760455,17.42060920285159,28.999999999999996,29.09090909090909,1.3186317362277866,30,56.25,20,4.0,2.3074905271990858,3.0,0.1153745263599543,25.716666666666665,2.3074905271990858,2.0,1.0,3.0
159,2026,9,1955762,2026-04-02,Fluminense 3 x 1 Corinthians,1237,Corinthians,36.32,63.68,Fora,21.166666666666668,93,0.5625,36.83673913043478,17.42060920285159,28.999999999999996,29.09090909090909,2.9375977084993177,24,58.5854347826087,1.4492753623188406,63.40298507462686,125.6,6,1,0.0,41,36.07134146341463,54,37.5,0,1,0.40090857151398435,0.03498608633242695,38.35125448028674,12.238805970149254,16.84090909090909,19.130434782608695,18.367346938775512,0.5346631797163597,13,66.66666666666666,12,1.0,0.7598921866875231,1.0,0.06332434889062692,14.666666666666666,0.7598921866875231,-2.0,3.0,1.0
160,2026,9,1955768,2026-04-02,Santos FC 2 x 0 Remo,1241,Santos FC,61.54,38.46,Casa,9.91304347826087,113,0.85,35.814633027522945,15.226586102719033,24.444444444444443,10.0,1.631357862157659,30,58.45081395348837,4.651162790697675,43.54761904761905,101.71084337349397,6,1,0.011486738886813598,48,43.176874999999995,74,44.047619047619044,12,1,0.0,0.05040383959448702,53.84615384615385,6.042884990253411,15.103838892385147,23.61111111111111,25.862068965517242,0.7079772815780987,19,26.666666666666668,7,2.0,1.0668380004727065,2.0,0.15240542863895806,26.483333333333334,1.0668380004727065,2.0,0.0,2.0
161,2026,9,1955768,2026-04-02,Santos FC 2 x 0 Remo,4617,Remo,38.46,61.54,Fora,15.083333333333334,121,0.6521739130434783,38.09985576923077,15.103838892385147,23.61111111111111,25.862068965517242,2.1083324874672065,29,55.21938202247191,2.247191011235955,50.741573033707866,76.98863636363636,12,1,0.0,55,40.23981818181819,63,38.41463414634146,6,1,0.011486738886813598,0.008123114619602578,46.15384615384615,12.672176308539946,15.226586102719033,24.444444444444443,10.0,0.16646352085924132,9,50.0,11,1.0,0.5805330728840885,0.0,0.0527757338985535,16.55,0.5805330728840885,-2.0,2.0,0.0
162,2026,9,1955776,2026-04-02,Cruzeiro 3 x 0 Vitoria,1230,Cruzeiro,59.34,40.66,Casa,10.185185185185185,106,0.7,39.77022471910112,15.28695652173913,22.04724409448819,23.404255319148938,2.4295713311083595,17,60.303,0.0,49.75714285714286,94.30434782608695,6,0,0.0,43,45.39662790697674,48,37.5,4,2,0.03431704345471774,-0.013554777514018568,60.43478260869565,6.678700361010831,16.841477949940405,33.33333333333333,16.94915254237288,0.8280409824759283,12,60.0,11,2.0,1.596751200684482,3.0,0.14515920006222563,27.966666666666665,1.596751200684482,3.0,0.0,3.0
163,2026,9,1955776,2026-04-02,Cruzeiro 3 x 0 Vitoria,1238,Vitoria,40.66,59.34,Fora,25.6,94,0.7692307692307693,36.50746478873239,16.841477949940405,33.33333333333333,16.94915254237288,2.4142312050223538,27,59.36469512195122,1.2195121951219512,77.33333333333333,116.6375,4,2,0.03431704345471774,39,33.92307692307693,64,43.24324324324324,6,0,0.0,0.027405178913026074,39.565217391304344,10.483870967741936,15.28695652173913,22.04724409448819,23.404255319148938,0.4899672353425908,12,18.181818181818183,4,0.0,0.16150018704087885,0.0,0.04037504676021971,19.166666666666668,0.16150018704087885,-3.0,3.0,0.0
164,2026,9,1955782,2026-04-02,Coritiba 1 x 1 Vasco da Gama,1226,Vasco da Gama,32.53,67.47,Fora,23.294117647058822,89,0.6666666666666666,33.72524096385542,14.840989399293287,36.206896551724135,22.388059701492537,2.8957339386446854,27,49.46008064516129,1.6129032258064515,77.95,203.05454545454546,2,1,0.09180990216994384,37,38.9322972972973,55,41.35338345864661,6,1,0.028823529411764706,0.013019070063956528,34.090909090909086,13.291139240506327,15.581151832460733,18.26086956521739,23.076923076923077,0.3337917121901708,11,77.77777777777779,11,0.0,0.5026183984814449,1.0,0.04569258168013135,15.916666666666666,0.5026183984814449,0.0,1.0,1.0
165,2026,9,1955782,2026-04-02,Coritiba 1 x 1 Vasco da Gama,1236,Coritiba,67.47,32.53,Casa,10.65,97,0.5,41.39507462686567,15.581151832460733,18.26086956521739,23.076923076923077,2.4284048900185766,20,62.741,1.3333333333333335,59.432432432432435,198.1216216216216,6,1,0.028823529411764706,38,38.94671052631579,74,51.74825174825175,2,1,0.09180990216994384,0.0434214357470144,65.9090909090909,6.643952299829642,14.840989399293287,36.206896551724135,22.388059701492537,1.0941187576763634,23,53.333333333333336,18,1.0,1.2109019814744106,0.0,0.06727233230413393,33.016666666666666,1.2109019814744106,0.0,1.0,1.0
166,2026,9,1955785,2026-04-02,Bahia 3 x 0 Athletico Paranaense,1243,Athletico Paranaense,45.55,54.45,Fora,13.52,91,0.5454545454545454,42.14092105263158,14.515463917525773,16.43835616438356,27.77777777777778,2.961028240226375,17,61.30610294117647,0.0,48.223880597014926,98.26666666666667,3,1,0.0,42,42.045,65,45.774647887323944,7,2,0.35060802913944905,0.14591336587383852,60.775862068965516,8.49056603773585,17.009038619556286,32.231404958677686,15.517241379310345,0.5721284588677511,8,33.33333333333333,12,1.0,0.5998553900126417,0.0,0.04998794916772014,20.283333333333335,0.5998553900126417,-3.0,3.0,0.0
167,2026,9,1955785,2026-04-02,Bahia 3 x 0 Athletico Paranaense,1221,Bahia,54.45,45.55,Casa,12.45,100,0.65,35.24905263157895,17.009038619556286,32.231404958677686,15.517241379310345,1.9773001100423262,23,55.083000000000006,0.0,45.35294117647059,114.75,7,2,0.35060802913944905,43,35.77813953488372,71,44.099378881987576,3,1,0.0,0.023396636871786836,39.224137931034484,8.88888888888889,14.515463917525773,16.43835616438356,27.77777777777778,0.8096561065602144,15,50.0,7,3.0,1.4128533611381389,3.0,0.20183619444830556,24.25,1.4128533611381389,3.0,0.0,3.0
168,2026,9,1955788,2026-04-02,Chapecoense AF 0 x 4 Atletico MG,1235,Atletico MG,51.72,48.28,Fora,20.846153846153847,80,0.6428571428571429,27.35,14.667760459392944,32.71028037383177,26.5625,4.238611991423577,31,47.8688,1.3333333333333335,86.1830985915493,154.9857142857143,10,4,0.46740884018423934,33,29.41909090909091,67,43.506493506493506,6,2,0.32577903682719545,0.24275357410849496,51.53846153846153,14.613778705636744,17.82542113323124,19.84732824427481,37.77777777777778,1.0697423845596838,29,76.47058823529412,20,3.0,2.3455143906024976,4.0,0.11727571953012488,21.766666666666666,2.3455143906024976,4.0,0.0,4.0
169,2026,9,1955788,2026-04-02,Chapecoense AF 0 x 4 Atletico MG,8865,Chapecoense AF,48.28,51.72,Casa,10.741935483870968,96,0.7058823529411765,46.07565789473684,17.82542113323124,19.84732824427481,37.77777777777778,2.701146525558687,22,63.039545454545454,1.2987012987012987,50.87012987012987,103.04225352112677,6,2,0.32577903682719545,38,45.05605263157894,66,47.14285714285714,10,4,0.46740884018423934,0.33986675807088007,48.46153846153846,10.687022900763358,14.667760459392944,32.71028037383177,26.5625,1.3586972034783216,27,58.82352941176471,19,4.0,3.005795482621027,0.0,0.15819976224321194,20.316666666666666,3.005795482621027,-4.0,4.0,0.0
170,2026,9,1955771,2026-04-03,Palmeiras 2 x 1 Gremio,1244,Gremio,44.96,55.04,Fora,18.875,116,0.5483870967741935,30.783349514563106,17.294117647058822,35.507246376811594,22.61904761904762,2.4614773667184484,44,46.05346153846154,3.296703296703297,54.611111111111114,103.03488372093024,19,4,0.10367158214730267,48,31.349062500000002,62,37.57575757575757,8,2,0.07388817775568655,0.11633599867110878,28.308823529411764,19.393939393939394,12.745274527452747,20.0,24.444444444444443,0.5598387641037026,11,36.36363636363637,10,0.0,0.46484774013407976,1.0,0.046484774013407976,18.516666666666666,0.46484774013407976,-1.0,2.0,1.0
171,2026,9,1955771,2026-04-03,Palmeiras 2 x 1 Gremio,1234,Palmeiras,55.04,44.96,Casa,9.333333333333334,119,0.6521739130434783,45.713088235294116,12.745274527452747,20.0,24.444444444444443,2.3380095644751764,15,70.71988636363638,3.4090909090909087,53.65909090909091,73.52873563218391,8,2,0.07388817775568655,68,43.61977941176471,78,45.08670520231214,19,4,0.10367158214730267,0.22804866129480716,71.69117647058823,8.536585365853659,17.294117647058822,35.507246376811594,22.61904761904762,0.9494821197881991,28,36.84210526315789,16,0.0,0.7114704370140745,2.0,0.04446690231337966,22.666666666666668,0.7114704370140745,1.0,1.0,2.0
172,2026,9,1955774,2026-04-03,Red Bull Bragantino 3 x 0 Flamengo,1239,Flamengo,40.42,59.58,Fora,20.0,80,0.7142857142857143,41.25863636363637,16.185286103542236,21.49532710280374,28.57142857142857,3.0730482629251803,23,58.290197368421055,1.3157894736842104,68.22368421052632,146.26027397260273,6,1,0.0457777422705121,33,44.14454545454546,61,44.52554744525548,5,1,0.0,0.018942229185488824,41.77777777777778,8.241758241758241,16.927710843373493,28.31858407079646,12.727272727272727,0.46057207443141124,13,57.14285714285714,7,1.0,0.4091355207790692,0.0,0.05844793153986703,16.6,0.4091355207790692,-3.0,3.0,0.0
173,2026,9,1955774,2026-04-03,Red Bull Bragantino 3 x 0 Flamengo,5438,Red Bull Bragantino,59.58,40.42,Casa,16.3125,99,0.7368421052631579,34.34465517241379,16.927710843373493,28.31858407079646,12.727272727272727,1.995840095084216,23,52.99474576271187,0.0,54.19642857142857,99.57142857142857,5,1,0.0,44,32.595340909090915,59,45.38461538461539,6,1,0.0457777422705121,0.039533146854878076,58.22222222222222,10.560344827586206,16.185286103542236,21.49532710280374,28.57142857142857,1.0643524736210357,25,75.0,18,3.0,2.2011414720328895,3.0,0.12228563733516053,24.466666666666665,2.2011414720328895,3.0,0.0,3.0
174,2026,10,1955797,2026-04-04,Sao Paulo 4 x 1 Cruzeiro,1224,Sao Paulo,31.86,68.14,Casa,12.875,123,0.7428571428571429,31.99809917355372,14.06474820143885,32.407407407407405,20.28985507246377,2.2893667877949464,36,52.260202702702706,5.405405405405405,47.958333333333336,131.71830985915494,6,1,0.011486738886813598,41,39.18036585365854,57,39.04109589041096,6,4,0.04891684136967156,0.09733697889634074,42.4,15.671641791044777,15.307692307692308,19.82758620689655,37.5,0.46507692770817677,33,38.88888888888889,10,2.0,1.1617707245392401,3.0,0.11617707245392402,13.0,1.9556693553343398,3.0,1.0,4.0
175,2026,10,1955797,2026-04-04,Sao Paulo 4 x 1 Cruzeiro,1230,Cruzeiro,68.14,31.86,Fora,7.7727272727272725,95,0.7,38.6565,15.307692307692308,19.82758620689655,37.5,2.3945542221772116,18,64.19863636363637,3.896103896103896,70.13333333333334,172.78082191780823,6,4,0.04891684136967156,35,42.882000000000005,80,55.172413793103445,6,1,0.011486738886813598,0.058093883402821955,57.599999999999994,9.205020920502092,14.06474820143885,32.407407407407405,20.28985507246377,0.8432492949497314,26,35.714285714285715,14,2.0,1.4390724682051323,1.0,0.10279089058608089,27.8,1.4390724682051323,-3.0,4.0,1.0
176,2026,10,1955791,2026-04-05,Flamengo 3 x 1 Santos FC,1241,Santos FC,33.38,66.62,Fora,18.65,117,0.5384615384615384,33.20005617977528,17.09070796460177,31.147540983606557,26.153846153846157,2.6715676002278803,30,56.39012195121952,3.6585365853658534,69.73417721518987,129.20253164556962,7,1,0.22040971168437026,40,33.9885,45,30.405405405405407,9,2,0.2647973830584809,0.1662983565360605,36.809815950920246,12.98342541436464,17.549668874172188,23.140495867768596,20.37037037037037,0.7238203031505188,15,63.63636363636363,17,0.0,0.8618025886286942,1.0,0.050694269919334956,15.1,0.8618025886286942,-2.0,3.0,1.0
177,2026,10,1955791,2026-04-05,Flamengo 3 x 1 Santos FC,1239,Flamengo,66.62,33.38,Casa,29.875,83,0.7272727272727273,32.43419117647059,17.549668874172188,23.140495867768596,20.37037037037037,2.2540725784290725,17,63.33136363636364,3.896103896103896,103.86842105263158,135.58666666666667,9,2,0.2647973830584809,36,41.0375,73,47.712418300653596,7,1,0.22040971168437026,0.07365639904308718,63.190184049079754,6.290322580645161,17.09070796460177,31.147540983606557,26.153846153846157,1.5149282244609057,24,58.82352941176471,18,4.0,1.9597322342257728,2.0,0.10887401301254293,30.133333333333333,2.7536308650208725,2.0,1.0,3.0
178,2026,10,1955794,2026-04-05,Vasco da Gama 1 x 2 Botafogo RJ,1227,Botafogo RJ,39.11,60.89,Fora,17.31578947368421,124,0.78125,32.355555555555554,16.346396965865992,34.10852713178294,23.28767123287671,3.5873753283235077,34,49.8143661971831,1.4084507042253522,46.647887323943664,89.69014084507042,11,1,0.029446876243533624,52,31.352596153846154,57,38.25503355704698,9,4,0.2424022870046385,0.20441806404745044,34.62897526501767,14.469453376205788,13.28740157480315,15.702479338842975,37.77777777777778,0.8814964394673681,24,64.70588235294117,18,2.0,1.435486402906585,2.0,0.0797492446059214,16.933333333333334,1.435486402906585,1.0,1.0,2.0
179,2026,10,1955794,2026-04-05,Vasco da Gama 1 x 2 Botafogo RJ,1226,Vasco da Gama,60.89,39.11,Casa,11.3,111,0.6666666666666666,39.08566666666667,13.28740157480315,15.702479338842975,37.77777777777778,3.821054377737902,16,67.35884615384616,2.564102564102564,49.467532467532465,120.91780821917808,9,4,0.2424022870046385,49,40.62428571428571,81,50.625,11,1,0.029446876243533624,0.03616041449224694,65.37102473498233,8.237547892720306,16.346396965865992,34.10852713178294,23.28767123287671,2.0367777091442276,28,58.82352941176471,17,4.0,2.3094869881826026,1.0,0.1358521757754472,26.366666666666667,2.3094869881826026,-1.0,2.0,1.0
180,2026,10,1955800,2026-04-05,Corinthians 0 x 1 Internacional,1237,Corinthians,69.5,30.5,Casa,8.6,88,1.0,37.59,14.379457917261055,17.094017094017094,20.833333333333336,1.8620184034634988,19,61.184605263157906,0.0,73.6231884057971,168.24193548387098,7,1,0.011486738886813598,31,42.55887096774194,73,47.096774193548384,5,2,0.0,0.10224752118038527,60.38647342995169,16.883116883116884,13.525360050093926,28.000000000000004,21.875,0.606873904424412,16,28.57142857142857,11,2.0,1.010905315600023,0.0,0.09190048323636572,26.616666666666667,1.010905315600023,-1.0,1.0,0.0
181,2026,10,1955800,2026-04-05,Corinthians 0 x 1 Internacional,1219,Internacional,30.5,69.5,Fora,12.24,106,0.55,33.57146739130435,13.525360050093926,28.000000000000004,21.875,2.2716060309152297,31,52.9298,2.666666666666667,69.29729729729729,134.35616438356163,5,2,0.0,38,36.81078947368422,47,32.19178082191781,7,1,0.011486738886813598,0.05643946135481137,39.61352657004831,19.262295081967213,14.379457917261055,17.094017094017094,20.833333333333336,0.23802325717245276,12,30.0,8,0.0,0.28970607312148394,1.0,0.03621325914018549,11.683333333333334,0.28970607312148394,1.0,0.0,1.0
182,2026,10,1955806,2026-04-05,Atletico MG 2 x 1 Athletico Paranaense,1243,Athletico Paranaense,50.44,49.56,Fora,11.928571428571429,110,0.5454545454545454,41.84488636363636,17.142857142857142,22.689075630252102,26.666666666666668,2.65598180952453,17,63.069078947368425,1.3157894736842104,53.666666666666664,110.28767123287672,8,2,0.22191865388709278,46,41.762608695652176,75,51.724137931034484,12,0,0.025644248900062852,0.07935653707723755,53.84615384615385,12.09016393442623,16.970118137595552,28.82882882882883,16.923076923076923,0.5133035982928007,11,45.45454545454545,11,0.0,0.4251544517972802,1.0,0.03865040470884365,23.983333333333334,0.4251544517972802,-1.0,2.0,1.0
183,2026,10,1955806,2026-04-05,Atletico MG 2 x 1 Athletico Paranaense,1235,Atletico MG,49.56,50.44,Casa,23.214285714285715,88,0.75,35.422592592592586,16.970118137595552,28.82882882882883,16.923076923076923,1.8519245007960805,28,51.15021739130435,4.3478260869565215,46.73529411764706,87.55882352941177,12,0,0.025644248900062852,43,39.228488372093025,58,41.13475177304964,8,2,0.22191865388709278,0.1670091937777518,46.15384615384615,9.643605870020965,17.142857142857142,22.689075630252102,26.666666666666668,0.8120725893392433,20,41.66666666666667,15,0.0,0.9595864309089244,2.0,0.06397242872726162,23.566666666666666,0.9595864309089244,1.0,1.0,2.0
184,2026,10,1955812,2026-04-05,Coritiba 1 x 1 Fluminense,1236,Coritiba,30.62,69.38,Casa,21.22222222222222,91,0.6206896551724138,30.317777777777774,17.54237288135593,36.144578313253014,29.310344827586203,2.041930693106568,25,54.57900000000001,1.6666666666666667,72.76666666666667,176.44642857142858,4,2,0.2739946380697051,29,33.66155172413793,45,36.58536585365854,2,1,0.0,-0.016307105117774112,37.22627737226277,12.692307692307692,15.473251028806583,17.20430107526882,23.809523809523807,0.3986786010210017,22,50.0,10,1.0,0.8342601952679641,1.0,0.08342601952679642,12.15,0.8342601952679641,0.0,1.0,1.0
185,2026,10,1955812,2026-04-05,Coritiba 1 x 1 Fluminense,1232,Fluminense,69.38,30.62,Fora,8.833333333333334,80,0.7222222222222222,39.31921875,15.473251028806583,17.20430107526882,23.809523809523807,2.6548394355111857,17,62.867109375000005,0.0,74.8225806451613,138.91803278688525,2,1,0.0,27,48.42444444444445,62,51.2396694214876,4,2,0.2739946380697051,-0.03265417434423279,62.77372262773723,8.02139037433155,17.54237288135593,36.144578313253014,29.310344827586203,0.4271678406370909,30,29.411764705882355,15,3.0,1.3496316544000297,1.0,0.08997544362666865,27.533333333333335,1.3496316544000297,0.0,1.0,1.0
186,2026,10,1955815,2026-04-05,Bahia 1 x 2 Palmeiras,1221,Bahia,62.02,37.98,Casa,7.264705882352941,119,0.6956521739130435,45.23484848484849,16.369359916054567,18.69918699186992,18.181818181818183,2.0103159521291847,14,66.51493902439024,4.878048780487805,42.05263157894737,110.97368421052632,8,1,0.011486738886813598,50,43.2726,77,45.83333333333333,15,2,0.0,0.10426162756428514,65.54307116104869,7.489878542510121,15.424164524421593,32.52032520325203,21.518987341772153,1.2801394396564336,29,52.94117647058824,19,1.0,1.1767126880937586,1.0,0.06193224674177677,25.933333333333334,1.1767126880937586,-1.0,2.0,1.0
187,2026,10,1955815,2026-04-05,Bahia 1 x 2 Palmeiras,1234,Palmeiras,37.98,62.02,Fora,18.235294117647058,100,0.631578947368421,31.557166666666667,15.424164524421593,32.52032520325203,21.518987341772153,2.890013712497491,26,51.38376923076924,1.5384615384615385,61.53125,125.70491803278688,15,2,0.0,38,34.9125,49,33.56164383561644,8,1,0.011486738886813598,0.08516023207423329,34.45692883895131,11.661807580174926,16.369359916054567,18.69918699186992,18.181818181818183,0.3765416523381724,11,50.0,8,1.0,0.4565331238330605,1.0,0.05706664047913256,15.883333333333333,0.4565331238330605,1.0,1.0,2.0
188,2026,10,1955818,2026-04-05,Chapecoense AF 1 x 1 Vitoria,1238,Vitoria,41.97,58.03,Fora,12.263157894736842,121,0.5,29.645721649484535,13.913793103448278,26.72413793103448,30.88235294117647,3.4249624858271064,23,56.2814,2.666666666666667,59.972972972972975,202.65753424657535,6,2,0.05470495420799151,30,36.83400000000001,61,39.1025641025641,3,1,0.011486738886813598,0.04481212246524402,31.73913043478261,20.363636363636363,13.015494636471992,20.610687022900763,16.666666666666664,0.41317972656769153,17,37.5,14,2.0,1.1556046373822837,0.0,0.08254318838444884,13.983333333333333,1.9495032681773834,0.0,1.0,1.0
189,2026,10,1955818,2026-04-05,Chapecoense AF 1 x 1 Vitoria,8865,Chapecoense AF,58.03,41.97,Casa,10.647058823529411,126,0.75,33.83441860465116,13.015494636471992,20.610687022900763,16.666666666666664,2.912670583957312,16,65.02539473684212,1.3157894736842104,65.22666666666667,142.13333333333333,3,1,0.011486738886813598,37,36.04337837837837,72,45.28301886792453,6,2,0.05470495420799151,0.09901148453948716,68.26086956521739,13.563829787234042,13.913793103448278,26.72413793103448,30.88235294117647,1.436888334749093,32,57.14285714285714,25,3.0,2.118567291747779,1.0,0.08474269166991116,19.333333333333332,2.118567291747779,0.0,1.0,1.0
190,2026,10,1955804,2026-04-06,Mirassol 0 x 1 Red Bull Bragantino,5438,Red Bull Bragantino,51.85,48.15,Fora,16.357142857142858,97,0.8235294117647058,32.714137931034486,14.545454545454545,33.33333333333333,24.637681159420293,2.191640150805923,34,49.7,2.666666666666667,55.74324324324324,112.09859154929578,9,3,0.09580402666787224,36,39.26708333333333,57,38.0,4,0,0.09783455366879576,-0.007596720801164469,45.41832669322709,15.673981191222571,10.466237942122186,21.008403361344538,26.41509433962264,0.38940221812501363,21,42.857142857142854,16,4.0,2.081817197696476,1.0,0.13011357485602976,20.733333333333334,2.081817197696476,1.0,0.0,1.0
191,2026,10,1955804,2026-04-06,Mirassol 0 x 1 Red Bull Bragantino,6332,Mirassol,48.15,51.85,Casa,11.210526315789474,105,0.44,36.55183098591549,10.466237942122186,21.008403361344538,26.41509433962264,2.203180487974458,27,61.979814814814816,2.4691358024691357,64.49367088607595,134.93243243243242,4,0,0.09783455366879576,41,35.01365853658537,65,43.04635761589404,9,3,0.09580402666787224,0.18934695694737158,54.581673306772906,11.827956989247312,14.545454545454545,33.33333333333333,24.637681159420293,0.6827394442872785,24,52.94117647058824,15,1.0,0.8304201006695433,0.0,0.05536134004463622,19.25,0.8304201006695433,-1.0,1.0,0.0
192,2026,10,1955809,2026-04-06,Gremio 0 x 0 Remo,1244,Gremio,65.42,34.58,Casa,10.058823529411764,116,0.7272727272727273,38.633883495145625,13.648068669527897,20.863309352517987,18.367346938775512,2.3035728324083435,12,66.8823417721519,1.2658227848101267,62.56,113.37837837837837,11,1,0.08639747349424769,50,45.5952,74,45.962732919254655,9,3,0.011486738886813598,0.08112576958661322,61.44578313253012,7.879924953095685,14.702212138400453,34.74576271186441,17.073170731707318,0.8354996936901031,17,35.714285714285715,20,0.0,0.7339825545362775,0.0,0.03669912772681387,29.383333333333333,0.7339825545362775,0.0,0.0,0.0
193,2026,10,1955809,2026-04-06,Gremio 0 x 0 Remo,4617,Remo,34.58,65.42,Fora,32.77777777777778,109,0.7727272727272727,27.541999999999998,14.702212138400453,34.74576271186441,17.073170731707318,2.0649082537960406,38,50.35182352941177,0.0,64.98823529411764,153.16470588235293,9,3,0.011486738886813598,45,33.58133333333333,60,37.267080745341616,11,1,0.08639747349424769,0.15190484958231298,38.55421686746988,14.516129032258066,13.648068669527897,20.863309352517987,18.367346938775512,0.4965490374407395,17,33.33333333333333,10,1.0,1.2811862047858604,0.0,0.12811862047858605,15.533333333333333,2.07508483558096,0.0,0.0,0.0
194,2026,11,1955833,2026-04-11,Mirassol 1 x 2 Bahia,6332,Mirassol,41.25,58.75,Casa,11.1875,103,0.631578947368421,41.78505882352942,16.993288590604028,23.66412213740458,19.298245614035086,2.16535233259713,16,66.24961538461538,1.282051282051282,57.11842105263158,158.30263157894737,6,0,0.0,43,42.46395348837209,65,43.91891891891892,9,2,0.4787515247231995,0.07536057658363227,48.76325088339223,8.743169398907105,16.462715105162523,31.092436974789916,20.634920634920633,0.7292836850263829,20,46.15384615384615,16,2.0,1.5114645744693516,0.0,0.09446653590433447,17.433333333333334,1.5114645744693516,-1.0,2.0,1.0
195,2026,11,1955833,2026-04-11,Mirassol 1 x 2 Bahia,1221,Bahia,58.75,41.25,Fora,13.666666666666666,102,0.6666666666666666,31.851627906976745,16.462715105162523,31.092436974789916,20.634920634920633,2.02699426190539,30,55.13666666666666,4.938271604938271,66.54545454545455,102.13157894736842,9,2,0.4787515247231995,47,31.410638297872342,68,42.2360248447205,6,0,0.0,0.06843966693020276,51.23674911660777,11.259541984732824,16.993288590604028,23.66412213740458,19.298245614035086,1.0136863983794808,16,45.45454545454545,13,1.0,0.7510752344808695,1.0,0.057775018036989964,24.833333333333332,1.5449738652759692,1.0,1.0,2.0
196,2026,11,1955845,2026-04-11,Vitoria 2 x 0 Sao Paulo,1238,Vitoria,41.84,58.16,Casa,17.647058823529413,101,0.6086956521739131,34.51159090909091,16.559843034663178,28.947368421052634,23.809523809523807,1.9774160102898257,27,50.18840909090909,1.5151515151515151,59.95384615384615,136.98461538461538,10,1,0.23866066225471247,44,37.57568181818181,56,40.28776978417266,7,0,0.08318564881283347,-0.011179076771902885,30.036630036630036,14.325842696629213,14.945454545454547,23.52941176470588,16.666666666666664,0.6182103701458206,11,87.5,15,3.0,1.3873026501477173,2.0,0.09248684334318115,18.333333333333332,1.3873026501477173,2.0,0.0,2.0
197,2026,11,1955845,2026-04-11,Vitoria 2 x 0 Sao Paulo,1224,Sao Paulo,58.16,41.84,Fora,17.666666666666668,88,0.5294117647058824,37.50104166666667,14.945454545454547,23.52941176470588,16.666666666666664,3.167309628986539,22,62.082328767123286,2.73972602739726,49.50704225352113,105.0,7,0,0.08318564881283347,36,38.625416666666666,68,46.25850340136054,10,1,0.23866066225471247,0.08453231229812808,69.96336996336996,10.62992125984252,16.559843034663178,28.947368421052634,23.809523809523807,0.5960614466485197,20,60.0,16,2.0,1.0216837056520258,0.0,0.06385523160325161,25.483333333333334,1.0216837056520258,-2.0,2.0,0.0
198,2026,11,1955848,2026-04-11,Remo 1 x 1 Vasco da Gama,1226,Vasco da Gama,56.75,43.25,Fora,14.266666666666667,108,0.6666666666666666,36.17653846153846,14.002047082906856,23.776223776223777,27.450980392156865,2.3950796623937602,25,59.24713483146068,4.49438202247191,66.32954545454545,116.39772727272727,9,3,0.24592991683837384,42,38.087500000000006,83,47.42857142857143,8,0,0.0,0.034255672181694674,61.20996441281139,11.6331096196868,15.63182527301092,24.285714285714285,28.78787878787879,1.1279362076168962,32,57.89473684210527,19,1.0,1.3115895287844623,1.0,0.06903102783076118,21.366666666666667,1.3115895287844623,0.0,1.0,1.0
199,2026,11,1955848,2026-04-11,Remo 1 x 1 Vasco da Gama,4617,Remo,43.25,56.75,Casa,12.583333333333334,128,0.6470588235294118,35.92455445544554,15.63182527301092,24.285714285714285,28.78787878787879,2.668395159992234,23,58.55750000000001,4.761904761904762,64.02380952380952,113.86585365853658,8,0,0.0,45,41.055,63,38.18181818181819,9,3,0.24592991683837384,0.03835221729183935,38.79003558718861,13.864306784660767,14.002047082906856,23.776223776223777,27.450980392156865,0.6085382574135196,19,35.714285714285715,12,2.0,0.9363486450941249,1.0,0.07802905375784373,16.283333333333335,0.9363486450941249,0.0,1.0,1.0
200,2026,11,1955821,2026-04-12,Fluminense 1 x 2 Flamengo,1232,Fluminense,59.78,40.22,Casa,11.304347826086957,82,0.6,39.1935,15.941320293398533,24.347826086956523,30.434782608695656,3.1208672662677763,23,59.56865384615386,5.128205128205128,60.18666666666667,123.45333333333333,12,2,0.4751774570704018,39,42.39307692307692,87,58.78378378378378,8,0,0.04580378234153134,-0.0033566584092170615,60.54794520547945,5.825242718446602,17.532894736842106,28.18181818181818,22.22222222222222,1.12804837467528,27,64.28571428571429,19,0.0,0.8380006938573357,1.0,0.044105299676701876,30.4,0.8380006938573357,-1.0,2.0,1.0
201,2026,11,1955821,2026-04-12,Fluminense 1 x 2 Flamengo,1239,Flamengo,40.22,59.78,Fora,12.931034482758621,103,0.8,39.92446601941747,17.532894736842106,28.18181818181818,22.22222222222222,2.6210847826012227,29,54.117711864406786,3.389830508474576,59.30508474576271,107.89655172413794,8,0,0.04580378234153134,46,48.07858695652175,55,39.285714285714285,12,2,0.4751774570704018,0.17984496789743343,39.45205479452055,9.774436090225564,15.941320293398533,24.347826086956523,30.434782608695656,1.3933609929736812,25,57.14285714285714,17,4.0,2.6956883227696498,2.0,0.15856990133939117,20.45,2.6956883227696498,1.0,1.0,2.0
202,2026,11,1955824,2026-04-12,Botafogo RJ 2 x 2 Coritiba,1227,Botafogo RJ,64.74,35.26,Casa,7.666666666666667,115,0.6923076923076923,41.66919354838709,15.265017667844523,19.84732824427481,23.214285714285715,2.5616326384938173,18,68.4971875,2.083333333333333,48.376344086021504,107.15384615384616,10,6,0.7730759063394151,49,44.11714285714286,85,48.57142857142857,15,5,0.2739946380697051,0.3323379688470145,67.85714285714286,13.7524557956778,15.086593970493906,41.221374045801525,30.107526881720432,1.6053000938980726,38,39.285714285714285,21,4.0,2.2235380562544393,2.0,0.10588276458354473,25.983333333333334,2.2235380562544393,0.0,2.0,2.0
203,2026,11,1955824,2026-04-12,Botafogo RJ 2 x 2 Coritiba,1236,Coritiba,35.26,64.74,Fora,21.53846153846154,107,0.7037037037037037,26.95850467289719,15.086593970493906,41.221374045801525,30.107526881720432,2.7436455527439474,41,48.97176136363637,5.681818181818182,60.40909090909091,125.27380952380952,15,5,0.2739946380697051,42,33.722500000000004,58,35.80246913580247,10,6,0.7730759063394151,0.22390807665844692,32.142857142857146,18.471337579617835,15.265017667844523,19.84732824427481,23.214285714285715,0.6334567278294552,15,53.84615384615385,14,3.0,1.47054068621392,2.0,0.10503862044385144,14.15,1.47054068621392,0.0,2.0,2.0
204,2026,11,1955827,2026-04-12,Santos FC 1 x 0 Atletico MG,1235,Atletico MG,56.03,43.97,Fora,10.380952380952381,102,0.7777777777777778,35.89858695652175,16.737967914438503,25.806451612903224,36.36363636363637,2.5321125249987855,36,54.34663043478261,0.0,94.58695652173913,161.21978021978023,12,5,0.44000699009722866,45,36.036,66,45.20547945205479,4,0,0.0,-0.0026003368082800904,44.91017964071856,11.468812877263582,16.363636363636363,23.47826086956522,12.727272727272727,0.5550680767188421,15,42.857142857142854,11,1.0,0.7824137684284129,0.0,0.071128524402583,23.833333333333332,0.7824137684284129,-1.0,1.0,0.0
205,2026,11,1955827,2026-04-12,Santos FC 1 x 0 Atletico MG,1241,Santos FC,43.97,56.03,Casa,9.67741935483871,124,0.6341463414634146,42.820373831775704,16.363636363636363,23.47826086956522,12.727272727272727,2.096065259470913,24,60.605136986301375,4.10958904109589,49.24657534246575,89.44444444444444,4,0,0.0,51,47.01323529411765,64,36.7816091954023,12,5,0.44000699009722866,0.3499218668506199,55.08982035928144,9.873417721518987,16.737967914438503,25.806451612903224,36.36363636363637,1.368087049892046,37,42.857142857142854,18,2.0,1.3971345317729593,1.0,0.07761858509849774,18.7,1.3971345317729593,1.0,0.0,1.0
206,2026,11,1955830,2026-04-12,Corinthians 0 x 0 Palmeiras,1237,Corinthians,31.65,68.35,Casa,12.95,105,0.5862068965517241,33.14390625,14.166666666666668,31.06796116504854,29.508196721311474,2.4804359878398405,32,46.551044776119404,2.9850746268656714,44.671875,108.07142857142857,5,0,0.06830715047036469,32,37.84265625,45,32.846715328467155,5,2,0.4459262046354823,0.03173045883803294,31.872509960159363,18.048780487804876,12.0,14.655172413793101,18.91891891891892,0.3435853651399432,12,42.857142857142854,6,1.0,0.5612388585050053,0.0,0.09353980975083422,11.666666666666666,0.5612388585050053,0.0,0.0,0.0
207,2026,11,1955830,2026-04-12,Corinthians 0 x 0 Palmeiras,1234,Palmeiras,68.35,31.65,Fora,5.541666666666667,98,0.6818181818181818,42.29133802816901,12.0,14.655172413793101,18.91891891891892,2.13791380006991,19,60.24717391304348,1.4492753623188406,65.23188405797102,138.94117647058823,5,2,0.4459262046354823,33,38.410909090909094,65,48.148148148148145,5,0,0.06830715047036469,0.03521428424779893,68.12749003984064,10.222222222222223,14.166666666666668,31.06796116504854,29.508196721311474,0.9532266693446749,20,22.22222222222222,16,0.0,0.6730577877319024,0.0,0.0420661117332439,25.2,0.6730577877319024,0.0,0.0,0.0
208,2026,11,1955836,2026-04-12,Cruzeiro 2 x 1 Red Bull Bragantino,5438,Red Bull Bragantino,53.57,46.43,Fora,10.25,123,0.8260869565217391,33.071999999999996,15.286624203821656,24.8062015503876,15.254237288135593,3.2386620099940964,32,54.52160000000001,1.3333333333333335,61.87837837837838,108.44594594594595,5,2,0.9606052287732005,44,33.05113636363637,68,43.58974358974359,9,1,0.0,0.05088223124452784,51.21951219512195,20.118343195266274,13.192272309107635,23.308270676691727,22.641509433962266,0.9199862066946642,20,75.0,16,0.0,0.5545200167218718,1.0,0.03465750104511699,18.116666666666667,0.5545200167218718,-1.0,2.0,1.0
209,2026,11,1955836,2026-04-12,Cruzeiro 2 x 1 Red Bull Bragantino,1230,Cruzeiro,46.43,53.57,Casa,8.178571428571429,111,0.7142857142857143,39.92510869565217,13.192272309107635,23.308270676691727,22.641509433962266,2.8291790390900946,25,55.494600000000005,0.0,69.9041095890411,139.6986301369863,9,1,0.0,34,47.41058823529412,64,39.263803680981596,5,2,0.9606052287732005,0.28792383245250175,48.78048780487805,14.11042944785276,15.286624203821656,24.8062015503876,15.254237288135593,0.7116075545082796,21,77.77777777777779,16,6.0,2.729088974810279,2.0,0.17056806092564245,15.7,2.729088974810279,1.0,1.0,2.0
210,2026,11,1955839,2026-04-12,Internacional 0 x 0 Gremio,1219,Internacional,53.0,47.0,Casa,5.261904761904762,143,0.7666666666666667,45.75677884615385,13.333333333333334,17.93103448275862,9.523809523809524,1.5626953200918003,29,62.33383333333333,3.3333333333333335,51.7906976744186,89.19736842105263,7,0,0.0,52,41.52951923076923,65,38.46153846153847,10,1,0.31582446808510634,0.1082341998369083,64.8780487804878,14.583333333333334,13.755186721991702,26.495726495726498,11.39240506329114,0.6506703537513641,15,55.55555555555556,11,2.0,0.8830623671361519,0.0,0.08027839701237745,16.066666666666666,0.8830623671361519,0.0,0.0,0.0
211,2026,11,1955839,2026-04-12,Internacional 0 x 0 Gremio,1244,Gremio,47.0,53.0,Fora,13.466666666666667,111,0.6428571428571429,31.22677419354839,13.755186721991702,26.495726495726498,11.39240506329114,2.442720394751966,42,51.271744186046504,1.1627906976744187,47.10588235294118,136.17073170731706,10,1,0.31582446808510634,35,34.686,60,37.03703703703704,7,0,0.0,0.03468350160137934,35.12195121951219,24.66216216216216,13.333333333333334,17.93103448275862,9.523809523809524,0.2530067895476056,7,25.0,4,0.0,0.14216876851703508,0.0,0.03554219212925877,14.25,0.14216876851703508,0.0,0.0,0.0
212,2026,11,1955842,2026-04-12,Athletico Paranaense 2 x 0 Chapecoense AF,1243,Athletico Paranaense,57.46,42.54,Casa,8.321428571428571,98,0.6551724137931034,38.250361445783135,14.968421052631578,18.26086956521739,12.76595744680851,1.8978827917361083,33,56.889759036144575,2.4096385542168677,55.243589743589745,132.46666666666667,5,1,0.03431704345471774,43,36.78174418604651,71,45.806451612903224,4,2,0.0457777422705121,0.002992971617349127,63.22314049586777,14.05152224824356,15.572876071706936,27.200000000000003,24.193548387096776,0.6752851847421768,22,40.0,14,3.0,1.5585030125112607,2.0,0.11132164375080433,21.383333333333333,1.5585030125112607,2.0,0.0,2.0
213,2026,11,1955842,2026-04-12,Athletico Paranaense 2 x 0 Chapecoense AF,8865,Chapecoense AF,42.54,57.46,Fora,10.56,104,0.5555555555555556,39.123,15.572876071706936,27.200000000000003,24.193548387096776,2.095860761242717,20,55.85522727272728,0.0,56.140625,101.0,4,2,0.0457777422705121,42,45.615,62,43.97163120567376,5,1,0.03431704345471774,0.02962670675861956,36.77685950413223,13.782051282051283,14.968421052631578,18.26086956521739,12.76595744680851,0.3016037177352744,6,33.33333333333333,8,0.0,0.2896413849285291,0.0,0.036205173116066136,15.833333333333334,0.2896413849285291,-2.0,2.0,0.0
214,2026,12,1955854,2026-04-18,Vasco da Gama 2 x 1 Sao Paulo,1224,Sao Paulo,37.48,62.52,Fora,9.23076923076923,121,0.5714285714285714,32.48327102803738,16.063348416289593,28.57142857142857,25.71428571428571,2.949804926772004,31,56.34842696629214,2.247191011235955,51.59770114942529,134.8170731707317,10,4,0.0,41,34.240243902439026,55,33.53658536585366,1,0,0.0,-0.0032216006064436087,33.56643356643357,14.82889733840304,13.584905660377359,16.793893129770993,26.0,1.1609868304668258,25,38.46153846153847,10,5.0,2.9816687775303827,1.0,0.2981668777530383,13.25,2.9816687775303827,-1.0,2.0,1.0
215,2026,12,1955854,2026-04-18,Vasco da Gama 2 x 1 Sao Paulo,1226,Vasco da Gama,62.52,37.48,Casa,7.416666666666667,124,0.8095238095238095,37.77043689320388,13.584905660377359,16.793893129770993,26.0,4.38933497226049,20,63.83258823529412,4.705882352941177,45.855421686746986,87.36144578313252,1,0,0.0,50,38.1633,74,43.27485380116959,10,4,0.0,0.10035244271985277,66.43356643356644,8.823529411764707,16.063348416289593,28.57142857142857,25.71428571428571,1.08520841311423,27,55.55555555555556,19,1.0,1.3774992139345816,1.0,0.07249995862813588,22.1,2.1713978447296816,1.0,1.0,2.0
216,2026,12,1955878,2026-04-18,Chapecoense AF 1 x 4 Botafogo RJ,1227,Botafogo RJ,48.86,51.14,Fora,37.2,98,0.5882352941176471,31.586024096385543,15.727391874180865,32.407407407407405,12.903225806451612,1.9245014391726187,38,49.65203703703704,0.0,75.35897435897436,122.76923076923077,9,2,0.035405557786660914,48,33.5453125,66,43.70860927152318,10,1,0.3901539796139666,0.10519688822457329,47.389558232931726,13.108614232209737,18.353909465020575,22.302158273381295,26.190476190476193,0.8800817976940887,17,63.63636363636363,13,4.0,1.5015847330055636,4.0,0.11550651792350489,24.3,1.5015847330055636,3.0,1.0,4.0
217,2026,12,1955878,2026-04-18,Chapecoense AF 1 x 4 Botafogo RJ,8865,Chapecoense AF,51.14,48.86,Casa,19.285714285714285,92,0.6666666666666666,45.398450704225354,18.353909465020575,22.302158273381295,26.190476190476193,2.8257875388499625,26,59.87534482758622,4.597701149425287,80.68604651162791,131.31764705882352,10,1,0.3901539796139666,43,45.57488372093024,79,58.51851851851851,9,2,0.035405557786660914,-0.021191549696678358,52.610441767068274,16.764132553606238,15.727391874180865,32.407407407407405,12.903225806451612,0.5213896859867315,9,12.5,9,0.0,0.20075077796673507,1.0,0.022305641996303898,25.433333333333334,0.20075077796673507,-3.0,4.0,1.0
218,2026,12,1955851,2026-04-19,Flamengo 2 x 0 Bahia,1239,Flamengo,49.74,50.26,Casa,13.478260869565217,100,0.6111111111111112,40.76713483146067,16.838709677419356,25.925925925925924,17.857142857142858,2.106151357042384,16,65.87,1.3333333333333335,48.0,114.36619718309859,4,1,0.0,41,46.727560975609755,70,46.05263157894737,13,4,0.2867870300516809,0.19174664419285703,58.133971291866025,7.282415630550622,18.305084745762713,31.932773109243694,35.82089552238806,1.4352480289415723,39,50.0,20,4.0,2.1460724088766234,2.0,0.10730362044383117,25.566666666666666,2.1460724088766234,2.0,0.0,2.0
219,2026,12,1955851,2026-04-19,Flamengo 2 x 0 Bahia,1221,Bahia,50.26,49.74,Fora,12.363636363636363,115,0.4444444444444444,31.22451612903226,18.305084745762713,31.932773109243694,35.82089552238806,2.3817325183243625,28,55.81187500000001,4.166666666666666,45.375,85.13888888888889,13,4,0.2867870300516809,51,30.806176470588237,75,46.875,4,1,0.0,0.10502010256156868,41.866028708133975,5.598455598455598,16.838709677419356,25.925925925925924,17.857142857142858,0.6679545549002497,13,40.0,13,0.0,0.5394914898719626,0.0,0.04149934537476636,25.833333333333332,0.5394914898719626,-2.0,2.0,0.0
220,2026,12,1955857,2026-04-19,Santos FC 2 x 3 Fluminense,1232,Fluminense,54.23,45.77,Fora,9.029411764705882,115,0.7333333333333333,39.86387096774194,17.40578439964943,21.818181818181817,26.82926829268293,3.0189103224456426,31,52.03275,5.0,50.32911392405063,99.97435897435898,7,3,1.2002080499452301,50,41.1684,66,44.5945945945946,10,0,0.11464088397790055,0.01694122515526031,56.540084388185655,8.786610878661087,17.174556213017752,19.047619047619047,20.454545454545457,0.5311440992848457,14,22.22222222222222,10,2.0,1.0457946265622677,3.0,0.10457946265622678,22.533333333333335,1.0457946265622677,1.0,2.0,3.0
221,2026,12,1955857,2026-04-19,Santos FC 2 x 3 Fluminense,1241,Santos FC,45.77,54.23,Casa,11.142857142857142,100,0.7083333333333334,43.47525,17.174556213017752,19.047619047619047,20.454545454545457,2.408206185651322,24,59.34227848101266,2.5316455696202533,59.734177215189874,111.51898734177215,10,0,0.11464088397790055,39,44.361153846153854,66,51.162790697674424,7,3,1.2002080499452301,0.11948860247537896,43.459915611814345,8.653846153846153,17.40578439964943,21.818181818181817,26.82926829268293,0.6721177068636814,19,36.36363636363637,6,4.0,1.584339668500701,2.0,0.2640566114167835,19.016666666666666,1.584339668500701,-1.0,3.0,2.0
222,2026,12,1955860,2026-04-19,Palmeiras 1 x 0 Athletico Paranaense,1243,Athletico Paranaense,49.81,50.19,Fora,9.222222222222221,108,0.7916666666666666,37.47345,15.532994923857869,19.469026548672566,23.4375,1.9946530341253381,25,58.70910447761194,2.9850746268656714,42.27272727272727,138.92307692307693,7,0,0.02350275169957915,40,38.243625,56,42.42424242424242,6,4,0.06830715047036469,0.1134869124961213,52.14007782101168,11.793611793611793,16.82864450127877,34.54545454545455,22.807017543859647,0.8370009743570401,14,30.76923076923077,9,0.0,0.3600433394665093,0.0,0.04000481549627881,19.55,0.3600433394665093,-1.0,1.0,0.0
223,2026,12,1955860,2026-04-19,Palmeiras 1 x 0 Athletico Paranaense,1234,Palmeiras,50.19,49.81,Casa,17.615384615384617,75,0.625,33.13676470588235,16.82864450127877,34.54545454545455,22.807017543859647,2.2984259576038615,29,55.10349397590362,3.614457831325301,81.60493827160494,149.01234567901236,6,4,0.06830715047036469,37,36.32148648648649,60,38.46153846153847,7,0,0.02350275169957915,0.003257965718620248,47.85992217898833,14.213197969543149,15.532994923857869,19.469026548672566,23.4375,0.24884483236867272,19,33.33333333333333,10,1.0,0.6648217184301052,1.0,0.06648217184301052,19.7,0.6648217184301052,1.0,0.0,1.0
224,2026,12,1955862,2026-04-19,Red Bull Bragantino 4 x 2 Remo,5438,Red Bull Bragantino,49.86,50.14,Casa,15.0,117,0.65,40.69923529411764,14.281225451688925,23.134328358208954,15.09433962264151,2.112274519671118,25,59.502364864864866,2.7027027027027026,46.54794520547945,99.36111111111111,7,2,0.3901539796139666,50,41.9076,66,40.49079754601227,12,6,0.4056296382313912,0.2589785882668454,51.569506726457405,11.188811188811188,15.687203791469193,28.14814814814815,34.42622950819672,1.245604980086708,28,57.14285714285714,16,1.0,1.1544607188038278,2.0,0.07215379492523924,21.1,1.1544607188038278,2.0,2.0,4.0
225,2026,12,1955862,2026-04-19,Red Bull Bragantino 4 x 2 Remo,4617,Remo,50.14,49.86,Fora,19.8,112,0.7333333333333333,35.364512195121954,15.687203791469193,28.14814814814815,34.42622950819672,3.149802452306142,31,50.49250000000001,2.380952380952381,43.25609756097561,105.58536585365853,12,6,0.4056296382313912,45,36.56566666666667,65,41.66666666666667,7,2,0.3901539796139666,0.061329576293278176,48.4304932735426,15.88089330024814,14.281225451688925,23.134328358208954,15.09433962264151,0.36227300124213935,7,62.5,7,1.0,0.6220479007329022,2.0,0.08886398581898602,21.216666666666665,0.6220479007329022,-2.0,4.0,2.0
226,2026,12,1955865,2026-04-19,Cruzeiro 2 x 0 Gremio,1244,Gremio,62.3,37.7,Fora,13.066666666666666,101,0.6363636363636364,31.618548387096777,14.52755905511811,36.36363636363637,30.88235294117647,3.448347259343723,25,52.852734375000004,4.6875,67.71875,123.93442622950819,14,4,0.7533001033767323,44,32.597727272727276,70,47.2972972972973,2,2,0.0,0.05548835973328803,42.22222222222222,12.22707423580786,13.829660512209648,21.374045801526716,27.500000000000004,0.8555749840287401,21,18.181818181818183,9,1.0,0.7991064209488616,0.0,0.08878960232765129,27.983333333333334,0.7991064209488616,-2.0,2.0,0.0
227,2026,12,1955865,2026-04-19,Cruzeiro 2 x 0 Gremio,1230,Cruzeiro,37.7,62.3,Casa,11.03225806451613,103,0.6923076923076923,38.80308510638298,13.829660512209648,21.374045801526716,27.500000000000004,2.3411246930615093,14,66.77845588235294,5.88235294117647,46.73134328358209,81.41791044776119,2,2,0.0,47,40.25744680851064,57,41.007194244604314,14,4,0.7533001033767323,0.6169650997356873,57.77777777777777,11.746031746031745,14.52755905511811,36.36363636363637,30.88235294117647,1.5375690215762172,29,57.14285714285714,18,2.0,1.8813958437767888,2.0,0.1045219913209327,16.933333333333334,1.8813958437767888,2.0,0.0,2.0
228,2026,12,1955868,2026-04-19,Internacional 1 x 2 Mirassol,1219,Internacional,69.01,30.99,Casa,7.148148148148148,109,0.7307692307692307,50.46493421052631,10.46119235095613,13.725490196078432,37.03703703703704,3.6915400902002906,11,75.04245,3.0,50.06,94.27083333333333,6,2,0.41365673131354574,49,48.33642857142857,104,57.4585635359116,12,4,0.13814839941252624,0.14472102277393528,85.0632911392405,8.087091757387247,15.424242424242424,42.47787610619469,25.471698113207548,0.940993414967723,54,37.03703703703704,24,0.0,0.9882830341156589,1.0,0.04117845975481912,33.0,0.9882830341156589,-1.0,2.0,1.0
229,2026,12,1955868,2026-04-19,Internacional 1 x 2 Mirassol,6332,Mirassol,30.99,69.01,Fora,20.928571428571427,112,0.6956521739130435,24.1794,15.424242424242424,42.47787610619469,25.471698113207548,2.41832448780777,45,40.07012658227848,3.79746835443038,59.91025641025641,139.37662337662337,12,4,0.13814839941252624,47,27.963510638297876,60,37.03703703703704,6,2,0.41365673131354574,0.14132193813248106,14.936708860759493,16.733067729083665,10.46119235095613,13.725490196078432,37.03703703703704,0.6455521376442808,14,70.0,10,3.0,1.4701364976545233,2.0,0.14701364976545234,14.816666666666666,1.4701364976545233,1.0,1.0,2.0
230,2026,12,1955872,2026-04-19,Coritiba 2 x 0 Atletico MG,1236,Coritiba,16.55,83.45,Casa,14.44,118,0.6875,32.453831775700934,15.041398344066238,35.77235772357724,21.951219512195124,2.0309782576836155,29,47.187954545454545,1.5151515151515151,46.65151515151515,126.39682539682539,10,1,0.04268894139522596,43,30.91883720930233,28,21.374045801526716,4,1,0.0,0.11744820376921616,12.156862745098039,21.390374331550802,14.895591647331786,11.811023622047244,27.77777777777778,0.16656539051279395,9,20.0,2,1.0,0.7886469359232084,2.0,0.3943234679616042,7.183333333333334,0.7886469359232084,2.0,0.0,2.0
231,2026,12,1955872,2026-04-19,Coritiba 2 x 0 Atletico MG,1235,Atletico MG,83.45,16.55,Fora,7.0,93,0.6923076923076923,46.68582089552238,14.895591647331786,11.811023622047244,27.77777777777778,2.088205142486935,17,66.5105421686747,2.4096385542168677,71.12345679012346,99.0,4,1,0.0,44,43.668068181818185,88,53.01204819277109,10,1,0.04268894139522596,0.052233086957184316,87.84313725490196,8.90625,15.041398344066238,35.77235772357724,21.951219512195124,0.5698716405797977,31,61.111111111111114,23,0.0,0.8995584454042062,0.0,0.039111236756704616,36.233333333333334,0.8995584454042062,-2.0,2.0,0.0
232,2026,12,1955875,2026-04-19,Vitoria 0 x 0 Corinthians,1237,Corinthians,39.55,60.45,Fora,13.91304347826087,94,0.8333333333333334,36.78574468085107,14.29906542056075,25.233644859813083,18.0,1.9608434577256317,26,56.11666666666667,1.3888888888888888,64.23611111111111,138.30882352941177,6,2,0.1753277154191279,38,40.35868421052631,43,31.15942028985507,5,1,0.018250950570342206,0.03625924288505189,57.009345794392516,14.929577464788732,16.53061224489796,22.88135593220339,20.0,0.17078451208418333,13,33.33333333333333,7,0.0,0.16532304238960444,0.0,0.023617577484229206,16.333333333333332,0.16532304238960444,0.0,0.0,0.0
233,2026,12,1955875,2026-04-19,Vitoria 0 x 0 Corinthians,1238,Vitoria,60.45,39.55,Casa,8.16,90,0.631578947368421,43.745999999999995,16.53061224489796,22.88135593220339,20.0,1.9111022186488986,31,51.80291666666667,2.7777777777777777,69.1159420289855,125.1304347826087,5,1,0.018250950570342206,35,45.114,60,45.45454545454545,6,2,0.1753277154191279,0.15333079016133677,42.99065420560748,12.149532710280374,14.29906542056075,25.233644859813083,18.0,0.3960099832717594,14,66.66666666666666,12,0.0,0.532380755016826,0.0,0.04436506291806883,24.966666666666665,0.532380755016826,0.0,0.0,0.0
234,2026,13,1955884,2026-04-25,Botafogo RJ 2 x 2 Internacional,1227,Botafogo RJ,54.64,45.36,Casa,7.071428571428571,134,0.8461538461538461,40.043097345132736,11.86046511627907,20.77922077922078,12.5,2.5383387128742285,23,56.93176829268293,2.4390243902439024,51.72839506172839,88.05128205128206,7,1,0.10396975425330812,52,40.66326923076923,63,37.05882352941177,7,3,0.219836564626151,0.0714183838387763,50.0,19.62025316455696,13.08880308880309,22.916666666666664,21.428571428571427,0.8145343661709084,17,75.0,16,1.0,1.5543494778295126,2.0,0.09714684236434454,17.266666666666666,1.5543494778295126,0.0,2.0,2.0
235,2026,13,1955884,2026-04-25,Botafogo RJ 2 x 2 Internacional,1219,Internacional,45.36,54.64,Fora,9.791666666666666,120,0.6666666666666666,36.93516129032258,13.08880308880309,22.916666666666664,21.428571428571427,3.3650857190297367,36,52.74351063829788,3.1914893617021276,62.61538461538461,123.75824175824175,7,3,0.219836564626151,43,37.18953488372093,58,33.91812865497076,7,1,0.10396975425330812,0.10930327365680093,50.0,16.845878136200717,11.86046511627907,20.77922077922078,12.5,0.48054195611693284,10,16.666666666666664,8,0.0,0.4014976875905208,2.0,0.0501872109488151,14.333333333333334,0.4014976875905208,0.0,2.0,2.0
236,2026,13,1955905,2026-04-25,Bahia 2 x 2 Santos FC,1241,Santos FC,28.1,71.9,Fora,12.08,123,0.6071428571428571,33.83971698113207,13.811802232854864,34.32835820895522,25.64102564102564,2.8410988897112075,43,48.1595625,3.75,44.3,117.91025641025641,13,2,0.0,47,37.219148936170214,50,30.67484662576687,5,2,0.0,0.1430026021606059,32.69230769230769,15.98639455782313,16.816326530612244,17.391304347826086,37.77777777777778,0.6319827840816441,25,29.411764705882355,9,2.0,0.9801672816611962,0.0,0.1089074757401329,12.25,2.5679645432513953,0.0,2.0,2.0
237,2026,13,1955905,2026-04-25,Bahia 2 x 2 Santos FC,1221,Bahia,71.9,28.1,Casa,5.588235294117647,127,0.6666666666666666,41.62791262135922,16.816326530612244,17.391304347826086,37.77777777777778,2.4263551521066367,22,62.97282352941177,3.5294117647058822,50.845238095238095,119.96296296296296,5,2,0.0,43,43.948604651162796,84,50.0,13,2,0.0,0.10576577562689327,67.3076923076923,5.904761904761905,13.811802232854864,34.32835820895522,25.64102564102564,1.57447485017765,24,55.00000000000001,18,1.0,1.0805898149141782,2.0,0.06003276749523212,31.35,1.0805898149141782,0.0,2.0,2.0
238,2026,13,1955908,2026-04-25,Remo 0 x 1 Cruzeiro,1230,Cruzeiro,50.45,49.55,Fora,7.357142857142857,141,0.7307692307692307,31.51193181818182,13.194312796208532,30.82191780821918,15.11627906976744,2.437729197469089,35,53.713058823529416,2.3529411764705883,45.49411764705882,104.8641975308642,8,0,0.02350275169957915,51,31.9364705882353,67,39.411764705882355,6,0,0.0,0.06500006635518041,43.445692883895134,13.670886075949367,15.865921787709498,24.666666666666668,20.37037037037037,0.5280556059776331,16,9.090909090909092,6,0.0,0.20261311808767266,1.0,0.03376885301461211,17.9,0.20261311808767266,1.0,0.0,1.0
239,2026,13,1955908,2026-04-25,Remo 0 x 1 Cruzeiro,4617,Remo,49.55,50.45,Casa,9.03448275862069,127,0.6666666666666666,36.40381188118811,15.865921787709498,24.666666666666668,20.37037037037037,1.7885901208751394,27,62.79636363636364,1.0101010101010102,55.744897959183675,88.375,6,0,0.0,46,30.456847826086957,76,40.0,8,0,0.02350275169957915,0.041802500020904354,56.55430711610487,16.516516516516518,13.194312796208532,30.82191780821918,15.11627906976744,0.7960987895733203,15,23.076923076923077,14,1.0,1.1610760424370044,0.0,0.08293400303121459,17.583333333333332,1.1610760424370044,-1.0,1.0,0.0
240,2026,13,1955887,2026-04-26,Sao Paulo 1 x 0 Mirassol,6332,Mirassol,47.24,52.76,Fora,12.0,118,0.72,32.561,16.19446772841576,29.6875,20.481927710843372,2.828367921111223,31,53.20518518518518,3.7037037037037033,54.72839506172839,105.59210526315789,11,6,0.31568690051765325,45,33.76566666666666,63,40.64516129032258,6,0,0.0,0.03516213696410686,35.507246376811594,16.40625,15.393258426966291,17.96875,24.489795918367346,1.1480663005983822,15,41.66666666666667,10,1.0,1.1213054212077036,0.0,0.11213054212077037,17.8,1.1213054212077036,-1.0,1.0,0.0
241,2026,13,1955887,2026-04-26,Sao Paulo 1 x 0 Mirassol,1224,Sao Paulo,52.76,47.24,Casa,9.172413793103448,107,0.72,40.94315217391304,15.393258426966291,17.96875,24.489795918367346,3.344365550516192,24,64.21044943820226,3.3707865168539324,72.4090909090909,128.08045977011494,6,0,0.0,38,45.846315789473685,84,47.45762711864407,11,6,0.31568690051765325,0.30302781654184896,64.4927536231884,14.964370546318289,16.19446772841576,29.6875,20.481927710843372,1.199828955857813,29,35.294117647058826,17,1.0,1.3283516760612004,1.0,0.07813833388595297,19.883333333333333,1.3283516760612004,1.0,0.0,1.0
242,2026,13,1955890,2026-04-26,Corinthians 1 x 0 Vasco da Gama,1226,Vasco da Gama,60.9,39.1,Fora,5.838709677419355,118,0.6,38.24935483870968,13.603238866396763,26.01626016260163,22.22222222222222,2.30633312394397,28,60.14323170731707,3.6585365853658534,50.41975308641975,111.3125,10,1,0.05509112514359647,47,37.33085106382979,81,50.0,12,2,0.0,0.08027042697148357,64.04833836858006,7.975460122699387,14.97076023391813,31.20567375886525,19.047619047619047,0.9764964085941898,13,41.66666666666667,21,2.0,1.1571221012980746,0.0,0.055101052442765454,25.65,1.1571221012980746,-1.0,1.0,0.0
243,2026,13,1955890,2026-04-26,Corinthians 1 x 0 Vasco da Gama,1237,Corinthians,39.1,60.9,Casa,11.666666666666666,98,0.6666666666666666,36.72711538461539,14.97076023391813,31.20567375886525,19.047619047619047,2.103542145085671,32,51.91697368421053,5.263157894736842,75.78947368421052,166.67567567567568,12,2,0.0,35,38.781,62,42.17687074829932,10,1,0.05509112514359647,0.10984297382041941,35.95166163141994,16.25,13.603238866396763,26.01626016260163,22.22222222222222,0.4797275972248478,15,66.66666666666666,13,2.0,0.7650727723209331,1.0,0.05885175171699485,16.466666666666665,0.7650727723209331,1.0,0.0,1.0
244,2026,13,1955893,2026-04-26,Red Bull Bragantino 0 x 1 Palmeiras,5438,Red Bull Bragantino,62.44,37.56,Casa,13.0,106,0.5833333333333334,46.44620689655173,12.160493827160494,18.796992481203006,20.0,3.379298282733107,15,70.10659090909091,1.1363636363636365,52.36046511627907,71.78823529411764,3,1,0.0,58,46.56387931034483,81,45.2513966480447,14,1,0.018250950570342206,0.03655243517935203,78.14814814814814,10.920770877944326,13.403465346534654,34.375,22.340425531914892,1.3037164472309808,22,57.14285714285714,19,1.0,1.1095911043178663,0.0,0.05839953180620349,26.933333333333334,1.1095911043178663,-1.0,1.0,0.0
245,2026,13,1955893,2026-04-26,Red Bull Bragantino 0 x 1 Palmeiras,1234,Palmeiras,37.56,62.44,Fora,18.357142857142858,100,0.7142857142857143,30.17152173913043,13.403465346534654,34.375,22.340425531914892,2.734409681535089,42,44.8756875,2.5,63.13157894736842,137.986301369863,14,1,0.018250950570342206,38,31.599473684210523,54,37.76223776223776,3,1,0.0,0.036421138294534305,21.85185185185185,20.666666666666668,12.160493827160494,18.796992481203006,20.0,0.6023316497256772,9,71.42857142857143,6,0.0,0.3374773686785583,1.0,0.05624622811309305,16.2,0.3374773686785583,1.0,0.0,1.0
246,2026,13,1955899,2026-04-26,Gremio 1 x 0 Coritiba,1244,Gremio,57.3,42.7,Casa,8.36,106,0.6666666666666666,36.9215,14.843601895734599,25.64102564102564,30.0,2.7023136503135103,26,52.921749999999996,6.666666666666667,52.666666666666664,162.05172413793105,4,2,0.2924330616996509,41,38.17390243902439,59,41.843971631205676,9,5,0.13219215046749905,0.23548256855110594,54.48275862068965,13.963963963963963,15.38135593220339,27.192982456140353,35.08771929824561,1.3442439853240506,27,60.0,22,1.0,1.3573697729190906,1.0,0.061698626041776845,23.6,1.3573697729190906,1.0,0.0,1.0
247,2026,13,1955899,2026-04-26,Gremio 1 x 0 Coritiba,1236,Coritiba,42.7,57.3,Fora,16.41176470588235,96,0.5882352941176471,37.97810126582279,15.38135593220339,27.192982456140353,35.08771929824561,2.801891964359696,25,56.376250000000006,1.3888888888888888,63.486111111111114,156.8125,9,5,0.13219215046749905,35,41.418,70,47.2972972972973,4,2,0.2924330616996509,0.06229332348939076,45.51724137931035,12.462908011869436,14.843601895734599,25.64102564102564,30.0,1.00432923741281,26,44.44444444444444,15,2.0,0.8750132312243769,0.0,0.05833421541495846,17.583333333333332,0.8750132312243769,-1.0,1.0,0.0
248,2026,13,1955902,2026-04-26,Athletico Paranaense 3 x 1 Vitoria,1243,Athletico Paranaense,63.34,36.66,Casa,7.291666666666667,91,0.6666666666666666,40.84898734177215,13.991031390134529,16.528925619834713,8.108108108108109,3.902772623486318,11,66.80704545454546,1.5151515151515151,44.21212121212121,141.41538461538462,3,0,0.03431704345471774,34,43.62441176470588,66,46.478873239436616,10,2,0.04707447998210691,0.16431002650723725,78.04878048780488,9.090909090909092,15.103806228373703,37.27272727272727,24.615384615384617,1.265691805480783,22,50.0,22,6.0,3.667815072116212,2.0,0.1667188669143733,19.266666666666666,4.461713702911312,2.0,1.0,3.0
249,2026,13,1955902,2026-04-26,Athletico Paranaense 3 x 1 Vitoria,1238,Vitoria,36.66,63.34,Fora,13.666666666666666,89,0.6818181818181818,31.68439024390244,15.103806228373703,37.27272727272727,24.615384615384617,2.738912352469271,33,48.47116438356165,2.73972602739726,72.53521126760563,119.18518518518519,10,2,0.04707447998210691,32,34.46953125,44,31.428571428571427,3,0,0.03431704345471774,0.029218766404849106,21.951219512195124,17.796610169491526,13.991031390134529,16.528925619834713,8.108108108108109,0.5408469670552027,8,66.66666666666666,7,1.0,0.6585000353166685,1.0,0.09407143361666692,11.15,0.6585000353166685,-2.0,3.0,1.0
250,2026,13,1955881,2026-04-27,Fluminense 2 x 1 Chapecoense AF,1232,Fluminense,73.89,26.11,Casa,9.826086956521738,106,0.64,43.90657894736842,16.86323713927227,12.5,10.344827586206897,1.859213898950119,12,66.35681818181818,6.0606060606060606,44.828125,76.0625,6,0,0.03431704345471774,48,42.8421875,82,55.033557046979865,13,3,0.1503284174525564,0.46102790976466324,80.24316109422493,5.172413793103448,17.587583148558757,39.130434782608695,41.0958904109589,1.9420288252494453,44,60.0,29,1.0,1.8255460442012548,1.0,0.06294986359314672,37.583333333333336,2.6194446749963545,1.0,1.0,2.0
251,2026,13,1955881,2026-04-27,Fluminense 2 x 1 Chapecoense AF,8865,Chapecoense AF,26.11,73.89,Fora,29.066666666666666,113,0.6363636363636364,30.089433962264152,17.587583148558757,39.130434782608695,41.0958904109589,2.6791101505616486,33,46.956875,1.3888888888888888,43.82857142857143,102.01449275362319,13,3,0.1503284174525564,48,36.354062500000005,48,34.04255319148936,6,0,0.03431704345471774,-0.012975433047552443,19.756838905775076,16.39344262295082,16.86323713927227,12.5,10.344827586206897,0.21646300802277185,3,66.66666666666666,8,0.0,0.3399449717873286,1.0,0.04249312147341607,13.283333333333333,0.3399449717873286,-1.0,2.0,1.0
252,2026,13,1955896,2026-04-27,Atletico MG 0 x 4 Flamengo,1239,Flamengo,48.58,51.42,Fora,15.722222222222221,76,0.5714285714285714,33.636971830985914,16.32241813602015,36.08247422680412,33.33333333333333,2.1756865596924206,15,55.92925531914894,2.127659574468085,85.63829787234043,198.62222222222223,6,0,0.011486738886813598,26,42.056538461538466,53,49.532710280373834,3,0,0.0,-0.012782948934729976,40.57507987220447,6.109979633401222,17.52,31.914893617021278,20.930232558139537,2.141637238174658,17,66.66666666666666,9,3.0,2.180170931475538,4.0,0.2422412146083931,25.0,2.180170931475538,4.0,0.0,4.0
253,2026,13,1955896,2026-04-27,Atletico MG 0 x 4 Flamengo,1235,Atletico MG,51.42,48.58,Casa,18.72222222222222,72,0.7692307692307693,36.94875,17.52,31.914893617021278,20.930232558139537,4.212672589341733,18,63.47625,0.0,103.73214285714286,157.8653846153846,3,0,0.0,31,35.77112903225806,70,56.91056910569105,6,0,0.011486738886813598,0.03729833491338752,59.424920127795524,6.97211155378486,16.32241813602015,36.08247422680412,33.33333333333333,0.9495999958382533,25,45.0,18,2.0,1.5378371539296611,0.0,0.08543539744053673,26.466666666666665,1.5378371539296611,-4.0,4.0,0.0
254,2026,14,1955752,2026-05-02,Botafogo RJ 1 x 2 Remo,1227,Botafogo RJ,58.92,41.08,Casa,12.0625,93,0.625,33.9198275862069,14.742489270386265,28.68217054263566,19.35483870967742,2.278060913805615,18,63.60310975609757,1.2195121951219512,67.76829268292683,121.26829268292683,8,2,0.31407060970770617,43,34.87220930232559,67,42.94871794871795,11,7,0.29389405894553855,0.25633651740011265,51.36054421768708,14.782608695652174,16.065818997756168,26.666666666666668,36.92307692307693,0.9441542975547232,32,37.5,16,4.0,1.6326582134495735,1.0,0.10204113834059834,22.283333333333335,1.6326582134495735,-1.0,2.0,1.0
255,2026,14,1955752,2026-05-02,Botafogo RJ 1 x 2 Remo,4617,Remo,41.08,58.92,Fora,19.58823529411765,90,0.5789473684210527,32.52877659574468,16.065818997756168,26.666666666666668,36.92307692307693,2.772057123207432,23,60.46962962962963,1.2345679012345678,71.54545454545455,126.01315789473684,11,7,0.29389405894553855,39,39.127307692307696,68,43.037974683544306,8,2,0.31407060970770617,0.11517932485751281,48.63945578231292,14.634146341463413,14.742489270386265,28.68217054263566,19.35483870967742,0.9039508281293394,20,50.0,18,3.0,1.8923407019628602,2.0,0.10513003899793667,15.533333333333333,1.8923407019628602,1.0,1.0,2.0
256,2026,14,1955758,2026-05-02,Palmeiras 1 x 1 Santos FC,1241,Santos FC,41.57,58.43,Fora,10.666666666666666,94,0.8461538461538461,34.75185,15.91578947368421,23.25581395348837,30.303030303030305,3.1652084935902027,37,53.195783132530124,3.614457831325301,65.90243902439025,108.58974358974359,7,1,0.48034124629080127,42,41.237500000000004,66,44.0,13,3,0.12164052924330197,0.19580509713729066,45.55555555555556,12.40506329113924,17.75147928994083,24.576271186440678,18.333333333333332,0.7972795731568689,18,63.63636363636363,14,2.0,1.0550405836190198,1.0,0.07536004168707285,16.9,1.0550405836190198,0.0,1.0,1.0
257,2026,14,1955758,2026-05-02,Palmeiras 1 x 1 Santos FC,1234,Palmeiras,58.43,41.57,Casa,11.3,102,0.6086956521739131,39.91625,17.75147928994083,24.576271186440678,18.333333333333332,2.4064330667415788,26,58.426518987341765,0.0,54.467532467532465,118.6891891891892,13,3,0.12164052924330197,44,42.83045454545454,64,37.64705882352941,7,1,0.48034124629080127,0.18757757278483878,54.44444444444444,9.615384615384617,15.91578947368421,23.25581395348837,30.303030303030305,1.4945663551135144,36,65.0,22,4.0,2.5735600068184725,1.0,0.11698000030993057,23.75,2.5735600068184725,0.0,1.0,1.0
258,2026,14,1955773,2026-05-02,Vitoria 4 x 1 Coritiba,1238,Vitoria,61.53,38.47,Casa,11.1,88,0.8181818181818182,36.34594936708861,15.087719298245613,22.22222222222222,20.0,3.041565012013415,15,59.989285714285714,8.16326530612245,46.40425531914894,136.46808510638297,6,1,0.06830715047036469,36,35.455,55,49.107142857142854,4,1,0.0,0.027064262911733028,59.82532751091703,8.380952380952381,16.96526508226691,28.421052631578945,26.82926829268293,0.7567140057069248,12,45.45454545454545,10,2.0,1.0510748009368691,3.0,0.10510748009368691,27.35,1.8449734317319688,3.0,1.0,4.0
259,2026,14,1955773,2026-05-02,Vitoria 4 x 1 Coritiba,1236,Coritiba,38.47,61.53,Fora,18.68421052631579,74,0.6666666666666666,36.65333333333333,16.96526508226691,28.421052631578945,26.82926829268293,2.0225767749078183,22,57.04,1.5873015873015872,71.01587301587301,209.79245283018867,4,1,0.0,28,36.50625,51,52.04081632653062,6,1,0.06830715047036469,0.0690378036568382,40.174672489082965,13.4375,15.087719298245613,22.22222222222222,20.0,0.6517588533222103,11,57.14285714285714,5,1.0,0.6159905658205996,1.0,0.12319811316411992,17.1,0.6159905658205996,-3.0,4.0,1.0
260,2026,14,1955755,2026-05-03,Sao Paulo 2 x 2 Bahia,1224,Sao Paulo,37.8,62.2,Casa,19.928571428571427,85,0.5625,33.580217391304345,15.200464846019756,32.142857142857146,28.35820895522388,2.5573073962613835,29,57.7192,1.3333333333333335,58.06849315068493,145.14492753623188,7,2,0.029446876243533624,34,35.22132352941177,56,37.83783783783784,8,3,0.2885016332127726,0.32043790862934873,39.285714285714285,13.375796178343949,13.365200764818356,26.956521739130434,35.59322033898305,1.377158172815248,30,52.38095238095239,18,2.0,1.9394889113546372,2.0,0.10774938396414652,17.433333333333334,1.9394889113546372,0.0,2.0,2.0
261,2026,14,1955755,2026-05-03,Sao Paulo 2 x 2 Bahia,1221,Bahia,62.2,37.8,Fora,13.928571428571429,97,0.7222222222222222,36.099807692307685,13.365200764818356,26.956521739130434,35.59322033898305,3.565117680721884,14,67.06992537313432,4.477611940298507,64.0,138.12121212121212,8,3,0.2885016332127726,41,35.92792682926829,67,45.27027027027027,7,2,0.029446876243533624,0.06683265885785072,60.71428571428571,7.156673114119923,15.200464846019756,32.142857142857146,28.35820895522388,1.0919838507829427,32,52.63157894736842,20,2.0,1.909967200195139,2.0,0.09549836000975695,28.683333333333334,1.909967200195139,0.0,2.0,2.0
262,2026,14,1955764,2026-05-03,Cruzeiro 1 x 3 Atletico MG,1230,Cruzeiro,71.36,28.64,Casa,6.708333333333333,97,0.8333333333333334,40.82506329113924,15.147540983606559,16.50485436893204,29.411764705882355,3.875318383478236,13,68.70409090909092,2.5974025974025974,67.09210526315789,139.8,6,1,0.0,39,37.229230769230774,74,48.05194805194805,8,2,0.0,0.2128169237320754,74.4186046511628,13.111545988258316,16.105263157894736,36.283185840707965,16.666666666666664,0.836821287742527,14,23.076923076923077,13,0.0,0.5280394261637104,0.0,0.04061841739720849,25.333333333333332,1.32193805695881,-2.0,3.0,1.0
263,2026,14,1955764,2026-05-03,Cruzeiro 1 x 3 Atletico MG,1235,Atletico MG,28.64,71.36,Fora,16.166666666666668,95,0.7647058823529411,30.3296875,16.105263157894736,36.283185840707965,16.666666666666664,2.062558720064631,23,52.75941176470589,1.4705882352941175,52.67164179104478,156.23076923076923,8,2,0.0,32,31.6115625,41,33.60655737704918,6,1,0.0,0.20137865949870593,25.581395348837212,18.666666666666668,15.147540983606559,16.50485436893204,29.411764705882355,0.9518467165427582,12,50.0,5,2.0,1.0290551946028395,2.0,0.2058110389205679,10.166666666666666,1.8229538253979392,2.0,1.0,3.0
264,2026,14,1955767,2026-05-03,Internacional 2 x 0 Fluminense,1219,Internacional,31.17,68.83,Casa,13.085714285714285,109,0.6086956521739131,47.067925531914895,16.765641569459174,18.89763779527559,24.390243902439025,2.217891672918449,11,61.096636363636364,3.6363636363636362,50.77358490566038,86.9375,2,0,0.0,43,50.7296511627907,55,41.04477611940299,10,2,0.43747059654111053,0.006536026323378685,50.51194539249146,9.602649006622517,16.01873536299766,29.523809523809526,17.857142857142858,0.4839946104000248,21,40.0,18,3.0,1.8710058983199092,2.0,0.10394477212888384,14.233333333333333,1.8710058983199092,2.0,0.0,2.0
265,2026,14,1955767,2026-05-03,Internacional 2 x 0 Fluminense,1232,Fluminense,68.83,31.17,Fora,7.045454545454546,80,0.6470588235294118,36.13796052631579,16.01873536299766,29.523809523809526,17.857142857142858,2.011577583174917,27,49.24191176470588,0.0,55.92307692307692,154.21311475409837,10,2,0.43747059654111053,29,33.954827586206896,80,54.421768707483,2,0,0.0,-0.01154758877124129,49.48805460750853,7.290015847860539,16.765641569459174,18.89763779527559,24.390243902439025,0.519072005494055,14,20.0,11,2.0,0.982959555201553,0.0,0.08935995956377754,31.433333333333334,0.982959555201553,-2.0,2.0,0.0
266,2026,14,1955770,2026-05-03,Athletico Paranaense 0 x 0 Gremio,1243,Athletico Paranaense,46.73,53.27,Casa,13.08695652173913,103,0.64,36.39875,15.862068965517242,25.6198347107438,20.0,2.872850925574162,26,57.07875000000001,7.142857142857142,50.90243902439025,137.1341463414634,7,0,0.0,39,33.904230769230765,71,47.97297297297297,8,2,0.02350275169957915,0.14802153747701485,44.052863436123346,13.774104683195592,13.562653562653562,24.59016393442623,22.641509433962266,0.6321535123508522,15,50.0,11,2.0,1.1205641686129648,0.0,0.1018694698739059,20.35,1.1205641686129648,0.0,0.0,0.0
267,2026,14,1955770,2026-05-03,Athletico Paranaense 0 x 0 Gremio,1244,Gremio,53.27,46.73,Fora,10.91304347826087,106,0.6666666666666666,40.04747191011236,13.562653562653562,24.59016393442623,22.641509433962266,2.255820393096156,21,60.544166666666676,1.3888888888888888,58.68115942028985,146.7941176470588,8,2,0.02350275169957915,42,40.225,58,42.028985507246375,7,0,0.0,0.010056338885006788,55.947136563876654,10.176991150442479,15.862068965517242,25.6198347107438,20.0,1.0196782907670379,16,55.55555555555556,7,1.0,0.7441602687480245,0.0,0.10630860982114636,23.2,0.7441602687480245,0.0,0.0,0.0
268,2026,14,1955777,2026-05-03,Chapecoense AF 1 x 2 Red Bull Bragantino,8865,Chapecoense AF,59.69,40.31,Casa,11.958333333333334,103,0.6111111111111112,39.358666666666664,15.231660231660232,12.408759124087592,19.444444444444446,2.595542018998711,33,57.20848314606742,1.1235955056179776,58.20454545454545,104.375,2,0,0.0,51,40.25000000000001,77,46.666666666666664,10,1,0.48034124629080127,0.3048581375909567,71.70731707317073,17.634408602150536,13.376792698826597,25.757575757575758,25.0,1.1450360446426693,24,62.5,19,2.0,1.5745422996209912,1.0,0.08287064734847323,25.566666666666666,1.5745422996209912,-1.0,2.0,1.0
269,2026,14,1955777,2026-05-03,Chapecoense AF 1 x 2 Red Bull Bragantino,5438,Red Bull Bragantino,40.31,59.69,Fora,13.166666666666666,104,0.6190476190476191,36.20824468085106,13.376792698826597,25.757575757575758,25.0,3.2776746419574905,45,47.08719101123595,1.1235955056179776,64.63953488372093,109.08235294117647,10,1,0.48034124629080127,47,37.695,61,38.853503184713375,2,0,0.0,-0.007620862988357846,28.292682926829265,15.303430079155673,15.231660231660232,12.408759124087592,19.444444444444446,0.41154587568010914,9,57.14285714285714,7,1.0,0.5847389185788621,2.0,0.08353413122555173,17.266666666666666,0.5847389185788621,1.0,1.0,2.0
270,2026,14,1955911,2026-05-03,Flamengo 2 x 2 Vasco da Gama,1226,Vasco da Gama,53.27,46.73,Fora,12.10344827586207,109,0.52,42.85206896551725,16.955571740713765,20.0,33.33333333333333,2.4256668588108843,16,66.31522058823529,1.4705882352941175,43.73529411764706,130.07462686567163,2,0,0.0,51,45.915882352941175,65,44.21768707482993,13,1,0.022973477773627196,0.005510946609502909,60.810810810810814,7.2434607645875255,15.948881789137381,38.05309734513274,24.65753424657534,1.016787237800603,27,61.111111111111114,20,2.0,1.5804677332247539,2.0,0.07902338666123769,26.083333333333332,1.5804677332247539,0.0,2.0,2.0
271,2026,14,1955911,2026-05-03,Flamengo 2 x 2 Vasco da Gama,1239,Flamengo,46.73,53.27,Casa,11.958333333333334,98,0.6666666666666666,30.265955056179774,15.948881789137381,38.05309734513274,24.65753424657534,2.6192991194145208,31,52.03711267605634,8.450704225352112,67.6,138.18840579710144,13,1,0.022973477773627196,37,32.178243243243244,63,42.567567567567565,2,0,0.0,0.01735993286405879,39.189189189189186,7.415254237288135,16.955571740713765,20.0,33.33333333333333,0.5133606011183267,16,50.0,11,2.0,1.1371694695671173,1.0,0.10337904268791975,22.883333333333333,1.9310681003622168,0.0,2.0,2.0
272,2026,14,1955761,2026-05-04,Mirassol 2 x 1 Corinthians,6332,Mirassol,40.33,59.67,Casa,16.73913043478261,107,0.6428571428571429,40.84753012048193,17.4,22.058823529411764,17.543859649122805,2.405990606345607,35,51.732034883720935,1.1627906976744187,51.83132530120482,97.40963855421687,3,1,0.0457777422705121,41,43.96170731707317,57,38.775510204081634,4,1,0.0865581010407069,0.11096098129310716,45.49180327868852,16.27906976744186,14.970414201183432,19.65811965811966,8.16326530612245,0.3014664826710485,6,25.0,6,0.0,0.20696315506451504,1.0,0.03449385917741917,16.9,1.0008617858596147,1.0,1.0,2.0
273,2026,14,1955761,2026-05-04,Mirassol 2 x 1 Corinthians,1237,Corinthians,59.67,40.33,Fora,12.105263157894736,112,0.6875,36.24554347826087,14.970414201183432,19.65811965811966,8.16326530612245,1.9611315788546642,30,55.64,2.380952380952381,40.27160493827161,91.45,4,1,0.0865581010407069,47,37.00468085106383,78,47.85276073619632,3,1,0.0457777422705121,0.008316902449644115,54.50819672131148,7.650273224043716,17.4,22.058823529411764,17.543859649122805,0.7818399516118193,10,60.0,11,0.0,0.38355255139926864,1.0,0.034868413763569875,25.0,0.38355255139926864,-1.0,2.0,1.0
274,2026,15,1955780,2026-05-09,Fluminense 2 x 2 Vitoria,1232,Fluminense,57.83,42.17,Casa,9.444444444444445,113,0.6296296296296297,37.55170588235294,15.149501661129568,23.140495867768596,26.666666666666668,2.312302529591105,17,65.2635,1.4285714285714286,62.971014492753625,108.73913043478261,3,1,0.0,41,37.44914634146341,64,48.484848484848484,9,0,0.0,0.07370970896229334,67.82334384858044,6.415094339622642,16.09933373712901,37.27272727272727,18.64406779661017,0.7954095351219794,22,72.72727272727273,12,1.0,0.8534810075309721,2.0,0.07112341729424768,27.516666666666666,0.8534810075309721,0.0,2.0,2.0
275,2026,15,1955780,2026-05-09,Fluminense 2 x 2 Vitoria,1238,Vitoria,42.17,57.83,Fora,13.863636363636363,113,0.5666666666666667,36.852558139534885,16.09933373712901,37.27272727272727,18.64406779661017,2.2300664065288713,22,58.378432835820895,4.477611940298507,46.07692307692308,116.29230769230769,9,0,0.0,40,42.217875,56,39.436619718309856,3,1,0.0,0.007371919708840213,32.17665615141956,13.910761154855644,15.149501661129568,23.140495867768596,26.666666666666668,0.4585540745560748,17,41.66666666666667,9,0.0,0.5259924459343951,1.0,0.058443605103821676,20.066666666666666,1.3198910767294947,0.0,2.0,2.0
276,2026,15,1955802,2026-05-09,Coritiba 2 x 2 Internacional,1236,Coritiba,33.33,66.67,Casa,15.4,127,0.6428571428571429,26.690669291338587,15.517241379310345,39.37007874015748,24.242424242424242,2.568174842819645,38,48.15875,0.0,45.214285714285715,119.25,10,3,0.0,48,31.6990625,48,30.18867924528302,6,2,0.3458929917106255,0.1248136079730724,24.922118380062305,16.828478964401295,15.812807881773399,15.277777777777779,28.57142857142857,0.4790969305009911,14,50.0,8,1.0,0.7308052164015921,2.0,0.09135065205019902,13.533333333333333,0.7308052164015921,0.0,2.0,2.0
277,2026,15,1955802,2026-05-09,Coritiba 2 x 2 Internacional,1219,Internacional,66.67,33.33,Fora,10.0,117,0.5714285714285714,40.60538461538462,15.812807881773399,15.277777777777779,28.57142857142857,2.2149001259401073,21,66.839,2.857142857142857,54.07692307692308,91.70588235294117,6,2,0.3458929917106255,50,42.258300000000006,100,54.054054054054056,10,3,0.0,0.04986429781514223,75.0778816199377,14.564831261101244,15.517241379310345,39.37007874015748,24.242424242424242,1.0876850593665726,36,45.83333333333333,22,5.0,2.9755764839573806,2.0,0.1352534765435173,27.066666666666666,2.9755764839573806,0.0,2.0,2.0
278,2026,15,1955786,2026-05-10,Santos FC 2 x 0 Red Bull Bragantino,1241,Santos FC,50.92,49.08,Casa,7.774193548387097,111,0.7142857142857143,41.042477064220186,14.71900089206066,24.203821656050955,28.8135593220339,2.073385616371226,30,57.079431818181824,7.954545454545454,39.93181818181818,112.50574712643679,9,1,0.011486738886813598,53,44.240660377358495,67,39.1812865497076,5,3,0.0,0.10610744985974874,54.25531914893617,7.568807339449542,17.334479793637147,20.56737588652482,33.89830508474576,1.2113864116597668,32,40.0,9,2.0,1.1909932631806102,2.0,0.13233258479784557,19.383333333333333,1.1909932631806102,2.0,0.0,2.0
279,2026,15,1955786,2026-05-10,Santos FC 2 x 0 Red Bull Bragantino,5438,Red Bull Bragantino,49.08,50.92,Fora,11.076923076923077,123,0.8,37.97830188679246,17.334479793637147,20.56737588652482,33.89830508474576,2.9529593979764392,29,58.0685,2.2222222222222223,50.70454545454545,92.7159090909091,5,3,0.0,59,39.189915254237285,66,36.46408839779006,9,1,0.011486738886813598,0.044689236636179075,45.744680851063826,11.917098445595855,14.71900089206066,24.203821656050955,28.8135593220339,0.6506909979460276,20,35.294117647058826,11,2.0,0.7345809010465933,0.0,0.06678008191332667,18.683333333333334,0.7345809010465933,-2.0,2.0,0.0
280,2026,15,1955790,2026-05-10,Corinthians 3 x 2 Sao Paulo,1237,Corinthians,50.3,49.7,Casa,15.764705882352942,85,0.75,37.52375,16.92452830188679,19.379844961240313,15.09433962264151,2.2114776445728,31,55.598148148148155,0.0,108.475,159.41095890410958,9,2,0.5359784734761456,37,41.86945945945946,67,41.61490683229814,10,3,0.3572110943576901,0.10141032161543473,60.820895522388064,9.278350515463918,16.328052190121156,22.950819672131146,24.242424242424242,0.7177592593472588,21,75.0,15,2.0,1.2958568804770523,3.0,0.08639045869847015,17.883333333333333,1.2958568804770523,1.0,2.0,3.0
281,2026,15,1955790,2026-05-10,Corinthians 3 x 2 Sao Paulo,1224,Sao Paulo,49.7,50.3,Fora,8.392857142857142,110,0.6296296296296297,38.03,16.328052190121156,22.950819672131146,24.242424242424242,2.390541366477496,30,57.475764705882355,3.5294117647058822,50.36904761904762,122.0,10,3,0.3572110943576901,45,48.50533333333334,61,38.125,9,2,0.5359784734761456,0.05211640728707234,39.17910447761194,10.050251256281408,16.92452830188679,19.379844961240313,15.09433962264151,0.2797523645264288,13,12.5,7,1.0,0.6600830319690749,1.0,0.09429757599558213,17.666666666666668,0.6600830319690749,-1.0,3.0,2.0
282,2026,15,1955792,2026-05-10,Mirassol 1 x 1 Chapecoense AF,6332,Mirassol,59.75,40.25,Casa,12.333333333333334,116,0.5714285714285714,39.27379518072289,14.613180515759312,19.565217391304348,21.951219512195124,2.433477729771563,21,62.99389534883721,0.0,62.535714285714285,106.44047619047619,4,1,0.0,49,42.025714285714294,82,45.05494505494506,9,2,0.07652135622564053,0.0499066576260776,65.1063829787234,11.65644171779141,14.671814671814673,25.185185185185183,13.924050632911392,0.7186395314761516,21,63.63636363636363,22,1.0,1.2597736826830919,1.0,0.05726244012195872,25.9,1.2597736826830919,0.0,1.0,1.0
283,2026,15,1955792,2026-05-10,Mirassol 1 x 1 Chapecoense AF,8865,Chapecoense AF,40.25,59.75,Fora,19.055555555555557,105,0.8,32.19757425742574,14.671814671814673,25.185185185185183,13.924050632911392,2.569070628368907,33,49.32567073170732,0.0,63.03703703703704,159.21518987341773,9,2,0.07652135622564053,39,35.85884615384616,56,36.84210526315789,4,1,0.0,0.04264865990057176,34.8936170212766,17.51412429378531,14.613180515759312,19.565217391304348,21.951219512195124,0.5819351391067715,10,44.44444444444444,11,1.0,0.7786380933685235,0.0,0.07078528121532032,17.45,0.7786380933685235,0.0,1.0,1.0
284,2026,15,1955795,2026-05-10,Atletico MG 1 x 1 Botafogo RJ,1235,Atletico MG,42.51,57.49,Casa,20.928571428571427,91,0.6363636363636364,36.49572289156627,15.77872340425532,21.052631578947366,29.310344827586203,2.632971465367314,34,49.144200000000005,5.333333333333334,57.12328767123287,146.6056338028169,7,2,0.0572644811573257,36,45.397916666666674,51,33.77483443708609,7,1,0.055344668687234796,0.009044096636683818,50.23474178403756,17.57188498402556,14.568469505178367,20.168067226890756,22.916666666666664,0.7252066489846212,20,72.72727272727273,17,2.0,1.2667248483144555,1.0,0.07451322637143856,14.483333333333333,1.2667248483144555,0.0,1.0,1.0
285,2026,15,1955795,2026-05-10,Atletico MG 1 x 1 Botafogo RJ,1227,Botafogo RJ,57.49,42.51,Fora,8.818181818181818,107,0.7333333333333333,39.338793103448275,14.568469505178367,20.168067226890756,22.916666666666664,2.945109148627944,31,57.69978260869566,0.0,60.359550561797754,132.2808988764045,7,1,0.055344668687234796,41,40.350731707317074,74,44.31137724550898,7,2,0.0572644811573257,0.11198154467494081,49.76525821596244,14.563106796116504,15.77872340425532,21.052631578947366,29.310344827586203,0.5731430935719177,24,41.17647058823529,18,2.0,1.724335417026814,1.0,0.09579641205704521,19.583333333333332,1.724335417026814,0.0,1.0,1.0
286,2026,15,1955798,2026-05-10,Gremio 0 x 1 Flamengo,1244,Gremio,32.17,67.83,Casa,27.214285714285715,104,0.6,27.822162162162158,17.9568345323741,36.434108527131784,29.87012987012987,2.342755468109786,39,48.48500000000001,1.1904761904761905,47.646341463414636,91.7560975609756,15,2,0.12075715826876447,45,31.721666666666668,56,36.36363636363637,2,0,0.026892430278884463,0.0032574819559565427,22.195704057279237,16.0,15.348837209302324,15.862068965517242,21.875,0.41607804002655513,7,28.57142857142857,6,0.0,0.28779725921386645,0.0,0.04796620986897774,16.483333333333334,0.28779725921386645,-1.0,1.0,0.0
287,2026,15,1955798,2026-05-10,Gremio 0 x 1 Flamengo,1239,Flamengo,67.83,32.17,Fora,10.91304347826087,106,0.6666666666666666,42.16607142857143,15.348837209302324,15.862068965517242,21.875,1.853130098842123,14,67.6575,4.761904761904762,48.23809523809524,71.71084337349397,2,0,0.026892430278884463,56,44.932500000000005,85,52.46913580246913,15,2,0.12075715826876447,0.28649760164989146,77.80429594272077,5.006765899864682,17.9568345323741,36.434108527131784,29.87012987012987,1.6787776249010427,39,60.86956521739131,20,3.0,2.194393213688594,1.0,0.1097196606844297,34.75,2.194393213688594,1.0,0.0,1.0
288,2026,15,1955807,2026-05-10,Bahia 1 x 2 Cruzeiro,1221,Bahia,49.12,50.88,Casa,11.31578947368421,89,0.8571428571428571,36.16090909090909,16.57831325301205,26.36363636363636,28.8135593220339,2.609723901954476,24,56.78133802816902,2.8169014084507045,60.52857142857143,233.2258064516129,11,2,0.46893496130693846,30,36.26349999999999,65,44.827586206896555,4,1,0.0,0.010836841620510462,41.11498257839721,11.267605633802818,12.778702163061563,23.387096774193548,23.404255319148938,0.5835297748267139,12,36.36363636363637,7,1.0,0.5435571629505566,0.0,0.07765102327865094,20.033333333333335,1.3374557937456564,-1.0,2.0,1.0
289,2026,15,1955807,2026-05-10,Bahia 1 x 2 Cruzeiro,1230,Cruzeiro,50.88,49.12,Fora,10.045454545454545,103,0.8095238095238095,36.41816037735849,12.778702163061563,23.387096774193548,23.404255319148938,2.3175537543629776,19,60.98776119402985,1.4925373134328357,59.86363636363637,117.08064516129032,4,1,0.0,42,42.88000000000001,62,43.66197183098591,11,2,0.46893496130693846,0.10004560766973691,58.88501742160279,9.134615384615383,16.57831325301205,26.36363636363636,28.8135593220339,1.172488718211091,23,70.58823529411765,20,3.0,1.8701999477357591,2.0,0.09350999738678796,20.75,1.8701999477357591,1.0,1.0,2.0
290,2026,15,1955810,2026-05-10,Remo 1 x 1 Palmeiras,4617,Remo,27.72,72.28,Casa,38.25,108,0.6521739130434783,28.359187499999997,13.873056994818652,32.83582089552239,32.467532467532465,2.790747918193405,30,49.76375,2.380952380952381,71.65853658536585,153.64383561643837,13,0,0.0,30,38.423,49,31.41025641025641,7,0,0.0,0.016211392000045954,32.83582089552239,22.64957264957265,12.466216216216216,18.11023622047244,14.583333333333334,0.7054889023330082,13,71.42857142857143,15,2.0,1.473684142812628,1.0,0.09824560952084187,9.866666666666667,1.473684142812628,0.0,1.0,1.0
291,2026,15,1955810,2026-05-10,Remo 1 x 1 Palmeiras,1234,Palmeiras,72.28,27.72,Fora,14.88888888888889,111,0.75,33.66530487804878,12.466216216216216,18.11023622047244,14.583333333333334,3.382804129058455,23,67.27933333333334,5.555555555555555,64.84444444444445,99.61363636363636,7,0,0.0,47,38.34957446808511,81,46.82080924855491,13,0,0.0,0.12374023698052561,67.16417910447761,11.974789915966387,13.873056994818652,32.83582089552239,32.467532467532465,1.1392871409970804,37,36.0,18,2.0,1.7611475778486971,1.0,0.0978415321027054,25.733333333333334,1.7611475778486971,0.0,1.0,1.0
292,2026,15,1955783,2026-05-11,Vasco da Gama 1 x 0 Athletico Paranaense,1226,Vasco da Gama,51.71,48.29,Casa,12.681818181818182,118,0.6944444444444444,34.39485981308411,14.533898305084746,32.8125,16.94915254237288,2.496970569481626,13,63.115652173913055,1.4492753623188406,40.46376811594203,93.58208955223881,5,0,0.05781979515429689,46,37.608260869565214,70,47.94520547945205,8,4,0.12828395751816657,0.17208846112740717,54.81927710843374,11.585365853658537,16.62269129287599,30.833333333333336,31.147540983606557,1.1960908223146152,25,63.1578947368421,16,4.0,2.1459132084906747,1.0,0.13411957553066717,25.266666666666666,2.1459132084906747,1.0,0.0,1.0
293,2026,15,1955783,2026-05-11,Vasco da Gama 1 x 0 Athletico Paranaense,1243,Athletico Paranaense,48.29,51.71,Fora,22.357142857142858,96,0.7619047619047619,33.64173076923077,16.62269129287599,30.833333333333336,31.147540983606557,2.4530157304874725,24,59.247176470588236,1.1764705882352942,64.4125,117.52,8,4,0.12828395751816657,43,31.031162790697675,62,42.17687074829932,5,0,0.05781979515429689,0.036354657873722385,45.18072289156627,8.428246013667426,14.533898305084746,32.8125,16.94915254237288,0.9624470717916664,19,30.0,9,2.0,1.0528481956087565,0.0,0.11698313284541739,23.6,1.0528481956087565,-1.0,1.0,0.0
294,2026,16,1955813,2026-05-16,Fluminense 2 x 1 Sao Paulo,1224,Sao Paulo,49.45,50.55,Fora,20.41176470588235,105,0.9,41.871185567010315,17.971014492753625,20.161290322580644,25.0,2.6222049006663863,26,59.19148148148148,4.938271604938271,63.2625,115.7375,5,1,0.0,47,45.23936170212766,63,40.909090909090914,9,1,0.05781979515429689,-0.009319374130279279,60.30534351145038,9.473684210526317,17.580246913580247,27.73109243697479,16.923076923076923,0.30287612562855815,21,54.54545454545454,14,2.0,1.2587740207113738,1.0,0.08991243005081241,20.25,1.2587740207113738,-1.0,2.0,1.0
295,2026,16,1955813,2026-05-16,Fluminense 2 x 1 Sao Paulo,1232,Fluminense,50.55,49.45,Casa,19.533333333333335,98,0.8461538461538461,36.9633870967742,17.580246913580247,27.73109243697479,16.923076923076923,1.8235261495017394,25,54.534375000000004,3.75,62.8125,115.8961038961039,9,1,0.05781979515429689,40,41.67450000000001,66,42.58064516129032,5,1,0.0,0.1955336711747928,39.69465648854962,9.243697478991598,17.971014492753625,20.161290322580644,25.0,0.7055773321041632,20,53.84615384615385,10,3.0,1.2855356051814044,2.0,0.12855356051814043,20.7,1.2855356051814044,1.0,1.0,2.0
296,2026,16,1955829,2026-05-16,Atletico MG 3 x 1 Mirassol,1235,Atletico MG,47.93,52.07,Casa,18.857142857142858,94,0.8125,35.02109589041096,15.953177257525084,19.81981981981982,17.543859649122805,2.9444802754269084,36,54.25288235294117,2.3529411764705883,67.49382716049382,95.35443037974683,4,1,0.015115163147792706,37,36.494594594594595,63,39.62264150943396,6,1,0.2924330616996509,0.02991533501804655,53.40909090909091,14.75826972010178,16.34877384196185,27.27272727272727,13.23529411764706,1.0742736122395615,12,66.66666666666666,13,3.0,1.5706498720075688,2.0,0.12081922092365914,18.35,2.3645485028026685,2.0,1.0,3.0
297,2026,16,1955829,2026-05-16,Atletico MG 3 x 1 Mirassol,6332,Mirassol,52.07,47.93,Fora,14.647058823529411,96,0.7647058823529411,37.85005813953488,16.34877384196185,27.27272727272727,13.23529411764706,2.3449047948864243,29,58.511250000000004,2.272727272727273,62.53409090909091,127.62352941176471,6,1,0.2924330616996509,36,46.52375,62,42.17687074829932,4,1,0.015115163147792706,0.09822424836293031,46.590909090909086,11.380145278450362,15.953177257525084,19.81981981981982,17.543859649122805,1.0694836197114954,14,50.0,7,2.0,1.4491184326683089,1.0,0.20701691895261556,19.933333333333334,1.4491184326683089,-2.0,3.0,1.0
298,2026,16,1955832,2026-05-16,Internacional 4 x 1 Vasco da Gama,1219,Internacional,37.02,62.98,Casa,14.083333333333334,118,0.7878787878787878,35.08190721649485,15.81651376146789,28.346456692913385,18.181818181818183,2.1126707596956775,22,55.69295454545455,6.0606060606060606,47.36363636363637,92.625,4,0,0.03709371811689259,44,37.65443181818183,57,45.6,9,7,1.0477366332806706,0.5776222529317638,45.18828451882845,15.542521994134898,15.733610822060355,25.71428571428571,35.55555555555556,0.988403208461639,20,50.0,12,3.0,1.7809978240799857,4.0,0.14841648533999882,16.016666666666666,1.7809978240799857,3.0,1.0,4.0
299,2026,16,1955832,2026-05-16,Internacional 4 x 1 Vasco da Gama,1226,Vasco da Gama,62.98,37.02,Fora,10.681818181818182,98,0.6190476190476191,38.92939024390243,15.733610822060355,25.71428571428571,35.55555555555556,2.994310807653421,23,56.908670886075946,0.0,65.82051282051282,124.93589743589743,9,7,1.0477366332806706,39,40.877307692307696,75,49.34210526315789,4,0,0.03709371811689259,0.01724973636239513,54.811715481171554,8.171206225680933,15.81651376146789,28.346456692913385,18.181818181818183,0.6246652505371504,20,50.0,14,0.0,0.5233626344703922,1.0,0.03738304531931373,27.25,0.5233626344703922,-3.0,4.0,1.0
300,2026,16,1955816,2026-05-17,Botafogo RJ 3 x 1 Corinthians,1237,Corinthians,65.02,34.98,Fora,11.125,112,0.7368421052631579,37.412586206896556,12.391304347826086,20.30075187969925,22.448979591836736,2.8266675939415484,17,60.9255,2.857142857142857,50.529411764705884,114.08955223880596,8,1,0.05856121886892051,45,42.44566666666666,75,43.859649122807014,10,2,0.5130685681779172,0.20001340766410491,62.5,8.93970893970894,16.885964912280702,28.87323943661972,23.52941176470588,0.8556215075706022,21,56.25,19,2.0,1.1917364267860269,1.0,0.06272296983084352,22.8,1.1917364267860269,-2.0,3.0,1.0
301,2026,16,1955816,2026-05-17,Botafogo RJ 3 x 1 Corinthians,1227,Botafogo RJ,34.98,65.02,Casa,12.214285714285714,126,0.7272727272727273,36.182596153846156,16.885964912280702,28.87323943661972,23.52941176470588,2.3773278114523753,35,50.07722222222222,1.2345679012345678,46.9746835443038,125.01351351351352,10,2,0.5130685681779172,41,39.372439024390246,48,30.573248407643312,8,1,0.05856121886892051,0.05189347082933882,37.5,26.153846153846157,12.391304347826086,20.30075187969925,22.448979591836736,0.56004643779232,17,36.36363636363637,13,2.0,1.1598869533744562,3.0,0.08922207333649664,12.266666666666667,1.1598869533744562,2.0,1.0,3.0
302,2026,16,1955820,2026-05-17,Santos FC 0 x 3 Coritiba,1241,Santos FC,60.52,39.48,Casa,8.136363636363637,93,0.8695652173913043,42.150370370370375,11.675675675675675,22.429906542056074,14.893617021276595,2.2189367310981147,20,61.837500000000006,2.857142857142857,57.08571428571429,143.0793650793651,4,3,0.8038088144838416,38,43.652368421052635,63,45.32374100719424,8,2,0.22040971168437026,0.16759421859113965,67.77251184834124,6.5462753950338595,15.105782792665726,31.48148148148148,16.39344262295082,0.7640026283736501,17,50.0,13,4.0,1.965791092941535,0.0,0.15121469945704116,23.633333333333333,1.965791092941535,-3.0,3.0,0.0
303,2026,16,1955820,2026-05-17,Santos FC 0 x 3 Coritiba,1236,Coritiba,39.48,60.52,Fora,18.625,86,0.6428571428571429,35.09625,15.105782792665726,31.48148148148148,16.39344262295082,2.1680115967722817,28,53.2635,4.285714285714286,76.08955223880596,164.67164179104478,8,2,0.22040971168437026,31,41.27177419354839,48,36.09022556390977,4,3,0.8038088144838416,0.17487540817640612,32.22748815165877,17.760617760617762,11.675675675675675,22.429906542056074,14.893617021276595,0.6119689552990284,11,71.42857142857143,8,3.0,1.300384845909046,2.0,0.16254810573863074,15.416666666666666,2.0942834767041454,3.0,0.0,3.0
304,2026,16,1955823,2026-05-17,Palmeiras 1 x 1 Cruzeiro,1230,Cruzeiro,53.84,46.16,Fora,9.545454545454545,91,0.9130434782608695,36.8470253164557,15.813084112149534,22.76422764227642,25.0,3.57338487515956,29,54.3230625,3.75,79.50632911392405,148.98611111111111,8,3,0.1632318933405188,32,40.093593750000004,65,46.42857142857143,7,0,0.029446876243533624,0.04022350085427151,41.29554655870445,10.0,15.528846153846153,27.43362831858407,14.035087719298245,0.6220840877044633,10,62.5,11,0.0,0.48300568773463814,1.0,0.043909607975876196,20.8,0.48300568773463814,0.0,1.0,1.0
305,2026,16,1955823,2026-05-17,Palmeiras 1 x 1 Cruzeiro,1234,Palmeiras,46.16,53.84,Casa,9.033333333333333,113,0.75,43.72336956521739,15.528846153846153,27.43362831858407,14.035087719298245,2.116225002805038,20,61.11760869565218,5.797101449275362,71.42424242424242,120.0,7,0,0.029446876243533624,45,44.58766666666667,68,43.037974683544306,8,3,0.1632318933405188,0.06544833743658085,58.70445344129555,6.629834254143646,15.813084112149534,22.76422764227642,25.0,0.871340061080216,28,53.333333333333336,16,1.0,1.1960953304721624,1.0,0.07475595815451015,17.833333333333332,1.1960953304721624,0.0,1.0,1.0
306,2026,16,1955826,2026-05-17,Red Bull Bragantino 2 x 0 Vitoria,1238,Vitoria,45.0,55.0,Fora,10.157894736842104,108,0.64,26.959308510638298,11.135473766640564,32.03125,25.301204819277107,2.9961472919188084,46,47.6021875,2.083333333333333,55.694736842105264,116.82978723404256,12,4,0.044228217602830605,45,31.350666666666665,73,41.47727272727273,5,0,0.028106508875739646,0.05423808443070799,28.888888888888886,15.976331360946746,13.205741626794257,13.750000000000002,16.666666666666664,0.4424795598088971,10,33.33333333333333,7,0.0,0.37365128433489214,0.0,0.053378754904984595,17.416666666666668,0.37365128433489214,-2.0,2.0,0.0
307,2026,16,1955826,2026-05-17,Red Bull Bragantino 2 x 0 Vitoria,5438,Red Bull Bragantino,55.0,45.0,Casa,5.733333333333333,137,0.6785714285714286,46.231592920353975,13.205741626794257,13.750000000000002,16.666666666666664,2.5802551441906187,19,64.33044303797469,2.5316455696202533,43.835443037974684,117.0379746835443,5,0,0.028106508875739646,55,47.52109090909091,74,41.57303370786517,12,4,0.044228217602830605,0.28221836172857984,71.11111111111111,18.26086956521739,11.135473766640564,32.03125,25.301204819277107,1.0997541130399813,27,33.33333333333333,21,1.0,1.3357835689964097,1.0,0.06360874138078142,21.283333333333335,2.923580830586609,2.0,0.0,2.0
308,2026,16,1955835,2026-05-17,Athletico Paranaense 1 x 1 Flamengo,1243,Athletico Paranaense,40.25,59.75,Casa,28.454545454545453,63,0.6,30.51833333333333,17.573726541554958,33.92857142857143,34.54545454545455,2.8636156629455165,23,59.59267605633803,0.0,90.41791044776119,173.83870967741936,5,0,0.0,26,36.27346153846155,56,40.87591240875913,2,2,0.029446876243533624,0.09223556921425313,36.734693877551024,19.322033898305087,12.656716417910447,30.357142857142854,29.09090909090909,0.5838766701333018,25,62.5,18,3.0,1.2838950520704924,1.0,0.07132750289280514,16.75,1.2838950520704924,0.0,1.0,1.0
309,2026,16,1955835,2026-05-17,Athletico Paranaense 1 x 1 Flamengo,1239,Flamengo,59.75,40.25,Fora,13.875,84,0.8571428571428571,35.869814814814816,12.656716417910447,30.357142857142854,29.09090909090909,2.50360834463434,14,66.24727941176471,1.4705882352941175,57.61538461538461,123.8923076923077,2,2,0.029446876243533624,41,41.03963414634146,62,47.69230769230769,5,0,0.0,0.006529376442597101,63.26530612244898,10.091743119266056,17.573726541554958,33.92857142857143,34.54545454545455,1.4776447126612688,25,47.368421052631575,12,3.0,1.639283051105229,1.0,0.13660692092543575,24.866666666666667,1.639283051105229,0.0,1.0,1.0
310,2026,16,1955837,2026-05-17,Bahia 1 x 1 Gremio,1244,Gremio,39.21,60.79,Fora,14.157894736842104,88,0.64,30.548518518518517,14.10621761658031,40.38461538461539,34.24657534246575,3.937774260513708,35,46.416268656716426,4.477611940298507,78.98461538461538,194.15254237288136,8,0,0.026037195994277538,30,35.0315,45,36.58536585365854,2,2,0.029446876243533624,0.08196495847442087,25.233644859813083,13.2013201320132,13.6144578313253,17.307692307692307,29.72972972972973,0.32429534892563927,11,27.27272727272727,3,1.0,0.33082630864614054,1.0,0.11027543621538018,16.6,0.33082630864614054,0.0,1.0,1.0
311,2026,16,1955837,2026-05-17,Bahia 1 x 1 Gremio,1221,Bahia,60.79,39.21,Casa,8.74074074074074,95,0.8888888888888888,46.89057692307692,13.6144578313253,17.307692307692307,29.72972972972973,1.9858033718409571,11,66.8653125,3.125,47.34375,120.35,2,2,0.029446876243533624,38,47.58157894736843,76,55.47445255474452,8,0,0.026037195994277538,0.02837389851208405,74.76635514018692,4.646017699115045,14.10621761658031,40.38461538461539,34.24657534246575,1.867402097421278,32,44.0,17,4.0,2.048285861166574,1.0,0.12048740359803377,25.733333333333334,2.048285861166574,0.0,1.0,1.0
312,2026,16,1955840,2026-05-17,Chapecoense AF 2 x 3 Remo,4617,Remo,45.39,54.61,Fora,23.642857142857142,93,0.5555555555555556,34.69114864864864,15.944967414916727,28.448275862068968,34.04255319148936,3.557826991360258,38,50.90377659574468,2.127659574468085,66.47252747252747,141.95348837209303,9,4,0.5935244946135813,38,35.40157894736842,74,44.57831325301205,11,2,0.047766655734475555,0.10042201354379898,54.296875,16.05839416058394,15.993031358885018,17.557251908396946,16.363636363636363,0.43087971248372536,14,55.55555555555556,11,4.0,1.2961290105914418,2.0,0.11782991005376743,19.133333333333333,1.2961290105914418,1.0,2.0,3.0
313,2026,16,1955840,2026-05-17,Chapecoense AF 2 x 3 Remo,8865,Chapecoense AF,54.61,45.39,Casa,16.642857142857142,97,0.7777777777777778,36.93706896551725,15.993031358885018,17.557251908396946,16.363636363636363,1.862470123238906,20,58.85414062500001,1.5625,47.016666666666666,81.10909090909091,11,2,0.047766655734475555,43,43.62872093023256,64,47.05882352941176,9,4,0.5935244946135813,0.1678214949293868,45.703125,9.977827050997783,15.944967414916727,28.448275862068968,34.04255319148936,1.187844177518309,27,62.5,18,4.0,1.8799241017291897,2.0,0.10444022787384387,23.016666666666666,1.8799241017291897,-1.0,3.0,2.0
314,2026,17,1955850,2026-05-23,Sao Paulo 1 x 1 Botafogo RJ,1227,Botafogo RJ,50.6,49.4,Fora,14.235294117647058,127,0.7391304347826086,33.944673913043474,16.93446088794926,19.424460431654676,25.0,2.371086623405419,31,52.19727272727273,0.0,43.21052631578947,91.63888888888889,10,2,0.0,48,36.456875,53,34.41558441558442,13,1,0.11464088397790055,0.0681897552006494,46.63677130044843,12.052117263843648,13.065015479876163,22.794117647058822,38.297872340425535,0.8176179723813779,28,55.55555555555556,14,1.0,1.0469208580449856,1.0,0.07478006128892754,16.15,1.0469208580449856,0.0,1.0,1.0
315,2026,17,1955850,2026-05-23,Sao Paulo 1 x 1 Botafogo RJ,1224,Sao Paulo,49.4,50.6,Casa,7.8,117,0.6666666666666666,40.585588235294125,13.065015479876163,22.794117647058822,38.297872340425535,3.041674388059704,28,58.52406976744186,3.488372093023256,58.383720930232556,112.95238095238095,13,1,0.11464088397790055,40,40.325250000000004,54,31.3953488372093,10,2,0.0,0.14529798639273173,53.36322869955157,13.259668508287293,16.93446088794926,19.424460431654676,25.0,0.6283130606429244,20,57.14285714285714,14,3.0,1.7878841649931694,1.0,0.1277060117852264,15.766666666666667,1.7878841649931694,0.0,1.0,1.0
316,2026,17,1955856,2026-05-23,Mirassol 1 x 0 Fluminense,6332,Mirassol,33.13,66.87,Casa,19.40909090909091,96,0.6842105263157895,41.71424050632911,16.555299539170505,25.471698113207548,22.916666666666664,2.3342480504547205,24,56.090322580645164,3.225806451612903,74.1311475409836,112.86206896551724,6,1,0.1578099838969404,40,46.675125,50,35.714285714285715,5,0,0.011486738886813598,-0.016129605414580084,43.689320388349515,15.530303030303031,12.69767441860465,23.364485981308412,19.298245614035086,0.48923145256429645,13,63.63636363636363,13,1.0,0.6013743634981668,1.0,0.046259566422935904,14.333333333333334,0.6013743634981668,1.0,0.0,1.0
317,2026,17,1955856,2026-05-23,Mirassol 1 x 0 Fluminense,1232,Fluminense,66.87,33.13,Fora,11.4,91,0.6666666666666666,36.84586956521739,12.69767441860465,23.364485981308412,19.298245614035086,2.6271767262688215,27,56.2898,5.333333333333334,59.98571428571429,200.23529411764707,5,0,0.011486738886813598,29,36.75362068965517,70,54.6875,6,1,0.1578099838969404,0.10096177957759611,56.310679611650485,8.214285714285714,16.555299539170505,25.471698113207548,22.916666666666664,0.8992874345121327,13,45.45454545454545,10,1.0,0.6869668445188496,0.0,0.06869668445188495,28.933333333333334,0.6869668445188496,-1.0,1.0,0.0
318,2026,17,1955863,2026-05-23,Gremio 3 x 2 Santos FC,1241,Santos FC,46.69,53.31,Fora,17.705882352941178,109,0.6190476190476191,36.14078125,15.758928571428573,20.833333333333336,21.818181818181817,3.5919738152984757,25,56.70729166666667,6.944444444444445,42.871428571428574,93.08955223880596,9,1,0.0,46,42.37663043478261,57,35.625,5,3,0.5047948635918671,0.10891274519500715,52.69709543568465,6.981981981981981,17.689039932030585,20.155038759689923,33.9622641509434,0.7636966252975208,28,44.44444444444444,13,2.0,1.304552570458962,2.0,0.10035019772761246,19.616666666666667,1.304552570458962,-1.0,3.0,2.0
319,2026,17,1955863,2026-05-23,Gremio 3 x 2 Santos FC,1244,Gremio,53.31,46.69,Casa,18.0,111,0.7142857142857143,37.542065217391304,17.689039932030585,20.155038759689923,33.9622641509434,3.1608013134100506,30,56.89384615384615,2.564102564102564,57.30769230769231,100.48,5,3,0.5047948635918671,44,37.81431818181818,60,39.735099337748345,9,1,0.0,0.08993923066141907,47.30290456431535,12.18961625282167,15.758928571428573,20.833333333333336,21.818181818181817,1.136050152317329,15,50.0,12,5.0,1.8949769270017458,3.0,0.15791474391681215,22.4,1.8949769270017458,1.0,2.0,3.0
320,2026,17,1955869,2026-05-23,Vitoria 2 x 0 Internacional,1238,Vitoria,46.69,53.31,Casa,11.9375,89,0.5,28.023947368421055,14.851485148514852,33.62068965517241,19.753086419753085,3.2070161503089887,41,44.04618750000001,0.0,75.21518987341773,148.81012658227849,12,2,0.551342587915761,32,28.766718750000003,57,40.42553191489361,4,1,0.0,0.05268695798269318,25.85551330798479,15.841584158415841,13.442959917780064,16.153846153846153,35.483870967741936,0.822733027174517,13,45.45454545454545,7,2.0,0.9344203003949263,2.0,0.13348861434213233,16.216666666666665,0.9344203003949263,2.0,0.0,2.0
321,2026,17,1955869,2026-05-23,Vitoria 2 x 0 Internacional,1219,Internacional,53.31,46.69,Fora,9.192307692307692,107,0.75,46.92592592592593,13.442959917780064,16.153846153846153,35.483870967741936,3.3764072712424835,22,64.45481927710843,4.819277108433735,56.08536585365854,110.02439024390245,4,1,0.0,45,47.506666666666675,64,38.78787878787879,12,2,0.551342587915761,0.36888599304462977,74.1444866920152,15.228426395939088,14.851485148514852,33.62068965517241,19.753086419753085,1.4394222242121275,27,37.5,20,3.0,2.1735867086380924,0.0,0.10867933543190463,18.516666666666666,2.1735867086380924,-2.0,2.0,0.0
322,2026,17,1955843,2026-05-24,Flamengo 0 x 3 Palmeiras,1234,Palmeiras,54.51,45.49,Fora,10.863636363636363,107,0.6296296296296297,31.64138613861386,16.78939617083947,37.5,28.947368421052634,2.466664502618133,28,52.645250000000004,5.0,56.13559322033898,111.66101694915254,6,3,0.548648396761166,41,30.027439024390244,70,54.263565891472865,1,0,0.0,0.03271752376896764,30.959752321981426,5.400372439478584,17.037492317148125,23.14814814814815,27.27272727272727,0.8165452271737075,16,66.66666666666666,12,2.0,1.541365936845048,3.0,0.128447161403754,27.116666666666667,1.541365936845048,3.0,0.0,3.0
323,2026,17,1955843,2026-05-24,Flamengo 0 x 3 Palmeiras,1239,Flamengo,45.49,54.51,Casa,22.36842105263158,94,0.6086956521739131,43.4025,17.037492317148125,23.14814814814815,27.27272727272727,2.325374373325466,9,67.81669014084507,2.8169014084507045,66.74285714285715,133.94117647058823,1,0,0.0,40,44.2995,77,50.326797385620914,6,3,0.548648396761166,0.09749801079817377,69.04024767801857,7.051282051282051,16.78939617083947,37.5,28.947368421052634,0.8891742285601962,25,54.54545454545454,22,1.0,1.4070224935854714,0.0,0.0639555678902487,22.633333333333333,1.4070224935854714,-3.0,3.0,0.0
324,2026,17,1955853,2026-05-24,Corinthians 1 x 0 Atletico MG,1237,Corinthians,55.84,44.16,Casa,11.0,84,0.5263157894736842,39.7085294117647,14.938169826875516,20.0,29.72972972972973,3.367074116123043,20,59.307,4.285714285714286,101.85507246376811,194.6818181818182,7,2,0.3661833863494937,36,40.01375,66,47.14285714285714,8,1,0.011486738886813598,0.05655362495350369,67.04980842911877,8.030592734225621,17.28813559322034,32.231404958677686,20.689655172413794,0.7889906620089326,16,25.0,10,1.0,0.6501624298908474,1.0,0.06501624298908473,25.566666666666666,0.6501624298908474,1.0,0.0,1.0
325,2026,17,1955853,2026-05-24,Corinthians 1 x 0 Atletico MG,1235,Atletico MG,44.16,55.84,Fora,13.782608695652174,88,0.631578947368421,38.260384615384616,17.28813559322034,32.231404958677686,20.689655172413794,2.2541878852192907,24,51.467769230769235,0.0,40.5,126.48275862068965,8,1,0.011486738886813598,41,39.55682926829268,51,38.93129770992366,7,2,0.3661833863494937,0.05035312591520791,32.95019157088122,14.323607427055704,14.938169826875516,20.0,29.72972972972973,0.9082835317858957,11,63.63636363636363,11,3.0,1.489798211898872,0.0,0.13543620108171564,20.216666666666665,1.489798211898872,-1.0,1.0,0.0
326,2026,17,1955859,2026-05-24,Cruzeiro 2 x 1 Chapecoense AF,8865,Chapecoense AF,39.26,60.74,Fora,12.083333333333334,100,0.72,35.35225806451612,16.808823529411764,27.927927927927925,36.76470588235294,2.9226496609101478,30,49.970597014925374,0.0,79.13636363636364,145.8709677419355,13,6,0.46300263183519713,37,43.43027027027028,51,39.23076923076923,9,0,0.025365853658536587,-0.004525380195461448,29.433962264150942,15.725806451612904,12.013651877133105,19.230769230769234,15.555555555555555,0.3635825238795092,11,42.857142857142854,8,2.0,0.7589068424238004,1.0,0.09486335530297504,14.65,0.7589068424238004,-1.0,2.0,1.0
327,2026,17,1955859,2026-05-24,Cruzeiro 2 x 1 Chapecoense AF,1230,Cruzeiro,60.74,39.26,Casa,10.294117647058824,91,0.7333333333333333,39.87173076923077,12.013651877133105,19.230769230769234,15.555555555555555,2.8131017912703578,29,56.6775,1.4285714285714286,55.25714285714286,128.0,9,0,0.025365853658536587,40,43.378125000000004,78,52.348993288590606,13,6,0.46300263183519713,0.40533361624224407,70.56603773584905,10.105263157894736,16.808823529411764,27.927927927927925,36.76470588235294,1.1746131899428538,33,44.0,17,2.0,1.4538972066731217,1.0,0.08552336509841893,22.666666666666668,2.2477958374682214,1.0,1.0,2.0
328,2026,17,1955871,2026-05-24,Remo 1 x 2 Athletico Paranaense,4617,Remo,43.0,57.0,Casa,12.8,89,0.8333333333333334,38.60888888888889,14.729542302357835,34.234234234234236,29.03225806451613,2.2266855139820367,29,54.673500000000004,1.4285714285714286,81.37142857142857,162.5,7,1,0.0,34,40.063676470588234,56,42.42424242424242,8,2,0.41954022988505746,-0.008634394573317827,30.985915492957744,12.979351032448378,14.393382352941178,20.66115702479339,17.142857142857142,0.30658344040479557,7,33.33333333333333,3,1.0,0.4980854909426058,1.0,0.1660284969808686,18.133333333333333,0.4980854909426058,-1.0,2.0,1.0
329,2026,17,1955871,2026-05-24,Remo 1 x 2 Athletico Paranaense,1243,Athletico Paranaense,57.0,43.0,Fora,10.041666666666666,101,0.7391304347826086,43.74326923076923,14.393382352941178,20.66115702479339,17.142857142857142,1.7790024066506007,22,60.940000000000005,6.349206349206349,63.65079365079365,109.45614035087719,8,2,0.41954022988505746,39,39.26461538461539,64,47.05882352941176,7,1,0.0,-0.006327228761718207,69.01408450704226,10.657596371882086,14.729542302357835,34.234234234234236,29.03225806451613,1.3628544829506417,25,55.55555555555556,16,4.0,2.0447641737794164,2.0,0.12779776086121353,24.033333333333335,2.0447641737794164,1.0,1.0,2.0
330,2026,17,1955846,2026-05-25,Vasco da Gama 0 x 3 Red Bull Bragantino,1226,Vasco da Gama,56.07,43.93,Casa,5.758620689655173,120,0.6666666666666666,39.2914077669903,11.619479048697622,21.897810218978105,32.075471698113205,4.0525927501433445,26,56.4228,1.3333333333333335,40.95945945945946,104.41891891891892,7,2,0.03709371811689259,42,42.5225,71,43.82716049382716,8,2,0.11387625852186843,0.1554114929922048,50.0,10.96938775510204,16.29103815439219,23.62204724409449,20.3125,0.9531106455139682,19,69.23076923076923,14,2.0,1.528040295304944,0.0,0.10914573537892457,18.783333333333335,1.528040295304944,-3.0,3.0,0.0
331,2026,17,1955846,2026-05-25,Vasco da Gama 0 x 3 Red Bull Bragantino,5438,Red Bull Bragantino,43.93,56.07,Fora,13.65,127,0.7241379310344828,34.69281553398058,16.29103815439219,23.62204724409449,20.3125,2.597773191574193,29,56.641666666666666,1.2345679012345678,46.50617283950617,132.65384615384616,8,2,0.11387625852186843,45,37.79066666666667,59,35.11904761904761,7,2,0.03709371811689259,0.0513416733484533,50.0,17.17557251908397,11.619479048697622,21.897810218978105,32.075471698113205,0.9280104589586271,35,58.82352941176471,20,4.0,2.6248442249946304,3.0,0.1312422112497315,14.716666666666667,3.41874285578973,3.0,0.0,3.0
332,2026,17,1955866,2026-05-26,Coritiba 3 x 2 Bahia,1221,Bahia,60.1,39.9,Fora,9.714285714285714,108,0.6818181818181818,38.589352941176465,15.016465422612514,22.5,19.642857142857142,2.688009104500846,41,51.37038461538462,2.197802197802198,49.93333333333333,153.8068181818182,12,5,0.6184848819682809,41,37.246829268292686,69,41.81818181818181,6,2,0.0,0.04624219184515255,53.6,9.44700460829493,14.431486880466473,24.637681159420293,31.57894736842105,0.9211163917687826,25,38.88888888888889,14,1.0,1.042127436432539,1.0,0.07443767403089564,22.866666666666667,1.042127436432539,-1.0,3.0,2.0
333,2026,17,1955866,2026-05-26,Coritiba 3 x 2 Bahia,1236,Coritiba,39.9,60.1,Casa,13.380952380952381,101,0.5625,35.45951612903225,14.431486880466473,24.637681159420293,31.57894736842105,2.8469498231884955,30,53.780454545454546,3.896103896103896,51.397260273972606,83.68055555555556,6,2,0.0,44,41.43443181818182,54,35.526315789473685,12,5,0.6184848819682809,0.08166023648427334,46.400000000000006,14.156626506024098,15.016465422612514,22.5,19.642857142857142,0.5737134991566677,13,27.27272727272727,13,2.0,1.36403175581908,3.0,0.10492551967839077,15.183333333333334,1.36403175581908,1.0,2.0,3.0
334,2026,18,1955874,2026-05-30,Flamengo 3 x 0 Coritiba,1239,Flamengo,62.07,37.93,Casa,13.0,84,0.8571428571428571,46.4848125,17.473118279569892,15.887850467289718,26.47058823529412,2.2681740055103816,6,72.83262711864407,3.389830508474576,95.77586206896552,158.0701754385965,5,1,0.0,38,53.721315789473685,60,48.0,10,2,0.3967558313272074,0.25472056773274376,73.80952380952381,5.015197568389058,18.663745892661556,41.11111111111111,32.3943661971831,1.6407124832801547,38,34.78260869565217,21,2.0,1.654612332176608,3.0,0.07879106343698133,30.433333333333334,1.654612332176608,3.0,0.0,3.0
335,2026,18,1955874,2026-05-30,Flamengo 3 x 0 Coritiba,1236,Coritiba,37.93,62.07,Fora,68.0,73,0.5625,25.41,18.663745892661556,41.11111111111111,32.3943661971831,2.5937987927195145,35,43.264921875,4.6875,83.68253968253968,122.63492063492063,10,2,0.3967558313272074,37,29.099189189189193,57,45.23809523809524,5,1,0.0,0.024177712523759,26.190476190476193,10.526315789473683,17.473118279569892,15.887850467289718,26.47058823529412,0.6041940208846497,12,77.77777777777779,10,1.0,0.8655772050133048,0.0,0.08655772050133048,18.6,0.8655772050133048,-3.0,3.0,0.0
336,2026,18,1955892,2026-05-30,Gremio 1 x 3 Corinthians,1237,Corinthians,59.7,40.3,Fora,5.75,106,0.7391304347826086,46.185562499999996,14.51834862385321,11.363636363636363,34.61538461538461,3.7962368977702847,12,65.41330645161291,1.6129032258064515,29.75,91.26666666666667,0,0,0.0,39,45.40576923076923,60,43.16546762589928,12,0,0.03120220250841236,0.06723035576022784,70.1923076923077,6.4593301435406705,16.53250773993808,36.19047619047619,24.637681159420293,1.3464147819749983,22,64.70588235294117,24,3.0,1.9913815004126045,3.0,0.08297422918385852,21.533333333333335,1.9913815004126045,2.0,1.0,3.0
337,2026,18,1955892,2026-05-30,Gremio 1 x 3 Corinthians,1244,Gremio,40.3,59.7,Casa,9.178571428571429,101,0.68,36.96269230769231,16.53250773993808,36.19047619047619,24.637681159420293,2.811213594924615,31,46.70289473684211,1.3157894736842104,48.067567567567565,173.8918918918919,12,0,0.03120220250841236,30,37.751000000000005,59,39.86486486486486,0,0,0.0,-0.034609365526693026,29.807692307692307,17.6056338028169,14.51834862385321,11.363636363636363,34.61538461538461,0.5566732124176579,17,44.44444444444444,10,3.0,1.8667286934602636,1.0,0.18667286934602637,14.533333333333333,1.8667286934602636,-2.0,3.0,1.0
338,2026,18,1955895,2026-05-30,Athletico Paranaense 1 x 0 Mirassol,6332,Mirassol,43.25,56.75,Fora,11.347826086956522,103,0.6521739130434783,36.19903225806452,12.549555707450445,24.074074074074073,26.153846153846157,2.1886368355578654,33,55.61460674157304,3.3707865168539324,49.53409090909091,146.36363636363637,6,2,0.025644248900062852,45,41.31633333333333,54,34.177215189873415,6,1,0.03854134520921042,0.007547963104630906,47.95539033457249,9.852216748768473,16.95067264573991,19.379844961240313,16.9811320754717,0.527828012176115,13,55.55555555555556,10,2.0,0.8637426558718194,0.0,0.08637426558718195,18.583333333333332,0.8637426558718194,-1.0,1.0,0.0
339,2026,18,1955895,2026-05-30,Athletico Paranaense 1 x 0 Mirassol,1243,Athletico Paranaense,56.75,43.25,Casa,9.642857142857142,105,0.8076923076923077,40.62692307692308,16.95067264573991,19.379844961240313,16.9811320754717,2.276309734568966,31,58.52725609756097,3.6585365853658534,59.91358024691358,105.51315789473684,6,1,0.03854134520921042,43,42.47860465116279,62,41.05960264900662,6,2,0.025644248900062852,-0.0009447874064698603,52.04460966542751,13.930348258706468,12.549555707450445,24.074074074074073,26.153846153846157,0.5921210250942677,23,41.17647058823529,13,1.0,1.0491265185843421,1.0,0.08070203989110324,24.383333333333333,1.0491265185843421,1.0,0.0,1.0
340,2026,18,1955898,2026-05-30,Bahia 2 x 1 Botafogo RJ,1221,Bahia,64.76,35.24,Casa,5.714285714285714,112,0.6818181818181818,40.29177419354838,10.479452054794521,14.788732394366196,16.216216216216218,3.0025246171310367,16,69.63554347826087,5.434782608695652,47.81318681318681,106.62637362637362,8,1,0.2328380260731825,49,40.26857142857143,87,47.8021978021978,13,2,0.0,0.04623944374739608,78.11550151975683,8.108108108108109,15.242236024844722,38.405797101449274,35.55555555555556,1.7845087921999994,47,43.75,24,3.0,2.464230617777942,1.0,0.10267627574074757,26.833333333333332,2.464230617777942,1.0,1.0,2.0
341,2026,18,1955898,2026-05-30,Bahia 2 x 1 Botafogo RJ,1227,Botafogo RJ,35.24,64.76,Fora,9.708333333333334,118,0.6333333333333333,29.227941176470587,15.242236024844722,38.405797101449274,35.55555555555556,3.0433181381686625,40,46.49454545454546,1.2987012987012987,58.53947368421053,108.50666666666666,13,2,0.0,44,32.57625,55,33.95061728395062,8,1,0.2328380260731825,0.09622433072283387,21.88449848024316,22.943722943722943,10.479452054794521,14.788732394366196,16.216216216216218,0.48719733798013776,12,50.0,13,4.0,1.6144929093123181,1.0,0.1241917622547937,14.6,1.6144929093123181,-1.0,2.0,1.0
342,2026,18,1955877,2026-05-31,Vasco da Gama 0 x 1 Atletico MG,1226,Vasco da Gama,59.32,40.68,Casa,6.90625,146,0.8064516129032258,43.502162162162165,14.74468085106383,14.838709677419354,25.0,2.3778823108785963,14,65.88225000000001,6.25,26.73076923076923,62.84615384615385,3,1,0.31582446808510634,60,44.3695,76,40.42553191489361,9,3,0.3288073679717753,0.14959317249529303,68.68327402135232,6.986027944111776,17.286652078774615,30.87248322147651,22.22222222222222,1.2823953250177862,22,38.88888888888889,26,3.0,1.81074789621504,0.0,0.06964414985442462,22.85,1.81074789621504,-1.0,1.0,0.0
343,2026,18,1955877,2026-05-31,Vasco da Gama 0 x 1 Atletico MG,1235,Atletico MG,40.68,59.32,Fora,17.6875,128,0.6538461538461539,31.649390243902438,17.286652078774615,30.87248322147651,22.22222222222222,2.437955951500586,38,50.71728260869566,1.0869565217391304,44.09782608695652,92.38202247191012,9,3,0.3288073679717753,53,36.815377358490565,63,34.806629834254146,3,1,0.31582446808510634,0.023578479373914885,31.316725978647685,16.819571865443425,14.74468085106383,14.838709677419354,25.0,0.3691431773302911,19,50.0,10,1.0,0.752590965000064,1.0,0.0752590965000064,15.666666666666666,0.752590965000064,1.0,0.0,1.0
344,2026,18,1955880,2026-05-31,Santos FC 3 x 1 Vitoria,1241,Santos FC,41.77,58.23,Casa,10.73913043478261,121,0.6,37.89072815533981,13.665943600867678,25.581395348837212,27.536231884057973,2.606752559860688,43,46.46544943820225,1.1235955056179776,61.01136363636363,160.09302325581396,4,1,0.0,41,43.05512195121952,61,40.131578947368425,2,2,0.6213398676548669,0.526275464157032,38.95582329317269,12.424242424242424,13.306451612903224,18.38235294117647,12.5,0.8088765509329439,6,40.0,5,2.0,0.9642147872674471,3.0,0.19284295745348942,16.533333333333335,0.9642147872674471,2.0,1.0,3.0
345,2026,18,1955880,2026-05-31,Santos FC 3 x 1 Vitoria,1238,Vitoria,58.23,41.77,Fora,13.4,109,0.875,38.693666666666665,13.306451612903224,18.38235294117647,12.5,3.076622041856673,30,58.065,4.819277108433735,65.19753086419753,134.69620253164558,2,2,0.6213398676548669,51,39.9164705882353,73,43.452380952380956,4,1,0.0,0.03066198654397967,61.044176706827315,11.990407673860911,13.665943600867678,25.581395348837212,27.536231884057973,0.8509672121793388,26,63.1578947368421,22,3.0,1.4623711358989357,1.0,0.06647141526813344,23.05,1.4623711358989357,-2.0,3.0,1.0
346,2026,18,1955883,2026-05-31,Palmeiras 1 x 0 Chapecoense AF,1234,Palmeiras,44.78,55.22,Casa,16.68421052631579,99,0.6666666666666666,35.39666666666667,15.134529147982063,34.74576271186441,16.94915254237288,1.790594539412568,22,60.14895833333333,5.555555555555555,80.04285714285714,118.52941176470588,7,0,0.03431704345471774,42,43.68000000000001,67,50.37593984962406,9,2,0.31593581339923005,0.12397586168750951,48.56321839080459,6.425702811244979,16.710435383552177,36.11111111111111,25.396825396825395,0.6818169709955781,19,50.0,13,2.0,0.9435366294334524,1.0,0.07257974072565018,24.116666666666667,0.9435366294334524,1.0,0.0,1.0
347,2026,18,1955883,2026-05-31,Palmeiras 1 x 0 Chapecoense AF,8865,Chapecoense AF,55.22,44.78,Fora,18.0,105,0.5652173913043478,34.029767441860464,16.710435383552177,36.11111111111111,25.396825396825395,2.0929244659861057,22,59.43291666666667,5.555555555555555,51.361111111111114,93.4225352112676,9,2,0.31593581339923005,51,35.21617647058824,69,49.64028776978417,7,0,0.03431704345471774,0.039432627383819696,51.43678160919541,11.02803738317757,15.134529147982063,34.74576271186441,16.94915254237288,0.6382988267533598,12,50.0,14,0.0,0.4052863147923904,0.0,0.028949022485170745,29.733333333333334,1.1991849455874901,-1.0,1.0,0.0
348,2026,18,1955886,2026-05-31,Red Bull Bragantino 3 x 1 Internacional,1219,Internacional,41.58,58.42,Fora,10.454545454545455,62,0.7,32.41,13.839150227617603,35.61643835616438,29.268292682926827,2.33610009904737,23,42.732439024390246,0.0,40.8780487804878,221.55882352941177,7,1,0.0,13,38.535000000000004,27,32.53012048192771,2,0,0.0,-0.004295695924411813,31.292517006802722,20.394736842105264,13.688699360341152,17.647058823529413,16.0,0.23031795188484105,6,75.0,5,1.0,0.6651785293648151,0.0,0.13303570587296304,7.816666666666666,0.6651785293648151,-2.0,2.0,0.0
349,2026,18,1955886,2026-05-31,Red Bull Bragantino 3 x 1 Internacional,5438,Red Bull Bragantino,58.42,41.58,Casa,8.916666666666666,74,0.5833333333333334,38.20285714285714,13.688699360341152,17.647058823529413,16.0,1.9134558250528326,12,61.72975609756098,2.4390243902439024,34.48780487804878,95.1,2,0,0.0,30,34.377,40,45.45454545454545,7,1,0.0,0.04633947210540024,68.70748299319727,18.137254901960784,13.839150227617603,35.61643835616438,29.268292682926827,0.4398468460427445,11,33.33333333333333,9,0.0,0.335005781656653,2.0,0.037222864628517004,10.983333333333333,0.335005781656653,2.0,0.0,2.0
350,2026,18,1955889,2026-06-01,Cruzeiro 1 x 1 Fluminense,1230,Cruzeiro,61.53,38.47,Casa,11.12,102,0.5454545454545454,45.22259259259259,15.827205882352942,19.00826446280992,34.146341463414636,2.5913360173775537,5,76.81522058823529,4.411764705882353,53.25,100.23529411764706,3,0,0.0,47,49.2718085106383,79,50.318471337579616,17,5,0.46828384297049824,0.33017946529651265,76.43835616438356,4.906937394247039,16.93103448275862,48.62385321100918,29.47368421052631,1.6853390354015758,43,21.428571428571427,19,3.0,1.7024998868596526,1.0,0.08960525720313961,29.0,1.7024998868596526,0.0,1.0,1.0
351,2026,18,1955889,2026-06-01,Cruzeiro 1 x 1 Fluminense,1232,Fluminense,38.47,61.53,Fora,19.533333333333335,107,0.5925925925925926,27.128281250000004,16.93103448275862,48.62385321100918,29.47368421052631,2.550242843133698,33,48.79394366197184,1.4084507042253522,52.26086956521739,112.41791044776119,17,5,0.46828384297049824,46,27.18130434782609,59,42.142857142857146,3,0,0.0,0.03960060941585075,23.56164383561644,12.466124661246612,15.827205882352942,19.00826446280992,34.146341463414636,0.8043001230484754,17,64.28571428571429,10,2.0,1.0289697118220988,1.0,0.10289697118220989,18.133333333333333,1.0289697118220988,0.0,1.0,1.0
352,2026,18,1955901,2026-06-01,Remo 1 x 0 Sao Paulo,1224,Sao Paulo,62.89,37.11,Fora,19.7,84,0.5555555555555556,31.428923076923073,14.967320261437909,29.523809523809526,11.475409836065573,2.2000187097919452,25,59.51211538461538,1.282051282051282,69.17567567567568,138.47297297297297,8,1,0.19045526688632236,33,33.87045454545455,71,54.61538461538461,6,3,0.32577903682719545,0.2726634200819329,56.19047619047619,8.8659793814433,15.38560411311054,26.666666666666668,32.0,0.8322563576509858,22,25.0,9,2.0,1.1287538247549702,0.0,0.12541709163944115,25.933333333333334,1.1287538247549702,-1.0,1.0,0.0
353,2026,18,1955901,2026-06-01,Remo 1 x 0 Sao Paulo,4617,Remo,37.11,62.89,Casa,15.478260869565217,106,0.7727272727272727,37.843369565217394,15.38560411311054,26.666666666666668,32.0,2.4597413088516573,19,64.16136363636365,3.0303030303030303,43.53846153846154,99.44444444444444,6,3,0.32577903682719545,42,42.2325,49,36.029411764705884,8,1,0.19045526688632236,0.03911099702173049,43.80952380952381,13.114754098360656,14.967320261437909,29.523809523809526,11.475409836065573,0.42660346165809804,7,57.14285714285714,9,1.0,0.7430399104397225,1.0,0.08255999004885806,15.3,0.7430399104397225,1.0,0.0,1.0
354,2026,19,1955757,2026-07-16,Vitoria 1.0 x 0.0 Vasco da Gama,1238,Vitoria,47.86,52.14,Casa,7.424242424242424,135,0.7142857142857143,37.27594594594595,14.647887323943662,20.915032679738562,24.528301886792452,2.640566691569349,27,56.977586206896554,2.2988505747126435,51.57471264367816,109.7012987012987,8,2,0.14974749652382022,49,36.54428571428572,67,40.60606060606061,9,0,0.05996129235478059,0.07858433180845292,44.44444444444444,11.780104712041885,14.271099744245523,20.0,18.867924528301888,0.3427935447306356,19,50.0,14,1.0,0.8867742580865565,1.0,0.06334101843475404,19.55,0.8867742580865565,1.0,0.0,1.0
355,2026,19,1955757,2026-07-16,Vitoria 1.0 x 0.0 Vasco da Gama,1226,Vasco da Gama,52.14,47.86,Fora,9.607142857142858,124,0.7727272727272727,39.105123966942145,14.271099744245523,20.0,18.867924528301888,2.3766680389275674,29,56.30048780487806,3.6585365853658534,45.09756097560975,93.93827160493827,9,0,0.05996129235478059,49,45.33214285714286,68,38.4180790960452,8,2,0.14974749652382022,0.07970141625043414,55.55555555555556,9.620253164556962,14.647887323943662,20.915032679738562,24.528301886792452,0.565404571814526,18,53.84615384615385,13,0.0,0.5978214620539174,0.0,0.0459862663118398,21.3,0.5978214620539174,-1.0,1.0,0.0
356,2026,19,1955907,2026-07-16,Botafogo RJ 2.0 x 1.0 Santos FC,1241,Santos FC,46.19,53.81,Fora,10.72,137,0.7941176470588235,35.38161290322581,13.289902280130294,18.939393939393938,18.96551724137931,2.067512110916949,33,55.26239361702128,2.127659574468085,57.83695652173913,94.8804347826087,8,1,0.9039826171853784,53,41.237264150943396,75,39.473684210526315,8,3,0.3471380159076424,0.18731837363385484,54.01459854014598,10.311750599520384,17.30550284629981,20.0,23.728813559322035,0.8097720444574952,25,71.42857142857143,22,4.0,2.1775700497768344,1.0,0.09898045680803792,17.566666666666666,2.1775700497768344,-1.0,2.0,1.0
357,2026,19,1955907,2026-07-16,Botafogo RJ 2.0 x 1.0 Santos FC,1227,Botafogo RJ,53.81,46.19,Casa,9.448275862068966,133,0.7586206896551724,41.02254545454545,17.30550284629981,20.0,23.728813559322035,2.733768200553214,37,55.183578947368424,5.263157894736842,48.98947368421052,69.7127659574468,8,3,0.3471380159076424,54,47.108055555555566,68,38.857142857142854,8,1,0.9039826171853784,0.07941163325963085,45.98540145985402,14.473684210526317,13.289902280130294,18.939393939393938,18.96551724137931,0.3075441987547989,21,54.54545454545454,17,4.0,2.28284888822161,2.0,0.13428522871891824,20.466666666666665,2.28284888822161,1.0,1.0,2.0
358,2026,4,1955979,2026-07-17,Bahia 2.0 x 0.0 Chapecoense AF,8865,Chapecoense AF,33.12,66.88,Fora,14.863636363636363,102,0.6153846153846154,30.611875,14.168443496801705,33.663366336633665,24.65753424657534,2.623874095189191,22,54.69927272727273,3.6363636363636362,57.2,133.87037037037038,6,0,0.044228217602830605,32,36.195468749999996,41,33.60655737704918,5,0,0.011486738886813598,0.010842280780054558,30.15267175572519,11.985018726591761,13.4983853606028,19.230769230769234,22.22222222222222,0.4248306774209145,12,62.5,10,1.0,0.585107187149618,0.0,0.058510718714961794,15.483333333333333,0.585107187149618,-2.0,2.0,0.0
359,2026,4,1955979,2026-07-17,Bahia 2.0 x 0.0 Chapecoense AF,1221,Bahia,66.88,33.12,Casa,6.769230769230769,96,0.7647058823529411,40.85999999999999,13.4983853606028,19.230769230769234,22.22222222222222,2.559764988909158,16,67.025,4.3478260869565215,67.6470588235294,117.15625,5,0,0.011486738886813598,37,40.33135135135136,68,47.55244755244755,6,0,0.044228217602830605,0.05767051123314726,69.8473282442748,7.35009671179884,14.168443496801705,33.663366336633665,24.65753424657534,1.2883295325449482,27,33.33333333333333,15,2.0,0.8313848922996909,1.0,0.05542565948664606,31.266666666666666,1.6252835230947906,2.0,0.0,2.0
360,2026,19,1955904,2026-07-18,Fluminense 1.0 x 1.0 Red Bull Bragantino,5438,Red Bull Bragantino,34.13,65.87,Fora,24.153846153846153,109,0.5517241379310345,26.028625,15.820568927789935,37.79527559055118,23.404255319148938,2.7013571181467566,44,47.824411764705886,3.5294117647058822,72.63855421686748,132.0120481927711,13,0,0.1313063025897715,43,35.35081395348838,52,33.33333333333333,7,3,0.028823529411764706,0.1519433352406172,28.68421052631579,22.866894197952217,12.35480464625132,21.53846153846154,15.09433962264151,0.9281915482797318,11,62.5,6,1.0,1.239745864039096,1.0,0.20662431067318265,15.783333333333333,1.239745864039096,0.0,1.0,1.0
361,2026,19,1955904,2026-07-18,Fluminense 1.0 x 1.0 Red Bull Bragantino,1232,Fluminense,65.87,34.13,Casa,11.533333333333333,107,0.625,38.769705882352945,12.35480464625132,21.53846153846154,15.09433962264151,3.135730641463732,12,73.18276595744682,4.25531914893617,54.96808510638298,109.59574468085107,7,3,0.028823529411764706,52,40.051442307692305,82,44.80874316939891,13,0,0.1313063025897715,0.06239294829120601,71.3157894736842,8.710217755443885,15.820568927789935,37.79527559055118,23.404255319148938,1.6817708765491202,43,45.45454545454545,24,3.0,1.8090999412801991,1.0,0.0753791642200083,30.466666666666665,1.8090999412801991,0.0,1.0,1.0
362,2026,19,1955915,2026-07-18,Mirassol 2.0 x 1.0 Gremio,1244,Gremio,59.16,40.84,Fora,10.090909090909092,113,0.6,30.6852,14.854932301740812,26.42857142857143,26.38888888888889,2.6704211165634613,40,50.0341935483871,1.0752688172043012,63.74193548387097,130.5595238095238,8,2,0.02350275169957915,41,35.64365853658536,83,51.23456790123457,2,2,0.029446876243533624,0.12815955208536955,35.4978354978355,17.738359201773836,13.738317757009346,13.970588235294118,23.25581395348837,0.7268662621775537,17,40.0,9,1.0,0.7752696446912045,1.0,0.08614107163235606,24.966666666666665,0.7752696446912045,-1.0,2.0,1.0
363,2026,19,1955915,2026-07-18,Mirassol 2.0 x 1.0 Gremio,6332,Mirassol,40.84,59.16,Casa,11.212121212121213,135,0.5882352941176471,39.10256756756756,13.738317757009346,13.970588235294118,23.25581395348837,3.390638535502139,29,59.85684782608697,1.0869565217391304,49.04597701149425,95.79310344827586,2,2,0.029446876243533624,51,45.37441176470589,61,34.659090909090914,8,2,0.02350275169957915,0.04161971178177204,64.5021645021645,13.223140495867769,14.854932301740812,26.42857142857143,26.38888888888889,0.8517969223080586,26,47.368421052631575,14,3.0,1.7218591619634855,2.0,0.12298994014024897,17.233333333333334,1.7218591619634855,1.0,1.0,2.0
364,2026,19,1955749,2026-07-21,Atletico MG 1.0 x 1.0 Bahia,1235,Atletico MG,45.92,54.08,Casa,15.0625,84,0.5294117647058824,36.24021739130435,13.730534867975626,23.364485981308412,29.411764705882355,2.67131424219621,31,56.140874999999994,0.0,76.5875,118.71794871794872,7,2,0.32963186525504945,33,41.10272727272727,67,45.57823129251701,7,3,0.13761894349321813,0.09979636654015467,49.8371335504886,13.23529411764706,14.832535885167465,26.41509433962264,25.0,0.8382064185747413,27,75.0,16,2.0,1.4836743482648178,1.0,0.09272964676655111,20.9,1.4836743482648178,0.0,1.0,1.0
365,2026,19,1955749,2026-07-21,Atletico MG 1.0 x 1.0 Bahia,1221,Bahia,54.08,45.92,Fora,12.473684210526315,104,0.75,35.36103260869565,14.832535885167465,26.41509433962264,25.0,2.9555331421245343,27,55.311290322580646,1.6129032258064515,63.88333333333333,186.45,7,3,0.13761894349321813,33,41.22681818181819,59,44.02985074626866,7,2,0.32963186525504945,0.05306223076536565,50.1628664495114,6.730769230769231,13.730534867975626,23.364485981308412,29.411764705882355,0.9180160720865529,23,66.66666666666666,21,3.0,1.5046524542195545,1.0,0.07165011686759784,24.616666666666667,1.5046524542195545,0.0,1.0,1.0
366,2026,19,1955754,2026-07-22,Coritiba 1.0 x 3.0 Palmeiras,1236,Coritiba,54.11,45.89,Casa,11.461538461538462,109,0.6666666666666666,39.41374999999999,19.223300970873787,21.428571428571427,22.448979591836736,2.3828705387918814,22,63.92523529411764,2.3529411764705883,62.833333333333336,103.07594936708861,8,3,0.08745725775606336,45,42.693000000000005,70,46.35761589403973,7,0,0.0,0.002374796922924638,57.65472312703584,11.546840958605664,16.2125748502994,32.17391304347826,19.17808219178082,0.653524629567878,16,57.14285714285714,17,0.0,1.4929789379732534,1.0,0.08782229046901491,22.266666666666666,1.4929789379732534,-2.0,3.0,1.0
367,2026,19,1955754,2026-07-22,Coritiba 1.0 x 3.0 Palmeiras,1234,Palmeiras,45.89,54.11,Fora,15.823529411764707,108,0.65,31.655265957446808,16.2125748502994,32.17391304347826,19.17808219178082,2.048496187235132,33,48.96739726027398,1.36986301369863,43.77777777777778,95.87142857142857,7,0,0.0,41,35.812682926829275,57,38.25503355704698,8,3,0.08745725775606336,0.12064195587888005,42.34527687296417,9.817351598173515,19.223300970873787,21.428571428571427,22.448979591836736,0.5828192282616387,19,45.45454545454545,14,2.0,1.0885264977769782,3.0,0.07775189269835558,18.883333333333333,1.0885264977769782,2.0,1.0,3.0
368,2026,19,1955751,2026-07-23,Internacional 1.0 x 2.0 Cruzeiro,1219,Internacional,48.05,51.95,Casa,9.714285714285714,112,0.5882352941176471,41.29125,16.014828544949026,19.148936170212767,25.0,2.5692858211763596,24,62.55695121951219,3.6585365853658534,49.4320987654321,89.8051948051948,9,3,0.8772610177589636,50,41.357400000000005,67,40.36144578313253,12,2,0.1270096026264324,0.05599629091566083,56.29370629370629,12.711864406779661,14.488977955911825,27.73109243697479,20.0,0.6252774087693722,30,60.0,21,3.0,1.7680405976193585,1.0,0.08419240941044565,16.633333333333333,1.7680405976193585,-1.0,2.0,1.0
369,2026,19,1955751,2026-07-23,Internacional 1.0 x 2.0 Cruzeiro,1230,Cruzeiro,51.95,48.05,Fora,10.5,107,0.875,33.99173076923077,14.488977955911825,27.73109243697479,20.0,2.813736411203401,31,56.049259259259266,4.938271604938271,60.725,125.38461538461539,12,2,0.1270096026264324,45,40.537000000000006,66,37.714285714285715,9,3,0.8772610177589636,0.14719702319203387,43.70629370629371,11.73469387755102,16.014828544949026,19.148936170212767,25.0,0.7224084825542381,19,50.0,13,3.0,1.533217434880244,2.0,0.1179398026830957,17.983333333333334,1.533217434880244,1.0,1.0,2.0
370,2026,19,1955760,2026-07-23,Chapecoense AF 0.0 x 4.0 Flamengo,8865,Chapecoense AF,36.73,63.27,Casa,25.15,103,0.8095238095238095,42.42677419354839,17.963709677419352,26.05042016806723,28.57142857142857,2.243382516112722,23,57.571626506024096,1.2048192771084338,58.72289156626506,98.7710843373494,6,1,0.22402159244264508,47,45.03159574468086,57,39.58333333333333,7,3,0.6026076926496776,0.15897714116350503,40.29304029304029,10.941475826972011,16.458333333333336,24.561403508771928,21.052631578947366,0.4499814424196713,18,66.66666666666666,13,1.0,0.9476955276525624,0.0,0.07289965597327402,19.2,0.9476955276525624,-4.0,4.0,0.0
371,2026,19,1955760,2026-07-23,Chapecoense AF 0.0 x 4.0 Flamengo,1239,Flamengo,63.27,36.73,Fora,17.11764705882353,94,0.6666666666666666,34.79042168674699,16.458333333333336,24.561403508771928,21.052631578947366,2.419297445044933,33,54.87670588235294,0.0,63.08536585365854,89.76543209876543,7,3,0.6026076926496776,45,36.47233333333334,67,47.5177304964539,6,1,0.22402159244264508,0.07377288057990494,59.70695970695971,6.986899563318777,17.963709677419352,26.05042016806723,28.57142857142857,0.8260878219029459,24,28.57142857142857,10,5.0,1.8339204481176783,3.0,0.18339204481176782,33.06666666666667,1.8339204481176783,4.0,0.0,4.0
372,2026,19,1955910,2026-07-23,Sao Paulo 1.0 x 2.0 Athletico Paranaense,1224,Sao Paulo,69.77,30.23,Casa,8.9,81,0.8461538461538461,40.72478260869565,14.347826086956522,25.806451612903224,25.53191489361702,3.1463882364768785,18,65.70698630136987,2.73972602739726,80.63013698630137,140.1159420289855,4,3,0.6617019804778109,36,39.39833333333333,85,62.96296296296296,8,4,0.45689276395635803,0.21093499871030508,72.28571428571429,9.21875,17.205651491365778,44.0,26.923076923076923,0.9062482916488945,25,47.61904761904761,18,1.0,1.131846608519748,1.0,0.062880367139986,31.85,1.131846608519748,-1.0,2.0,1.0
373,2026,19,1955910,2026-07-23,Sao Paulo 1.0 x 2.0 Athletico Paranaense,1243,Athletico Paranaense,30.23,69.77,Fora,21.22222222222222,89,0.56,33.50908536585366,17.205651491365778,44.0,26.923076923076923,2.092962466848398,25,54.766666666666666,1.5873015873015872,69.74193548387096,170.1639344262295,8,4,0.45689276395635803,33,37.03318181818182,44,37.28813559322034,4,3,0.6617019804778109,0.2933356172049808,27.714285714285715,14.55223880597015,14.347826086956522,25.806451612903224,25.53191489361702,0.8516370575998415,16,50.0,11,2.0,2.1632948126611713,2.0,0.19666316478737922,13.8,2.1632948126611713,1.0,1.0,2.0
374,2026,19,1955913,2026-07-23,Corinthians 3.0 x 0.0 Remo,1237,Corinthians,58.47,41.53,Casa,18.4375,88,0.7142857142857143,33.16444444444444,16.021505376344084,17.307692307692307,11.904761904761903,2.5789435548771347,28,50.07122950819673,1.639344262295082,58.55,96.59322033898304,4,1,0.09783455366879576,38,36.191842105263156,73,50.69444444444444,5,0,0.040933615130347226,-0.02388746346924142,61.951219512195124,9.073359073359073,16.346276257161044,21.487603305785125,26.08695652173913,1.126135208887134,18,58.333333333333336,15,3.0,1.792028498806497,3.0,0.1194685665870998,26.183333333333334,1.792028498806497,3.0,0.0,3.0
375,2026,19,1955913,2026-07-23,Corinthians 3.0 x 0.0 Remo,4617,Remo,41.53,58.47,Fora,16.863636363636363,85,0.56,41.25068181818182,16.346276257161044,21.487603305785125,26.08695652173913,3.193047465572739,27,55.849931506849316,0.0,83.75342465753425,191.42465753424656,5,0,0.040933615130347226,28,45.4875,62,48.06201550387597,4,1,0.09783455366879576,0.049312514196806045,38.048780487804876,13.715710723192021,16.021505376344084,17.307692307692307,11.904761904761903,0.28681870943811405,9,40.0,3,0.0,0.17376217549300832,0.0,0.057920725164336107,18.6,0.17376217549300832,-3.0,3.0,0.0
376,2026,4,1955960,2026-07-23,Botafogo RJ 0.0 x 0.0 Vitoria,1238,Vitoria,48.44,51.56,Fora,7.033333333333333,140,0.5405405405405406,30.436422413793103,15.216606498194947,27.77777777777778,35.13513513513514,2.9377156977487937,31,52.61268292682927,3.6585365853658534,43.48780487804878,95.93589743589743,14,4,0.19055285575296757,47,32.60585106382979,58,36.024844720496894,5,0,0.0,0.06318104119585044,24.47257383966245,16.608996539792386,11.700288184438039,15.172413793103448,24.324324324324326,0.49580459877126914,13,44.44444444444444,5,1.0,0.570732459598685,0.0,0.114146491919737,17.35,0.570732459598685,0.0,0.0,0.0
377,2026,4,1955960,2026-07-23,Botafogo RJ 0.0 x 0.0 Vitoria,1227,Botafogo RJ,51.56,48.44,Casa,7.758620689655173,137,0.8181818181818182,41.270625,11.700288184438039,15.172413793103448,24.324324324324326,4.3181769793574,17,65.18555555555557,1.2345679012345678,50.42307692307692,73.68,5,0,0.0,54,41.05694444444445,71,43.03030303030303,14,4,0.19055285575296757,0.15202866130858617,75.52742616033755,12.694300518134716,15.216606498194947,27.77777777777778,35.13513513513514,1.058823601262818,32,42.30769230769231,19,3.0,1.5924235767005508,0.0,0.08381176719476584,18.466666666666665,1.5924235767005508,0.0,0.0,0.0
378,2026,20,1955772,2026-07-25,Athletico Paranaense 2.0 x 0.0 Internacional,1219,Internacional,56.62,43.38,Fora,14.0,102,0.7058823529411765,39.439726027397256,17.216828478964402,23.841059602649008,26.53061224489796,2.5208034228682537,38,55.10647058823529,5.88235294117647,59.51546391752577,106.55208333333333,8,2,0.8881286804544549,43,40.639883720930236,84,48.275862068965516,5,2,0.04891684136967156,0.014968624744268855,48.24120603015075,16.94510739856802,14.677685950413222,22.058823529411764,17.741935483870968,0.742318859400422,21,63.63636363636363,13,2.0,1.049102766319838,0.0,0.08070021279383369,20.166666666666668,1.049102766319838,-2.0,2.0,0.0
379,2026,20,1955772,2026-07-25,Athletico Paranaense 2.0 x 0.0 Internacional,1243,Athletico Paranaense,43.38,56.62,Casa,17.88235294117647,118,0.76,37.06181818181818,14.677685950413222,22.058823529411764,17.741935483870968,3.0854029369317315,27,52.49620481927711,2.4096385542168677,50.06024096385542,86.8641975308642,5,2,0.04891684136967156,46,41.278695652173916,55,32.93413173652694,8,2,0.8881286804544549,0.12141229301725742,51.75879396984925,17.63085399449036,17.216828478964402,23.841059602649008,26.53061224489796,0.6798045758896927,18,61.53846153846154,14,8.0,2.5823250489369283,2.0,0.1844517892097806,15.45,2.5823250489369283,2.0,0.0,2.0
380,2026,20,1955787,2026-07-25,Santos FC 2.0 x 2.0 Chapecoense AF,8865,Chapecoense AF,35.86,64.14,Fora,17.6875,111,0.76,25.82909482758621,17.453310696095077,40.8,36.666666666666664,2.568072237025128,33,48.6045,1.4285714285714286,65.84848484848484,208.24242424242425,10,3,0.12144702842377261,41,31.853414634146343,51,34.93150684931507,4,0,0.0,0.01278652571014316,18.435754189944134,12.609970674486803,15.4251012145749,18.248175182481752,9.090909090909092,0.31616297678052163,5,66.66666666666666,5,2.0,0.8016739793227937,1.0,0.16033479586455873,16.466666666666665,0.8016739793227937,0.0,2.0,2.0
381,2026,20,1955787,2026-07-25,Santos FC 2.0 x 2.0 Chapecoense AF,1241,Santos FC,64.14,35.86,Casa,11.363636363636363,102,0.8421052631578947,42.017307692307696,15.4251012145749,18.248175182481752,9.090909090909092,2.465793591568964,4,77.6678,2.666666666666667,61.140845070422536,105.24285714285715,4,0,0.0,47,45.183510638297875,86,51.19047619047619,10,3,0.12144702842377261,0.23272082194020038,81.56424581005587,5.073649754500818,17.453310696095077,40.8,36.666666666666664,1.40223639729295,58,33.33333333333333,20,0.0,0.9708482977651465,1.0,0.04854241488825732,29.45,1.7647469285602462,0.0,2.0,2.0
382,2026,20,1955763,2026-07-26,Red Bull Bragantino 0.0 x 0.0 Coritiba,5438,Red Bull Bragantino,56.99,43.01,Casa,10.681818181818182,111,0.5652173913043478,37.758,14.695187165775401,17.51824817518248,11.904761904761903,2.0327116853626155,33,52.45909090909091,3.896103896103896,54.71052631578947,105.51315789473684,5,1,0.0,47,36.42606382978723,71,47.651006711409394,6,0,0.028563505268996116,0.05746158628235509,69.07630522088354,18.67612293144208,15.254237288135593,24.347826086956523,22.033898305084744,0.7510620510012265,16,69.23076923076923,20,0.0,0.8950389693613913,0.0,0.04475194846806956,20.65,0.8950389693613913,0.0,0.0,0.0
383,2026,20,1955763,2026-07-26,Red Bull Bragantino 0.0 x 0.0 Coritiba,1236,Coritiba,43.01,56.99,Fora,16.3125,94,0.5,32.02626506024096,15.254237288135593,24.347826086956523,22.033898305084744,2.2521748071075995,49,43.047692307692316,4.395604395604396,63.07058823529412,138.25882352941176,6,0,0.028563505268996116,39,39.92153846153846,59,38.064516129032256,5,1,0.0,0.03784213830965477,30.923694779116467,18.75,14.695187165775401,17.51824817518248,11.904761904761903,0.39649613658548777,4,60.0,5,0.0,0.29864076026315445,0.0,0.05972815205263089,15.583333333333334,0.29864076026315445,0.0,0.0,0.0
384,2026,20,1955766,2026-07-26,Cruzeiro 0.0 x 1.0 Botafogo RJ,1230,Cruzeiro,57.21,42.79,Casa,6.428571428571429,115,0.5416666666666666,43.502741935483876,11.370262390670554,21.27659574468085,25.0,2.086883757095415,18,64.31703703703704,4.938271604938271,45.54320987654321,77.0,5,1,0.0,53,46.15641509433963,76,47.20496894409938,14,8,0.8414241081375209,0.3464405888373667,61.63265306122449,9.35412026726058,15.61046511627907,31.666666666666664,28.767123287671232,1.051563168923228,34,47.61904761904761,16,3.0,1.596987958475423,0.0,0.09981174740471394,22.933333333333334,1.596987958475423,-1.0,1.0,0.0
385,2026,20,1955766,2026-07-26,Cruzeiro 0.0 x 1.0 Botafogo RJ,1227,Botafogo RJ,42.79,57.21,Fora,14.0,108,0.7619047619047619,36.04714285714286,15.61046511627907,31.666666666666664,28.767123287671232,3.2337942654489895,39,49.48213483146068,2.247191011235955,57.79545454545455,100.93103448275862,14,8,0.8414241081375209,48,38.4059375,46,29.677419354838708,5,1,0.0,-0.005420978826923939,38.36734693877551,15.467625899280577,11.370262390670554,21.27659574468085,25.0,0.3496222970029139,16,45.45454545454545,8,1.0,0.569815707173687,1.0,0.07122696339671088,17.15,0.569815707173687,1.0,0.0,1.0
386,2026,20,1955769,2026-07-26,Gremio 1.0 x 1.0 Fluminense,1244,Gremio,49.76,50.24,Casa,15.736842105263158,80,0.8,36.14739130434783,17.205559619604973,25.233644859813083,18.367346938775512,2.0651011009324844,22,60.837291666666665,1.3888888888888888,61.385714285714286,117.04285714285714,7,1,0.029446876243533624,41,38.153414634146344,65,48.87218045112782,12,2,0.04891684136967156,0.1527560271058479,51.546391752577314,9.297520661157025,17.193500738552437,30.097087378640776,22.033898305084744,0.6232062658739927,18,53.84615384615385,12,2.0,1.1544799697462091,1.0,0.09620666414551743,22.566666666666666,1.1544799697462091,0.0,1.0,1.0
387,2026,20,1955769,2026-07-26,Gremio 1.0 x 1.0 Fluminense,1232,Fluminense,50.24,49.76,Fora,19.4375,74,0.5,33.20013698630137,17.193500738552437,30.097087378640776,22.033898305084744,2.0685095557713464,21,58.23784615384616,3.076923076923077,72.6923076923077,115.140625,12,2,0.04891684136967156,37,39.76094594594594,55,41.98473282442748,7,1,0.029446876243533624,0.04523635354509947,48.45360824742268,7.7894736842105265,17.205559619604973,25.233644859813083,18.367346938775512,0.45054275984797565,8,33.33333333333333,6,0.0,0.22189507292339128,0.0,0.03698251215389855,22.783333333333335,1.015793703718491,0.0,1.0,1.0
388,2026,20,1955775,2026-07-26,Bahia 1.0 x 1.0 Corinthians,1221,Bahia,62.82,37.18,Casa,7.642857142857143,96,0.7368421052631579,45.24924657534247,12.404115996258186,12.5,22.58064516129032,2.0111029366100674,16,63.949315068493156,0.0,65.66666666666667,146.94285714285715,6,2,0.0,33,41.72954545454546,68,48.92086330935252,7,3,0.051125057400887804,0.19503022121244085,66.81818181818183,9.873949579831933,12.99003322259136,26.168224299065418,26.31578947368421,0.6375433701750088,19,53.333333333333336,13,0.0,0.43920485504862833,1.0,0.03378498884989449,30.1,0.43920485504862833,0.0,1.0,1.0
389,2026,20,1955775,2026-07-26,Bahia 1.0 x 1.0 Corinthians,1237,Corinthians,37.18,62.82,Fora,12.703703703703704,103,0.6451612903225806,31.810227272727275,12.99003322259136,26.168224299065418,26.31578947368421,2.4001017588657207,28,49.887352941176474,1.4705882352941175,46.25757575757576,138.58461538461538,7,3,0.051125057400887804,35,35.028,63,44.05594405594406,6,2,0.0,0.005115516656412744,33.18181818181819,10.064935064935066,12.404115996258186,12.5,22.58064516129032,0.24365770116674446,7,28.57142857142857,5,0.0,0.2255876285939046,1.0,0.04511752571878092,17.816666666666666,0.2255876285939046,0.0,1.0,1.0
390,2026,20,1955778,2026-07-26,Remo 2.0 x 0.0 Vitoria,4617,Remo,31.47,68.53,Casa,18.68421052631579,114,0.7222222222222222,31.11589743589743,14.856115107913668,30.215827338129497,25.0,2.629219941274642,33,54.519705882352945,2.3529411764705883,55.626506024096386,76.93589743589743,7,0,0.0784570596797671,50,36.2355,50,30.67484662576687,7,1,0.05996129235478059,0.05765436067383822,40.0,17.708333333333336,15.352480417754569,20.13888888888889,20.0,0.41765234147598695,11,55.55555555555556,15,1.0,0.7967555895679349,2.0,0.053117039304529,12.766666666666667,0.7967555895679349,2.0,0.0,2.0
391,2026,20,1955778,2026-07-26,Remo 2.0 x 0.0 Vitoria,1238,Vitoria,68.53,31.47,Fora,7.590909090909091,110,0.7083333333333334,38.76289772727272,15.352480417754569,20.13888888888889,20.0,2.5485979754081503,31,62.41574257425743,3.9603960396039604,67.8019801980198,114.51685393258427,7,1,0.05996129235478059,43,37.03813953488372,85,47.22222222222222,7,0,0.0784570596797671,0.06448272751913242,60.0,12.95238095238095,14.856115107913668,30.215827338129497,25.0,0.8983489196093517,27,45.0,14,2.0,1.3290077463607295,0.0,0.0949291247400521,27.8,1.3290077463607295,-2.0,2.0,0.0
392,2026,20,1955781,2026-07-26,Flamengo 1.0 x 1.0 Sao Paulo,1224,Sao Paulo,43.09,56.91,Fora,10.516129032258064,118,0.9047619047619048,41.50627659574467,16.61346287300486,24.113475177304963,35.59322033898305,3.3950909668602645,42,50.48053398058252,1.9417475728155338,59.85858585858586,150.0212765957447,5,2,0.11464088397790055,42,44.510000000000005,63,38.41463414634146,5,1,0.0,0.012891201630232718,47.49034749034749,9.174311926605505,18.148487626031162,16.153846153846153,14.814814814814813,0.2997446024241506,11,25.0,4,1.0,0.5085612322246903,1.0,0.12714030805617257,18.183333333333334,0.5085612322246903,0.0,1.0,1.0
393,2026,20,1955781,2026-07-26,Flamengo 1.0 x 1.0 Sao Paulo,1239,Flamengo,56.91,43.09,Casa,14.571428571428571,112,0.95,38.766000000000005,18.148487626031162,16.153846153846153,14.814814814814813,2.054478359588008,34,53.16458823529412,3.5294117647058822,50.9390243902439,108.4074074074074,5,1,0.0,42,42.2475,73,43.452380952380956,5,2,0.11464088397790055,0.06512671172423401,52.509652509652504,6.944444444444445,16.61346287300486,24.113475177304963,35.59322033898305,1.352103933251033,26,71.42857142857143,18,5.0,2.5491396214443816,1.0,0.1416188678580212,24.016666666666666,2.5491396214443816,0.0,1.0,1.0
394,2026,20,1955784,2026-07-26,Vasco da Gama 1.0 x 1.0 Mirassol,6332,Mirassol,44.03,55.97,Fora,21.615384615384617,124,0.52,27.857586206896553,14.607645875251508,31.57894736842105,28.000000000000004,2.2275084225743487,32,55.17441176470589,1.9607843137254901,52.92,103.46938775510205,14,5,0.4828377129796998,46,37.932391304347824,72,37.30569948186528,3,3,0.0,0.03947608035871486,29.153605015673982,12.534818941504177,13.350383631713555,14.19753086419753,22.641509433962266,0.6920267847497312,14,58.333333333333336,10,2.0,1.4821370144845045,1.0,0.14821370144845045,19.55,1.4821370144845045,0.0,1.0,1.0
395,2026,20,1955784,2026-07-26,Vasco da Gama 1.0 x 1.0 Mirassol,1226,Vasco da Gama,55.97,44.03,Casa,9.678571428571429,154,0.5625,37.24768292682927,13.350383631713555,14.19753086419753,22.641509433962266,2.8897701787649464,25,63.76581521739131,2.1739130434782608,38.84615384615385,77.9,3,3,0.0,61,39.5677868852459,87,49.43181818181818,14,5,0.4828377129796998,0.23639598956254293,70.84639498432603,12.375249500998004,14.607645875251508,31.57894736842105,28.000000000000004,1.025878508024535,43,47.61904761904761,20,2.0,2.192348015125164,1.0,0.10961740075625821,24.85,2.192348015125164,0.0,1.0,1.0
396,2026,20,1955789,2026-07-26,Palmeiras 1.0 x 2.0 Atletico MG,1235,Atletico MG,31.65,68.35,Fora,29.2,84,0.5,24.52078125,17.86235662148071,40.65040650406504,31.70731707317073,2.1803968775679294,43,45.2,0.0,67.44578313253012,151.45569620253164,8,0,0.02350275169957915,30,29.953,59,40.689655172413794,3,1,0.0,0.006345005734612386,19.64735516372796,21.54340836012862,14.054054054054053,13.953488372093023,35.483870967741936,0.5243680903929291,16,27.27272727272727,9,4.0,1.9153009065473054,2.0,0.2128112118385895,14.8,1.9153009065473054,1.0,1.0,2.0
397,2026,20,1955789,2026-07-26,Palmeiras 1.0 x 2.0 Atletico MG,1234,Palmeiras,68.35,31.65,Casa,11.2,88,0.5714285714285714,36.84479166666667,14.054054054054053,13.953488372093023,35.483870967741936,2.961217054106663,16,72.6222,0.0,60.04225352112676,108.33823529411765,3,1,0.0,33,42.56,77,48.125,8,0,0.02350275169957915,0.07557211246747508,80.35264483627203,5.515239477503629,17.86235662148071,40.65040650406504,31.70731707317073,1.355076251085614,31,38.46153846153847,21,2.0,1.807438193398547,1.0,0.08606848539993081,31.966666666666665,1.807438193398547,-1.0,2.0,1.0
398,2026,21,1955803,2026-07-29,Mirassol 2.0 x 1.0 Remo,4617,Remo,43.28,56.72,Fora,23.933333333333334,106,0.6785714285714286,33.429375,15.403808273145108,27.559055118110237,22.950819672131146,3.0733220598454456,34,56.16923076923077,2.197802197802198,63.57471264367816,145.367816091954,6,0,0.029446876243533624,41,36.76024390243903,74,43.02325581395349,5,0,0.0,0.0328852407530591,48.34710743801653,11.528822055137844,15.438898450946644,18.181818181818183,22.22222222222222,0.5052205173429147,18,50.0,13,1.0,1.1224328198805522,1.0,0.08634098614465786,19.366666666666667,1.1224328198805522,-1.0,2.0,1.0
399,2026,21,1955803,2026-07-29,Mirassol 2.0 x 1.0 Remo,6332,Mirassol,56.72,43.28,Casa,10.23076923076923,122,0.5,36.93247572815534,15.438898450946644,18.181818181818183,22.22222222222222,2.289476391426468,23,62.80516666666667,2.2222222222222223,52.25,99.56818181818181,5,0,0.0,48,39.611250000000005,71,46.40522875816993,6,0,0.029446876243533624,0.022057702049311345,51.652892561983464,9.278350515463918,15.403808273145108,27.559055118110237,22.950819672131146,1.0226837667151751,17,35.714285714285715,8,4.0,2.0140414239341395,1.0,0.25175517799176744,25.383333333333333,2.0140414239341395,1.0,1.0,2.0
400,2026,21,1955808,2026-07-29,Internacional 1.0 x 1.0 Flamengo,1219,Internacional,25.13,74.87,Casa,29.071428571428573,104,0.896551724137931,28.754558823529415,16.41207815275311,43.36283185840708,20.0,2.3240852573122988,30,49.456640625,1.5625,75.56451612903226,144.43548387096774,6,1,0.0,34,33.26029411764706,39,26.53061224489796,5,0,0.09219365299976835,0.05205843066830562,29.041916167664674,14.785992217898833,14.682539682539684,20.8,26.190476190476193,0.38329765049854725,19,72.72727272727273,16,2.0,1.2890903381769363,1.0,0.08056814613605852,12.6,1.2890903381769363,0.0,1.0,1.0
401,2026,21,1955808,2026-07-29,Internacional 1.0 x 1.0 Flamengo,1239,Flamengo,74.87,25.13,Fora,8.31578947368421,88,0.7272727272727273,43.36787671232877,14.682539682539684,20.8,26.190476190476193,2.5107599479118576,10,70.58791139240506,2.5316455696202533,50.0,83.84210526315789,5,0,0.09219365299976835,35,44.745000000000005,73,51.048951048951054,6,1,0.0,0.08474498290097987,70.95808383233533,6.629834254143646,16.41207815275311,43.36283185840708,20.0,0.9171460795132673,21,53.333333333333336,14,2.0,1.390300783698064,1.0,0.09930719883557601,37.53333333333333,1.390300783698064,0.0,1.0,1.0
402,2026,21,1955793,2026-07-30,Fluminense 0.0 x 0.0 Bahia,1221,Bahia,41.63,58.37,Fora,17.88888888888889,109,0.5789473684210527,31.758548387096777,17.05466237942122,36.52173913043478,33.76623376623377,2.517014985684714,25,54.842083333333335,1.3888888888888888,71.0,113.10144927536231,12,4,0.6471103887742011,47,35.869787234042555,66,45.20547945205479,12,5,0.07120057851345499,0.23902425782608283,33.734939759036145,12.5,16.771866546438233,25.0,22.0,0.798873372737535,16,27.27272727272727,10,0.0,0.3255071630551769,0.0,0.03255071630551769,18.483333333333334,0.3255071630551769,0.0,0.0,0.0
403,2026,21,1955793,2026-07-30,Fluminense 0.0 x 0.0 Bahia,1232,Fluminense,58.37,41.63,Casa,14.941176470588236,97,0.782608695652174,37.880370370370365,16.771866546438233,25.0,22.0,2.369672946821969,19,67.74055555555556,1.2345679012345678,57.81012658227848,161.13924050632912,12,5,0.07120057851345499,42,46.0925,68,43.31210191082803,12,4,0.6471103887742011,0.32567891306545826,66.26506024096386,8.073394495412845,17.05466237942122,36.52173913043478,33.76623376623377,1.3285267436610475,38,42.30769230769231,25,3.0,2.1131993352418292,0.0,0.08452797340967316,25.916666666666668,2.1131993352418292,0.0,0.0,0.0
404,2026,21,1955801,2026-07-30,Corinthians 0.0 x 0.0 Athletico Paranaense,1243,Athletico Paranaense,56.09,43.91,Fora,11.384615384615385,81,0.8125,42.858698630136985,17.27493917274939,23.931623931623932,9.30232558139535,2.021452418478936,28,53.634,1.3333333333333335,55.53333333333333,104.40277777777777,6,0,0.043236032642812304,32,44.3953125,62,45.25547445255474,6,3,0.0,0.021420695531586098,49.411764705882355,9.523809523809524,11.771428571428572,19.298245614035086,16.666666666666664,0.22911331122234202,8,14.285714285714285,4,1.0,0.47578939801623055,0.0,0.11894734950405764,26.25,0.47578939801623055,0.0,0.0,0.0
405,2026,21,1955801,2026-07-30,Corinthians 0.0 x 0.0 Athletico Paranaense,1237,Corinthians,43.91,56.09,Casa,11.10344827586207,96,0.7,37.29881443298969,11.771428571428572,19.298245614035086,16.666666666666664,1.673068672503785,14,63.1299152542373,3.389830508474576,57.91379310344828,142.28571428571428,6,3,0.0,35,39.95700000000001,60,45.11278195488722,6,0,0.043236032642812304,0.0791680895214455,50.588235294117645,9.219858156028367,17.27493917274939,23.931623931623932,9.30232558139535,0.6692851013027372,6,75.0,7,3.0,1.1250210271544125,0.0,0.1607172895934875,20.55,1.1250210271544125,0.0,0.0,0.0
406,2026,21,1955814,2026-07-30,Vitoria 0.0 x 4.0 Palmeiras,1238,Vitoria,30.58,69.42,Casa,14.066666666666666,99,0.8181818181818182,30.32375,17.972350230414747,37.61467889908257,22.727272727272727,2.5171334017257836,32,51.202083333333334,0.0,66.14084507042253,145.28985507246378,12,2,0.41340508806262233,39,32.00615384615384,41,29.496402877697843,1,1,0.018250950570342206,0.016670495802901808,21.66172106824926,23.660714285714285,12.73542600896861,16.071428571428573,25.581395348837212,0.29952738226611375,13,45.45454545454545,10,0.0,0.36205713157557823,0.0,0.03620571315755782,11.15,0.36205713157557823,-4.0,4.0,0.0
407,2026,21,1955814,2026-07-30,Vitoria 0.0 x 4.0 Palmeiras,1234,Palmeiras,69.42,30.58,Fora,9.375,97,0.5714285714285714,43.5162,12.73542600896861,16.071428571428573,25.581395348837212,2.9258194875917813,8,67.72881818181818,3.6363636363636362,32.888888888888886,68.83018867924528,1,1,0.018250950570342206,39,46.5473076923077,65,47.794117647058826,12,2,0.41340508806262233,0.22547510879310684,78.33827893175074,4.624277456647398,17.972350230414747,37.61467889908257,22.727272727272727,1.4499221598090808,22,40.0,16,3.0,1.716834882574367,3.0,0.10730218016089793,25.316666666666666,1.716834882574367,4.0,0.0,4.0
408,2026,21,1955811,2026-07-31,Coritiba 0.0 x 1.0 Cruzeiro,1230,Cruzeiro,50.96,49.04,Fora,10.4,107,0.7333333333333333,36.230357142857144,15.085435313262815,25.179856115107913,18.64406779661017,2.6840786985439316,20,57.867272727272734,3.896103896103896,42.30263157894737,90.42857142857143,8,0,0.0,42,39.4425,67,44.966442953020135,9,3,0.29191864040654686,0.15568982052881486,51.25448028673835,14.485981308411214,15.082223962411902,30.4,27.586206896551722,1.2504973059394322,25,62.5,20,3.0,2.3662570709130515,1.0,0.11831285354565257,21.283333333333335,2.3662570709130515,1.0,0.0,1.0
409,2026,21,1955811,2026-07-31,Coritiba 0.0 x 1.0 Cruzeiro,1236,Coritiba,49.04,50.96,Casa,12.136363636363637,107,0.47058823529411764,33.78072115384616,15.082223962411902,30.4,27.586206896551722,3.3452390751526173,27,57.825,1.2987012987012987,49.5921052631579,96.06756756756756,9,3,0.29191864040654686,41,35.15963414634147,77,46.10778443113773,8,0,0.0,0.06952184639794012,48.74551971326165,13.349514563106796,15.085435313262815,25.179856115107913,18.64406779661017,0.7671460604005307,22,45.45454545454545,19,1.0,1.261879143637866,0.0,0.066414691770414,20.483333333333334,1.261879143637866,-1.0,1.0,0.0
410,2026,22,1955838,2026-08-08,Gremio 2 x 1 Sao Paulo,1244,Gremio,50.19,49.81,Casa,18.058823529411764,82,0.6923076923076923,35.954296875,17.273419649657274,20.792079207920793,30.18867924528302,2.9321474040437945,24,53.67090909090909,3.0303030303030303,67.8,124.81666666666666,5,2,0.6622362131152303,27,41.82111111111112,59,42.44604316546763,2,1,0.05696505505026329,0.044085565628216195,43.984962406015036,14.014251781472684,15.46485260770975,24.137931034482758,34.69387755102041,1.0245322028970176,23,41.17647058823529,12,3.0,1.7043869171794177,2.0,0.1420322430982848,22.05,1.7043869171794177,1.0,1.0,2.0
411,2026,22,1955838,2026-08-08,Gremio 2 x 1 Sao Paulo,1224,Sao Paulo,49.81,50.19,Fora,14.761904761904763,100,0.5625,38.405454545454546,15.46485260770975,24.137931034482758,34.69387755102041,2.9894236894194264,25,54.99022388059702,1.4925373134328357,50.67164179104478,130.97014925373134,2,1,0.05696505505026329,38,41.01078947368421,53,38.970588235294116,5,2,0.6622362131152303,0.4065197132549079,56.015037593984964,7.478632478632479,17.273419649657274,20.792079207920793,30.18867924528302,1.0626196093965015,23,68.75,19,4.0,2.1049457989395735,0.0,0.11078662099681966,21.883333333333333,2.1049457989395735,-1.0,2.0,1.0
412,2026,22,1955847,2026-08-08,Remo 2 x 2 Atletico MG,4617,Remo,39.03,60.97,Casa,15.4,107,0.47368421052631576,37.48500000000001,15.483870967741934,22.5,32.55813953488372,3.3229359790571595,27,55.09910958904109,0.0,68.15492957746478,112.61764705882354,5,3,0.14408776022143419,50,38.016299999999994,61,43.884892086330936,8,0,0.10195981137934625,-0.03839487750635584,47.511312217194565,11.73469387755102,15.832621690862512,25.423728813559322,23.404255319148938,0.5747251209311277,17,45.45454545454545,12,0.0,0.49837395486847735,2.0,0.041531162905706444,19.516666666666666,0.49837395486847735,0.0,2.0,2.0
413,2026,22,1955847,2026-08-08,Remo 2 x 2 Atletico MG,1235,Atletico MG,60.97,39.03,Fora,15.0,92,0.7692307692307693,38.074934210526315,15.832621690862512,25.423728813559322,23.404255319148938,2.014771822008103,24,55.35945205479453,0.0,61.97222222222222,104.50746268656717,8,0,0.10195981137934625,39,38.082692307692305,76,54.67625899280576,5,3,0.14408776022143419,0.10632411646638973,52.488687782805435,8.9126559714795,15.483870967741934,22.5,32.55813953488372,1.1563740489212648,22,50.0,10,1.0,1.0520746102960572,2.0,0.10520746102960572,30.483333333333334,1.0520746102960572,0.0,2.0,2.0
414,2026,22,1955819,2026-08-09,Flamengo 2 x 0 Vitoria,1238,Vitoria,38.14,61.86,Fora,17.210526315789473,112,0.5666666666666667,27.532647058823528,18.135860979462876,42.45283018867924,35.61643835616438,2.1725615267958966,35,49.84841772151899,2.5316455696202533,61.41772151898734,99.74324324324324,10,4,0.044228217602830605,42,29.297500000000003,65,40.37267080745342,2,0,0.0,0.019520475326235243,20.055710306406684,15.46134663341646,16.037574722459436,16.216216216216218,8.333333333333332,0.17505274629861356,4,66.66666666666666,7,0.0,0.1990884646698145,0.0,0.02844120923854493,19.516666666666666,0.1990884646698145,-2.0,2.0,0.0
415,2026,22,1955819,2026-08-09,Flamengo 2 x 0 Vitoria,1239,Flamengo,61.86,38.14,Casa,10.931034482758621,111,0.7647058823529411,45.482696629213486,16.037574722459436,16.216216216216218,8.333333333333332,1.7597984833403162,13,69.04119718309859,2.8169014084507045,38.927536231884055,67.23880597014926,2,0,0.0,50,43.577099999999994,76,55.88235294117647,10,4,0.044228217602830605,0.10813985819220928,79.94428969359332,5.341246290801187,18.135860979462876,42.45283018867924,35.61643835616438,1.2151288138808596,36,50.0,20,2.0,1.3229892549106792,2.0,0.06614946274553396,31.65,1.3229892549106792,2.0,0.0,2.0
416,2026,22,1955822,2026-08-09,Botafogo RJ 1 x 1 Fluminense,1232,Fluminense,59.2,40.8,Fora,6.777777777777778,123,0.7105263157894737,32.376999999999995,15.468277945619334,28.92561983471074,25.31645569620253,3.179858661653525,26,57.530328947368425,2.631578947368421,46.125,142.80555555555554,12,3,0.215141300808433,38,36.22223684210527,71,42.51497005988024,7,1,0.1300380228136882,0.086422402831694,49.25373134328358,8.125,16.280360860513532,24.46043165467626,32.758620689655174,1.0351575264054804,31,47.368421052631575,14,2.0,1.2436565299911888,1.0,0.08883260928508492,24.016666666666666,1.2436565299911888,0.0,1.0,1.0
417,2026,22,1955822,2026-08-09,Botafogo RJ 1 x 1 Fluminense,1227,Botafogo RJ,40.8,59.2,Casa,14.272727272727273,115,0.631578947368421,39.13392857142858,16.280360860513532,24.46043165467626,32.758620689655174,3.0323087254244148,18,64.70301369863013,2.73972602739726,54.84931506849315,102.73611111111111,7,1,0.1300380228136882,48,46.48437500000001,61,36.52694610778443,12,3,0.215141300808433,0.30523200861715827,50.74626865671642,8.231707317073171,15.468277945619334,28.92561983471074,25.31645569620253,1.2171663562866089,26,55.00000000000001,22,2.0,1.4472008728420107,1.0,0.06578185785645503,16.55,1.4472008728420107,0.0,1.0,1.0
418,2026,22,1955825,2026-08-09,Santos FC 0 x 2 Athletico Paranaense,1241,Santos FC,62.87,37.13,Casa,10.954545454545455,95,0.8333333333333334,40.751931818181816,15.608308605341245,21.25984251968504,17.391304347826086,1.6860712445676895,16,64.83197368421054,3.9473684210526314,62.32876712328767,91.57971014492753,9,3,0.2924330616996509,47,40.68638297872341,77,49.044585987261144,13,2,0.4818879438268248,0.1944485659140751,69.28327645051195,5.641025641025641,16.471962616822427,35.53719008264463,23.28767123287671,0.8890034535229263,27,58.82352941176471,22,3.0,1.7460275998656665,0.0,0.07936489090298483,28.533333333333335,1.7460275998656665,-2.0,2.0,0.0
419,2026,22,1955825,2026-08-09,Santos FC 0 x 2 Athletico Paranaense,1243,Athletico Paranaense,37.13,62.87,Fora,18.105263157894736,92,0.7058823529411765,33.049485981308415,16.471962616822427,35.53719008264463,23.28767123287671,2.3849627139543053,32,50.89673076923077,1.282051282051282,69.44871794871794,102.42647058823529,13,2,0.4818879438268248,41,39.29560975609757,60,40.0,9,3,0.2924330616996509,0.2513696798768641,30.716723549488055,18.571428571428573,15.608308605341245,21.25984251968504,17.391304347826086,0.598836029481002,13,37.5,8,2.0,1.1516288352502186,2.0,0.14395360440627733,16.85,1.1516288352502186,2.0,0.0,2.0
420,2026,22,1955828,2026-08-09,Palmeiras 0 x 0 Internacional,1234,Palmeiras,64.27,35.73,Casa,8.576923076923077,137,0.6666666666666666,39.89889473684211,15.016251354279524,20.689655172413794,12.5,1.867933481920186,17,67.599,3.3333333333333335,50.0,100.68888888888888,9,1,0.025644248900062852,54,37.529722222222226,79,41.361256544502616,13,3,0.06376391969825136,0.09952161120652647,69.23076923076923,10.0,15.72289156626506,29.25170068027211,24.050632911392405,0.9824576909468159,29,47.368421052631575,22,1.0,1.3228536884527327,0.0,0.06012971311148785,27.666666666666668,1.3228536884527327,0.0,0.0,0.0
421,2026,22,1955828,2026-08-09,Palmeiras 0 x 0 Internacional,1219,Internacional,35.73,64.27,Fora,15.142857142857142,123,0.6923076923076923,32.98039603960396,15.72289156626506,29.25170068027211,24.050632911392405,2.4070440706133964,36,49.136420454545465,2.272727272727273,65.9659090909091,102.85365853658537,13,3,0.06376391969825136,41,37.318536585365855,63,38.41463414634146,9,1,0.025644248900062852,0.05755204736196662,30.76923076923077,20.298507462686565,15.016251354279524,20.689655172413794,12.5,0.37763646829048936,6,50.0,9,0.0,0.3498605482382108,0.0,0.03887339424869009,15.383333333333333,0.3498605482382108,0.0,0.0,0.0
422,2026,22,1955831,2026-08-09,Red Bull Bragantino 0 x 2 Corinthians,1237,Corinthians,48.24,51.76,Fora,8.846153846153847,101,0.6521739130434783,34.51069306930694,13.391455972101133,20.610687022900763,18.181818181818183,3.072291748992338,39,52.351630434782614,5.434782608695652,47.78409090909091,92.66666666666667,6,1,0.028563505268996116,46,36.697500000000005,63,37.278106508875744,3,2,0.10676228458623216,0.054291504101728894,51.271186440677965,14.50381679389313,15.715622076707204,18.84057971014493,21.153846153846153,0.5616961582157387,15,54.54545454545454,9,3.0,1.6556716285433024,2.0,0.18396351428258917,17.816666666666666,1.6556716285433024,2.0,0.0,2.0
423,2026,22,1955831,2026-08-09,Red Bull Bragantino 0 x 2 Corinthians,5438,Red Bull Bragantino,51.76,48.24,Casa,10.708333333333334,95,0.8260869565217391,40.27634831460674,15.715622076707204,18.84057971014493,21.153846153846153,2.0932261570798425,32,57.14010638297872,3.1914893617021276,60.59574468085106,95.82978723404256,3,2,0.10676228458623216,45,43.30433333333334,70,43.47826086956522,6,1,0.028563505268996116,0.05717816192374192,48.728813559322035,18.333333333333332,13.391455972101133,20.610687022900763,18.181818181818183,0.7510211331431318,17,40.0,10,0.0,0.3797524154056084,0.0,0.03797524154056084,19.116666666666667,0.3797524154056084,-2.0,2.0,0.0
424,2026,22,1955834,2026-08-09,Cruzeiro 3 x 1 Mirassol,6332,Mirassol,51.22,48.78,Fora,7.875,106,0.7272727272727273,39.97755681818182,14.17283950617284,23.333333333333332,30.76923076923077,2.7406930915704786,27,54.71900000000001,0.0,56.472972972972975,109.72222222222223,6,1,0.0784570596797671,43,41.48232558139535,74,52.4822695035461,7,3,0.03431704345471774,0.2461505730994884,49.37238493723849,10.29023746701847,13.965517241379311,19.81981981981982,20.408163265306122,0.5746617605228646,13,60.0,12,1.0,0.6743943599013462,0.0,0.05619952999177885,21.266666666666666,1.468292990696446,-2.0,3.0,1.0
425,2026,22,1955834,2026-08-09,Cruzeiro 3 x 1 Mirassol,1230,Cruzeiro,48.78,51.22,Casa,9.571428571428571,106,0.76,38.50515789473685,13.965517241379311,19.81981981981982,20.408163265306122,2.4922052206231173,26,55.42833333333334,1.3888888888888888,56.06944444444444,108.83333333333333,7,3,0.03431704345471774,39,37.910384615384615,69,47.58620689655172,6,1,0.0784570596797671,0.0779345721095841,50.627615062761514,14.555256064690028,14.17283950617284,23.333333333333332,30.76923076923077,1.0593371693156044,23,50.0,11,2.0,1.1352928526066939,3.0,0.10320844114606308,20.25,1.1352928526066939,2.0,1.0,3.0
426,2026,22,1955841,2026-08-09,Coritiba 2 x 1 Chapecoense AF,1236,Coritiba,33.53,66.47,Casa,16.75,100,0.5294117647058824,34.039534883720926,13.95268320830929,24.778761061946902,20.0,1.8159329775089752,27,53.172954545454544,3.0303030303030303,90.06153846153846,176.953125,2,1,0.0539293589275327,34,40.523823529411764,51,39.23076923076923,12,4,0.3149923935819349,0.13680931306487576,45.11627906976744,17.5,13.867276887871855,22.018348623853214,39.53488372093023,0.8436024981018404,24,58.82352941176471,15,4.0,1.8631424217917893,2.0,0.12420949478611928,14.566666666666666,1.8631424217917893,1.0,1.0,2.0
427,2026,22,1955841,2026-08-09,Coritiba 2 x 1 Chapecoense AF,8865,Chapecoense AF,66.47,33.53,Fora,11.375,84,0.6923076923076923,35.93926229508197,13.867276887871855,22.018348623853214,39.53488372093023,2.8536412274300678,25,56.13596153846155,1.282051282051282,72.18666666666667,138.06944444444446,12,4,0.3149923935819349,28,36.277499999999996,65,47.794117647058826,2,1,0.0539293589275327,0.007010936412404689,54.88372093023256,12.984496124031008,13.95268320830929,24.778761061946902,20.0,0.6173134978116406,15,40.0,12,0.0,0.5603957960735647,1.0,0.04669964967279706,28.883333333333333,0.5603957960735647,-1.0,2.0,1.0
428,2026,22,1955844,2026-08-09,Bahia 0 x 0 Vasco da Gama,1226,Vasco da Gama,44.25,55.75,Fora,10.6,111,0.8709677419354839,39.19096774193548,13.76061776061776,19.166666666666668,21.428571428571427,2.274835301757799,21,62.80024390243902,2.4390243902439024,53.8125,92.03846153846153,8,0,0.02350275169957915,43,42.43953488372093,69,43.39622641509434,8,3,0.0317771335256818,0.07231737347658429,55.59440559440559,10.597826086956522,16.167315175097276,27.049180327868854,26.865671641791046,0.6301814069879241,27,44.44444444444444,14,0.0,0.700159131779547,0.0,0.05001136655568193,17.133333333333333,0.700159131779547,0.0,0.0,0.0
429,2026,22,1955844,2026-08-09,Bahia 0 x 0 Vasco da Gama,1221,Bahia,55.75,44.25,Casa,12.8125,107,0.7142857142857143,35.23269230769231,16.167315175097276,27.049180327868854,26.865671641791046,2.4562954570366835,39,50.66703703703703,3.7037037037037033,60.9375,118.875,8,3,0.0317771335256818,46,41.06641304347826,69,44.516129032258064,8,0,0.02350275169957915,0.02474575728647599,44.40559440559441,14.358974358974358,13.76061776061776,19.166666666666668,21.428571428571427,0.5214686793436432,21,58.333333333333336,11,0.0,0.5730082528636088,0.0,0.05209165935123716,21.583333333333332,0.5730082528636088,0.0,0.0,0.0
430,2026,23,1955849,2026-08-15,Fluminense 3 x 2 Palmeiras,1232,Fluminense,63.48,36.52,Casa,7.222222222222222,122,0.6060606060606061,35.107058823529414,15.410526315789474,24.137931034482758,26.984126984126984,3.2490868769793213,16,62.30056451612903,3.225806451612903,47.193548387096776,144.2280701754386,10,5,0.28254590573839333,47,41.1845744680851,66,42.58064516129032,11,2,0.510078935747957,0.19438847049282915,55.90062111801242,6.365503080082135,14.645669291338583,28.90625,27.419354838709676,0.952696412695778,28,64.70588235294117,17,4.0,2.801342530025898,3.0,0.16478485470740575,27.516666666666666,2.801342530025898,1.0,2.0,3.0
431,2026,23,1955849,2026-08-15,Fluminense 3 x 2 Palmeiras,1234,Palmeiras,36.52,63.48,Fora,13.565217391304348,119,0.6551724137931034,36.90371134020618,14.645669291338583,28.90625,27.419354838709676,2.614691298405131,21,59.761267605633805,4.225352112676056,40.529411764705884,125.19117647058823,11,2,0.510078935747957,43,44.10244186046511,57,36.774193548387096,10,5,0.28254590573839333,0.13473555018653016,44.099378881987576,15.625,15.410526315789474,24.137931034482758,26.984126984126984,0.8786920418639104,25,41.17647058823529,15,1.0,1.3172001560398374,2.0,0.08781334373598916,15.833333333333334,1.3172001560398374,-1.0,3.0,2.0
432,2026,23,1955870,2026-08-15,Athletico Paranaense 1 x 1 Red Bull Bragantino,1243,Athletico Paranaense,49.47,50.53,Casa,16.77777777777778,110,0.6666666666666666,33.87014563106796,15.807860262008735,24.264705882352942,22.807017543859647,2.429579425895569,17,63.456686746987955,2.4096385542168677,66.25974025974025,110.03947368421052,5,0,0.011486738886813598,46,39.313369565217386,69,40.116279069767444,11,2,0.011486738886813598,0.10127011958968213,53.79746835443038,12.421052631578949,16.773234200743495,31.61764705882353,29.333333333333332,1.509614956452371,36,68.18181818181817,20,7.0,3.005344228650757,1.0,0.15026721143253785,22.416666666666668,3.005344228650757,0.0,1.0,1.0
433,2026,23,1955870,2026-08-15,Athletico Paranaense 1 x 1 Red Bull Bragantino,5438,Red Bull Bragantino,50.53,49.47,Fora,17.61111111111111,110,0.64,30.004264705882353,16.773234200743495,31.61764705882353,29.333333333333332,3.5739322062059755,32,54.802409638554224,1.2048192771084338,69.55421686746988,123.07317073170732,11,2,0.011486738886813598,41,35.79219512195122,66,40.74074074074074,5,0,0.011486738886813598,0.0072180287374679075,46.20253164556962,14.925373134328357,15.807860262008735,24.264705882352942,22.807017543859647,0.8225115575693476,19,69.23076923076923,16,3.0,1.6397853475581559,1.0,0.10248658422238474,22.9,1.6397853475581559,0.0,1.0,1.0
434,2026,23,1955852,2026-08-16,Vasco da Gama 0 x 3 Santos FC,1241,Santos FC,37.14,62.86,Fora,9.56,127,0.7567567567567568,33.9401652892562,13.40782122905028,26.76056338028169,22.972972972972975,2.4604849005972973,41,47.783076923076926,6.41025641025641,54.87179487179487,103.96103896103897,8,2,0.0784570596797671,42,42.285000000000004,53,34.41558441558442,6,1,0.36363636363636365,0.16641854454749216,32.72727272727273,13.707165109034266,15.673758865248228,19.708029197080293,11.904761904761903,0.7730052209774962,7,80.0,11,5.0,2.4444712660749124,3.0,0.22222466055226475,14.1,2.4444712660749124,3.0,0.0,3.0
435,2026,23,1955852,2026-08-16,Vasco da Gama 0 x 3 Santos FC,1226,Vasco da Gama,62.86,37.14,Casa,12.647058823529411,120,0.8181818181818182,41.22533333333333,15.673758865248228,19.708029197080293,11.904761904761903,2.9463034302732027,26,58.53806451612903,3.225806451612903,43.84090909090909,97.86363636363636,6,1,0.36363636363636365,52,42.371538461538464,76,41.30434782608695,8,2,0.0784570596797671,0.011382550030299754,67.27272727272727,11.00702576112412,13.40782122905028,26.76056338028169,22.972972972972975,0.9967118395878303,30,70.58823529411765,19,3.0,1.751304086573255,0.0,0.09217389929332921,23.866666666666667,1.751304086573255,-3.0,3.0,0.0
436,2026,23,1955855,2026-08-16,Sao Paulo 1 x 1 Coritiba,1236,Coritiba,32.81,67.19,Fora,25.857142857142858,110,0.72,27.2685,16.42699115044248,30.37037037037037,25.287356321839084,2.3965639525019964,45,45.57,1.1494252873563218,62.5,114.44871794871794,8,5,0.1048090516110491,39,30.633076923076924,51,32.903225806451616,3,1,0.0,-0.04590690762842531,20.846905537459286,15.555555555555555,14.745186862967158,11.940298507462686,22.22222222222222,0.22674505295742264,11,50.0,8,1.0,0.47958165161586214,1.0,0.05994770645198277,14.716666666666667,0.47958165161586214,0.0,1.0,1.0
437,2026,23,1955855,2026-08-16,Sao Paulo 1 x 1 Coritiba,1224,Sao Paulo,67.19,32.81,Casa,10.041666666666666,116,0.8,42.52733333333334,14.745186862967158,11.940298507462686,22.22222222222222,2.7470142016024166,17,67.57128865979382,3.0927835051546393,57.77319587628866,91.52577319587628,3,1,0.0,50,45.517500000000005,88,47.82608695652174,8,5,0.1048090516110491,0.31250712766909183,79.15309446254072,6.44122383252818,16.42699115044248,30.37037037037037,25.287356321839084,1.2782341017274867,35,36.36363636363637,19,1.0,1.2463785871668016,1.0,0.06559887300877904,30.133333333333333,1.2463785871668016,0.0,1.0,1.0
438,2026,23,1955858,2026-08-16,Corinthians 1 x 2 Cruzeiro,1237,Corinthians,55.15,44.85,Casa,9.612903225806452,112,0.8518518518518519,41.425650000000005,16.946160635481025,20.422535211267608,25.0,2.680720527263892,24,55.9335,1.4285714285714286,58.17391304347826,120.97101449275362,13,4,0.03854134520921042,43,40.02209302325582,70,43.47826086956522,5,4,0.018250950570342206,0.09155288402434669,59.09090909090909,8.11965811965812,16.10911701363963,26.400000000000002,30.434782608695656,1.022005521753218,22,57.14285714285714,20,1.0,1.173308211671403,1.0,0.05866541058357015,23.216666666666665,1.173308211671403,-1.0,2.0,1.0
439,2026,23,1955858,2026-08-16,Corinthians 1 x 2 Cruzeiro,1230,Cruzeiro,44.85,55.15,Fora,16.105263157894736,104,0.5555555555555556,34.56941860465116,16.10911701363963,26.400000000000002,30.434782608695656,2.546767550300142,40,51.205,2.1505376344086025,57.53763440860215,109.27173913043478,5,4,0.018250950570342206,45,34.79466666666667,64,37.42690058479532,13,4,0.03854134520921042,0.19351503311165574,40.909090909090914,13.691931540342297,16.946160635481025,20.422535211267608,25.0,0.6769663564231405,21,64.28571428571429,15,1.0,1.0178821724737066,2.0,0.0678588114982471,18.883333333333333,1.0178821724737066,1.0,1.0,2.0
440,2026,23,1955861,2026-08-16,Mirassol 1 x 5 Flamengo,1239,Flamengo,53.76,46.24,Fora,18.5,91,0.8125,30.688532608695656,16.22641509433962,32.05128205128205,14.666666666666666,2.588656439403519,33,48.195,0.0,74.3015873015873,135.28571428571428,7,0,0.060633739486455604,38,38.278026315789475,66,46.15384615384615,2,3,0.5374087591240875,0.34869102099698424,44.59016393442623,8.239700374531834,17.890466531440165,20.33898305084746,44.18604651162791,1.8115841506200465,33,57.89473684210527,15,6.0,3.2768707551746163,5.0,0.21845805034497442,24.65,3.2768707551746163,4.0,1.0,5.0
441,2026,23,1955861,2026-08-16,Mirassol 1 x 5 Flamengo,6332,Mirassol,46.24,53.76,Casa,17.818181818181817,78,0.7058823529411765,43.65253846153846,17.890466531440165,20.33898305084746,44.18604651162791,4.038219865557936,16,65.1015,4.285714285714286,63.7536231884058,128.53225806451613,2,3,0.5374087591240875,32,45.32390625,58,44.96124031007752,7,0,0.060633739486455604,0.0050943403344914095,55.40983606557377,6.730769230769231,16.22641509433962,32.05128205128205,14.666666666666666,0.8893280057643556,14,72.72727272727273,16,2.0,1.4014387416706957,1.0,0.08758992135441848,21.2,1.4014387416706957,-4.0,5.0,1.0
442,2026,23,1955864,2026-08-16,Atletico MG 3 x 0 Gremio,1244,Gremio,49.4,50.6,Fora,21.142857142857142,77,0.9166666666666666,34.141363636363636,18.15959741193386,30.18867924528302,32.20338983050847,2.4474642148569856,20,56.098333333333336,4.761904761904762,81.59677419354838,182.90322580645162,7,2,0.0,32,38.2790625,51,41.46341463414634,4,0,0.0,-0.0022922873649782183,33.60995850622407,7.725321888412018,17.673048600883654,19.35483870967742,8.88888888888889,0.176250408321724,7,100.0,9,0.0,0.39013921311580246,0.0,0.04334880145731138,22.633333333333333,0.39013921311580246,-3.0,3.0,0.0
443,2026,23,1955864,2026-08-16,Atletico MG 3 x 0 Gremio,1235,Atletico MG,50.6,49.4,Casa,19.210526315789473,87,0.8235294117647058,36.51576923076923,17.673048600883654,19.35483870967742,8.88888888888889,2.032837291270778,18,63.16522058823529,1.4705882352941175,65.0,114.2741935483871,4,0,0.0,35,38.781,59,43.06569343065693,7,2,0.0,0.08081500858016799,66.39004149377593,10.204081632653061,18.15959741193386,30.18867924528302,32.20338983050847,0.9521102907550532,30,63.1578947368421,15,5.0,2.4346758637885233,3.0,0.1623117242525682,23.183333333333334,2.4346758637885233,3.0,0.0,3.0
444,2026,23,1955873,2026-08-16,Vitoria 1 x 0 Botafogo RJ,1227,Botafogo RJ,54.05,45.95,Fora,6.757575757575758,138,0.5666666666666667,37.006475409836064,15.150300601202405,19.736842105263158,31.428571428571427,3.007663735110737,29,56.603076923076934,3.296703296703297,41.91011235955056,112.45454545454545,14,5,0.41067767502899666,57,39.452368421052626,77,41.84782608695652,14,3,0.0,0.18352581684449643,50.171821305841924,11.278195488721805,15.281090289608178,29.447852760736197,21.73913043478261,1.2436155584826745,15,46.666666666666664,17,2.0,1.1164798875169397,0.0,0.06567528750099645,19.566666666666666,1.1164798875169397,-1.0,1.0,0.0
445,2026,23,1955873,2026-08-16,Vitoria 1 x 0 Botafogo RJ,1238,Vitoria,45.95,54.05,Casa,10.391304347826088,143,0.6774193548387096,38.5595,15.281090289608178,29.447852760736197,21.73913043478261,2.5551273396041094,38,56.4923076923077,3.296703296703297,38.98876404494382,72.47674418604652,14,3,0.0,66,41.112272727272725,63,31.65829145728643,14,5,0.41067767502899666,0.29982181215794546,49.828178694158076,12.46376811594203,15.150300601202405,19.736842105263158,31.428571428571427,0.8680062676277147,33,54.54545454545454,21,3.0,1.8499173863585225,0.0,0.0880913041123106,16.633333333333333,2.6438160171536222,1.0,0.0,1.0
446,2026,23,1955876,2026-08-16,Chapecoense AF 3 x 3 Bahia,8865,Chapecoense AF,28.52,71.48,Casa,14.208333333333334,106,0.5714285714285714,31.788433734939762,13.966745843230402,39.81481481481482,26.47058823529412,2.589445502114697,20,58.98703125,0.0,50.203125,114.41935483870968,11,2,0.0,35,33.264,56,43.07692307692308,5,3,0.3031242262128764,0.1458469848054964,34.146341463414636,19.661016949152543,14.928571428571429,24.074074074074073,40.909090909090914,0.9132023818024217,26,38.88888888888889,12,2.0,1.6302161546592886,3.0,0.13585134622160738,14.0,1.6302161546592886,0.0,3.0,3.0
447,2026,23,1955876,2026-08-16,Chapecoense AF 3 x 3 Bahia,1221,Bahia,71.48,28.52,Fora,11.11111111111111,84,0.75,39.69709459459459,14.928571428571429,24.074074074074073,40.909090909090914,3.458454839198815,14,65.52161538461539,1.5384615384615385,76.3125,125.90163934426229,5,3,0.3031242262128764,36,44.817499999999995,76,55.88235294117647,11,2,0.0,0.1785749729649293,65.85365853658537,7.678883071553229,13.966745843230402,39.81481481481482,26.47058823529412,1.0900039942527884,23,55.55555555555556,18,0.0,1.063206544987775,1.0,0.059067030277098614,35.083333333333336,1.8571051757828745,0.0,3.0,3.0
448,2026,23,1955867,2026-08-18,Internacional 1 x 1 Remo,1219,Internacional,43.77,56.23,Casa,16.08695652173913,115,0.6333333333333333,36.85285714285714,17.291666666666668,25.547445255474454,14.516129032258066,1.8934150924897757,41,50.538510638297865,2.127659574468085,53.946236559139784,96.61627906976744,5,0,0.0,47,43.168404255319146,60,35.08771929824561,14,4,0.3513583709937146,0.5355020070038075,54.92424242424242,17.75147928994083,12.363960749330955,21.014492753623188,25.423728813559322,0.8116713572809342,24,46.666666666666664,11,2.0,1.5592479321507042,1.0,0.14174981201370038,18.683333333333334,1.5592479321507042,0.0,1.0,1.0
449,2026,23,1955867,2026-08-18,Internacional 1 x 1 Remo,4617,Remo,56.23,43.77,Fora,8.818181818181818,109,0.7368421052631579,35.15859375,12.363960749330955,21.014492753623188,25.423728813559322,2.3319455515724874,26,57.830499999999994,4.444444444444445,60.51136363636363,115.10843373493977,14,4,0.3513583709937146,43,38.735232558139536,73,43.712574850299404,5,0,0.0,-0.007928922867213917,45.07575757575758,9.16030534351145,17.291666666666668,25.547445255474454,14.516129032258066,0.4409938079443938,10,55.55555555555556,12,1.0,1.1447539873992179,1.0,0.09539616561660148,24.0,1.1447539873992179,0.0,1.0,1.0
450,2026,24,1955879,2026-08-22,Fluminense 2 x 1 Remo,1232,Fluminense,75.01,24.99,Casa,7.68,109,0.7777777777777778,43.41988636363636,14.880636604774535,16.666666666666664,22.22222222222222,3.8267052611840215,13,72.63554794520549,4.10958904109589,42.09722222222222,72.65714285714286,6,0,0.0,47,46.05925531914894,76,47.20496894409938,10,1,0.03431704345471774,0.11580299407159611,79.15309446254072,2.9005524861878453,16.995139195757844,38.793103448275865,15.476190476190476,1.3694379260655527,27,61.53846153846154,19,2.0,1.7785394322402621,2.0,0.09360733853896117,37.71666666666667,1.7785394322402621,1.0,1.0,2.0
451,2026,24,1955879,2026-08-22,Fluminense 2 x 1 Remo,4617,Remo,24.99,75.01,Fora,51.333333333333336,107,0.6086956521739131,29.859827586206897,16.995139195757844,38.793103448275865,15.476190476190476,2.3987181135568396,31,49.9226,2.666666666666667,67.18666666666667,127.73239436619718,10,1,0.03431704345471774,39,34.073846153846155,49,36.029411764705884,6,0,0.0,0.05484436141169757,20.846905537459286,10.526315789473683,14.880636604774535,16.666666666666664,22.22222222222222,0.790094959110486,9,50.0,7,1.0,0.5884334602095709,1.0,0.08406192288708156,12.566666666666666,0.5884334602095709,-1.0,2.0,1.0
452,2026,24,1955897,2026-08-22,Internacional 0 x 0 Atletico MG,1235,Atletico MG,49.19,50.81,Fora,19.428571428571427,105,0.7647058823529411,29.144126213592234,16.625916870415647,26.01626016260163,20.77922077922078,2.4959770162704036,46,45.69409090909091,1.1363636363636365,50.95402298850575,140.5977011494253,7,1,0.02350275169957915,36,36.57208333333333,55,33.53658536585366,5,3,0.6671176099253789,0.31098010211888694,35.833333333333336,13.82716049382716,15.0,10.714285714285714,24.324324324324326,0.48286484246396366,14,88.88888888888889,11,1.0,0.8894304578902287,0.0,0.08085731435365716,19.8,0.8894304578902287,0.0,0.0,0.0
453,2026,24,1955897,2026-08-22,Internacional 0 x 0 Atletico MG,1219,Internacional,50.81,49.19,Casa,9.84375,129,0.7037037037037037,45.222058823529416,15.0,10.714285714285714,24.324324324324326,2.221385635211139,22,62.356875,0.0,50.11904761904762,109.9746835443038,5,3,0.6671176099253789,45,46.298,66,37.28813559322034,7,1,0.02350275169957915,0.006787887412881943,64.16666666666667,9.333333333333334,16.625916870415647,26.01626016260163,20.77922077922078,0.401378688548659,29,56.25,23,0.0,1.0460132527448236,0.0,0.045478837075861894,20.45,1.0460132527448236,0.0,0.0,0.0
454,2026,24,1955885,2026-08-23,Santos FC 1 x 1 Mirassol,1241,Santos FC,63.95,36.05,Casa,6.046511627906977,150,0.5869565217391305,46.83674311926606,14.399999999999999,13.636363636363635,17.647058823529413,1.9060062864816048,15,68.18297872340426,14.893617021276595,30.15730337078652,63.90909090909091,5,1,0.03431704345471774,66,46.19204545454546,84,47.72727272727273,16,4,0.12828395751816657,0.17889505652123905,77.24358974358975,6.271186440677965,17.163204747774483,35.87786259541985,23.076923076923077,1.027927600882181,28,47.61904761904761,21,1.0,2.3466928575361417,1.0,0.11174727893029246,28.083333333333332,2.3466928575361417,0.0,1.0,1.0
455,2026,24,1955885,2026-08-23,Santos FC 1 x 1 Mirassol,6332,Mirassol,36.05,63.95,Fora,18.61111111111111,119,0.6538461538461539,31.204008620689656,17.163204747774483,35.87786259541985,23.076923076923077,2.333208589173225,50,45.68009708737864,4.854368932038835,43.76470588235294,140.7128712871287,16,4,0.12828395751816657,51,33.92323529411765,61,36.52694610778443,5,1,0.03431704345471774,-0.005251283478764135,22.756410256410255,17.46987951807229,14.399999999999999,13.636363636363635,17.647058823529413,0.29758040426261423,8,50.0,5,0.0,0.219418268521344,1.0,0.0438836537042688,15.833333333333334,0.219418268521344,0.0,1.0,1.0
456,2026,24,1955888,2026-08-23,Palmeiras 4 x 1 Vasco da Gama,1234,Palmeiras,57.76,42.24,Casa,11.24,109,0.6923076923076923,39.10481707317073,16.69172932330827,24.793388429752067,17.857142857142858,2.2478399877039648,35,55.05698863636364,3.4090909090909087,61.48780487804878,118.9125,12,4,0.04367866841678882,45,39.557,81,47.647058823529406,8,2,0.442851964306156,0.12607558613671843,52.610441767068274,8.655616942909761,16.273671350030543,22.55639097744361,19.047619047619047,0.7378605241692164,16,41.66666666666667,12,2.0,1.183698436656552,3.0,0.098641536388046,27.283333333333335,1.9775970674516516,3.0,1.0,4.0
457,2026,24,1955888,2026-08-23,Palmeiras 4 x 1 Vasco da Gama,1226,Vasco da Gama,42.24,57.76,Fora,14.0,129,0.7419354838709677,37.227838983050844,16.273671350030543,22.55639097744361,19.047619047619047,2.502468165882555,26,56.971849315068496,4.10958904109589,50.082191780821915,107.06849315068493,8,2,0.442851964306156,48,41.01125,57,38.513513513513516,12,4,0.04367866841678882,0.06610981015910689,47.389558232931726,8.495145631067961,16.69172932330827,24.793388429752067,17.857142857142858,0.7144655752944016,14,70.0,12,3.0,2.265329421129489,1.0,0.18877745176079075,19.95,2.265329421129489,-3.0,4.0,1.0
458,2026,24,1955891,2026-08-23,Red Bull Bragantino 1 x 0 Gremio,1244,Gremio,39.96,60.04,Fora,16.53846153846154,110,0.5161290322580645,29.47392857142857,13.491969066032125,39.49579831932773,26.744186046511626,2.9518157791777457,39,43.542464788732396,1.4084507042253522,57.42253521126761,125.27272727272727,10,2,0.028106508875739646,36,32.94083333333334,46,32.857142857142854,3,0,0.0,0.006706984645616032,28.49162011173184,14.527845036319611,16.943699731903486,16.379310344827587,27.500000000000004,0.25020633571488227,20,72.72727272727273,14,0.0,0.5648255996627957,0.0,0.04034468569019969,18.65,0.5648255996627957,-1.0,1.0,0.0
459,2026,24,1955891,2026-08-23,Red Bull Bragantino 1 x 0 Gremio,5438,Red Bull Bragantino,60.04,39.96,Casa,17.0,93,0.9230769230769231,40.142117647058825,16.943699731903486,16.379310344827587,27.500000000000004,2.4538574829651503,11,71.0808,2.666666666666667,61.082191780821915,111.88888888888889,3,0,0.0,39,46.10846153846154,77,46.3855421686747,10,2,0.028106508875739646,0.06573076396249089,71.50837988826815,10.782241014799155,13.491969066032125,39.49579831932773,26.744186046511626,1.8350854163590609,37,56.52173913043478,27,4.0,2.503810117703819,1.0,0.0927337080631044,28.016666666666666,2.503810117703819,1.0,0.0,1.0
460,2026,24,1955894,2026-08-23,Cruzeiro 2 x 1 Flamengo,1230,Cruzeiro,48.19,51.81,Casa,13.689655172413794,111,0.6521739130434783,40.97234042553191,17.655768044417027,26.356589147286826,30.76923076923077,2.7047334551657722,20,63.35269230769231,5.128205128205128,54.333333333333336,94.37179487179488,5,2,0.5061360333648592,50,41.569500000000005,75,49.34210526315789,14,4,0.5847712232306054,0.3080058394818823,55.145118733509236,4.835589941972921,16.750663129973475,37.903225806451616,30.555555555555557,1.5188072763841898,31,59.09090909090909,24,2.0,1.6566288355289371,2.0,0.06902620148037238,25.133333333333333,1.6566288355289371,1.0,1.0,2.0
461,2026,24,1955894,2026-08-23,Cruzeiro 2 x 1 Flamengo,1239,Flamengo,51.81,48.19,Fora,19.4,98,0.52,31.713315789473686,16.750663129973475,37.903225806451616,30.555555555555557,2.5069796189642117,24,56.70295774647887,1.4084507042253522,50.43478260869565,79.14925373134328,14,4,0.5847712232306054,44,37.179545454545455,67,45.57823129251701,5,2,0.5061360333648592,0.07608811657078896,44.854881266490764,9.107142857142856,17.655768044417027,26.356589147286826,30.76923076923077,1.2239738772767126,27,62.5,14,4.0,1.779446632699531,1.0,0.12710333090710937,27.016666666666666,1.779446632699531,-1.0,2.0,1.0
462,2026,24,1955900,2026-08-23,Coritiba 2 x 1 Corinthians,1236,Coritiba,34.59,65.41,Casa,16.761904761904763,110,0.625,33.65113043478261,15.951972555746142,35.45454545454545,19.54022988505747,2.080741382041065,34,49.23648648648649,1.3513513513513513,53.26027397260274,87.15714285714286,4,0,0.025365853658536587,50,43.52250000000001,52,33.12101910828025,10,1,0.06594877738421803,0.06998283977661535,33.33333333333333,16.825396825396826,15.308108108108108,19.53125,23.076923076923077,0.2880502757434571,16,50.0,12,0.0,0.32195663925995194,2.0,0.02682971993832933,15.416666666666666,0.32195663925995194,1.0,1.0,2.0
463,2026,24,1955900,2026-08-23,Coritiba 2 x 1 Corinthians,1237,Corinthians,65.41,34.59,Fora,9.434782608695652,93,0.5454545454545454,41.26977272727273,15.308108108108108,19.53125,23.076923076923077,1.9602616679434717,19,68.58378947368422,5.263157894736842,64.01123595505618,118.20454545454545,10,1,0.06594877738421803,37,40.04189189189189,86,53.75,4,0,0.025365853658536587,-0.0067583070755143915,66.66666666666666,8.900523560209423,15.951972555746142,35.45454545454545,19.54022988505747,0.6837724891093819,31,41.17647058823529,16,0.0,0.6509316081973177,1.0,0.040683225512332354,29.15,0.6509316081973177,-1.0,2.0,1.0
464,2026,24,1955903,2026-08-23,Vitoria 0 x 2 Bahia,1238,Vitoria,43.48,56.52,Casa,9.55,112,0.625,35.20213483146067,13.435897435897436,29.166666666666668,30.136986301369863,3.6154104187961833,28,59.21375000000001,2.380952380952381,58.226190476190474,122.8048780487805,9,1,0.0,44,40.794886363636365,61,40.939597315436245,10,3,0.15595757269801971,0.3036230734961718,46.735395189003434,18.446601941747574,12.666666666666666,25.40983606557377,29.82456140350877,0.8048178903387386,25,47.05882352941176,14,0.0,0.4843292019548686,0.0,0.03459494299677633,15.0,0.4843292019548686,-2.0,2.0,0.0
465,2026,24,1955903,2026-08-23,Vitoria 0 x 2 Bahia,1221,Bahia,56.52,43.48,Fora,10.0,106,0.8695652173913043,34.49638888888889,12.666666666666666,25.40983606557377,29.82456140350877,2.4761890538225275,22,56.1165,1.4285714285714286,46.0735294117647,168.0735294117647,10,3,0.15595757269801971,43,37.848837209302324,75,41.43646408839779,9,1,0.0,0.14144546746777564,53.264604810996566,14.857142857142858,13.435897435897436,29.166666666666668,30.136986301369863,1.686679039214384,30,63.63636363636363,28,7.0,3.6851968278589617,2.0,0.13161417242353435,19.5,3.6851968278589617,2.0,0.0,2.0
466,2026,24,1955906,2026-08-23,Chapecoense AF 1 x 0 Sao Paulo,8865,Chapecoense AF,23.62,76.38,Casa,19.857142857142858,120,0.6086956521739131,32.18986842105263,17.50425894378194,37.404580152671755,25.555555555555554,2.1203373390693905,29,48.61227272727273,3.896103896103896,66.68,170.25333333333333,10,3,0.10262419392508243,38,35.40157894736842,47,28.834355828220858,2,0,0.0784570596797671,-0.010671585450104715,16.666666666666664,25.847457627118644,12.148760330578513,11.510791366906476,27.77777777777778,0.3253041784944499,17,60.0,13,1.0,0.9147338198918433,1.0,0.07036413999168026,12.1,0.9147338198918433,1.0,0.0,1.0
467,2026,24,1955906,2026-08-23,Chapecoense AF 1 x 0 Sao Paulo,1224,Sao Paulo,76.38,23.62,Fora,12.538461538461538,96,0.6153846153846154,37.13168918918919,12.148760330578513,11.510791366906476,27.77777777777778,3.5967996005138607,19,66.53951612903225,2.1505376344086025,71.94505494505495,128.15384615384616,2,0,0.0784570596797671,43,43.1403488372093,97,54.18994413407822,10,3,0.10262419392508243,0.06687468306073896,83.33333333333334,6.511056511056511,17.50425894378194,37.404580152671755,25.555555555555554,1.0640715412426514,45,52.17391304347826,22,3.0,3.2740664096693637,0.0,0.14882120043951652,39.13333333333333,3.2740664096693637,-1.0,1.0,0.0
468,2026,24,1955882,2026-08-25,Botafogo RJ 2 x 3 Athletico Paranaense,1227,Botafogo RJ,60.1,39.9,Casa,14.85,108,0.7,41.78620481927711,17.961432506887054,17.037037037037038,7.894736842105263,1.347008354403548,19,67.14307228915662,2.4096385542168677,60.926829268292686,101.55555555555556,3,0,0.3901539796139666,52,45.11163461538462,78,45.348837209302324,15,1,0.07714470305740945,0.08176041803411405,66.41221374045801,9.411764705882353,15.25609756097561,35.53719008264463,26.96629213483146,1.6683012529403038,33,54.166666666666664,33,3.0,2.755271731297482,2.0,0.08349308276659037,27.333333333333332,2.755271731297482,-1.0,3.0,2.0
469,2026,24,1955882,2026-08-25,Botafogo RJ 2 x 3 Athletico Paranaense,1243,Athletico Paranaense,39.9,60.1,Fora,19.5,95,0.7916666666666666,29.521839622641508,15.25609756097561,35.53719008264463,26.96629213483146,2.9546014204975144,32,49.55045454545454,2.5974025974025974,62.891891891891895,136.63013698630138,15,1,0.07714470305740945,32,37.09453125,59,38.56209150326798,3,0,0.3901539796139666,-0.008857741106885086,33.587786259541986,15.776699029126215,17.961432506887054,17.037037037037038,7.894736842105263,0.17800904338048218,8,66.66666666666666,7,3.0,1.0243462043187372,3.0,0.1463351720455339,18.15,1.0243462043187372,1.0,2.0,3.0
470,2026,25,1955918,2026-08-29,Atletico MG 2 x 1 Vitoria,1238,Vitoria,41.01,58.99,Fora,15.26923076923077,118,0.6571428571428571,36.76768421052632,18.246575342465754,29.268292682926827,26.785714285714285,2.2041318016621996,27,57.46588235294118,2.3529411764705883,53.963855421686745,99.96341463414635,7,1,0.09783455366879576,47,34.46010638297873,73,44.785276073619634,5,0,0.0,0.0228376583958263,41.904761904761905,14.285714285714285,14.751773049645392,20.76923076923077,16.363636363636363,0.4150572694340564,21,44.44444444444444,14,0.0,0.5906976596957237,1.0,0.04219268997826598,21.15,0.5906976596957237,-1.0,2.0,1.0
471,2026,25,1955918,2026-08-29,Atletico MG 2 x 1 Vitoria,1235,Atletico MG,58.99,41.01,Casa,10.692307692307692,108,0.8,35.53383495145631,14.751773049645392,20.76923076923077,16.363636363636363,2.3227625983763085,22,60.433175675675685,4.054054054054054,60.0,102.43243243243244,5,0,0.0,49,37.84071428571429,77,51.67785234899329,7,1,0.09783455366879576,0.05627471433072495,58.0952380952381,8.137715179968701,18.246575342465754,29.268292682926827,26.785714285714285,0.9362858603811177,32,46.666666666666664,18,2.0,1.7708614978253132,2.0,0.09838119432362852,30.416666666666668,1.7708614978253132,1.0,1.0,2.0
472,2026,25,1955909,2026-08-30,Flamengo 3 x 0 Botafogo RJ,1239,Flamengo,62.05,37.95,Casa,8.464285714285714,103,0.6052631578947368,40.545,16.289592760180994,26.08695652173913,29.310344827586203,2.8262107523518285,21,64.7021052631579,3.9473684210526314,42.52,79.69333333333333,10,6,0.18527835736463122,49,45.85071428571429,75,44.11764705882353,9,3,0.8002917532253151,0.1743331425448824,58.95953757225434,5.9880239520958085,18.627559490868844,32.57575757575758,22.36842105263158,1.0712402745841865,35,47.05882352941176,18,3.0,1.8485740875411374,3.0,0.10269856041895208,30.116666666666667,1.8485740875411374,3.0,0.0,3.0
473,2026,25,1955909,2026-08-30,Flamengo 3 x 0 Botafogo RJ,1227,Botafogo RJ,37.95,62.05,Fora,39.0,94,0.8260869565217391,33.83739130434783,18.627559490868844,32.57575757575758,22.36842105263158,2.5350373968638276,25,54.61673913043479,2.898550724637681,76.54411764705883,137.33823529411765,9,3,0.8002917532253151,47,40.03627659574468,58,40.27777777777778,10,6,0.18527835736463122,0.14573461376758212,41.040462427745666,13.089005235602095,16.289592760180994,26.08695652173913,29.310344827586203,1.0648859209963693,27,52.94117647058824,14,2.0,0.8525778418937286,0.0,0.06089841727812347,18.416666666666668,0.8525778418937286,-3.0,3.0,0.0
474,2026,25,1955912,2026-08-30,Vasco da Gama 3 x 1 Cruzeiro,1230,Cruzeiro,58.28,41.72,Fora,11.65,118,0.84375,31.533715596330275,16.50557620817844,29.655172413793103,35.294117647058826,4.154669915058314,36,53.88645161290323,3.225806451612903,55.65217391304348,116.25,13,4,0.0,45,33.964,72,43.11377245508982,4,1,0.06830715047036469,0.04048462229949035,38.9937106918239,10.16260162601626,15.489021956087823,22.535211267605636,21.428571428571427,0.806266078693072,16,33.33333333333333,11,1.0,0.7220533675095678,1.0,0.06564121522814254,25.05,0.7220533675095678,-2.0,3.0,1.0
475,2026,25,1955912,2026-08-30,Vasco da Gama 3 x 1 Cruzeiro,1226,Vasco da Gama,41.72,58.28,Casa,12.517241379310345,120,0.6666666666666666,41.86875,15.489021956087823,22.535211267605636,21.428571428571427,2.8203819531560113,25,65.14761627906977,2.3255813953488373,64.20930232558139,102.74418604651163,4,1,0.06830715047036469,52,44.62903846153846,72,37.30569948186528,13,4,0.0,0.3802762923112981,61.0062893081761,11.779448621553884,16.50557620817844,29.655172413793103,35.294117647058826,2.7498638890050655,45,43.333333333333336,22,5.0,4.090143258591929,3.0,0.18591560266326948,17.933333333333334,4.090143258591929,2.0,1.0,3.0
476,2026,25,1955914,2026-08-30,Sao Paulo 2 x 1 Red Bull Bragantino,1224,Sao Paulo,32.71,67.29,Casa,13.28,122,0.6428571428571429,37.03378378378379,13.812664907651715,22.972972972972975,14.925373134328357,2.726002974844474,40,55.279218750000005,3.125,48.3936170212766,104.55555555555556,7,1,0.011486738886813598,50,43.820699999999995,51,27.86885245901639,9,4,0.24954758597629273,0.13019536846414237,47.286821705426355,21.50537634408602,14.57259158751696,20.863309352517987,12.857142857142856,0.48844009806088895,15,77.77777777777779,16,0.0,1.5651968929474922,1.0,0.09782480580921826,12.283333333333333,2.359095523742592,1.0,1.0,2.0
477,2026,25,1955914,2026-08-30,Sao Paulo 2 x 1 Red Bull Bragantino,5438,Red Bull Bragantino,67.29,32.71,Fora,7.217391304347826,114,0.7931034482758621,35.050714285714285,14.57259158751696,20.863309352517987,12.857142857142856,2.3242956724261767,35,57.563437500000006,3.571428571428571,46.911764705882355,100.55319148936171,9,4,0.24954758597629273,45,39.346999999999994,85,46.96132596685083,7,1,0.011486738886813598,0.08133833096141174,52.71317829457365,14.61864406779661,13.812664907651715,22.972972972972975,14.925373134328357,0.8237747286881336,14,20.0,8,1.0,0.8166574142257046,1.0,0.10208217677821307,25.266666666666666,0.8166574142257046,-1.0,2.0,1.0
478,2026,25,1955916,2026-08-30,Corinthians 0 x 1 Santos FC,1241,Santos FC,35.28,64.72,Fora,13.434782608695652,109,0.6086956521739131,31.383113207547172,16.266666666666666,34.12698412698413,30.851063829787233,2.2070924809475496,46,39.261250000000004,1.3888888888888888,44.333333333333336,150.3943661971831,6,4,0.029446876243533624,41,33.87402439024391,54,38.297872340425535,4,1,0.043236032642812304,0.05026546310833835,20.245398773006134,12.064343163538874,16.75840978593272,12.121212121212121,16.666666666666664,0.3274688937321666,12,50.0,8,2.0,1.0921145623151371,1.0,0.13651432028939214,16.35,1.0921145623151371,1.0,0.0,1.0
479,2026,25,1955916,2026-08-30,Corinthians 0 x 1 Santos FC,1237,Corinthians,64.72,35.28,Casa,15.88888888888889,95,0.6,44.454375000000006,16.75840978593272,12.121212121212121,16.666666666666664,2.1418276650355796,9,71.69029411764707,4.705882352941177,56.67058823529412,85.82191780821918,4,1,0.043236032642812304,42,44.0225,90,50.56179775280899,6,4,0.029446876243533624,0.11709966729536836,79.75460122699386,9.735973597359736,16.266666666666666,34.12698412698413,30.851063829787233,1.0411060167470505,36,37.93103448275862,18,2.0,1.224090761673574,0.0,0.06800504231519855,30.0,1.224090761673574,-1.0,1.0,0.0
480,2026,25,1955917,2026-08-30,Mirassol 1 x 1 Palmeiras,6332,Mirassol,50.49,49.51,Casa,13.458333333333334,113,0.6190476190476191,38.25397058823529,14.90552834149755,28.030303030303028,29.310344827586203,2.331541780215501,21,63.15037037037038,2.4691358024691357,59.3125,117.46153846153847,8,1,0.011486738886813598,46,42.76695652173913,72,43.90243902439025,11,2,0.0547227715296259,0.08181878567266487,53.63321799307958,10.70615034168565,14.783802333562113,26.277372262773724,28.333333333333332,1.0164277717412724,22,41.17647058823529,11,3.0,1.3529449952326111,1.0,0.12299499956660101,24.283333333333335,1.3529449952326111,0.0,1.0,1.0
481,2026,25,1955917,2026-08-30,Mirassol 1 x 1 Palmeiras,1234,Palmeiras,49.51,50.49,Fora,18.266666666666666,95,0.6190476190476191,33.4936,14.783802333562113,26.277372262773724,28.333333333333332,2.5387654834176177,32,56.389719101123596,1.1235955056179776,77.91954022988506,168.53571428571428,11,2,0.0547227715296259,34,33.26647058823529,62,38.75,8,1,0.011486738886813598,0.08364950346145283,46.36678200692042,13.052631578947368,14.90552834149755,28.030303030303028,29.310344827586203,0.6481267988788924,25,29.411764705882355,14,3.0,1.7674759797439352,1.0,0.12624828426742393,23.816666666666666,1.7674759797439352,0.0,1.0,1.0
482,2026,25,1955919,2026-08-30,Gremio 3 x 1 Chapecoense AF,8865,Chapecoense AF,46.24,53.76,Fora,15.72,114,0.6538461538461539,42.40366666666666,16.114686951433587,23.25581395348837,18.367346938775512,2.1080299622299448,13,68.39261194029852,7.462686567164178,43.13636363636363,85.56923076923077,6,0,0.15660952540834072,47,46.07265957446809,69,43.125,11,1,0.08442169718890319,0.00749943241374762,60.997067448680355,8.488612836438923,16.571428571428573,36.206896551724135,24.675324675324674,1.2094694904351053,35,68.42105263157895,32,5.0,3.2015610392987286,1.0,0.10004878247808527,24.5,3.2015610392987286,-2.0,3.0,1.0
483,2026,25,1955919,2026-08-30,Gremio 3 x 1 Chapecoense AF,1244,Gremio,53.76,46.24,Casa,15.88888888888889,104,0.5238095238095238,31.450517241379313,16.571428571428573,36.206896551724135,24.675324675324674,2.640722624298455,37,53.393720930232554,4.651162790697675,56.406976744186046,103.63953488372093,11,1,0.08442169718890319,45,31.514,69,45.39473684210527,6,0,0.15660952540834072,-0.0015971872113520469,39.002932551319645,10.92896174863388,16.114686951433587,23.25581395348837,18.367346938775512,0.4243508887606242,16,33.33333333333333,12,0.0,0.5239355559448253,3.0,0.043661296328735444,28.483333333333334,0.5239355559448253,2.0,1.0,3.0
484,2026,25,1955920,2026-08-30,Athletico Paranaense 3 x 3 Fluminense,1243,Athletico Paranaense,49.32,50.68,Casa,11.8125,97,0.7333333333333333,48.5153164556962,18.402826855123674,20.28985507246377,34.21052631578947,2.045629102240909,15,68.01098684210527,3.9473684210526314,54.027027027027025,112.66666666666667,4,0,0.0,42,47.03,64,44.13793103448276,12,3,0.09367300412890128,0.07165537609380523,63.77358490566037,9.691629955947137,16.383442265795207,40.0,29.87012987012987,1.0198951980359312,30,43.47826086956522,16,3.0,1.7551503747725914,2.0,0.10969689842328696,22.95,2.549049005567691,0.0,3.0,3.0
485,2026,25,1955920,2026-08-30,Athletico Paranaense 3 x 3 Fluminense,1232,Fluminense,50.68,49.32,Fora,15.0,102,0.6956521739130435,30.866460674157306,16.383442265795207,40.0,29.87012987012987,2.7286147389554443,36,46.54539473684211,6.578947368421052,59.986301369863014,148.328125,12,3,0.09367300412890128,42,30.490000000000006,61,40.666666666666664,4,0,0.0,0.027582541424630236,36.22641509433962,6.601941747572816,18.402826855123674,20.28985507246377,34.21052631578947,0.7927169754141348,14,38.46153846153847,12,1.0,0.661573180174587,3.0,0.05513109834788225,23.583333333333332,0.661573180174587,0.0,3.0,3.0
486,2026,25,1955921,2026-08-30,Bahia 3 x 2 Internacional,1219,Internacional,41.07,58.93,Fora,12.833333333333334,121,0.6071428571428571,36.33859090909091,15.757931844888367,25.0,29.82456140350877,2.8992470583382106,23,61.11128048780488,2.4390243902439024,40.0125,89.16883116883118,8,5,0.1866335133087051,47,40.72212765957447,67,42.675159235668794,9,4,0.5336251226259343,0.1646036901181347,46.95340501792115,13.942307692307693,16.087689713322092,26.356589147286826,24.59016393442623,1.0765302968077854,20,53.333333333333336,12,2.0,1.5446338264175172,2.0,0.1287194855347931,19.766666666666666,1.5446338264175172,-1.0,3.0,2.0
487,2026,25,1955921,2026-08-30,Bahia 3 x 2 Internacional,1221,Bahia,58.93,41.07,Casa,14.421052631578947,107,0.6086956521739131,31.33014705882353,16.087689713322092,26.356589147286826,24.59016393442623,3.0118732570131694,28,58.47859756097561,2.4390243902439024,52.85897435897436,87.38666666666667,9,4,0.5336251226259343,46,32.21445652173913,82,48.80952380952381,8,5,0.1866335133087051,0.30605033402086645,53.04659498207885,11.460258780036968,15.757931844888367,25.0,29.82456140350877,1.476908552989106,25,47.05882352941176,13,4.0,2.337653736480927,3.0,0.17981951819084052,28.366666666666667,2.337653736480927,1.0,2.0,3.0
488,2026,25,1955922,2026-09-01,Remo 2 x 3 Coritiba,1236,Coritiba,44.07,55.93,Fora,14.9375,77,0.5,27.809819277108428,15.646551724137932,40.0,26.506024096385545,2.130918338027051,31,42.759375,0.0,69.10909090909091,153.65454545454546,12,1,0.22041194890764562,32,37.38328125,59,45.38461538461539,5,1,0.029446876243533624,0.05880789359946981,25.91240875912409,19.217081850533805,11.431175934366452,15.65217391304348,27.27272727272727,1.001904229685978,15,77.77777777777779,11,3.0,1.7168815062417777,2.0,0.1560801369310707,18.283333333333335,1.7168815062417777,1.0,2.0,3.0
489,2026,25,1955922,2026-09-01,Remo 2 x 3 Coritiba,4617,Remo,55.93,44.07,Casa,10.2,80,0.631578947368421,42.687985074626866,11.431175934366452,15.65217391304348,27.27272727272727,3.987029462944797,12,68.48434782608696,4.3478260869565215,60.33846153846154,141.4923076923077,5,1,0.029446876243533624,38,44.42881578947369,64,44.44444444444444,12,1,0.22041194890764562,0.09036423810203487,74.08759124087592,12.610619469026549,15.646551724137932,40.0,26.506024096385545,1.1092768475535124,34,63.63636363636363,31,2.0,2.042583506568342,2.0,0.06588979053446264,23.2,2.8364821373634417,-1.0,3.0,2.0
490,2026,4,1955957,2026-09-02,Flamengo 2 x 0 Mirassol,6332,Mirassol,43.83,56.17,Fora,20.304347826086957,100,0.8888888888888888,39.11073033707865,16.964190272581508,23.357664233576642,30.18867924528302,3.2778167405011307,21,62.8309756097561,3.6585365853658534,65.21951219512195,135.7037037037037,10,2,0.6265084803550994,43,41.8046511627907,67,46.85314685314685,8,0,0.019522776572668113,0.012095976358549532,50.35971223021583,9.31174089068826,16.972602739726028,31.03448275862069,25.806451612903224,0.5526104448097033,18,31.25,8,2.0,0.7966884454467167,0.0,0.09958605568083959,24.333333333333332,0.7966884454467167,-2.0,2.0,0.0
491,2026,4,1955957,2026-09-02,Flamengo 2 x 0 Mirassol,1239,Flamengo,56.17,43.83,Casa,12.37037037037037,112,0.5405405405405406,32.70262886597938,16.972602739726028,31.03448275862069,25.806451612903224,2.1278993911692656,29,56.184767441860465,2.3255813953488373,48.773809523809526,92.02380952380952,8,0,0.019522776572668113,48,35.13125,80,49.68944099378882,10,2,0.6265084803550994,0.1836807119679995,49.64028776978417,7.974481658692185,16.964190272581508,23.357664233576642,30.18867924528302,1.4453853117873257,23,56.25,14,5.0,2.299192906672896,2.0,0.16422806476234972,31.183333333333334,2.299192906672896,2.0,0.0,2.0
492,2026,26,1955932,2026-09-05,Sao Paulo 2 x 0 Atletico MG,1224,Sao Paulo,55.97,44.03,Casa,9.853658536585366,131,0.68,50.720412371134024,19.29101401483924,8.053691275167784,20.833333333333336,1.6198970358152236,18,66.38192307692309,3.296703296703297,50.92134831460674,82.33707865168539,3,3,0.011486738886813598,58,49.41698275862069,71,39.226519337016576,15,7,0.7199565408222748,0.38284819496829936,76.27118644067797,10.634328358208956,16.186770428015564,26.72413793103448,21.59090909090909,0.7423896392865308,33,57.89473684210527,23,4.0,2.2740099217750034,2.0,0.09886999659891318,25.7,2.2740099217750034,2.0,0.0,2.0
493,2026,26,1955932,2026-09-05,Sao Paulo 2 x 0 Atletico MG,1235,Atletico MG,44.03,55.97,Fora,18.055555555555557,104,0.6470588235294118,30.768461538461537,16.186770428015564,26.72413793103448,21.59090909090909,2.7312892752584847,64,38.549072164948456,0.0,58.395833333333336,119.27368421052631,15,7,0.7199565408222748,43,32.72581395348838,73,44.785276073619634,3,3,0.011486738886813598,0.02995163498184983,23.728813559322035,10.912698412698413,19.29101401483924,8.053691275167784,20.833333333333336,0.15851551085741145,7,0.0,4,1.0,0.6983759516034811,0.0,0.17459398790087027,20.216666666666665,0.6983759516034811,-2.0,2.0,0.0
494,2026,26,1955939,2026-09-05,Red Bull Bragantino 2 x 3 Bahia,5438,Red Bull Bragantino,51.3,48.7,Casa,12.08,127,0.72,38.75163157894736,15.275459098497498,16.911764705882355,34.090909090909086,2.8429690145443023,14,72.65164772727273,5.681818181818182,61.85057471264368,98.62352941176471,6,0,0.0,48,45.093125,78,44.06779661016949,20,3,0.09237652526715356,0.2802197054168678,70.0,12.219451371571072,14.167987321711568,37.79527559055118,22.916666666666664,1.2610473826212307,35,50.0,24,3.0,1.888707881060168,1.0,0.07869616171084033,21.033333333333335,1.888707881060168,-1.0,3.0,2.0
495,2026,26,1955939,2026-09-05,Red Bull Bragantino 2 x 3 Bahia,1221,Bahia,48.7,51.3,Fora,11.0,111,0.5909090909090909,28.91478947368421,14.167987321711568,37.79527559055118,22.916666666666664,2.7583068101787513,47,49.39295454545455,2.272727272727273,60.616279069767444,168.11764705882354,20,3,0.09237652526715356,32,33.46546875,63,39.375,6,0,0.0,0.008294322551257949,30.0,14.285714285714285,15.275459098497498,16.911764705882355,34.090909090909086,0.686164877364551,21,53.333333333333336,10,5.0,1.9915227220471272,2.0,0.1991522722047127,19.966666666666665,2.785421352842227,1.0,2.0,3.0
496,2026,26,1955923,2026-09-06,Fluminense 1 x 0 Vasco da Gama,1226,Vasco da Gama,53.47,46.53,Fora,8.461538461538462,116,0.7,50.26875,15.766773162939296,12.413793103448276,30.0,2.8520002296918756,12,74.0078804347826,1.0869565217391304,53.73033707865169,98.5505617977528,5,3,0.3901539796139666,47,51.68234042553192,83,48.8235294117647,19,5,0.23765298865625673,0.401727831411014,79.83870967741935,7.476635514018691,17.887421820708823,40.707964601769916,24.742268041237114,1.13735583080671,38,25.0,14,1.0,0.9384087276211096,0.0,0.06702919483007926,23.983333333333334,0.9384087276211096,-1.0,1.0,0.0
497,2026,26,1955923,2026-09-06,Fluminense 1 x 0 Vasco da Gama,1232,Fluminense,46.53,53.47,Casa,17.076923076923077,115,0.625,27.204788135593223,17.887421820708823,40.707964601769916,24.742268041237114,2.27508199987925,45,48.402375000000006,0.0,55.5125,90.49367088607595,19,5,0.23765298865625673,45,31.385666666666673,72,44.72049689440994,5,3,0.3901539796139666,0.08065176349772107,20.161290322580644,9.004739336492891,15.766773162939296,12.413793103448276,30.0,0.5804207014802669,14,44.44444444444444,8,4.0,2.1245062357758244,1.0,0.26556327947197805,20.866666666666667,2.1245062357758244,1.0,0.0,1.0
498,2026,26,1955924,2026-09-06,Botafogo RJ 0 x 0 Palmeiras,1227,Botafogo RJ,33.65,66.35,Casa,17.52173913043478,129,0.8095238095238095,37.82855263157895,17.217391304347824,25.503355704697988,25.757575757575758,2.70611200806592,35,55.43567010309278,2.0618556701030926,46.705263157894734,93.74736842105263,6,2,0.03650190114068441,50,40.4418,58,33.33333333333333,10,1,0.09783455366879576,0.12055903016773906,39.01639344262295,18.305084745762713,13.645714285714286,25.37313432835821,18.571428571428573,0.7748615470780558,19,46.15384615384615,15,2.0,1.2604423821658979,0.0,0.08402949214439319,14.583333333333334,1.2604423821658979,0.0,0.0,0.0
499,2026,26,1955924,2026-09-06,Botafogo RJ 0 x 0 Palmeiras,1234,Palmeiras,66.35,33.65,Fora,7.478260869565218,137,0.6764705882352942,37.87603448275861,13.645714285714286,25.37313432835821,18.571428571428573,2.6332147060202207,22,62.318064516129034,2.1505376344086025,44.27956989247312,76.03260869565217,10,1,0.09783455366879576,54,40.67777777777778,90,49.72375690607735,6,2,0.03650190114068441,0.15951226700385002,60.983606557377044,9.838709677419356,17.217391304347824,25.503355704697988,25.757575757575758,1.1656667053534746,26,52.94117647058824,17,1.0,1.2320251984752473,0.0,0.07247207049854396,28.75,1.2320251984752473,0.0,0.0,0.0
500,2026,26,1955935,2026-09-06,Corinthians 1 x 2 Chapecoense AF,1237,Corinthians,62.7,37.3,Casa,21.0,90,0.5,44.43541666666666,17.120689655172416,14.728682170542637,17.857142857142858,3.3224899269050456,8,69.84954545454545,1.2987012987012987,50.5945945945946,79.10810810810811,3,0,0.0,55,43.389818181818185,88,55.69620253164557,13,3,0.05563722718534435,0.09590985752716463,80.91872791519434,6.552706552706552,18.276923076923076,39.416058394160586,31.506849315068493,1.3175603831154512,29,52.17391304347826,16,5.0,2.5490641999524355,1.0,0.15931651249702722,32.5,2.5490641999524355,-1.0,2.0,1.0
501,2026,26,1955935,2026-09-06,Corinthians 1 x 2 Chapecoense AF,8865,Chapecoense AF,37.3,62.7,Fora,20.136363636363637,100,0.5,34.499062499999994,18.276923076923076,39.416058394160586,31.506849315068493,2.373213629380855,42,46.13469512195122,3.6585365853658534,58.98780487804878,121.6,13,3,0.05563722718534435,39,36.128076923076925,56,39.436619718309856,3,0,0.0,0.019917704667812508,19.081272084805654,14.918414918414918,17.120689655172416,14.728682170542637,17.857142857142858,0.5528421795618406,10,60.0,7,2.0,1.035363667340085,2.0,0.14790909533429786,19.333333333333332,1.035363667340085,1.0,1.0,2.0
502,2026,26,1955942,2026-09-06,Cruzeiro 3 x 1 Athletico Paranaense,1243,Athletico Paranaense,40.15,59.85,Fora,21.0,95,0.7058823529411765,33.21829411764706,17.941176470588236,28.90625,36.36363636363637,2.773060212065133,32,52.1115,1.4285714285714286,59.957142857142856,99.8923076923077,13,3,0.34527134432864,44,36.66886363636364,56,38.095238095238095,8,5,0.3901318316105914,0.2962052309850409,36.14864864864865,12.010443864229766,16.10958904109589,20.0,26.08695652173913,0.7280377005354572,17,75.0,17,2.0,1.443552309917308,1.0,0.08491484175984165,18.25,1.443552309917308,-2.0,3.0,1.0
503,2026,26,1955942,2026-09-06,Cruzeiro 3 x 1 Athletico Paranaense,1230,Cruzeiro,59.85,40.15,Casa,10.153846153846153,98,0.5882352941176471,45.52462962962963,16.10958904109589,20.0,26.08695652173913,2.711015698219691,23,62.72927710843375,3.614457831325301,50.5,77.09876543209876,8,5,0.3901318316105914,52,46.65634615384616,71,43.03030303030303,13,3,0.34527134432864,0.1678695664089589,63.85135135135135,9.491525423728813,17.941176470588236,28.90625,36.36363636363637,1.2915336636117813,38,45.83333333333333,18,3.0,1.5331599633527342,2.0,0.08517555351959634,27.2,3.1209572249429334,2.0,1.0,3.0
504,2026,26,1955946,2026-09-06,Internacional 2 x 3 Santos FC,1241,Santos FC,58.02,41.98,Fora,15.8125,131,0.7586206896551724,32.10421052631579,14.691865242399341,28.695652173913043,17.20430107526882,2.53718000617162,41,43.5927108433735,6.024096385542169,35.89156626506024,86.02564102564102,11,3,0.06937600797123,50,42.461999999999996,70,44.0251572327044,5,3,0.3013794324026069,0.15641497036984164,34.35114503816794,8.723747980613894,18.121284185493458,14.388489208633093,21.62162162162162,0.5924330649106775,10,37.5,4,2.0,0.8215714348302616,2.0,0.2053928587075654,28.033333333333335,1.6154700656253613,1.0,2.0,3.0
505,2026,26,1955946,2026-09-06,Internacional 2 x 3 Santos FC,1219,Internacional,41.98,58.02,Casa,13.305555555555555,128,0.64,46.868620689655174,18.121284185493458,14.388489208633093,21.62162162162162,2.4930909826727645,17,65.76652173913044,3.260869565217391,56.46666666666667,119.75555555555556,5,3,0.3013794324026069,50,49.9611,74,41.11111111111111,11,3,0.06937600797123,0.07652656267047364,65.64885496183206,11.11111111111111,14.691865242399341,28.695652173913043,17.20430107526882,0.6786692006258104,23,43.75,14,1.0,0.9198473524865567,1.0,0.06570338232046834,20.283333333333335,1.7137459832816564,-1.0,3.0,2.0
506,2026,26,1955949,2026-09-06,Coritiba 1 x 2 Mirassol,6332,Mirassol,51.35,48.65,Fora,14.1,105,0.8333333333333334,36.996521739130436,14.52257586972613,25.806451612903224,35.714285714285715,2.6024797778284205,26,58.5375,5.0,59.91139240506329,94.34210526315789,8,3,0.03709371811689259,43,38.742558139534886,70,43.20987654320987,8,0,0.0,0.017573942475926696,49.828178694158076,11.273486430062631,15.946704067321178,23.62204724409449,22.413793103448278,0.9687124380809751,25,53.84615384615385,19,7.0,2.363114926851129,2.0,0.12437446983426996,23.766666666666666,2.363114926851129,1.0,1.0,2.0
507,2026,26,1955949,2026-09-06,Coritiba 1 x 2 Mirassol,1236,Coritiba,48.65,51.35,Casa,15.173913043478262,106,0.5652173913043478,36.06425925925926,15.946704067321178,23.62204724409449,22.413793103448278,2.823657392985034,31,54.62530120481927,2.4096385542168677,59.74390243902439,135.0121951219512,8,0,0.0,35,38.181000000000004,59,39.0728476821192,8,3,0.03709371811689259,0.009241522885758968,50.171821305841924,13.882352941176471,14.52257586972613,25.806451612903224,35.714285714285715,0.912169441419107,25,50.0,17,3.0,2.2354599676147653,1.0,0.1314976451538097,22.516666666666666,2.2354599676147653,-1.0,2.0,1.0
508,2026,26,1955958,2026-09-06,Remo 0 x 1 Flamengo,1239,Flamengo,65.61,34.39,Fora,11.95,109,0.6923076923076923,37.26490384615384,16.08610567514677,20.0,22.641509433962266,2.265105489629884,15,67.67574074074074,2.4691358024691357,45.617283950617285,79.96153846153847,10,1,0.04891684136967156,50,39.711,80,49.079754601226995,13,0,0.0,0.08469735525674027,68.61702127659575,4.585798816568047,17.661538461538463,40.0,27.586206896551722,1.855754096993366,35,50.0,21,5.0,2.8254864924418133,1.0,0.13454697583056255,32.5,2.8254864924418133,1.0,0.0,1.0
509,2026,26,1955958,2026-09-06,Remo 0 x 1 Flamengo,4617,Remo,34.39,65.61,Casa,38.44444444444444,106,0.75,25.95640776699029,17.661538461538463,40.0,27.586206896551722,3.005571680851229,43,53.97541237113402,6.185567010309279,56.32222222222222,98.46067415730337,13,0,0.0,45,31.39033333333333,72,42.35294117647059,10,1,0.04891684136967156,0.18229276061736632,31.382978723404253,14.171122994652407,16.08610567514677,20.0,22.641509433962266,0.536416477268796,16,33.33333333333333,7,2.0,0.9471050938134837,0.0,0.13530072768764054,17.033333333333335,0.9471050938134837,-1.0,1.0,0.0
510,2026,26,1955954,2026-09-08,Vitoria 1 x 0 Gremio,1244,Gremio,54.62,45.38,Fora,12.15,113,0.8095238095238095,37.05757575757576,15.038626609442058,26.573426573426573,32.3943661971831,2.5044063682379414,39,48.72954545454545,2.272727272727273,48.6551724137931,116.5764705882353,8,3,0.03689104497802494,43,36.88186046511628,79,47.59036144578313,11,1,0.0,0.05886937278101856,43.82022471910113,13.333333333333334,15.877318116975749,26.027397260273972,21.052631578947366,0.5171938213503644,15,50.0,11,0.0,0.4860859587849896,0.0,0.044189632616817236,23.366666666666667,0.4860859587849896,-1.0,1.0,0.0
511,2026,26,1955954,2026-09-08,Vitoria 1 x 0 Gremio,1238,Vitoria,45.38,54.62,Casa,11.566666666666666,126,0.7777777777777778,43.08791666666666,15.877318116975749,26.027397260273972,21.052631578947366,2.3688020649373165,28,59.79272727272728,1.1363636363636365,43.22727272727273,74.2183908045977,11,1,0.0,54,44.63083333333334,66,36.666666666666664,8,3,0.03689104497802494,0.17699950035706635,56.17977528089888,16.290726817042607,15.038626609442058,26.573426573426573,32.3943661971831,0.7230743555126677,30,52.17391304347826,20,2.0,1.4446832720222846,1.0,0.07223416360111423,19.416666666666668,1.4446832720222846,1.0,0.0,1.0
512,2026,27,1955964,2026-09-12,Botafogo RJ 1 x 1 Red Bull Bragantino,5438,Red Bull Bragantino,37.34,62.66,Fora,13.31578947368421,110,0.7142857142857143,33.997,15.432098765432098,34.12698412698413,26.923076923076923,2.928045296033138,27,58.99818750000001,2.5,54.848101265822784,129.05128205128204,13,4,0.43779118045539966,35,37.11,57,33.92857142857143,8,2,0.41340508806262233,0.15422539330389728,41.55844155844156,19.014084507042252,14.568469505178367,27.142857142857142,21.311475409836063,0.9194388107623954,19,46.15384615384615,14,1.0,1.018398874950945,0.0,0.07274277678221035,14.483333333333333,1.018398874950945,0.0,1.0,1.0
513,2026,27,1955964,2026-09-12,Botafogo RJ 1 x 1 Red Bull Bragantino,1227,Botafogo RJ,62.66,37.34,Casa,6.791666666666667,117,0.7916666666666666,38.349950495049505,14.568469505178367,27.142857142857142,21.311475409836063,2.412454590131558,23,62.77023529411764,1.1764705882352942,47.20987654320987,78.30666666666667,8,2,0.41340508806262233,45,39.797333333333334,77,46.10778443113773,13,4,0.43779118045539966,0.28673515644593284,58.44155844155844,10.615711252653929,15.432098765432098,34.12698412698413,26.923076923076923,1.5695486635150089,27,61.904761904761905,23,1.0,1.4893831213404256,1.0,0.06475578788436633,24.3,1.4893831213404256,0.0,1.0,1.0
514,2026,27,1955970,2026-09-12,Palmeiras 2 x 0 Sao Paulo,1234,Palmeiras,58.77,41.23,Casa,8.794117647058824,122,0.5789473684210527,46.37076923076923,17.705827937095282,16.551724137931036,20.930232558139537,2.0976244842592218,19,62.53613924050634,3.79746835443038,49.82051282051282,106.90666666666667,6,1,0.03431704345471774,48,43.846250000000005,77,46.10778443113773,8,3,1.1961520676828883,0.6091162470987546,64.87603305785123,7.604562737642586,16.508760545100586,25.203252032520325,19.718309859154928,1.3713298049947071,23,64.28571428571429,19,5.0,2.937023480685182,2.0,0.15458018319395694,25.683333333333334,2.937023480685182,2.0,0.0,2.0
515,2026,27,1955970,2026-09-12,Palmeiras 2 x 0 Sao Paulo,1224,Sao Paulo,41.23,58.77,Fora,14.291666666666666,118,0.875,33.243,16.508760545100586,25.203252032520325,19.718309859154928,3.0133524326650485,48,41.524,0.0,65.72,143.32,8,3,1.1961520676828883,49,36.285000000000004,66,40.0,6,1,0.03431704345471774,0.021071744251336177,35.12396694214876,12.564102564102564,17.705827937095282,16.551724137931036,20.930232558139537,0.3096198988253023,11,44.44444444444444,8,2.0,1.2762002725479737,0.0,0.15952503406849672,18.016666666666666,1.2762002725479737,-2.0,2.0,0.0
516,2026,27,1955974,2026-09-12,Atletico MG 3 x 1 Fluminense,1235,Atletico MG,45.96,54.04,Casa,20.333333333333332,97,0.625,41.90765060240964,18.46748229233741,14.285714285714285,13.513513513513514,2.089109940442015,24,59.68993902439024,1.2195121951219512,48.68292682926829,86.85,3,2,0.09386402411217633,49,45.45428571428572,69,43.125,11,3,0.9383567777867319,0.28155763339883766,58.57142857142858,7.326732673267326,18.66767600302801,26.5625,20.634920634920633,0.7536451157011426,18,46.15384615384615,15,4.0,2.190424732215001,3.0,0.14602831548100006,22.016666666666666,2.190424732215001,2.0,1.0,3.0
517,2026,27,1955974,2026-09-12,Atletico MG 3 x 1 Fluminense,1232,Fluminense,54.04,45.96,Fora,14.695652173913043,98,0.8260869565217391,36.9096875,18.66767600302801,26.5625,20.634920634920633,2.209064980431489,37,51.11140449438203,3.3707865168539324,55.602409638554214,150.53658536585365,11,3,0.9383567777867319,44,42.90681818181819,72,46.45161290322581,3,2,0.09386402411217633,0.015623511863538386,41.42857142857143,8.421052631578947,18.46748229233741,14.285714285714285,13.513513513513514,0.3887556499404061,10,40.0,10,1.0,0.4994074996822165,1.0,0.04994074996822165,25.883333333333333,0.4994074996822165,-2.0,3.0,1.0
518,2026,27,1955976,2026-09-12,Gremio 1 x 2 Vasco da Gama,1226,Vasco da Gama,47.33,52.67,Fora,10.290322580645162,138,0.6176470588235294,36.86630769230769,15.441478439425051,26.89655172413793,18.30985915492958,2.446496422629032,29,62.34214285714287,1.0204081632653061,42.97938144329897,96.09574468085107,10,0,0.0784570596797671,51,40.709117647058825,68,35.978835978835974,7,4,0.1578099838969404,0.2843011522808019,55.15320334261838,8.80503144654088,16.816450875856816,24.82758620689655,24.675324675324674,1.382461920819014,32,52.63157894736842,17,3.0,2.4214456344029704,2.0,0.14243797849429238,21.883333333333333,2.4214456344029704,1.0,1.0,2.0
519,2026,27,1955976,2026-09-12,Gremio 1 x 2 Vasco da Gama,1244,Gremio,52.67,47.33,Casa,12.0,115,0.7307692307692307,35.07207920792079,16.816450875856816,24.82758620689655,24.675324675324674,3.210702257447868,29,60.22557692307692,4.807692307692308,62.18627450980392,106.7156862745098,7,4,0.1578099838969404,47,40.601489361702136,84,46.408839779005525,10,0,0.0784570596797671,0.11655467034574496,44.84679665738162,11.29032258064516,15.441478439425051,26.89655172413793,18.30985915492958,0.7957789417442451,20,46.15384615384615,14,3.0,1.5351885061619583,1.0,0.10965632186871131,24.35,1.5351885061619583,-1.0,2.0,1.0
520,2026,27,1955978,2026-09-12,Coritiba 3 x 3 Athletico Paranaense,1236,Coritiba,53.07,46.93,Casa,7.333333333333333,116,0.7333333333333333,29.990270270270273,6.218181818181819,13.402061855670103,24.137931034482758,3.5216011031868395,40,54.79280172413793,1.7241379310344827,62.71551724137931,131.42241379310346,7,1,0.011486738886813598,42,36.17250000000001,56,27.860696517412936,6,0,0.04858045700370619,0.0742689172562927,56.54450261780105,30.65134099616858,10.12861736334405,15.2317880794702,23.18840579710145,0.7498709059292485,29,68.75,23,1.0,1.4274594846166175,3.0,0.06206345585289642,10.366666666666667,1.4274594846166175,0.0,3.0,3.0
521,2026,27,1955978,2026-09-12,Coritiba 3 x 3 Athletico Paranaense,1243,Athletico Paranaense,46.93,53.07,Fora,5.814814814814815,142,0.8823529411764706,31.840473372781066,10.12861736334405,15.2317880794702,23.18840579710145,3.6198493471945294,40,55.38235294117647,3.9215686274509802,51.20792079207921,146.06060606060606,6,0,0.04858045700370619,49,40.067142857142855,53,22.943722943722943,7,1,0.011486738886813598,0.07125222119847319,43.455497382198956,44.642857142857146,6.218181818181819,13.402061855670103,24.137931034482758,0.43895102317200063,16,42.857142857142854,13,3.0,1.4704121089472815,2.0,0.1131086237651755,9.166666666666666,2.264310739742381,0.0,3.0,3.0
522,2026,27,1955982,2026-09-12,Chapecoense AF 1 x 2 Internacional,1219,Internacional,32.71,67.29,Fora,29.307692307692307,114,0.6842105263157895,31.131219512195116,15.667870036101084,30.89430894308943,30.158730158730158,3.417045731231004,30,50.24384615384616,2.564102564102564,78.93506493506493,167.61333333333334,5,2,0.20103835747214824,32,37.419375,53,35.57046979865772,8,0,0.0,0.03930010613240764,40.25423728813559,19.52861952861953,14.777227722772277,19.2,10.869565217391305,0.17676701750245627,7,40.0,4,1.0,0.4931880560429879,2.0,0.12329701401074697,13.466666666666667,0.4931880560429879,1.0,1.0,2.0
523,2026,27,1955982,2026-09-12,Chapecoense AF 1 x 2 Internacional,8865,Chapecoense AF,67.29,32.71,Casa,9.526315789473685,131,0.7368421052631579,38.077021276595744,14.777227722772277,19.2,10.869565217391305,1.6260308444220148,25,59.861666666666665,2.4691358024691357,37.5,127.96,8,0,0.0,41,38.37621951219512,73,48.026315789473685,5,2,0.20103835747214824,0.12444545386131267,59.7457627118644,12.382739212007504,15.667870036101084,30.89430894308943,30.158730158730158,1.3907102394752013,23,47.368421052631575,13,3.0,1.341629103336977,1.0,0.10320223871822899,27.7,1.341629103336977,-1.0,2.0,1.0
524,2026,27,1955961,2026-09-13,Flamengo 2 x 1 Corinthians,1237,Corinthians,35.85,64.15,Fora,25.636363636363637,104,0.6428571428571429,23.583552631578947,17.727272727272727,43.56435643564357,28.703703703703702,2.330005342832836,54,39.38125,3.571428571428571,61.30952380952381,130.75641025641025,11,4,0.18229531026590481,39,27.857307692307693,53,35.099337748344375,4,0,0.0,0.012618153085889094,14.285714285714285,16.623376623376622,16.469500924214415,13.513513513513514,30.434782608695656,1.0496106114452601,9,14.285714285714285,3,1.0,0.6995597211943593,1.0,0.2331865737314531,18.033333333333335,0.6995597211943593,-1.0,2.0,1.0
525,2026,27,1955961,2026-09-13,Flamengo 2 x 1 Corinthians,1239,Flamengo,64.15,35.85,Casa,9.09375,101,0.75,50.94060810810811,16.469500924214415,13.513513513513514,30.434782608695656,4.6879422653171146,11,74.96522727272728,2.272727272727273,61.23170731707317,112.17073170731707,4,0,0.0,45,51.233,88,50.57471264367817,11,4,0.18229531026590481,0.12711124311008914,85.71428571428571,5.596465390279824,17.727272727272727,43.56435643564357,28.703703703703702,1.786307326034689,55,58.06451612903226,31,6.0,3.3801153642848525,2.0,0.10903597949305975,32.266666666666666,3.3801153642848525,1.0,1.0,2.0
526,2026,27,1955967,2026-09-13,Santos FC 2 x 1 Cruzeiro,1241,Santos FC,53.08,46.92,Casa,11.461538461538462,126,0.53125,37.44428571428571,16.347169811320757,21.897810218978105,30.0,3.365470212455018,26,60.736973684210525,5.263157894736842,38.77777777777778,82.7536231884058,4,1,0.0784570596797671,51,36.92705882352941,76,43.18181818181818,6,2,0.20373683611294535,0.10233233106409001,68.23821339950372,8.771929824561402,16.531020680453636,30.57851239669421,29.88505747126437,1.4425146770396693,31,61.53846153846154,32,2.0,2.9335766092837443,2.0,0.09167426904011701,24.983333333333334,2.9335766092837443,1.0,1.0,2.0
527,2026,27,1955967,2026-09-13,Santos FC 2 x 1 Cruzeiro,1230,Cruzeiro,46.92,53.08,Fora,13.55,106,0.6666666666666666,37.26145161290323,16.531020680453636,30.57851239669421,29.88505747126437,2.516290737722093,25,58.03708860759494,2.5316455696202533,50.666666666666664,141.41558441558442,6,2,0.20373683611294535,39,41.26500000000001,71,44.099378881987576,4,1,0.0784570596797671,0.048587752837362164,31.76178660049628,10.412147505422993,16.347169811320757,21.897810218978105,30.0,1.350155055649855,21,46.666666666666664,9,4.0,1.8053099944766369,1.0,0.200589999386293,22.083333333333332,1.8053099944766369,-1.0,2.0,1.0
528,2026,27,1955973,2026-09-13,Mirassol 2 x 2 Vitoria,1238,Vitoria,23.05,76.95,Fora,10.291666666666666,113,0.7037037037037037,30.279,16.427807486631014,40.0,18.269230769230766,1.9204475228209137,33,48.02331081081081,1.3513513513513513,68.3108108108108,173.21917808219177,14,1,0.044228217602830605,32,35.34234375,38,26.38888888888889,4,1,0.3901539796139666,0.07114124793024734,19.794344473007712,30.36649214659686,12.75,17.073170731707318,15.0,0.3629778355707156,8,33.33333333333333,8,3.0,1.2398191816918565,2.0,0.15497739771148206,9.333333333333334,1.2398191816918565,0.0,2.0,2.0
529,2026,27,1955973,2026-09-13,Mirassol 2 x 2 Vitoria,6332,Mirassol,76.95,23.05,Casa,4.615384615384615,109,0.8695652173913043,40.28301136363636,12.75,17.073170731707318,15.0,1.9717611637719217,7,75.78050561797754,0.0,56.23863636363637,100.53488372093024,4,1,0.3901539796139666,43,44.61279069767442,82,44.32432432432433,14,1,0.044228217602830605,0.12208539520855588,80.20565552699229,4.785478547854786,16.427807486631014,40.0,18.269230769230766,1.16529738591574,29,52.63157894736842,28,2.0,1.6367148912532155,2.0,0.05845410325904341,31.166666666666668,1.6367148912532155,0.0,2.0,2.0
530,2026,27,1955980,2026-09-15,Bahia 2 x 1 Remo,4617,Remo,34.66,65.34,Fora,13.625,117,0.6176470588235294,34.21178571428572,16.524353577871317,32.17391304347826,36.92307692307693,2.9157553217189185,25,57.83513513513514,1.3513513513513513,60.52054794520548,141.0,7,4,0.17639438545410882,37,39.08837837837838,47,29.559748427672954,8,2,0.07038049137388085,0.09949965470841171,30.268199233716476,10.64516129032258,15.850340136054422,20.634920634920633,21.818181818181817,0.5979207722129116,13,33.33333333333333,13,0.0,0.4085669955264841,0.0,0.03142823042511416,14.7,1.2024656263215838,-1.0,2.0,1.0
531,2026,27,1955980,2026-09-15,Bahia 2 x 1 Remo,1221,Bahia,65.34,34.66,Casa,8.826086956521738,103,0.6666666666666666,38.01244186046512,15.850340136054422,20.634920634920633,21.818181818181817,2.404943266020334,21,67.41664556962026,1.2658227848101267,45.38961038961039,149.4078947368421,8,2,0.07038049137388085,34,38.53191176470588,63,42.0,7,4,0.17639438545410882,0.18802146400320474,69.73180076628353,7.550644567219153,16.524353577871317,32.17391304347826,36.92307692307693,1.3723116564813544,38,33.33333333333333,16,4.0,2.1881297007123854,1.0,0.1367581062945241,27.716666666666665,2.982028331507485,1.0,1.0,2.0
532,2026,21,1955796,2026-09-16,Botafogo RJ 3 x 2 Gremio,1227,Botafogo RJ,34.08,65.92,Casa,21.80952380952381,125,0.631578947368421,32.809471153846154,17.875816993464053,30.303030303030305,20.28985507246377,2.206743772646653,35,49.995000000000005,1.1904761904761905,52.75903614457831,116.89024390243902,7,3,0.015115163147792706,45,38.24100000000001,61,39.1025641025641,7,4,0.23993248825703836,0.11585296517254218,37.890625,14.130434782608695,16.628029504741832,15.037593984962406,32.55813953488372,0.6567602704961555,17,50.0,10,2.0,0.9577178333900813,3.0,0.09577178333900813,15.816666666666666,0.9577178333900813,1.0,2.0,3.0
533,2026,21,1955796,2026-09-16,Botafogo RJ 3 x 2 Gremio,1244,Gremio,65.92,34.08,Fora,12.6,113,0.6666666666666666,37.72865384615385,16.628029504741832,15.037593984962406,32.55813953488372,3.220735873645414,27,60.74192307692308,0.0,54.51648351648352,131.67777777777778,7,4,0.23993248825703836,42,37.955,77,46.95121951219512,7,3,0.015115163147792706,0.05066252344010769,62.109375,10.256410256410255,17.875816993464053,30.303030303030305,20.28985507246377,0.7943324912966168,16,57.14285714285714,13,1.0,0.6338497463878605,2.0,0.04875767279906619,30.6,0.6338497463878605,-1.0,3.0,2.0
534,2026,28,1955992,2026-09-19,Mirassol 2 x 0 Botafogo RJ,6332,Mirassol,49.6,50.4,Casa,23.235294117647058,97,0.6666666666666666,33.18693396226415,16.887871853546912,39.25233644859813,23.52941176470588,2.9364111936704695,24,60.57520000000001,4.0,72.57333333333334,127.54666666666667,13,4,0.6507936507936508,46,39.19239130434783,61,39.1025641025641,8,0,0.0,-0.00013486769086012984,49.8360655737705,12.224108658743633,17.96511627906977,24.031007751937985,21.428571428571427,0.8399314829690181,21,50.0,12,3.0,1.706136754827463,2.0,0.1421780629022886,28.666666666666668,1.706136754827463,2.0,0.0,2.0
535,2026,28,1955992,2026-09-19,Mirassol 2 x 0 Botafogo RJ,1227,Botafogo RJ,50.4,49.6,Fora,31.307692307692307,77,0.7222222222222222,37.87159090909091,17.96511627906977,24.031007751937985,21.428571428571427,2.6942538275112757,24,61.242222222222225,0.0,96.32467532467533,144.82191780821918,8,0,0.0,37,39.59067567567567,76,56.71641791044776,13,4,0.6507936507936508,0.5829699227159919,50.1639344262295,9.417808219178083,16.887871853546912,39.25233644859813,23.52941176470588,1.539908109222028,21,62.5,12,2.0,1.4879040811043744,0.0,0.12399200675869787,29.133333333333333,1.4879040811043744,-2.0,2.0,0.0
536,2026,28,1955994,2026-09-19,Atletico MG 1 x 1 Chapecoense AF,8865,Chapecoense AF,31.4,68.6,Fora,23.214285714285715,132,0.6052631578947368,27.008429752066117,17.66633565044687,47.72727272727273,33.63636363636363,2.8558701793786754,45,47.10423529411765,4.705882352941177,45.80952380952381,100.9125,14,5,0.33968913112557764,50,30.996000000000002,55,36.423841059602644,3,2,0.0,0.17416492343464451,16.50943396226415,15.588235294117647,16.789587852494577,17.26618705035971,33.33333333333333,1.2977445138296062,13,50.0,7,2.0,1.5977788228006675,1.0,0.2282541175429525,15.366666666666667,1.5977788228006675,0.0,1.0,1.0
537,2026,28,1955994,2026-09-19,Atletico MG 1 x 1 Chapecoense AF,1235,Atletico MG,68.6,31.4,Casa,10.72,107,0.5652173913043478,43.31982558139535,16.789587852494577,17.26618705035971,33.33333333333333,4.771751332692499,15,71.30340000000001,3.0,55.22222222222222,115.89690721649484,3,2,0.0,51,44.305882352941175,100,53.76344086021505,14,5,0.33968913112557764,0.30971282339279727,83.49056603773585,6.082036775106082,17.66633565044687,47.72727272727273,33.63636363636363,2.2823833470018626,66,43.24324324324324,26,6.0,3.1217435227024835,1.0,0.12006705856548014,33.56666666666667,3.1217435227024835,0.0,1.0,1.0
538,2026,28,1956003,2026-09-19,Remo 1 x 2 Santos FC,1241,Santos FC,51.27,48.73,Fora,20.444444444444443,97,0.8571428571428571,32.770714285714284,15.69682151589242,24.81203007518797,16.129032258064516,3.087231275957656,30,49.499545454545455,0.0,61.803030303030305,114.33846153846154,8,1,0.0,43,35.460697674418604,58,44.61538461538462,7,1,0.45187938868236266,0.03826175035353652,50.73529411764706,9.375,17.013364323067982,26.956521739130434,20.454545454545457,0.45546137625230765,12,33.33333333333333,10,2.0,1.467414868656756,2.0,0.14674148686567562,28.683333333333334,1.467414868656756,1.0,1.0,2.0
539,2026,28,1956003,2026-09-19,Remo 1 x 2 Santos FC,4617,Remo,48.73,51.27,Casa,24.176470588235293,95,0.7619047619047619,38.78673076923077,17.013364323067982,26.956521739130434,20.454545454545457,2.152323799407594,23,57.683076923076925,4.395604395604396,60.226190476190474,95.19277108433735,7,1,0.45187938868236266,44,41.0621590909091,82,50.0,8,1,0.0,0.14382885958002145,49.26470588235294,13.018867924528301,15.69682151589242,24.81203007518797,16.129032258064516,1.088489102554087,15,70.0,13,1.0,1.00001868458518,1.0,0.07692451419886,27.266666666666666,1.00001868458518,-1.0,2.0,1.0
540,2026,28,1955984,2026-09-20,Flamengo 2 x 1 Red Bull Bragantino,1239,Flamengo,65.12,34.88,Casa,11.68421052631579,115,0.5517241379310345,38.29441747572815,13.599160545645331,21.052631578947366,11.76470588235294,2.337254797259132,22,60.66732954545455,4.545454545454546,45.94318181818182,89.55681818181819,8,0,0.2376038732541187,52,43.223653846153844,78,45.08670520231214,6,6,0.774145300232638,0.3034053671708703,67.53731343283582,10.227272727272728,17.03204047217538,28.47222222222222,26.865671641791046,1.5515482409529118,31,38.88888888888889,11,5.0,2.6596348426412786,2.0,0.2417849856946617,29.65,2.6596348426412786,1.0,1.0,2.0
541,2026,28,1955984,2026-09-20,Flamengo 2 x 1 Red Bull Bragantino,5438,Red Bull Bragantino,34.88,65.12,Fora,19.3,105,0.6818181818181818,37.257303370786516,17.03204047217538,28.47222222222222,26.865671641791046,2.856403633695146,36,52.942415730337075,0.0,52.57954545454545,115.6896551724138,6,6,0.774145300232638,42,41.0075,53,33.125,8,0,0.2376038732541187,0.10856665433067914,32.46268656716418,14.886731391585762,13.599160545645331,21.052631578947366,11.76470588235294,0.4511985506925882,12,50.0,15,0.0,0.7585051681202778,0.0,0.05056701120801852,15.883333333333333,0.7585051681202778,-1.0,2.0,1.0
542,2026,28,1955986,2026-09-20,Vasco da Gama 5 x 0 Coritiba,1236,Coritiba,33.79,66.21,Fora,21.823529411764707,112,0.5555555555555556,30.311489361702126,17.665689149560116,34.42622950819672,32.22222222222222,3.0488423156544533,41,47.034587628865985,3.0927835051546393,59.1875,164.5625,9,5,0.20361309326304494,38,36.990394736842106,63,41.17647058823529,4,1,0.0,0.024175665240522726,14.440433212996389,15.178571428571427,15.862068965517242,11.267605633802818,18.51851851851852,0.2777739946444626,6,60.0,4,0.0,0.15462684944834837,0.0,0.03865671236208709,14.5,0.15462684944834837,-5.0,5.0,0.0
543,2026,28,1955986,2026-09-20,Vasco da Gama 5 x 0 Coritiba,1226,Vasco da Gama,66.21,33.79,Casa,8.151515151515152,120,0.8148148148148148,48.90015789473684,15.862068965517242,11.267605633802818,18.51851851851852,2.291178346972361,24,63.61068965517242,4.597701149425287,46.31395348837209,114.96470588235294,4,1,0.0,51,48.633529411764705,79,43.888888888888886,9,5,0.20361309326304494,0.26961251919433993,85.5595667870036,6.98051948051948,17.665689149560116,34.42622950819672,32.22222222222222,1.563312536253187,56,44.827586206896555,31,3.0,3.2407158954217907,4.0,0.10453922243296099,28.416666666666668,4.034614526216891,5.0,0.0,5.0
544,2026,28,1955988,2026-09-20,Sao Paulo 1 x 0 Internacional,1219,Internacional,56.17,43.83,Fora,15.31578947368421,96,0.6875,39.7153448275862,16.213333333333335,19.078947368421055,18.181818181818183,2.1123865671469657,25,60.13479452054795,0.0,48.70422535211268,93.88059701492537,7,1,0.0242639040348964,45,39.73433333333334,71,46.103896103896105,12,1,0.06716779194001377,0.06933596962461541,68.67469879518072,10.139165009940358,16.768377253814148,36.8,15.492957746478872,0.4606351145337504,16,36.36363636363637,13,0.0,0.4736005471204872,0.0,0.036430811316960555,24.033333333333335,0.4736005471204872,-1.0,1.0,0.0
545,2026,28,1955988,2026-09-20,Sao Paulo 1 x 0 Internacional,1224,Sao Paulo,43.83,56.17,Casa,14.666666666666666,117,0.5555555555555556,36.49,16.768377253814148,36.8,15.492957746478872,2.0063614890309687,35,52.15153846153847,3.296703296703297,44.02325581395349,94.8452380952381,12,1,0.06716779194001377,48,38.7340625,64,37.8698224852071,7,1,0.0242639040348964,-0.0016865648237978093,31.32530120481928,12.531328320802004,16.213333333333335,19.078947368421055,18.181818181818183,0.29999424595793966,10,25.0,5,0.0,0.2461278754931009,0.0,0.049225575098620175,18.75,1.0400265062882006,1.0,0.0,1.0
546,2026,28,1955990,2026-09-20,Corinthians 1 x 3 Fluminense,1237,Corinthians,58.54,41.46,Casa,11.0,107,0.5,50.37871621621622,17.424657534246574,12.413793103448276,28.125,4.907081946717832,16,69.06346153846154,2.197802197802198,52.90588235294118,87.40243902439025,4,2,0.45890755567222297,47,51.27127659574469,86,49.142857142857146,17,3,0.011486738886813598,0.1576227533139849,78.71621621621621,11.02661596958175,16.416558861578267,44.03669724770643,21.818181818181817,1.5651511278514474,38,33.33333333333333,20,3.0,2.2291002828387954,1.0,0.11145501414193977,25.766666666666666,2.2291002828387954,-2.0,3.0,1.0
547,2026,28,1955990,2026-09-20,Corinthians 1 x 3 Fluminense,1232,Fluminense,41.46,58.54,Fora,13.5,113,0.7368421052631579,29.349310344827586,16.416558861578267,44.03669724770643,21.818181818181817,2.7904482370961663,46,42.86304878048781,3.6585365853658534,47.2125,174.32911392405063,17,3,0.011486738886813598,42,33.005,59,36.875,4,2,0.45890755567222297,0.21369203409663573,21.283783783783782,8.6848635235732,17.424657534246574,12.413793103448276,28.125,1.0601752951856134,14,88.88888888888889,10,4.0,2.120743294485474,3.0,0.21207432944854737,18.25,2.120743294485474,2.0,1.0,3.0
548,2026,28,1955997,2026-09-20,Gremio 0 x 0 Palmeiras,1244,Gremio,27.08,72.92,Casa,22.133333333333333,124,0.55,28.645733944954127,17.18543046357616,35.76642335766424,32.29166666666667,2.851602065206534,31,51.868750000000006,1.1904761904761905,55.5,122.28048780487805,10,2,0.6086252038089679,40,32.573625,44,29.13907284768212,6,2,0.4489871061285911,0.21833175108778669,22.356495468277945,14.83050847457627,14.62109955423477,13.970588235294118,24.242424242424242,0.6931934668153446,13,50.0,7,2.0,0.9674796751214546,0.0,0.1382113821602078,11.216666666666667,0.9674796751214546,0.0,0.0,0.0
549,2026,28,1955997,2026-09-20,Gremio 0 x 0 Palmeiras,1234,Palmeiras,72.92,27.08,Fora,7.090909090909091,121,0.75,37.73423076923077,14.62109955423477,13.970588235294118,24.242424242424242,3.203854179894748,15,69.60975,3.75,58.5,104.41772151898734,6,2,0.4489871061285911,48,35.5665625,84,44.44444444444444,10,2,0.6086252038089679,0.28980365319696944,77.64350453172206,7.556270096463022,17.18543046357616,35.76642335766424,32.29166666666667,1.9418910181020848,43,54.83870967741935,31,5.0,3.1450266462128393,0.0,0.10145247245847869,30.2,3.1450266462128393,0.0,0.0,0.0
550,2026,28,1956001,2026-09-20,Vitoria 1 x 3 Cruzeiro,1238,Vitoria,44.01,55.99,Casa,17.470588235294116,119,0.8125,36.17515151515152,17.194148936170212,27.941176470588236,21.21212121212121,2.1982845515283174,27,59.14125,2.1739130434782608,48.285714285714285,70.96666666666667,14,4,0.20990312290493718,62,37.987983870967746,77,39.69072164948454,11,2,0.02350275169957915,0.14376264693387153,43.13099041533546,16.624685138539043,15.025380710659899,21.91780821917808,16.43835616438356,0.4581959884260116,19,58.333333333333336,21,1.0,0.7759567640537688,1.0,0.03695032209779851,19.7,0.7759567640537688,-2.0,3.0,1.0
551,2026,28,1956001,2026-09-20,Vitoria 1 x 3 Cruzeiro,1230,Cruzeiro,55.99,44.01,Fora,11.0,121,0.8695652173913043,35.82923076923077,15.025380710659899,21.91780821917808,16.43835616438356,2.1250247509153586,30,57.3375,3.571428571428571,58.265060240963855,112.10843373493977,11,2,0.02350275169957915,47,44.87074468085106,74,44.57831325301205,14,4,0.20990312290493718,0.09831042234100096,56.86900958466453,10.338345864661653,17.194148936170212,27.941176470588236,21.21212121212121,0.8892550809527888,20,57.14285714285714,13,1.0,1.1566720095767908,3.0,0.08897476996744545,25.066666666666666,1.1566720095767908,2.0,1.0,3.0
552,2026,28,1955999,2026-09-21,Athletico Paranaense 2 x 1 Bahia,1221,Bahia,51.19,48.81,Fora,16.3,105,0.7619047619047619,31.702180851063826,16.40374331550802,29.03225806451613,23.4375,2.2728918474393516,25,56.22466216216217,0.0,82.51388888888889,154.33333333333334,9,2,0.02350275169957915,46,34.323586956521744,68,44.44444444444444,7,0,0.026892430278884463,0.0455361570965942,36.22047244094488,8.061420345489443,16.864244741873804,23.52941176470588,25.0,0.49558512822270373,13,45.45454545454545,9,1.0,0.6371716044884889,1.0,0.07079684494316543,26.15,1.4310702352835887,-1.0,2.0,1.0
553,2026,28,1955999,2026-09-21,Athletico Paranaense 2 x 1 Bahia,1243,Athletico Paranaense,48.81,51.19,Casa,21.555555555555557,86,0.8333333333333334,38.78782894736842,16.864244741873804,23.52941176470588,25.0,2.070103032944869,23,62.56806818181819,0.0,68.02352941176471,90.41666666666667,7,0,0.026892430278884463,42,40.197500000000005,74,46.835443037974684,9,2,0.02350275169957915,0.047218129136452625,63.77952755905512,13.043478260869565,16.40374331550802,29.03225806451613,23.4375,0.6702621282773826,24,20.0,11,2.0,0.9063109487536191,2.0,0.08239190443214718,24.933333333333334,0.9063109487536191,1.0,1.0,2.0
554,2026,21,1955799,2026-10-03,Sao Paulo 1.0 x 2.0 Santos FC,1224,Sao Paulo,61.89,38.11,Casa,10.866666666666667,113,0.8260869565217391,43.01703488372093,17.562380038387715,15.436241610738255,12.195121951219512,2.2697343167296373,27,65.07422727272727,4.545454545454546,64.04545454545455,99.70642201834862,5,2,0.3458929917106255,53,40.35764150943396,86,48.04469273743017,10,3,0.11082200507560329,0.1522675386297485,73.77622377622379,10.0,16.595744680851066,32.06106870229007,35.22727272727273,0.9101681491744436,34,35.483870967741936,19,1.0,0.9787117172088463,0.0,0.05151114301099191,28.2,1.772610348003946,-1.0,2.0,1.0
555,2026,21,1955799,2026-10-03,Sao Paulo 1.0 x 2.0 Santos FC,1241,Santos FC,38.11,61.89,Fora,15.434782608695652,118,0.7241379310344828,34.788108108108105,16.595744680851066,32.06106870229007,35.22727272727273,2.180336935599564,49,44.19084269662921,3.3707865168539324,40.82954545454545,84.27586206896552,10,3,0.11082200507560329,50,42.2919,57,33.72781065088758,5,2,0.3458929917106255,0.2156414254856096,26.223776223776223,15.92039800995025,17.562380038387715,15.436241610738255,12.195121951219512,0.4287069197925111,8,80.0,9,3.0,1.0115792944754256,2.0,0.1123976993861584,17.366666666666667,1.0115792944754256,1.0,1.0,2.0
556,2026,21,1955805,2026-10-03,Atletico MG 1.0 x 0.0 Red Bull Bragantino,5438,Red Bull Bragantino,65.02,34.98,Fora,9.875,99,0.7391304347826086,37.350326086956514,16.430976430976433,16.666666666666664,25.581395348837212,2.3888547055319864,13,66.48727272727272,5.05050505050505,62.02020202020202,100.6969696969697,9,1,0.2739946380697051,48,41.722187500000004,94,49.21465968586388,8,1,0.16435506626840596,0.12108547734709552,64.47368421052632,13.114754098360656,13.586956521739129,33.82352941176471,19.791666666666664,1.2905106181677435,28,52.63157894736842,23,2.0,1.2990671380578387,0.0,0.056481179915558205,27.6,1.2990671380578387,-1.0,1.0,0.0
557,2026,21,1955805,2026-10-03,Atletico MG 1.0 x 0.0 Red Bull Bragantino,1235,Atletico MG,34.98,65.02,Casa,13.181818181818182,121,0.84375,32.3925,13.586956521739129,33.82352941176471,19.791666666666664,2.706671855013859,40,49.970561797752815,4.49438202247191,52.48314606741573,88.31764705882352,8,1,0.16435506626840596,51,37.398529411764706,60,36.36363636363637,9,1,0.2739946380697051,0.01649602154636387,35.526315789473685,19.584569732937684,16.430976430976433,16.666666666666664,25.581395348837212,0.7217574315158437,14,27.27272727272727,8,2.0,0.7294987452976276,1.0,0.09118734316220345,14.85,0.7294987452976276,1.0,0.0,1.0
558,2026,29,1956013,2026-10-07,Red Bull Bragantino 1.0 x 1.0 Mirassol,5438,Red Bull Bragantino,72.77,27.23,Casa,7.038461538461538,108,0.45454545454545453,45.29421686746988,13.412698412698413,13.698630136986301,31.25,4.891631179970333,13,74.74870967741936,1.0752688172043012,47.43478260869565,110.02247191011236,6,2,0.0,52,43.423557692307696,96,52.17391304347826,15,5,0.10932129255560935,0.17316740258158747,85.83877995642702,10.675039246467819,15.475247524752476,45.689655172413794,28.07017543859649,2.049524203539451,48,50.0,33,3.0,2.2310067161372467,1.0,0.06760626412537112,33.666666666666664,2.2310067161372467,0.0,1.0,1.0
559,2026,29,1956013,2026-10-07,Red Bull Bragantino 1.0 x 1.0 Mirassol,6332,Mirassol,27.23,72.77,Fora,22.363636363636363,95,0.5588235294117647,22.054861111111112,15.475247524752476,45.689655172413794,28.07017543859649,2.7063725867081136,49,42.26181818181818,6.493506493506493,65.46052631578948,145.31578947368422,15,5,0.10932129255560935,39,28.53846153846154,53,33.33333333333333,6,2,0.0,0.041140094731919596,14.161220043572984,16.796875,13.412698412698413,13.698630136986301,31.25,0.9669794928498661,19,60.0,8,2.0,1.3565557760814235,1.0,0.16956947201017794,12.6,1.3565557760814235,0.0,1.0,1.0
560,2026,29,1956017,2026-10-07,Internacional 2.0 x 1.0 Corinthians,1219,Internacional,26.74,73.26,Casa,13.428571428571429,127,0.6590909090909091,38.115913043478265,15.92670157068063,34.81481481481482,22.093023255813954,2.523872172969136,28,52.13558823529412,1.4705882352941175,44.955882352941174,105.0,7,2,0.0,42,44.56000000000001,50,33.33333333333333,7,3,0.9429691948716903,0.21771570963567788,32.288401253918494,18.565400843881857,13.256814921090387,17.741935483870968,25.0,0.8553914218239109,23,81.81818181818183,17,2.0,1.460767903559566,2.0,0.085927523738798,11.616666666666667,1.460767903559566,1.0,1.0,2.0
561,2026,29,1956017,2026-10-07,Internacional 2.0 x 1.0 Corinthians,1237,Corinthians,73.26,26.74,Fora,6.714285714285714,88,0.8461538461538461,40.26971830985915,13.256814921090387,17.741935483870968,25.0,2.6367295852406665,20,65.01833333333335,2.2222222222222223,67.33333333333333,102.20238095238095,7,3,0.9429691948716903,41,35.8459756097561,93,51.955307262569825,7,2,0.0,0.4627379204821902,67.7115987460815,6.885245901639345,15.92670157068063,34.81481481481482,22.093023255813954,1.4888916726730708,29,68.42105263157895,22,3.0,2.1026117936395026,1.0,0.09557326334725012,31.833333333333332,2.1026117936395026,-1.0,2.0,1.0
562,2026,29,1956023,2026-10-07,Remo 1.0 x 1.0 Gremio,4617,Remo,59.73,40.27,Casa,10.192307692307692,136,0.6774193548387096,40.93059782608696,13.969849246231156,18.620689655172416,38.63636363636363,3.2368706563420635,24,64.88045454545455,5.681818181818182,45.69767441860465,87.58333333333333,4,1,0.3659977573862992,55,39.966818181818184,73,40.78212290502793,11,0,0.025644248900062852,0.05939836317559122,63.19218241042345,8.080808080808081,16.83794466403162,34.53237410071942,26.190476190476193,1.410526634476955,35,59.09090909090909,23,2.0,1.6267697687460159,1.0,0.07072912038026156,29.516666666666666,1.6267697687460159,0.0,1.0,1.0
563,2026,29,1956023,2026-10-07,Remo 1.0 x 1.0 Gremio,1244,Gremio,40.27,59.73,Fora,26.357142857142858,125,0.8,30.938571428571425,16.83794466403162,34.53237410071942,26.190476190476193,2.6280342770527803,34,48.4850625,1.25,47.68354430379747,126.74683544303798,11,0,0.025644248900062852,41,34.01743902439025,65,38.46153846153847,4,1,0.3659977573862992,0.09434153354393704,36.807817589576544,14.560439560439562,13.969849246231156,18.620689655172416,38.63636363636363,0.7580994947648905,30,64.70588235294117,17,6.0,2.8357091001243813,1.0,0.16680641765437537,19.9,2.8357091001243813,0.0,1.0,1.0
564,2026,29,1956007,2026-10-08,Botafogo RJ 1.0 x 2.0 Vasco da Gama,1226,Vasco da Gama,47.02,52.98,Fora,16.5625,102,0.8333333333333334,34.62,11.708333333333334,25.438596491228072,25.0,1.8572260494632165,26,59.92134615384616,2.564102564102564,57.04,160.50704225352112,3,1,0.0,40,38.322375,61,36.74698795180723,7,3,0.7469755781982856,0.41108792810158823,60.507246376811594,7.9908675799086755,16.291079812206572,23.140495867768596,25.352112676056336,0.9621492576417254,25,50.0,17,3.0,2.137017898325789,2.0,0.12570693519563464,21.3,2.137017898325789,1.0,1.0,2.0
565,2026,29,1956007,2026-10-08,Botafogo RJ 1.0 x 2.0 Vasco da Gama,1227,Botafogo RJ,52.98,47.02,Casa,16.0625,102,0.8,32.35563829787234,16.291079812206572,23.140495867768596,25.352112676056336,2.909137674736185,21,59.16818181818182,3.896103896103896,59.01315789473684,126.04054054054055,7,3,0.7469755781982856,40,37.548,70,49.645390070921984,3,1,0.0,0.03201206254511346,39.492753623188406,13.368983957219251,11.708333333333334,25.438596491228072,25.0,0.39270185279658687,15,42.857142857142854,11,0.0,0.41306707687528393,1.0,0.03755155244320763,24.0,0.41306707687528393,-1.0,2.0,1.0
566,2026,29,1956009,2026-10-08,Santos FC 2.0 x 2.0 Flamengo,1241,Santos FC,44.12,55.88,Casa,9.441176470588236,119,0.7857142857142857,41.14674757281554,16.76655052264808,21.374045801526716,30.612244897959183,2.450410877506304,21,64.34855421686748,2.4096385542168677,66.87654320987654,99.46153846153847,7,4,0.30831168152442284,58,41.74112068965517,63,38.88888888888889,9,1,0.028823529411764706,0.12501896274355184,51.590106007067135,7.575757575757576,16.41659311562224,28.57142857142857,22.857142857142858,0.7560799315386038,20,50.0,14,1.0,0.7454794139869999,0.0,0.05324852957049999,18.883333333333333,2.333276675577199,0.0,2.0,2.0
567,2026,29,1956009,2026-10-08,Santos FC 2.0 x 2.0 Flamengo,1239,Flamengo,55.88,44.12,Fora,11.318181818181818,102,0.6956521739130435,36.3678488372093,16.41659311562224,28.57142857142857,22.857142857142858,2.523385737171303,31,54.36035294117647,1.1764705882352942,53.31707317073171,157.7560975609756,9,1,0.028823529411764706,44,40.20068181818181,69,44.516129032258064,7,4,0.30831168152442284,0.14268509199542612,48.409893992932865,9.147609147609149,16.76655052264808,21.374045801526716,30.612244897959183,0.7133923298017915,22,46.666666666666664,12,5.0,1.8978249182709268,2.0,0.15815207652257723,23.916666666666668,1.8978249182709268,0.0,2.0,2.0
568,2026,29,1956015,2026-10-08,Cruzeiro 2.0 x 0.0 Sao Paulo,1224,Sao Paulo,45.05,54.95,Fora,7.833333333333333,124,0.6956521739130435,37.66433628318584,16.224489795918366,25.0,28.125,2.9710154326565914,32,56.98466666666666,3.3333333333333335,50.449438202247194,110.8409090909091,9,4,0.1010558277971092,50,43.85850000000001,67,35.26315789473684,12,2,0.05563722718534435,0.09410307855742595,46.801346801346796,14.035087719298245,15.946666666666667,20.408163265306122,21.53846153846154,0.3250174984518841,24,57.14285714285714,19,1.0,1.0190845304288627,0.0,0.053636027917308565,18.75,1.0190845304288627,-2.0,2.0,0.0
569,2026,29,1956015,2026-10-08,Cruzeiro 2.0 x 0.0 Sao Paulo,1230,Cruzeiro,54.95,45.05,Casa,12.238095238095237,110,0.68,34.53692307692308,15.946666666666667,20.408163265306122,21.53846153846154,2.2317410431394156,26,59.20412790697676,6.976744186046512,47.88095238095238,79.55952380952381,12,2,0.05563722718534435,51,36.908529411764704,77,43.75,9,4,0.1010558277971092,0.0829696287538999,53.198653198653204,11.304347826086957,16.224489795918366,25.0,28.125,1.0590243334331644,30,55.55555555555556,23,7.0,3.429742984723349,2.0,0.149119260205363,22.866666666666667,3.429742984723349,2.0,0.0,2.0
570,2026,29,1956021,2026-10-08,Vitoria 4.0 x 0.0 Chapecoense AF,8865,Chapecoense AF,47.86,52.14,Fora,13.586206896551724,107,0.47058823529411764,38.92575949367088,16.93324520819564,22.900763358778626,34.54545454545455,4.034777296754352,25,60.48724137931035,2.2988505747126435,72.63218390804597,109.85057471264368,12,5,0.7811806388493103,47,36.46627659574468,69,46.93877551020408,7,1,0.015115163147792706,0.04128907552185357,61.261261261261254,13.441955193482688,16.54427645788337,30.630630630630627,20.28985507246377,0.5326833522885241,15,28.57142857142857,11,0.0,0.42141208101237254,0.0,0.03831018918294296,23.15,0.42141208101237254,-4.0,4.0,0.0
571,2026,29,1956021,2026-10-08,Vitoria 4.0 x 0.0 Chapecoense AF,1238,Vitoria,52.14,47.86,Casa,13.947368421052632,111,0.6086956521739131,32.04163366336634,16.54427645788337,30.630630630630627,20.28985507246377,1.9980556878286073,24,54.841499999999996,2.857142857142857,43.85507246376812,69.69117647058823,7,1,0.015115163147792706,55,38.48727272727273,64,40.76433121019109,12,5,0.7811806388493103,0.2965882503103445,38.73873873873874,9.05511811023622,16.93324520819564,22.900763358778626,34.54545454545455,1.6769567385275304,25,73.68421052631578,20,5.0,2.785660336813439,4.0,0.13928301684067196,25.216666666666665,2.785660336813439,4.0,0.0,4.0
572,2026,29,1956005,2026-10-09,Fluminense 4.0 x 0.0 Coritiba,1232,Fluminense,70.87,29.13,Casa,28.09090909090909,82,0.46153846153846156,41.76485915492958,18.892128279883384,17.17171717171717,12.5,1.7452976348213016,18,57.92625,3.571428571428571,59.77358490566038,84.49056603773585,4,1,0.15787691662071285,46,45.716086956521735,69,50.36496350364964,9,1,0.5059377033793051,0.25384146506763194,80.52805280528052,4.925544100801833,18.67359168997203,35.714285714285715,27.419354838709676,1.0070477852042579,26,70.58823529411765,22,2.0,1.8313306594860315,4.0,0.08324230270391052,41.71666666666667,1.8313306594860315,4.0,0.0,4.0
573,2026,29,1956005,2026-10-09,Fluminense 4.0 x 0.0 Coritiba,1236,Coritiba,29.13,70.87,Fora,57.2,61,0.5384615384615384,34.51566176470588,18.67359168997203,35.714285714285715,27.419354838709676,2.1536664225727784,29,44.905573770491806,0.0,97.3,241.3859649122807,9,1,0.5059377033793051,27,44.026111111111106,50,43.103448275862064,4,1,0.15787691662071285,0.08037257902225736,19.471947194719473,9.203980099502488,18.892128279883384,17.17171717171717,12.5,0.2191005536494539,6,100.0,8,3.0,1.8784781424260397,0.0,0.23480976780325497,17.15,1.8784781424260397,-4.0,4.0,0.0
574,2026,29,1956011,2026-10-09,Palmeiras 1.0 x 0.0 Bahia,1234,Palmeiras,33.91,66.09,Casa,16.47826086956522,110,0.7857142857142857,39.46366666666667,14.610591900311526,23.333333333333332,13.20754716981132,2.30724706978792,19,63.52327868852459,1.639344262295082,60.13333333333333,96.30508474576271,4,1,0.25014740114152606,44,43.52488636363637,54,38.57142857142858,7,1,0.4629572198533501,0.16885994484913658,55.852842809364546,9.408602150537634,17.368421052631582,31.958762886597935,29.850746268656714,1.1186095537439205,34,55.00000000000001,25,4.0,2.8928882995369576,1.0,0.1157155319814783,16.466666666666665,2.8928882995369576,1.0,0.0,1.0
575,2026,29,1956011,2026-10-09,Palmeiras 1.0 x 0.0 Bahia,1221,Bahia,66.09,33.91,Fora,16.916666666666668,95,0.5,31.2913125,17.368421052631582,31.958762886597935,29.850746268656714,3.264539510136568,24,58.266486486486485,4.054054054054054,56.932432432432435,112.05405405405405,7,1,0.4629572198533501,37,39.12810810810811,75,51.724137931034484,4,1,0.25014740114152606,0.15289120536127587,44.14715719063545,7.2727272727272725,14.610591900311526,23.333333333333332,13.20754716981132,0.6676754405873493,8,42.857142857142854,10,0.0,0.48070708124880757,0.0,0.048070708124880755,32.1,0.48070708124880757,-1.0,1.0,0.0
576,2026,29,1956019,2026-10-09,Athletico Paranaense 2.0 x 2.0 Atletico MG,1243,Athletico Paranaense,52.38,47.62,Casa,13.32,93,0.75,42.17926829268293,17.925493060628195,25.185185185185183,18.181818181818183,2.12204042185719,19,63.657794117647065,1.4705882352941175,61.794117647058826,100.6969696969697,11,2,0.1397551817119589,46,43.1070652173913,67,44.07894736842105,14,1,0.19659110798853124,0.08252479356410403,61.31805157593123,9.12621359223301,16.93227091633466,38.13559322033898,34.66666666666667,1.1887402460076788,35,57.692307692307686,31,3.0,2.3886325613585973,2.0,0.07705266326963217,25.1,2.3886325613585973,0.0,2.0,2.0
577,2026,29,1956019,2026-10-09,Athletico Paranaense 2.0 x 2.0 Atletico MG,1235,Atletico MG,47.62,52.38,Fora,19.6,90,0.75,32.74846153846154,16.93227091633466,38.13559322033898,34.66666666666667,2.3647055672363053,23,56.690067567567574,4.054054054054054,58.18571428571428,96.94285714285714,14,1,0.19659110798853124,44,38.26295454545455,76,48.40764331210191,11,2,0.1397551817119589,0.2015124611727961,38.68194842406877,7.520325203252034,17.925493060628195,25.185185185185183,18.181818181818183,0.6786238635526161,12,60.0,15,2.0,1.300587303568698,2.0,0.08670582023791319,22.816666666666666,1.300587303568698,0.0,2.0,2.0
