,Temporada,rodada,game_id,data,partida,team_id,clube,possession,opponent_possession,place,Defesa,Transição defensiva,Transição ofensiva,Ataque,Criação de chances,PPDA,Intensidade defensiva,Duelos defensivos vencidos (%),Altura defensiva (m),Velocidade do passe adversário,Entradas do adversário no último terço (%),Entradas do adversário na área (%),xT adversário,Perdas de posse na linha baixa,Altura da perda de posse (m),Recuperações de posse em 5s (%),Tempo médio ação defensiva (s),Tempo médio para recuperação de posse,Entradas do adversário no último terço em 10s da recuperação da posse,Entradas do adversário na área em 10s da recuperação da posse,xG do adversário em 10s da recuperação da posse,Recuperações de posse,Altura da recuperação de posse (m),Posse mantida em 5s,Posse mantida em 5s (%),Entradas no último terço em 10s,Entradas na área em 10s,xG em 10s da recuperação da posse,xT em 10s da recuperação da posse,Field tilt (%),Bola longa (%),Velocidade do passe,Entradas no último terço (%),Entradas na área (%),xT (Ameaça esperada),Toques na área,"Finalizações (pEntrada na área, %)",Finalizações (exceto pênaltis),Grandes oportunidades,xG (exceto pênaltis),Gols (exceto pênaltis),xG (pFinalização),Bola em jogo (minutos),xG (Total),Diferença de gols,Gols sofridos,Gols marcados
0,2026,29,1956005,2026-10-09,Fluminense 4.0 x 0.0 Coritiba,1232,Fluminense,70.87,29.13,Casa,0.790968898241687,0.74485420793098,0.33052838885755026,0.814728438380824,0.37625886254037927,-1.0274327208912424,-1.3076493625575027,-1.617427120267147,1.0397364984850357,-1.6173879475087785,1.198482216643604,2.0137899263681125,1.2769839423780052,0.9860364264756145,-0.022570897396480948,0.3564149799854559,-0.1311416568123387,0.8533628352531246,1.2821519169394437,0.7337993857053428,0.36228456627187194,0.14827388113121615,1.4616986675024128,0.08021877784049804,1.1876266761649155,0.2262621029893136,-0.7337993857053428,0.8759280080636636,0.8005162893872038,1.729295670416199,-1.5807951036496073,1.4949347918648659,1.1330832937842943,0.2504136339895391,0.14612115533326336,0.19733496679905785,0.7861355633593846,0.5930828166904202,-0.36842105263157904,0.08170665763346635,2.3000040939945547,-0.37926563029861876,2.5170136340251075,-0.011887346540400696,2.0254787341673333,1.2982182950039511,2.2830735532828106
1,2026,29,1956005,2026-10-09,Fluminense 4.0 x 0.0 Coritiba,1236,Coritiba,29.13,70.87,Fora,-1.2949999035763473,-0.45028750837091946,-0.9521986734666746,-1.6370600741057084,-0.3113302711658926,-3.7081859279767255,-2.5363131931484455,-1.0135488114068125,-0.3551320682063092,-1.4949347918648679,-1.1330832937842943,-0.2504136339895391,0.7177797608491374,-0.49977188739174966,-1.8089154288079572,-1.6120068251266593,-3.2338601521445596,-3.379319152875321,-0.2262621029893136,0.7337993857053428,-0.8759280080636636,-2.534777301243179,1.0522838409951099,-1.5241567789694581,-0.006039515335804111,-1.2821519169394437,-0.7337993857053428,-0.36228456627187194,-0.690590498937735,-1.7292956704161992,-0.3558874061392056,1.6173879475087762,-1.198482216643604,-2.0137899263681125,-1.6066724829949175,-1.8266134106271772,2.736397359570989,-1.4320780207890624,0.15789473684210517,0.13708395694647746,-1.171700198827415,2.553829918287064,-0.9014679807846304,0.04515142603800275,-2.0254787341673333,-2.2830735532828106,-1.2982182950039511
2,2026,29,1956011,2026-10-09,Palmeiras 1.0 x 0.0 Bahia,1234,Palmeiras,33.91,66.09,Casa,0.8283079768549363,0.9030540078934544,-0.2384269167220743,0.5015248839331251,0.6999847129427499,0.042014760630788524,0.3305690782304206,0.9274886099299784,0.5969480220513532,0.7816960726795653,0.42371297699168764,1.9064105632302943,0.5074724535803865,0.8509629433967633,0.7453017855322679,-0.7084689473702784,-0.16088598750317323,0.5346339184551371,1.2821519169394437,0.7337993857053428,0.03403594269755052,-0.13415255911872015,0.9308567545750227,-1.1863935038515725,-0.7510243471097587,-0.3771035049821893,-0.7337993857053428,0.723026626530643,0.07003069875035606,0.3315408222862476,-0.29730452083498776,0.7636052545048164,0.6608592068914999,0.6194084861010724,0.3942910204536803,1.0069143177695519,-0.24750318863276594,1.0270458532931663,0.6842105263157894,1.3285642098365185,-0.30377412562192246,0.24914815348939218,-0.9965546471395825,1.2723794060829967,0.5063696835418333,1.2982182950039511,-0.4028953329322607
3,2026,29,1956011,2026-10-09,Palmeiras 1.0 x 0.0 Bahia,1221,Bahia,66.09,33.91,Fora,-0.5868748418565051,0.3276513891935278,-0.45887940762675133,-0.8176197876646162,-1.3309648142978365,0.0016405094989010948,-0.5470479436202527,-1.3154879658369798,-0.9755515705691492,-0.7636052545048184,-0.6608592068914999,-0.6194084861010724,-0.8034062218846983,0.17559552800250677,0.024107138084072464,0.6224179266222286,0.10376744134110834,0.10976244866720054,0.3771035049821893,0.7337993857053428,-0.723026626530643,-1.1226450999934972,-0.13431007107318488,0.5868636905173262,1.4110511972777007,-1.2821519169394437,-0.7337993857053428,-0.03403594269755052,-0.06723366256636613,-0.331540822286248,-0.9088012405576963,-0.7816960726795672,-0.42371297699168764,-1.9064105632302943,-0.6088147881502349,-1.6242185728845537,-1.0526827016401292,-1.142769329720565,-1.4210526315789473,-1.5046746608861798,-1.171700198827415,-1.059897502242875,1.178842744102978,-1.6458645244128154,-0.5063696835418333,0.4028953329322607,-1.2982182950039511
4,2026,29,1956019,2026-10-09,Athletico Paranaense 2.0 x 2.0 Atletico MG,1243,Athletico Paranaense,52.38,47.62,Casa,0.5078122247903154,0.20500860243406693,0.2030053982607062,0.9948121447602889,0.6917875581258998,0.33286953109891787,-0.6640635465336757,0.6471165379591087,1.1194758473930075,-1.0757508102112843,0.19085883392690414,1.1515011011704808,0.7610871642933859,0.8509629433967633,0.7637563494095907,-0.8014801994922589,-0.29820116120147233,0.4161508242391588,-0.8296277109608166,0.034942827890730485,0.4267519262458563,0.14827388113121615,0.8296350876704035,-0.0886628597184447,0.15431548635467132,1.734676122918071,-0.7337993857053428,-0.22456035147799838,-0.672090456731666,0.6411236809843188,-0.3781518021455528,0.5192161545113344,1.4375414953702097,1.350286210336248,0.5502971923503794,1.1081117366408637,-0.06897922421031988,1.894971926498659,0.15789473684210517,0.7362882450954505,0.56415194758357,-0.4990459793341635,0.20478421071078698,0.6623335122670286,0.0,-0.49242762913942983,0.49242762913942983
5,2026,29,1956019,2026-10-09,Athletico Paranaense 2.0 x 2.0 Atletico MG,1235,Atletico MG,47.62,52.38,Fora,-1.0737129684913485,-0.22059352382628175,0.22310662621059418,-0.6419858918923408,-0.4082931868876935,-0.24547660114800662,-0.8395869509038104,0.6471165379591087,-0.6951713737937653,-0.5192161545113365,-1.4375414953702097,-1.350286210336248,0.42879104353820446,0.3106690110813581,-0.19216636917375696,0.6224179266222286,0.0001449456599694276,0.5174282657905512,-1.734676122918071,0.7337993857053428,0.22456035147799838,-0.13415255911872015,-0.3439028275128,0.6713045092967976,0.8658774454187474,0.8296277109608166,-0.034942827890730485,-0.4267519262458563,0.3507057515282015,-0.6411236809843188,-0.8379144466265653,1.0757508102112823,-0.19085883392690414,-1.1515011011704808,-0.5844599514876595,-1.2194288973993068,0.08404131672320644,-0.4194976020493212,-0.36842105263157904,-0.5416804639319468,0.56415194758357,-0.31224050815401383,-0.11294440613380893,-0.65397781856385,0.0,-0.49242762913942983,0.49242762913942983
6,2026,29,1956007,2026-10-08,Botafogo RJ 1.0 x 2.0 Vasco da Gama,1226,Vasco da Gama,47.02,52.98,Fora,0.024285787225147085,0.6185562071940002,0.13586125482381486,0.03254032920512961,0.24980205870353206,0.03425689832652101,-0.1374933334232718,1.3013180392244719,-0.33505562154863094,2.4079258960936456,0.15899458277067013,0.11675451093332315,1.123713566734735,-0.0945514381551958,0.2511421603006585,-0.19878091376411505,0.09487365597550006,-1.1973892708479987,1.583834720925195,0.7337993857053428,0.9239254945062668,-0.6990054396185927,-0.32950758325248886,-0.5953077723952729,-1.0509304986122665,-0.3771035049821893,0.6639137299238818,1.73341077787358,2.152178099267551,0.5951947142948352,-0.7031991022000971,0.15993593464912784,-0.44796059850091274,-0.06331689359713218,0.04624409462372819,0.09613754792774609,-0.5790476939887392,-0.1301889109808237,0.15789473684210517,0.4407530513282685,0.56415194758357,0.4424992811364653,-0.3239904217021169,0.3579314392999188,0.5063696835418333,0.4028953329322607,0.49242762913942983
7,2026,29,1956007,2026-10-08,Botafogo RJ 1.0 x 2.0 Vasco da Gama,1227,Botafogo RJ,52.98,47.02,Casa,0.042990314511974284,0.11045477541761056,-0.745896141919928,-0.5228597736618809,-1.0959323691676888,0.08030356490669015,-0.1374933334232718,1.0396374387183267,-0.7707572298642124,-0.15993593464912986,0.44796059850091274,0.06331689359713218,-0.31673290492229056,0.5808159772390606,0.147813349373074,0.5353624168138301,-0.06826885254336564,-0.26756123228975665,0.3771035049821893,-0.6639137299238818,-1.73341077787358,-0.6990054396185927,-0.5171082564440979,0.16465959661996943,1.0693413800517488,-1.583834720925195,-0.7337993857053428,-0.9239254945062668,-1.1062886454463094,-0.5951947142948352,0.8365448955306484,-2.4079258960936474,-0.15899458277067013,-0.11675451093332315,-1.2204952866486949,-0.9158366407853714,-1.0526827016401292,-0.9981149841863163,-1.4210526315789473,-1.5841215482734061,-0.30377412562192246,-1.2634615632012889,0.05171786974915674,-1.727695039767639,-0.5063696835418333,-0.49242762913942983,-0.4028953329322607
8,2026,29,1956009,2026-10-08,Santos FC 2.0 x 2.0 Flamengo,1241,Santos FC,44.12,55.88,Casa,0.309600022377335,0.11341823392341105,0.18346184677828417,-0.13227852143129498,-0.8556337649729844,0.6900833186631947,0.8571392913408246,0.9274886099299784,0.9208013432964799,-0.426357630592279,0.6700762153793137,-0.7349756755884189,0.31142955725493043,0.5808159772390606,0.8585237412108883,-0.2839150048100512,-0.718420778643225,0.4494799567394839,0.3771035049821893,-1.362770287738494,-0.17288119961538664,1.842832522630834,0.49872033326111453,-0.4264261348363302,-0.6988394192801822,0.2262621029893136,-0.7337993857053428,-0.8213869210382628,-0.3068183576698841,0.0900733319305695,-0.8220442688807901,0.23026511881355016,0.23493159910584294,-0.44196058215071554,-0.41215843461087676,-0.40984954642881266,-0.5790476939887392,-0.56415194758357,-0.8947368421052632,-1.1936850638698586,-1.171700198827415,-0.9596976010070593,-0.6602725344208497,0.5953642578536203,0.0,-0.49242762913942983,0.49242762913942983
9,2026,29,1956009,2026-10-08,Santos FC 2.0 x 2.0 Flamengo,1239,Flamengo,55.88,44.12,Fora,0.11290742223291858,-0.19354207036847623,0.15038365066069115,-0.1330727871129799,0.2993265044295058,0.5172236398435223,-0.1374933334232718,0.22046338495995887,0.0012601484756754732,-0.23026511881355216,-0.23493159910584294,0.44196058215071554,0.2115006501123394,-0.7699188535494522,-0.5117867106404816,-0.9635855246191389,0.40268866843805773,-1.123175022794839,-0.2262621029893136,0.7337993857053428,0.8213869210382628,-0.13415255911872015,0.12553244716080883,0.08021877784049804,0.22618051111828047,-0.3771035049821893,1.362770287738494,0.17288119961538664,-0.15496354467474466,-0.0900733319305695,-0.3720262972926806,0.42635763059227694,-0.6700762153793137,0.7349756755884189,-0.5071172767304553,-0.20745470868618918,-0.8000773642260546,-0.8534606386520674,1.2105263157894735,0.15980780411488918,0.56415194758357,1.0703695139526788,0.040121934827821296,0.06855705193209359,0.0,-0.49242762913942983,0.49242762913942983
10,2026,29,1956015,2026-10-08,Cruzeiro 2.0 x 0.0 Sao Paulo,1224,Sao Paulo,45.05,54.95,Fora,0.25546658227139585,-0.6614435468181865,0.35999069948403367,-0.7464664313391209,-0.6008594714422528,0.838154952371974,1.1496782986243823,0.22046338495995887,0.25072632909609466,-0.12262338377525599,0.21414424823338227,-0.3575043429253742,-0.401465876712927,-0.9049923366283036,-0.15174945991663458,0.22518685964464846,0.6397873636427699,0.14249034809144231,-0.2262621029893136,-1.362770287738494,0.5644233573837253,0.7131267616310888,1.011678246446169,-0.0886628597184447,-1.2948462265969267,1.1313105149465679,-0.034942827890730485,-0.7259982446611487,-0.5725656385104481,-0.18119128536875195,1.027249074758522,-0.033049947182901225,-0.7915274805266722,-0.6420873952075723,-1.3710595642534875,-0.00505987094356566,-0.10541268633734974,0.15911978008767386,-0.8947368421052632,-0.8723208789344404,-1.171700198827415,-0.9521988302427427,-0.6788260302949866,-0.9945383672095492,-1.0127393670836666,-0.49242762913942983,-1.2982182950039511
11,2026,29,1956015,2026-10-08,Cruzeiro 2.0 x 0.0 Sao Paulo,1230,Cruzeiro,54.95,45.05,Casa,0.48502230191970713,-0.25954355678042484,0.3098040134797089,0.14657367454635903,1.1923341962847884,0.43250574678476966,0.3305690782304206,0.09758727689620429,-0.3510410310194371,0.03304994718289924,0.7915274805266722,0.6420873952075723,0.6108674413926528,-0.0945514381551958,0.1527448980893339,2.2332822825342173,0.8521521323715594,0.9863911698746066,-1.1313105149465679,0.034942827890730485,0.7259982446611487,0.854339981756057,-0.6720268848078443,0.755745328076269,0.10024228811020948,0.2262621029893136,1.362770287738494,-0.5644233573837253,-0.6682667348740359,0.18119128536875195,0.24544368696983612,0.12262338377525399,-0.21414424823338227,0.3575043429253742,0.2617433181246922,0.6021246422843048,-0.2106649102598804,0.7377371622246689,2.263157894736842,1.9591294221297784,0.56415194758357,0.8955687193768265,-0.10598684518100747,1.9218633315549174,1.0127393670836666,1.2982182950039511,0.49242762913942983
12,2026,29,1956021,2026-10-08,Vitoria 4.0 x 0.0 Chapecoense AF,8865,Chapecoense AF,47.86,52.14,Fora,-0.1285564389876375,-0.7059090848815496,-0.4244849230497354,-0.15223001376413217,-1.222203846756564,0.3083536506852002,0.15504567386028595,-1.5463826133424021,0.493445555913309,-0.5197620819138996,0.47810486079155295,-1.331890715398698,-1.8581396000642525,0.040522044923655486,0.32877897604982026,-0.3449766976981713,-1.1943024423140727,0.16920732331937868,-1.1313105149465679,-2.061626845553106,-1.8550939372964876,0.2894871012561843,-0.7791673865108193,0.08021877784049804,0.6244212506840819,-0.3771035049821893,-0.7337993857053428,-0.8701538954501775,-1.0265451401967434,0.637906730138919,0.8574364150071764,0.3018102462879884,0.49385821378791867,-0.8315794500826639,-0.9091055489007024,-0.9158366407853714,-1.9999527169429088,-0.9981149841863163,-1.4210526315789473,-1.574319884153693,-1.171700198827415,-1.2487806153946288,-0.06656066644846666,-1.7175992984160404,-2.0254787341673333,-2.2830735532828106,-1.2982182950039511
13,2026,29,1956021,2026-10-08,Vitoria 4.0 x 0.0 Chapecoense AF,1238,Vitoria,52.14,47.86,Casa,0.07904875927140405,0.21018041893723807,0.858090900242977,0.46305425398092204,0.9430686354070235,0.27509308208464245,0.3890768796871321,-0.46218165983868015,-0.8311770488994209,-0.30181024628799047,-0.49385821378791867,0.8315794500826639,0.9308669902597188,0.17559552800250677,-0.44577674294108655,-0.03726938103696697,1.1850155846259767,1.2526167974821265,0.3771035049821893,0.7337993857053428,0.8701538954501775,1.4191928622559296,-0.2895593351244751,-0.34198531605685883,-0.3905494793952627,1.1313105149465679,2.061626845553106,1.8550939372964876,1.1679598298835925,-0.6379067301389193,-0.39850629691479234,0.5197620819138975,-0.47810486079155295,1.331890715398698,1.6363378914554623,0.09613754792774609,0.9914262787500789,0.30377412562192263,1.2105263157894735,1.2026190985350231,2.3000040939945547,0.7052202061990762,0.22101851960065638,1.142655590548355,2.0254787341673333,1.2982182950039511,2.2830735532828106
14,2026,29,1956013,2026-10-07,Red Bull Bragantino 1.0 x 1.0 Mirassol,5438,Red Bull Bragantino,72.77,27.23,Casa,0.6201962004306968,1.165121091847909,1.4111709116861426,1.8079567352129233,0.7826316121751232,0.9113573453968582,0.21355347531699748,-1.6723251483453596,1.718844800939497,1.4529147356184238,1.635192477484904,-0.8317631967840715,-3.0314816595588376,1.661403841869871,2.285351388663094,-1.0193637010068826,0.889041859273502,0.1645699268325816,0.6787863089679408,0.034942827890730485,0.9239254945062668,0.995553201881025,0.9063087940199036,2.360120884886225,1.4849863648923176,2.0363589269038225,2.061626845553106,-0.5350192912376572,0.10705681687277387,2.0301277453545272,0.06527389513026602,-0.29720141756941054,2.3873985915248896,0.3491840121559231,2.465116591816352,2.4236781819679165,-0.5790476939887392,2.1842806175671563,0.15789473684210517,0.5511480622908674,-0.30377412562192246,-0.681850324989975,1.3968463206240869,0.471638608161557,0.0,0.4028953329322607,-0.4028953329322607
15,2026,29,1956013,2026-10-07,Red Bull Bragantino 1.0 x 1.0 Mirassol,6332,Mirassol,27.23,72.77,Fora,-1.327619921264267,-2.367711821711742,-1.0920622882412292,-0.6941420106067834,-0.33967918785788054,-0.4999890855183959,-0.5470479436202527,-0.8536986708261354,-2.752801522061525,0.2972014175694086,-2.3873985915248896,-0.3491840121559231,-0.03907435585029079,-3.2012415489687753,-2.1716199654212636,1.9669419114408226,-0.6013432001977015,-0.7875637279731784,-2.0363589269038225,-2.061626845553106,0.5350192912376572,-0.8402186597435609,-2.6997658584202853,-1.270834322631044,-1.612075656297775,-0.6787863089679408,-0.034942827890730485,-0.9239254945062668,-1.0278257517938136,-2.0301277453545272,1.8179432676938108,-1.4529147356184258,-1.635192477484904,0.8317631967840715,0.05698898362822599,-0.5110469653001244,0.08404131672320644,-1.4320780207890624,-0.36842105263157904,-0.47594242955219035,-0.30377412562192246,1.2913160862211672,-1.5346060274895545,-0.5862674600007843,0.0,0.4028953329322607,-0.4028953329322607
16,2026,29,1956017,2026-10-07,Internacional 2.0 x 1.0 Corinthians,1219,Internacional,26.74,73.26,Casa,0.12614150013210126,-0.1924151844974012,0.0029474204477946686,-0.6095173672849886,-0.13219369003379886,0.3228708263557954,1.325201702994517,-0.06655782705765101,0.3376173591609801,0.04423703950101225,-1.019982710009971,0.557925537778623,0.21083454403285362,-0.3646984043128984,-0.8170086665496262,-0.8014801994922589,1.0939996110938544,0.30006482688896996,0.3771035049821893,0.034942827890730485,0.9239254945062668,-0.41657899936865644,1.181624167019424,-1.5241567789694581,-1.612075656297775,-0.3771035049821893,0.6639137299238818,2.4306503690224317,0.48998590906376605,-1.0032933060981148,2.324268691300675,-1.5402613235190468,-1.1267822605679372,-0.11675451093332315,-0.1912393915405793,-0.10625728981487742,1.5307809764583613,-0.1301889109808237,-0.36842105263157904,-0.35353958181701167,0.56415194758357,-0.3273019066905554,-1.6714380595613145,-0.4601921858085049,0.5063696835418333,0.4028953329322607,0.49242762913942983
17,2026,29,1956017,2026-10-07,Internacional 2.0 x 1.0 Corinthians,1237,Corinthians,73.26,26.74,Fora,0.47128173242540444,0.3448729815494881,0.46727831368322414,0.6708341080544935,0.222480930642265,0.9412117775752095,-0.9566025538172335,1.4019644240345273,0.7520460335547213,1.540261323519045,1.1267822605679372,0.11675451093332315,0.05629203551681414,0.7158894603179119,0.9504126908217329,-0.38721103527912076,-0.7561886059449123,0.3755382431742413,0.3771035049821893,-0.6639137299238818,-2.4306503690224317,-0.5577922194936246,-0.9294419725355181,2.106798428547811,1.4490513951578379,-0.3771035049821893,-0.034942827890730485,-0.9239254945062668,2.5961519784535962,1.0032933060981148,-1.0197363846691496,-0.044237039501014236,1.019982710009971,-0.557925537778623,1.2179859538885112,0.5009272234129931,0.6424320625858974,0.5930828166904202,0.15789473684210517,0.40034119816886105,-0.30377412562192246,-0.14063997439642026,1.1417357523547038,0.31630711795476973,-0.5063696835418333,-0.49242762913942983,-0.4028953329322607
18,2026,29,1956023,2026-10-07,Remo 1.0 x 1.0 Gremio,4617,Remo,59.73,40.27,Casa,0.16598325585607637,0.7807608821496612,0.07202368828062992,0.7098330343718606,0.0920228866898492,0.6209091408142529,1.8517719161049209,0.07732813363121166,0.8792104648612202,1.140725011401557,1.0162866238255157,-1.952738669540992,-0.7655175800391955,0.17559552800250677,0.9314966979513516,1.5195733193698877,1.0326675612287468,0.7699269886989778,1.2821519169394437,0.7337993857053428,-0.3780971481324186,1.4191928622559296,0.06887646573468503,0.41798205295838353,-0.3876248357155289,0.8296277109608166,-1.432655943519955,-0.832697086551563,-0.87088101870608,0.7472859167008498,-0.6774493160859467,0.466362088932403,0.9844682651684352,0.06391552863189533,1.043662426986262,1.1081117366408637,0.023760497567575194,0.7377371622246689,-0.36842105263157904,-0.1585613051050769,-0.30377412562192246,-0.6214175944294389,0.8193687615415739,-0.25936401756867045,0.0,0.4028953329322607,-0.4028953329322607
19,2026,29,1956023,2026-10-07,Remo 1.0 x 1.0 Gremio,1244,Gremio,40.27,59.73,Fora,-0.40824890436499245,-0.47248650121636926,-0.7957047618697608,-0.05462494358208074,0.7473926446414748,-0.8677644095028638,1.2081861000810938,1.0396374387183267,-1.0434249372649294,-0.46636208893240505,-0.9844682651684352,-0.06391552863189533,0.06819904908932876,-1.1751393027860062,-1.317834934638609,-0.9230591933374189,0.8684740136537633,-0.28661546672590016,-0.8296277109608166,1.432655943519955,0.832697086551563,-0.5577922194936246,-1.3724246287035509,-0.25754449727738743,-0.7690883605892275,-1.2821519169394437,-0.7337993857053428,0.3780971481324186,-0.5705159230992151,-0.7472859167008502,1.1776562596061373,-1.140725011401559,-1.0162866238255157,1.952738669540992,-0.4076659033429492,0.6021246422843048,0.39608320411706305,-0.1301889109808237,1.7368421052631577,1.2614041104442,-0.30377412562192246,1.23784615171911,-0.5188021283805554,1.2032043165949948,0.0,0.4028953329322607,-0.4028953329322607
20,2026,28,1955999,2026-09-21,Athletico Paranaense 2 x 1 Bahia,1221,Bahia,51.19,48.81,Fora,-0.19611844233884432,0.053468957593216127,-0.6358062679026258,-0.38835660336360794,-0.6269171717104146,0.14694242495960344,-0.24514489835785572,0.610099827636678,-0.8262141364072569,0.10368775517677234,-0.20552203753689605,-0.03735427701235867,0.6450109090003691,0.32409913742710467,-0.18507095490605643,-1.3483762231361869,-1.8815408397960582,-1.5012964269764195,-0.0413999908920031,0.11624763874381938,0.8234885975471796,-0.009046532913459594,-0.9995348538038192,-0.1768655264995366,0.1977780284817043,-0.5105998876680369,-1.2787240261820123,-0.8098419394431492,-0.8400667803488904,-0.6244860957421147,-1.066286060719849,0.32644567280853737,-0.3475937407781536,0.2896063525298619,-0.8709529294640254,-0.6514881952152355,-0.20444081986542373,-0.6594268496062852,-0.6609304554087898,-0.9032869156617219,-0.1714985851425088,-0.6536280743862176,0.3918772402251109,-0.18542126549001198,-0.49386479832479485,-0.5259237061407775,-0.28318968792195726
21,2026,28,1955999,2026-09-21,Athletico Paranaense 2 x 1 Bahia,1243,Athletico Paranaense,48.81,51.19,Casa,-0.24935329789783386,0.7476010846714278,-0.20036887096179687,0.07539601887384481,-0.14978658991027594,-0.7068463287041925,-1.6565852222364201,1.2332896565645746,0.36281019314820223,-0.32644567280853737,0.3475937407781536,-0.28960635252986194,0.9037225154349644,0.5515371286040202,0.6495432962316418,-1.3483762231361869,-0.7695344887821224,0.9030507237331121,0.5105998876680369,1.2787240261820123,0.8098419394431492,-0.7327691659902683,0.14879700490126857,0.28452280349925513,0.5634194559835419,0.0413999908920031,-0.11624763874381938,-0.8234885975471796,-0.8279162203292202,0.6244860957421147,0.5787087125151519,-0.10368775517677234,0.20552203753689605,0.03735427701235867,-0.5657783347959902,0.05455812472245824,-1.854982796472576,-0.39826770124736044,-0.08620832027071167,-0.6191011890010794,0.6859943405700353,-0.4607160065423994,0.1923860370421747,-0.7240462280075632,0.49386479832479485,0.28318968792195726,0.5259237061407775
22,2026,28,1955984,2026-09-20,Flamengo 2 x 1 Red Bull Bragantino,1239,Flamengo,65.12,34.88,Casa,0.9563694502950961,0.6445098801757596,0.808989659833053,0.6271800181109067,0.9523395353260231,0.896798287056893,0.49771842999928345,-1.2236541517373605,0.2800120868510505,2.723320902439497,0.5965460330143282,1.8471171106772248,0.5628986771977724,0.6652561241924779,0.3994594219405313,1.1960220119526643,0.9249360173100049,0.9353955621360435,0.23459994838801693,1.2787240261820123,-0.03847065233044773,1.0765374167017534,0.7404007356952874,0.5921150234984496,0.2959952089395255,-0.786599826948057,2.2087051361325662,2.198556702178001,1.022779473918319,0.7947883807003585,-0.3511567089246189,0.4831760292061449,0.14923032159247618,0.5908028606104629,0.9738985095403291,0.5038603283191724,-0.6301758535140937,-0.39826770124736044,1.6379580851435227,1.2322432371229757,0.6859943405700353,2.1911762873754235,0.9657560439020514,1.0756056140231214,0.49386479832479485,0.28318968792195726,0.5259237061407775
23,2026,28,1955984,2026-09-20,Flamengo 2 x 1 Red Bull Bragantino,5438,Red Bull Bragantino,34.88,65.12,Fora,-0.2859552064511808,-0.7414594041129527,-0.6090024469726887,-1.0467378326688799,-0.7583069360226445,-0.3404211342142335,-0.24514489835785572,-0.08862816237338723,0.10597664414484674,-0.4831760292061449,-0.14923032159247618,-0.590802860610463,-0.09941511850059154,-0.9268098140459303,-0.6169224932213715,-1.3483762231361869,0.4156540686513437,-0.04764087319582393,0.786599826948057,-2.2087051361325662,-2.198556702178001,-0.7327691659902683,0.3071495032556406,-1.3303363514965159,-1.5332383913496037,-0.23459994838801693,-1.2787240261820123,0.03847065233044773,-0.38473469303495894,-0.7947883807003588,1.18732102037626,-2.723320902439497,-0.5965460330143282,-1.8471171106772244,-0.9484998062836076,-0.7156742243004803,0.090298818814425,0.12405059547048919,-1.2356525905468678,-0.7751701327247106,-1.028991510855053,-0.9902006518440792,-1.2915005838939144,-0.8757574698989712,-0.49386479832479485,-0.5259237061407775,-0.28318968792195726
24,2026,28,1955986,2026-09-20,Vasco da Gama 5 x 0 Coritiba,1236,Coritiba,33.79,66.21,Fora,-0.865660138340956,-1.1396246592278105,-0.9210817008267563,-1.2999739950024418,-1.2183782049322411,-0.7503798928134022,0.2748594314921417,-1.1902263448216874,-1.0595824879373266,-1.0750384255787444,-0.747694315433049,-1.4555715015885435,-0.34492235061276105,-1.495404791988219,-1.39422691161755,0.3828638131098354,-0.09144773467915575,-1.88608601335138,-0.0413999908920031,-1.6274669424134698,0.09837434414192213,-1.456491799067077,-0.4781821690573883,-0.5613558014985297,-0.30197409561250277,-1.338599705508097,-0.6974858324629158,-0.9181093733653427,-0.9943748973665312,-1.6115541649687433,1.283681870373625,-0.6096411174757591,-1.580082905862877,-0.7567726273945958,-1.2514862817835515,-1.1007903988119496,0.738726023910092,-1.3123247205035973,-1.2356525905468678,-1.4128085994266735,-1.028991510855053,-1.1883574945226196,-1.518319349156705,-1.4955920209188769,-2.469323991623974,-2.953263888328982,-1.0923030819846922
25,2026,28,1955986,2026-09-20,Vasco da Gama 5 x 0 Coritiba,1226,Vasco da Gama,66.21,33.79,Casa,1.2876679587312134,0.8151566749015063,0.9683602552464782,1.2023179124810286,1.5111385723580686,1.4707006175034898,0.869150094177853,1.071721923138823,2.0597340289734434,0.6096411174757591,1.580082905862877,0.7567726273945959,0.6216815666890402,0.43781813301556244,0.7867230286194501,1.225267968677823,0.8964825857247828,-0.020370524930373612,1.338599705508097,0.6974858324629158,0.9181093733653427,0.8956067584325512,1.7980147006344926,0.6690130784982482,0.11282016738568892,0.0413999908920031,1.6274669424134698,-0.09837434414192213,0.778660060608104,1.611554164968743,-1.4231820068251078,1.0750384255787444,0.747694315433049,1.4555715015885433,0.9944516679337795,2.1085110554502946,-0.24509456313160946,2.2133237823418876,0.48851381486736645,1.8458099443023095,2.4009801919951235,-0.09224140606350106,0.7635320845111299,2.486916284531879,2.469323991623974,1.0923030819846922,2.953263888328982
26,2026,28,1955988,2026-09-20,Sao Paulo 1 x 0 Internacional,1219,Internacional,56.17,43.83,Fora,0.4700265230225068,0.4653944029752013,-0.09568704064521666,-0.086152350866851,-0.8470037508947686,0.306831873320143,-0.9137218938792809,-0.03905624416321325,0.5184542404729853,0.28154105522358525,0.7949298908900294,0.8111299770010612,0.8497785092705898,0.32409913742710467,0.32939275434274773,-1.3483762231361869,0.7130504564304329,0.7727483863705242,0.5105998876680369,0.6974858324629158,0.8204242404283145,-0.18997719118266176,0.05824935203567149,0.053828638499859256,0.4515482629243473,0.8693998087320631,-0.6974858324629158,-0.6476955654591448,-0.6681370194933162,0.8463345125427555,-0.3802484491161533,0.23690021450916043,0.9862926410232697,-1.2452231773794538,-0.9320133796539755,-0.45893010795950084,-0.7939200972251208,-0.13710855288843563,-1.2356525905468678,-1.0760025025473878,-1.028991510855053,-1.2253907821775143,0.04481720181096167,-1.1681901047206233,-0.49386479832479485,0.28318968792195726,-1.0923030819846922
27,2026,28,1955988,2026-09-20,Sao Paulo 1 x 0 Internacional,1224,Sao Paulo,43.83,56.17,Casa,0.21578494058758446,-0.4264961365915976,-0.4430387907916094,-0.9162650295234329,-1.1073128642598946,0.4122848071764704,0.6462910956707113,-1.1902263448216874,-0.022782555241712837,-0.23690021450916043,-0.9862926410232697,1.245223177379454,0.9850419770812829,-0.8130908184574726,-0.7209797516397703,0.49701150780737546,1.0722732806504467,0.7364615749039175,-0.8693998087320631,0.6974858324629158,0.6476955654591448,0.35281478362494473,-0.13730050659314924,-0.4844577464987311,-0.80764044602735,-0.5105998876680369,-0.6974858324629158,-0.8204242404283145,-1.1812035551517681,-0.8463345125427556,0.4096051033573936,-0.28154105522358525,-0.7949298908900294,-0.811129977001061,-1.2126657376598857,-0.8440462824709701,-1.5307691939247425,-1.1817451463241349,-1.2356525905468678,-1.3161921584238805,-1.028991510855053,-1.0125187101507491,-0.8214665161204202,-0.5867975141423267,0.49386479832479485,1.0923030819846922,-0.28318968792195726
28,2026,28,1955990,2026-09-20,Corinthians 1 x 3 Fluminense,1237,Corinthians,58.54,41.46,Casa,0.6304593511952384,1.0766430646212277,1.0628176947738364,0.947173337134809,0.5020443968310513,1.0079513795000488,-0.09657223268642788,-1.67492954509894,2.3078470869479903,-0.849901761473607,1.4648744592105025,-0.7941105035648685,-2.7156061641715055,1.3475700977232243,1.5041548165097707,-0.11811773584047866,0.39061061102290295,1.016436637317945,1.338599705508097,0.11624763874381938,-0.9294270130782988,0.17188412535574257,2.3136861285486185,1.2072994634968386,0.9162787966080044,2.249399505132163,0.464990554975277,-0.8718643992030013,-0.030353608865621485,1.301414556667206,-0.08722652626660912,-0.09171733674353985,1.7136855596176965,-0.22407060125123585,0.9976638335055693,0.9531625319158866,-0.9904131896783537,0.7769484663678012,0.48851381486736645,0.7776394070361364,-0.1714985851425088,0.022819640464462148,0.329023847441446,0.6336950712491841,-0.9877295966495897,-1.3350371002035124,-0.28318968792195726
29,2026,28,1955990,2026-09-20,Corinthians 1 x 3 Fluminense,1232,Fluminense,41.46,58.54,Fora,-0.4828954771491743,-1.6803685526340482,-0.6565313979219949,-0.4641868928833327,0.5928576136401541,0.601815080188518,0.3491457643278556,0.39143672976724087,-1.2210432668106443,0.09171733674353985,-1.7136855596176965,0.2240706012512359,-0.015271293064809741,-2.0639997699305077,-1.943084380498245,0.6995540636426442,0.8275271240477234,-2.253475797346757,-2.249399505132163,-0.464990554975277,0.8718643992030013,-0.7327691659902683,-1.2573145314120993,-0.8689480214977242,-0.9597728289515016,-1.338599705508097,-0.11624763874381938,0.9294270130782988,0.3746906756200386,-1.3014145566672062,-0.8604352282373947,0.849901761473607,-1.4648744592105025,0.7941105035648683,0.11543094077950936,-0.5873021661299905,2.611960171964241,-0.5288472754268229,1.0632359500054445,0.663224661923238,1.5434872662825794,1.6968671258846013,-0.9034492023599832,0.5224749741714179,0.9877295966495897,0.28318968792195726,1.3350371002035124
30,2026,28,1955997,2026-09-20,Gremio 0 x 0 Palmeiras,1244,Gremio,27.08,72.92,Casa,-0.834558725312485,-0.3293884765827881,-0.8255559719538689,-0.7299016421494561,-0.47139135219161143,-0.8007089401006349,1.1662954255207088,-1.2386966648494127,-1.3391086075925105,-0.6264506404066902,-0.8824032140201001,-1.466782704944878,-0.09328942808620092,-0.3582148361036417,-0.7581867787993068,-0.681986209184345,0.19153512891628197,-0.2955675953966401,-0.3173999301720231,0.11624763874381938,-1.5321819671130315,-1.0946304825286726,-1.3416470116313808,-2.0224188464947037,-2.1427829129714278,-0.786599826948057,-0.11624763874381938,0.8894878330077286,0.4082079746234208,-1.2527994260804909,1.168757124454632,-1.7687741762208347,-1.3083939936271398,0.16730231591531483,-0.5257154648055081,-0.6514881952152355,0.090298818814425,-0.92058599796521,-0.08620832027071167,-0.5545127914956406,-1.028991510855053,0.46797701868224084,-2.056672322129835,-0.6612612448870404,0.0,1.0923030819846922,-1.0923030819846922
31,2026,28,1955997,2026-09-20,Gremio 0 x 0 Palmeiras,1234,Palmeiras,72.92,27.08,Fora,0.711986955760161,0.985041902370698,0.2959090325480483,1.314460923344643,1.0263872153926967,1.6430008656962607,0.9434364270135669,0.5062348561486957,0.18600860063977323,1.7687741762208347,1.3083939936271398,-0.16730231591531486,-0.5426816230558633,1.461289093311682,1.5760310504792332,0.7507523208121151,-0.03868821773763346,0.3763743794133461,0.786599826948057,0.11624763874381938,-0.8894878330077286,0.35281478362494473,-0.7565369739233663,1.0535033534972413,0.1977780284817043,0.3173999301720231,-0.11624763874381938,1.5321819671130315,0.9245207406612662,1.252799426080491,-1.2330784853485421,0.6264506404066902,0.8824032140201001,1.4667827049448778,1.6558583483331024,1.274092677342111,0.4040539180542637,2.2133237823418876,1.6379580851435227,1.7447711352262618,-1.028991510855053,-0.14359701325638202,1.0559369987655707,1.5738228894788595,0.0,1.0923030819846922,-1.0923030819846922
32,2026,28,1956001,2026-09-20,Vitoria 1 x 3 Cruzeiro,1238,Vitoria,44.01,55.99,Casa,0.15795470615417295,-0.5430742794439689,0.5774296093858825,-0.712439311155321,-0.3441274389242017,-0.04322492460038353,0.7948637613421391,1.0515259564606048,-0.07561646732997505,-0.6345941689366026,-0.0958525297675326,0.3219138305428734,0.7401925560995982,0.09666114625018923,0.19867017196041176,-0.1314901107023887,0.745167462536412,1.6346995177039136,-1.421399687292103,-1.0462287486943735,0.07305103339760008,2.8858439993937752,-0.2831565743413751,0.515216968498651,-0.5291809891439918,0.5933998694520431,-0.11624763874381938,-0.8234885975471796,-0.13047896794397876,-0.31130247091261426,1.7611651784372373,-1.3911535441733702,-0.5095832460003219,-1.092596800990704,-0.9362747267176438,-0.26637202070376614,0.6306548230608143,0.9075280405472635,-0.6609304554087898,-0.7567428957657715,-0.1714985851425088,-1.216747454465928,-0.6656994122652508,-0.8578447517311695,-0.9877295966495897,-1.3350371002035124,-0.28318968792195726
33,2026,28,1956001,2026-09-20,Vitoria 1 x 3 Cruzeiro,1230,Cruzeiro,55.99,44.01,Fora,0.7230171169127724,-0.1900751975704016,0.5879352658992306,-0.024484770124483232,-0.05827550706409962,1.0079513795000488,0.9434364270135669,1.5494004393540866,-0.13366453539763085,1.3911535441733702,0.5095832460003219,1.092596800990704,0.833655110979184,-0.24449584051518394,-0.03865271905819872,0.6507938187193386,-0.02065867854184488,0.08707359187719675,-0.5933998694520431,0.11624763874381938,0.8234885975471796,0.17188412535574257,1.062401906918613,0.28452280349925513,0.2182498022397805,1.421399687292103,1.0462287486943735,-0.07305103339760008,-0.4588256763647032,0.3113024709126139,-0.314482159259603,0.6345941689366026,0.0958525297675326,-0.32191383054287337,-0.1831802506352061,-0.2021859916185213,0.5534611081684726,-0.13710855288843563,-0.6609304554087898,-0.35474355599936847,1.5434872662825794,-0.35119399814227575,0.21424808670605808,-0.46706989530947807,0.9877295966495897,0.28318968792195726,1.3350371002035124
34,2026,28,1955992,2026-09-19,Mirassol 2 x 0 Botafogo RJ,6332,Mirassol,49.6,50.4,Casa,-0.7049907930942338,-0.3416181512484711,-0.5758691934077097,-0.21523196867029848,0.23694139616717255,-0.9797274500716782,-0.839435561043567,-0.22081994426718324,-0.577061546749147,-0.34851468270835245,-1.2327879835341977,-0.052192634395740914,-0.20148625304382042,0.43781813301556244,0.3873377586970098,0.8906942237420019,-1.1186915172630014,-0.4936649431119187,-1.1453997480120832,-1.0462287486943735,-1.7019497976947258,-0.009046532913459594,-0.04769864086938217,-0.715151911498127,-0.6191244820569025,-0.23459994838801693,-1.2787240261820123,-0.9181093733653427,-1.1699941005952605,-0.0074294832936061695,0.30816615043777784,1.354719682299728,-0.2971760769435018,-0.2869698200815743,-0.26935249436251163,-0.1379999625332764,0.090298818814425,-0.267688127067898,0.48851381486736645,0.22543931666767333,0.6859943405700353,0.5339724182882721,0.8045234276309113,0.09691331644537828,0.9877295966495897,1.0923030819846922,0.5259237061407775
35,2026,28,1955992,2026-09-19,Mirassol 2 x 0 Botafogo RJ,1227,Botafogo RJ,50.4,49.6,Fora,-0.41238670921661325,0.6065603189131915,0.6775070838391426,0.5614930939972895,-0.20659404967505088,-2.2911250210613088,-2.3251622177578453,0.2638832560100694,0.20905865138813445,-1.354719682299728,0.2971760769435018,0.28696982008157434,0.1074505163001323,0.43781813301556244,0.4750991680671742,-1.3483762231361869,-2.9413959975191433,-1.1435064168013587,0.23459994838801693,1.2787240261820123,0.9181093733653427,-1.637422457336279,0.03016472364328972,0.4383189134988524,2.074459139259352,1.1453997480120832,1.0462287486943735,1.7019497976947258,3.042352826522536,0.0074294832936061695,-0.6184287694970696,0.34851468270835245,1.2327879835341977,0.05219263439574091,0.9535622747656132,-0.1379999625332764,0.9008328251840088,-0.267688127067898,-0.08620832027071167,-0.004993774162763177,-1.028991510855053,0.23140306106180455,0.8810406014545031,-0.1270857031460367,-0.9877295966495897,-0.5259237061407775,-1.0923030819846922
36,2026,28,1955994,2026-09-19,Atletico MG 1 x 1 Chapecoense AF,8865,Chapecoense AF,31.4,68.6,Fora,-1.2411661172880506,-1.5960526592669209,-0.625605380410989,-0.08237298473170421,-0.001586503151238372,-0.9763145399934303,1.76058608820642,-0.756544534047304,-1.613860400761907,-1.0756422926390712,-2.0846418643360636,-1.6838723699356977,-0.09873455422234174,-1.9502807743420498,-1.3850632330200605,1.2858243026028588,0.9351930819967865,0.5082299628049959,-1.421399687292103,-1.6274669424134698,-0.4494602429479435,0.714676100163349,-1.6500678267132538,-1.1765402414969186,-1.0287659264144087,-1.614599644788117,-0.11624763874381938,-0.9181093733653427,0.08914696911282612,-1.5177873653117648,1.4189462388440106,0.2567120695820848,-0.9771385661091994,1.6349507552898783,0.530483237204269,-0.6514881952152355,0.090298818814425,-0.92058599796521,-0.08620832027071167,0.11102357512471875,-0.1714985851425088,1.966057325515098,-1.3762160263414627,-0.014307749240476673,0.0,0.28318968792195726,-0.28318968792195726
37,2026,28,1955994,2026-09-19,Atletico MG 1 x 1 Chapecoense AF,1235,Atletico MG,68.6,31.4,Casa,0.08001357928840194,1.2477510618721086,1.3747772005289196,1.8842567734293456,1.4418316807888076,1.05343864502294,-0.09657223268642788,-1.1059301360778182,1.1233128579830305,-0.2567120695820848,0.9771385661091994,-1.6349507552898785,-2.5429556131953492,1.461289093311682,1.7988678706448162,0.3309266120224547,0.21285210545831124,-0.05543705356085631,1.614599644788117,0.11624763874381938,0.9181093733653427,0.8956067584325512,0.951973066362073,2.2838722334940194,1.6228776339632478,1.421399687292103,1.6274669424134698,0.4494602429479435,1.0683445151793003,1.5177873653117648,-1.719846433323312,1.0756422926390712,2.0846418643360636,1.6838723699356974,2.250725494133857,2.7503713463027433,-0.34782767111507984,1.5604259114445755,2.2126802202816007,1.7201863559484991,-0.1714985851425088,0.16610198409423968,1.6079537527786283,1.5499245577104312,0.0,0.28318968792195726,-0.28318968792195726
38,2026,28,1956003,2026-09-19,Remo 1 x 2 Santos FC,1241,Santos FC,51.27,48.73,Fora,0.1400041890825917,-0.09557942058494101,-0.7292700989071706,-0.33876657431658647,-0.043154131366555576,-0.5263413067879561,-0.839435561043567,1.4410195995405393,-0.6469062970290258,0.7639912408486572,0.2186720180129916,1.142534463311447,-0.3938977816006752,-0.24449584051518394,-1.0699076226755129,-1.3483762231361869,-0.2921664478919445,0.0031868487940057686,0.23459994838801693,0.6974858324629158,0.9181093733653427,-0.5518385077210661,-0.777233220366162,-0.9458460764975228,0.22391890881894072,-0.5105998876680369,-0.6974858324629158,0.901132002278687,-0.8926170687273204,0.03332341771396995,-0.6325633496234975,0.46573148815330223,-0.003119536412229328,-0.44421786715741984,-0.9410523114106666,-0.7156742243004803,-0.9904131896783537,-0.5288472754268229,-0.08620832027071167,-0.026628447250153564,0.6859943405700353,0.6098960954424574,0.8072561838388966,-0.1481163005454451,0.49386479832479485,0.28318968792195726,0.5259237061407775
39,2026,28,1956003,2026-09-19,Remo 1 x 2 Santos FC,4617,Remo,48.73,51.27,Casa,-0.10019986394037289,0.4416095891695653,-0.035908641352161666,-0.3074081219154664,-0.43070591040097705,-1.1326258215771956,-0.9880082267149949,0.610099827636678,0.3626259107076831,-0.46573148815330223,0.003119536412229328,0.44421786715741995,0.7988278415009936,0.5515371286040202,0.006815507943288232,1.1121407514552295,-0.17115800053452912,0.7233884596165379,0.5105998876680369,0.6974858324629158,-0.901132002278687,-0.37090784945186395,0.31783518671642386,0.8997072434976441,1.0473566394418559,-0.23459994838801693,-0.6974858324629158,-0.9181093733653427,-0.13000064802424124,-0.03332341771396995,0.5705827783456683,-0.7639912408486572,-0.2186720180129916,-1.1425344633114467,0.1648974113765428,-0.5231161370447457,1.387153229005759,-0.13710855288843563,-0.6609304554087898,-0.520154670892668,-0.1714985851425088,-0.5516793652569263,0.5749719061601348,-0.6278624595722495,-0.49386479832479485,-0.5259237061407775,-0.28318968792195726
40,2026,27,1955980,2026-09-15,Bahia 2 x 1 Remo,4617,Remo,34.66,65.34,Fora,-0.9527053545928482,-0.2684881860884009,-0.4270081768111303,-0.638633245594588,-1.239435037640479,-0.18672628089898705,0.177857622562576,-0.9751568775758902,-0.35585617300842076,-0.37921568833601454,-0.8784974043386019,-2.135087185928745,-0.24876432579386676,0.3331597167849274,-0.027536139043151938,-0.6709127414071817,-0.5454687630244978,-0.5908697098538875,0.1690308509457033,-1.5486071730410824,0.19950175067546347,-0.9188975155312712,-0.12783910460690256,-1.4751405081458857,-1.2610105532307887,0.1690308509457033,0.1080423609098429,-0.5436784618223405,-0.31724514443826884,-1.0638272295939168,-0.3773260636911538,0.14100241287812643,-0.47565647234984926,-0.22708387485243917,-0.7879654055821467,-0.7770939014558202,-1.0656590054324495,-0.3296379432786651,-1.6308201826336053,-1.4735180102028227,-1.6771133027020964,-1.6728719044016993,-0.8954743986485092,-0.6441453268733648,-0.8770580193070292,-0.4418360821684623,-0.820552724027144
41,2026,27,1955980,2026-09-15,Bahia 2 x 1 Remo,1221,Bahia,65.34,34.66,Casa,0.19892719261675584,0.3648241206079508,-0.031053880672402962,1.2337893329628096,0.5277774402157811,0.5956910373900648,-0.9802850359844274,-0.4697340629866839,0.2953821620148826,-0.14100241287812704,0.47565647234984926,0.22708387485243917,0.45501764172245507,0.6982662557273137,1.0381034385600356,-0.73083648994487,0.9475895049470903,-0.903416296152313,-0.1690308509457033,-0.1080423609098429,0.5436784618223405,-1.4111640417087379,-0.2480480693152961,-0.24264713319371004,0.33531173053671887,-0.1690308509457033,1.5486071730410824,-0.19950175067546347,0.3359596380879475,1.0638272295939168,-0.6899660013655378,0.37921568833601393,0.8784974043386019,2.135087185928745,0.8577455119899748,1.3935594545660241,-1.0656590054324495,0.04353708684812553,0.9784921095801632,0.6917596816541676,-0.5204834387696161,0.41375998545159687,0.9906245909536635,1.4936036688246548,0.8770580193070292,0.820552724027144,0.4418360821684623
42,2026,27,1955961,2026-09-13,Flamengo 2 x 1 Corinthians,1237,Corinthians,35.85,64.15,Fora,-1.6154260785260175,-1.7814080558176522,-1.2719593178208688,-0.48613217847560325,-0.5687471429248483,-2.1450653548128282,-0.8975605603739272,-0.7152251443585835,-2.176992458641464,-0.8043575221805859,-2.215218370136434,-0.8497048365821932,0.5582649289274478,-2.3138626905473734,-2.07994640306223,0.8845365599211016,-0.6233216345416973,-0.21008485157401124,-1.1832159566199232,-1.5486071730410824,0.18034425332976667,-0.5907198314129601,-2.553996122059014,-1.0129554925388198,-0.5501752599012542,-1.1832159566199232,-1.3325224512213965,-0.7721704558210896,-0.9583460530730994,-1.925512530679697,0.22665479547694636,0.3598293831312621,-1.3113863800823762,1.120418698870161,0.17195149798949907,-1.1243984384193153,-2.584854618708995,-1.5735547103679672,-0.9784921095801632,-1.119453466399355,-0.5204834387696161,2.3240509981652284,-0.4124784986223442,-1.2482749765245804,-0.8770580193070292,-0.4418360821684623,-0.820552724027144
43,2026,27,1955961,2026-09-13,Flamengo 2 x 1 Corinthians,1239,Flamengo,64.15,35.85,Casa,0.3128805234537343,1.501103772769525,1.1984877533687237,1.68199792512064,1.6858548731803111,0.5520511133518589,-1.145733987205428,0.3894847218149683,2.510609517029092,-0.3598293831312627,1.3113863800823762,-1.120418698870161,-2.6904318629207347,1.6110326030832796,1.8776440801535004,-0.025370541251174567,-0.615643025267746,0.4808003897819818,1.1832159566199232,1.3325224512213965,0.7721704558210896,0.393813220941973,2.4956649045114387,1.6831237651690645,1.4356114142227785,1.1832159566199232,1.5486071730410824,-0.18034425332976667,-0.11349850007113878,1.9255125306796965,-0.8873973002567509,0.8043575221805852,2.215218370136434,0.8497048365821932,1.7375559630842365,2.869603736660878,0.9068449763217763,1.9094122374820786,2.2831482556870477,2.142104734866099,0.6361464251628642,-0.1354277294395771,1.6499139944893784,1.9718167444528727,0.8770580193070292,0.820552724027144,0.4418360821684623
44,2026,27,1955967,2026-09-13,Santos FC 2 x 1 Cruzeiro,1241,Santos FC,53.08,46.92,Casa,-0.04597076464415667,0.58313514464165,0.14116260737641997,0.9289900489046633,0.7396506901419592,0.1660056314754221,0.9223779030570782,-1.8659645882893678,0.19802921861770661,-0.31659449598382894,0.3274505661900878,-1.0524254497373686,-0.8683683995285678,0.24188308204933082,0.29520149474156904,2.069810283816567,1.6000177706291772,1.5743222682218245,1.1832159566199232,0.6122400451557768,0.5174576844328278,1.3783462732969063,-0.5947314207114391,0.7587537339549327,0.486961613823208,-0.50709255283711,0.1080423609098429,-0.11073381299993154,-0.29634275035461294,0.9833014362627335,-0.5665791914357459,0.3815720098059047,0.691269794316807,1.0344502229551369,1.006938742083976,0.7857765148799077,1.1839191142270518,2.033803914191009,-0.3261640365267211,1.5987800169812696,0.6361464251628642,-0.47937096866284556,0.5945679529322089,1.435399695330604,0.8770580193070292,0.820552724027144,0.4418360821684623
45,2026,27,1955967,2026-09-13,Santos FC 2 x 1 Cruzeiro,1230,Cruzeiro,46.92,53.08,Fora,-0.6163705462553546,0.1817836743412637,-0.39385715117809345,0.1380831136846489,0.2252565523825095,-0.17449824127000763,-0.7321116091529267,-0.4697340629866839,0.16670079236964858,-0.38157200980590533,-0.691269794316807,-1.0344502229551369,0.30160633938922987,0.3331597167849274,-0.005075211347139699,0.15603498841291852,0.4268714413068914,-0.6063182251451864,0.50709255283711,-0.1080423609098429,0.11073381299993154,-0.5907198314129601,0.34235879274805225,0.37359955428237784,0.6047022064369422,-1.1832159566199232,-0.6122400451557768,-0.5174576844328278,-0.6929254209103308,-0.9833014362627335,-0.4008675151379632,0.31659449598382833,-0.3274505661900878,1.0524254497373686,0.8106590074540482,-0.08248482752883002,-0.0022220761388671685,-0.8272046501143859,0.9784921095801632,0.22596492910066268,-0.5204834387696161,1.6782983001091347,0.1743615199094454,0.08003816990937158,-0.8770580193070292,-0.4418360821684623,-0.820552724027144
46,2026,27,1955973,2026-09-13,Mirassol 2 x 2 Vitoria,1238,Vitoria,23.05,76.95,Fora,-0.4145897260603072,-0.7752513052011709,-1.1944638154434128,-1.275690712234168,-0.1906556564639119,0.35674214705565827,-0.15304027987942498,-0.08785904751928257,-1.0297347671426165,-0.3450938753273411,-1.7969247345806498,0.782084714364685,1.1225417606194703,-0.3970533610998453,-1.1187908425664723,-0.6709127414071817,-1.3141796468297822,-1.7885528919238194,-2.197401062294143,0.6122400451557768,0.6285824609974028,-1.739341725827049,-0.9370645520551837,-2.1684180315564845,-1.6678924969784046,-1.1832159566199232,-0.6122400451557768,0.4944740223336363,-0.5265025814460598,-1.6285183100093066,1.6151258121474958,-0.9547356436986623,-0.89364421932627,-1.2933416453439452,-1.2872586742571503,-1.2112245726601891,-1.0656590054324495,-0.9515963268233162,0.3261640365267211,-0.4620943555228885,0.6361464251628642,0.7746922866373412,-1.673097797690634,-0.5992733337450254,0.0,-0.4418360821684623,0.4418360821684623
47,2026,27,1955973,2026-09-13,Mirassol 2 x 2 Vitoria,6332,Mirassol,76.95,23.05,Casa,0.8537903979664847,1.4349782797487256,0.6311176292295926,0.7652909219628349,0.2473297012719353,1.2822061719668858,-0.483938182321426,1.6222768913129901,0.6844417995951916,0.9547356436986616,0.89364421932627,1.2933416453439452,1.0518433211718388,1.976139142025666,1.9683179751935367,-1.6177079683026585,-0.12294745751418475,0.9133396496869559,1.1832159566199232,0.6122400451557768,-0.4944740223336363,0.06563553682366198,1.065554837110706,1.2209387495619985,0.6335670103475699,2.197401062294143,-0.6122400451557768,-0.6285824609974028,-0.15058436525717697,1.6285183100093066,-0.9693315402553742,0.3450938753273404,1.7969247345806498,-0.782084714364685,0.41780535762606846,0.6121242463981602,0.47352602380826164,1.5362372073552881,-0.3261640365267211,0.020827332711292616,0.6361464251628642,-1.1374772916109857,1.4905253474807443,-0.12249136813116773,0.0,-0.4418360821684623,0.4418360821684623
48,2026,27,1955964,2026-09-12,Botafogo RJ 1 x 1 Red Bull Bragantino,5438,Red Bull Bragantino,37.34,62.66,Fora,-0.6277072712305454,-0.7888808712206237,-0.35724478761200734,-0.14451291940257774,-0.7597207470627583,-0.13631243330582588,-0.4012137067109257,0.021248099757117653,-0.39265947369607507,0.006814589939164225,-1.1076992865771378,-0.5712424558745351,-0.2656970943279952,0.15060644731373424,0.10181660124758984,0.13386320145397368,0.014264788393705865,-0.14670013799300563,-1.8593393604027364,-1.5486071730410824,-0.6491293649761771,-1.2470751996495824,-0.5552121236220219,-0.7048321488007759,-0.7004069778429863,0.1690308509457033,0.1080423609098429,0.5699593170283267,0.0865775345447895,-0.4551211436152011,0.46818871842091353,-0.31204285706651774,0.28807983489728584,-0.30632488949005937,-0.10468547940233629,-0.25613709601057755,-0.043123496496312495,-0.20524626656973488,-0.9784921095801632,-0.7315068630524524,-1.6771133027020964,-0.8544122866345433,-0.9268691321502098,-0.8652606108345864,0.0,0.820552724027144,-0.820552724027144
49,2026,27,1955964,2026-09-12,Botafogo RJ 1 x 1 Red Bull Bragantino,1227,Botafogo RJ,62.66,37.34,Casa,0.19993425262035164,0.18999430683638663,0.9545375999748997,0.8527425556064141,-0.19219963927855904,0.9273839964080356,0.177857622562576,0.8190941142157938,0.3532139028482852,0.31204285706651713,-0.28807983489728584,0.30632488949005937,0.4446687582090843,0.5157129862561206,0.5213374529449719,-0.7934391825348316,0.7679731777661232,1.7396289381777217,-0.1690308509457033,-0.1080423609098429,-0.5699593170283267,0.393813220941973,0.025310678445810277,0.8357845698894437,0.862419063231261,1.8593393604027364,1.5486071730410824,0.6491293649761771,1.0643705971283524,0.4551211436152011,-0.38030140968702275,-0.006814589939164852,1.1076992865771378,0.5712424558745351,1.2769073363587822,0.4384719779164126,1.21313441448237,0.914278823810637,-0.9784921095801632,-0.1584381653598445,-0.5204834387696161,-1.012638104338993,0.49555379342684513,-0.29947773801161326,0.0,0.820552724027144,-0.820552724027144
50,2026,27,1955970,2026-09-12,Palmeiras 2 x 0 Sao Paulo,1234,Palmeiras,58.77,41.23,Casa,0.7855625696292639,0.6238634510705927,1.1770690730334306,0.29066939502845857,0.8652383596503777,0.6009033304970465,0.5914800006150772,-1.3741748890936851,1.7275725499005066,-0.7967783948327608,0.9548383774855617,0.36594535193970457,0.8784325053101276,0.8808195251985069,0.4953016810909774,1.042906466770707,0.5103663993247968,0.6764814264746589,0.50709255283711,0.6122400451557768,0.6607593313170605,0.8860797471194396,0.8999652735856568,0.8357845698894437,0.862419063231261,0.1690308509457033,0.8283247669754626,3.111166612951056,3.4432292296848774,0.8020316656715427,-0.6845186326973234,0.373704718998926,0.06045824659816952,-0.55547124454372,0.8556589123878419,0.09116744095291753,1.4030338661419386,0.41671211697491617,1.6308201826336053,1.6029739876294984,0.6361464251628642,0.7668232896168928,0.6959970919377034,1.4395403450841924,1.7541160386140584,2.08294153022275,0.4418360821684623
51,2026,27,1955970,2026-09-12,Palmeiras 2 x 0 Sao Paulo,1224,Sao Paulo,41.23,58.77,Fora,0.07427797545098778,-1.1512979572870206,-0.2850192648486412,-0.8808671655550827,-0.5849580493728124,-0.295419966489916,0.26058209817307626,1.678312899017446,-0.5218565611782404,-0.37370471899892665,-0.06045824659816952,0.55547124454372,-0.3832307817032519,-1.766202882133794,-1.8416333290931222,-1.6177079683026585,-1.058529163334074,-0.6771110464675623,-0.1690308509457033,-0.8283247669754626,-3.111166612951056,1.0501685891785952,-0.7334301756088584,-0.011554625390177086,0.078673466513429,-0.50709255283711,-0.6122400451557768,-0.6607593313170605,-0.8959667792785203,-0.802031665671543,-0.18345486055423493,0.7967783948327601,-0.9548383774855617,-0.36594535193970457,-1.4006532671235217,-0.9507461699375678,-0.17946156435446414,-0.9515963268233162,-0.3261640365267211,-0.41782777013839434,-1.6771133027020964,0.86478299421368,-0.4148934781224754,-0.5555695405527881,-1.7541160386140584,-0.4418360821684623,-2.08294153022275
52,2026,27,1955974,2026-09-12,Atletico MG 3 x 1 Fluminense,1235,Atletico MG,45.96,54.04,Casa,0.5847355148682132,0.5041059247088688,0.9257914809695512,-0.04676431676156882,0.5771421165966596,-1.2804564921577104,-1.4766318896474289,-0.8993434553875095,0.9628219824317303,-1.065966169841976,1.2207650647860782,1.525805051162814,0.8901635957049745,0.424436351520524,0.17875204971346453,-0.7632830074457648,0.6226186747383738,1.4220476942971918,1.52127765851133,-0.1080423609098429,0.4674385959623054,1.0501685891785952,1.247336173616278,0.21953788241335587,0.4796707540498194,1.1832159566199232,0.8283247669754626,2.2742278720868727,1.0261655170136916,0.46212300736312756,-0.7125878860840817,1.1367196542548745,0.2199722526199118,-0.4121275514245102,-0.45702497560480443,-0.34296323025145137,-0.043123496496312495,-0.08085458986080468,0.9784921095801632,0.6945521544904664,1.7927762890953445,0.597406970264284,0.16470160190892214,0.5426679167733295,1.7541160386140584,0.820552724027144,1.7042248883640685
53,2026,27,1955974,2026-09-12,Atletico MG 3 x 1 Fluminense,1232,Fluminense,54.04,45.96,Fora,-0.16218901041203165,-0.8872597119090387,-0.16200375239089962,-1.1102924012520843,-0.988318568430212,-0.36128597705181054,-1.3939074140369287,1.173988829677346,0.10642639068815604,-1.1367196542548752,-0.2199722526199118,0.4121275514245102,0.7248930365717614,-0.7621599000422316,-0.7753382239985376,0.7439610246276319,-0.06016723859528938,-0.9453731015270049,-1.1832159566199232,-0.8283247669754626,-2.2742278720868727,0.22972437888281752,0.6970274449664856,0.45063039021688883,0.9065388343304932,-1.52127765851133,0.1080423609098429,-0.4674385959623054,-0.9361694308101026,-0.46212300736312717,-0.6020284177806543,1.0659661698419753,-1.2207650647860782,-1.525805051162814,-1.2324764816963178,-1.0375723041784415,-0.5339405407856581,-0.7028129734054557,-0.9784921095801632,-1.3629880937282572,-0.5204834387696161,-1.3061306230574277,0.7249768459392731,-1.4887133770807512,-1.7541160386140584,-1.7042248883640685,-0.820552724027144
54,2026,27,1955976,2026-09-12,Gremio 1 x 2 Vasco da Gama,1226,Vasco da Gama,47.33,52.67,Fora,0.4711037190222849,0.23228677547038584,0.6948526164572102,0.3483122955834011,0.5842738637138344,0.3569612875508011,1.9150716103830812,-0.9751568775758902,0.09899330738658824,0.0034995776175026925,-0.2591747601907078,0.775731065678115,0.39776691322391006,-0.031946822157458934,0.47372572754612247,-0.902780960238727,1.1854209177575956,1.0783557204759102,-0.8451542547285166,1.3325224512213965,0.5174576844328278,1.3783462732969063,0.22227604114194657,0.14250704647884488,-0.43731881035879455,-0.1690308509457033,1.5486071730410824,-0.25983646681878897,1.0464100157301839,0.2778316130618615,-0.5632349247994336,0.48245020828558377,0.016372132655454032,0.2197289051630493,0.8793165314532396,0.8726026491207814,0.47352602380826164,0.16792876355705574,0.3261640365267211,0.9756461583165529,0.6361464251628642,0.5262807908214029,0.14538176590787563,0.8201881750920669,0.8770580193070292,0.820552724027144,0.4418360821684623
55,2026,27,1955976,2026-09-12,Gremio 1 x 2 Vasco da Gama,1244,Gremio,52.67,47.33,Casa,-0.08653998612746096,-0.2932995856555672,0.26954222925237664,-0.2904678562366668,-0.12298539951304963,0.07821457772890252,0.012408671341575507,0.19120346378381742,-0.2084458099348027,-0.4824502082855844,-0.016372132655454032,-0.2197289051630493,-0.6551336203798116,-0.031946822157458934,0.23832480163056932,1.7506981273831732,-0.7098357634377648,0.6835807386671638,0.1690308509457033,-1.5486071730410824,0.25983646681878897,0.7219909050602841,0.1990259764692767,1.3750004214310205,0.9010502241571202,0.8451542547285166,-1.3325224512213965,-0.5174576844328278,-0.19139573095344103,-0.2778316130618615,-0.31214522815374146,-0.00349957761750332,0.2591747601907078,-0.775731065678115,-0.3674835063973987,-0.1693109617697038,-0.043123496496312495,-0.20524626656973488,0.3261640365267211,-0.10270459798851175,-0.5204834387696161,-0.12313846988261382,0.5027987319272377,-0.24445275062879232,-0.8770580193070292,-0.4418360821684623,-0.820552724027144
56,2026,27,1955978,2026-09-12,Coritiba 3 x 3 Athletico Paranaense,1236,Coritiba,53.07,46.93,Casa,0.33729908888310695,-0.1551545711797368,-0.6635145596116273,-0.3086860665155537,0.16399257633578995,0.8390703768654059,0.09513314695207575,0.21764096485463738,-1.0792082951938016,3.2632442093319756,1.3244657451766872,-0.1356888838435218,-1.0834809918088004,-1.0359898042490214,-0.36589937657140575,-0.40972785122911914,-0.7620592448472366,-0.2348421943299842,0.1690308509457033,0.6122400451557768,0.7348784758767005,-0.09845330523549355,-0.7577326372434265,-0.7818629847352869,-1.4790314195980814,-0.50709255283711,-1.3325224512213965,-0.6144528088785624,-0.5034234263970504,0.35284261033397607,1.643904175473777,-1.8811980929088183,-1.1097389500190902,-0.012802120009701403,-0.4650458063673993,0.6121242463981602,1.7590953380036285,0.914278823810637,-0.9784921095801632,-0.23378356836586622,1.7927762890953445,-1.0659744044966406,-1.523369068682523,-0.3738652219876055,0.0,-1.7042248883640685,1.7042248883640685
57,2026,27,1955978,2026-09-12,Coritiba 3 x 3 Athletico Paranaense,1243,Athletico Paranaense,46.93,53.07,Fora,0.6794879162004492,0.125823681080163,-0.19769101114492302,-0.6668555850134934,-0.03557189683493854,1.0866504384891886,2.245969512825082,1.7541263212058267,-0.7621779873756831,1.8811980929088177,1.1097389500190902,0.012802120009701403,-1.2188445598792383,-1.0359898042490214,-0.30033047548883285,1.129854650923431,0.373462725287037,-0.7789875679323063,0.50709255283711,1.3325224512213965,0.6144528088785624,1.0501685891785952,0.08359543934378483,-1.0129554925388198,-2.1099732006981773,-0.1690308509457033,-0.6122400451557768,-0.7348784758767005,-0.5256837067516182,-0.3528426103339757,3.05747118043213,-3.263244209331976,-1.3244657451766872,0.1356888838435218,-1.1258028683868322,-0.5166154987331989,-0.3060611987941764,-0.3296379432786651,0.3261640365267211,-0.18152108893826732,0.6361464251628642,-0.05474682723514264,-1.6972475926919424,0.6314255300496167,0.0,-1.7042248883640685,1.7042248883640685
58,2026,27,1955982,2026-09-12,Chapecoense AF 1 x 2 Internacional,1219,Internacional,32.71,67.29,Fora,-1.0346954260948422,-0.064484543954164,-0.8609380642429382,-1.1979382471349478,-0.7743603269385579,-2.7436407212663707,-0.07031580426892474,-0.28884589776528297,-0.8837078720881323,-0.07651289755653017,-0.7283299727452773,-1.0772483819604513,-0.9394276466134813,-0.12322345689305551,-0.8718266127422742,0.1787752827297846,-2.362537053828875,-1.5801668815831718,0.8451542547285166,-0.1080423609098429,0.11949449018991189,-1.739341725827049,-0.4883803541269572,-1.0129554925388198,-0.48972000414217925,0.1690308509457033,-1.3325224512213965,-0.7721704558210896,-0.76145921268911,-0.5254364702363241,0.5201723434813981,-0.23826246085105862,-0.6440510142404369,-1.9392775121054664,-1.6829879919575634,-1.298050706901063,-0.5339405407856581,-1.4491630336590369,-0.9784921095801632,-1.3705555834989405,0.6361464251628642,0.14708973449248663,-1.07418288165819,-1.4961846560386747,0.8770580193070292,0.820552724027144,0.4418360821684623
59,2026,27,1955982,2026-09-12,Chapecoense AF 1 x 2 Internacional,8865,Chapecoense AF,67.29,32.71,Casa,1.0581950132319338,0.42362565703786403,-0.1478072078852624,0.8069651053224642,-0.1595637090290308,0.48152535847419176,1.3360002811095795,0.25381859789891753,0.30644777537745,0.23826246085105798,0.6440510142404369,1.9392775121054664,1.5281804821054468,0.3331597167849274,0.1978513110908355,0.11223886602487936,1.7261035910703575,-0.10613392130116207,-0.1690308509457033,1.3325224512213965,0.7721704558210896,-0.2625421472946491,-0.2816810025903393,0.5276612261513998,1.1086033418700527,-0.8451542547285166,0.1080423609098429,-0.11949449018991189,-0.13316942975931212,0.5254364702363238,-0.2017780535336389,0.07651289755652954,0.7283299727452773,1.0772483819604513,0.8968455963478047,0.09116744095291753,0.05374828856079494,-0.3296379432786651,0.3261640365267211,-0.33821743255441206,-0.5204834387696161,-0.2509967400115776,0.9882096114535328,-0.47697134510775835,-0.8770580193070292,-0.4418360821684623,-0.820552724027144
60,2026,26,1955954,2026-09-08,Vitoria 1 x 0 Gremio,1244,Gremio,54.62,45.38,Fora,-0.3603273339709006,-0.36352818327238184,-0.2722310904364104,-0.47361757159123546,-1.2103870709025444,0.4790875417175903,-0.06354485290743757,1.379129284172059,-0.1014960632493367,0.8650494682422804,-0.16363311820553195,-1.1770342730578327,0.31384501162612355,-0.6333116130070394,-0.8977162985660144,-0.27514936763016257,0.6098887044956205,-0.6986302954124325,0.3775244676528346,-0.3006092891693081,0.5660550307648637,-0.5931682349737724,-0.6028487283472503,0.7843864797058394,0.8639872575830939,0.269660334037739,-0.7925153987190855,-0.7618724740672271,-0.6989009943219325,-0.313783515990572,0.5726082442507854,-0.30825850434962765,0.10370984251474946,-0.7726545595124386,-0.9117420533766807,-0.8792550483323682,0.227961325259187,-0.5593220338983053,-1.5910313488860222,-1.5944837229324302,-1.2909944487358056,-1.3834785108905097,0.08432710292428847,-1.7011638685839803,-0.8164965809277261,0.2397316507426921,-1.1986582537134605
61,2026,26,1955954,2026-09-08,Vitoria 1 x 0 Gremio,1238,Vitoria,45.38,54.62,Casa,0.49836598292912704,0.22567982832849431,0.2445092982790853,0.32295344365096484,0.05728153655511148,0.5673577479883299,0.908317603323967,1.044994945015833,0.756943907411355,0.30825850434962765,-0.10370984251474946,0.7726545595124386,0.7170892081938418,0.14943307722638022,0.23043117140625055,-0.909707800001884,1.390800874580495,1.1377022587665773,-0.269660334037739,0.7925153987190855,0.7618724740672271,1.1015981506655765,0.6937781207699012,-0.5662127568737522,-1.2716676246440681,-0.3775244676528346,0.3006092891693081,-0.5660550307648637,0.3148074535963129,0.3137835159905724,1.4723021547190849,-0.8650494682422804,0.16363311820553195,1.1770342730578327,-0.3626371326500777,0.7097600992562489,0.37673184128049414,0.9661016949152542,-0.43391764060527876,-0.15868079905512303,0.0,-0.8819303365622081,-0.7449477266631185,-0.4100206889809227,0.8164965809277261,1.1986582537134605,-0.2397316507426921
62,2026,26,1955923,2026-09-06,Fluminense 1 x 0 Vasco da Gama,1226,Vasco da Gama,53.47,46.53,Fora,0.5844083563656479,0.9230164670988644,1.4548751323451665,0.9584499093614747,-0.4139395634556877,1.0372268459833434,0.16073109853057888,0.22636581408307765,1.7791604701090167,0.38164714720404797,1.3902974120127394,-0.765433297292997,-0.719788906931213,1.2879708084749906,1.6799950797463672,-0.9372972970615241,-0.12027546228423534,0.08283957526407784,1.0247092693434081,-0.3006092891693081,-1.3090624866463625,0.02311045071326363,1.8736988119347957,1.199955475576483,1.105079785377769,1.9954864718792684,1.3937339770577017,0.4995881503079955,2.243265606909488,1.5150866835145953,-1.209107781200614,1.026210211110414,1.7148095818719715,-0.1383915257782379,0.7422948978375694,1.5572348446368447,-1.4828996089858475,-0.05084745762711877,-1.0124744947456505,-0.9169871922589568,-1.2909944487358056,-0.9750159576414174,0.21379194973751248,-1.0919263400646846,-0.8164965809277261,0.2397316507426921,-1.1986582537134605
63,2026,26,1955923,2026-09-06,Fluminense 1 x 0 Vasco da Gama,1232,Fluminense,46.53,53.47,Casa,-0.6975331969030159,-1.3451406526765193,-0.4977481344492826,-0.7207650371155395,0.30404629775039027,-0.26645620047680946,0.08597244805124006,-0.5630265621735066,-1.5040745981361492,-1.026210211110414,-1.7148095818719715,0.1383915257782379,0.9957829621290096,-1.0602632622252683,-0.9310788995438386,-1.5442662323736054,-0.3766753212962003,0.4321266803961758,-1.9954864718792684,-1.3937339770577017,-0.4995881503079955,-0.2850288921302544,-1.522520608507113,0.05714073693221319,0.30290967674587566,-1.0247092693434081,0.3006092891693081,1.3090624866463625,-0.5119800628164419,-1.5150866835145957,-0.7442302763245932,-0.38164714720404797,-1.3902974120127394,0.765433297292997,-0.7431093502278201,-0.9851893915049428,-0.1522299934619319,-1.0677966101694918,0.7231960676754646,0.8595692894829862,0.0,2.57556607027125,-0.440530384156349,0.5056388594729108,0.8164965809277261,1.1986582537134605,-0.2397316507426921
64,2026,26,1955924,2026-09-06,Botafogo RJ 0 x 0 Palmeiras,1227,Botafogo RJ,33.65,66.35,Casa,0.08290800478359378,0.12309630380570395,-0.30455117946052235,-0.4873730145232052,-0.5052470260626893,-0.33376592298426283,1.1325935547619834,1.379129284172059,0.008255172224205487,-0.5813899957022519,-0.046199584637018926,-0.036143867862968984,-0.2859635983948533,-0.3486771801948868,-0.21387166147040307,-0.3929024787919255,0.890422236143905,0.29107045840856594,0.808981002113217,0.24595305477488866,0.5681206038965081,0.4853194649785406,-0.007168080000120944,-1.3973507486150392,-1.9233564306177982,0.05393206680754779,-0.7925153987190855,-0.24256725575575866,-0.16952438121497695,-0.5577022670199053,2.0851071710133504,-1.7897768422287001,0.031908609322547264,-1.1991831248450375,-0.2245152755504251,-0.45551767564207035,-0.03524804924004911,0.11864406779661006,-0.43391764060527876,-0.4346398537077969,-1.2909944487358056,-0.6709827724971653,-1.7596722016856843,-0.6581763692203328,0.0,1.1986582537134605,-1.1986582537134605
65,2026,26,1955924,2026-09-06,Botafogo RJ 0 x 0 Palmeiras,1234,Palmeiras,66.35,33.65,Fora,0.741074874140282,0.45072895416329684,0.3618212705836772,0.364462170307576,-0.45585544951998846,1.1860167588945563,1.730662758596694,-0.021286696115065683,0.01501437863526204,1.7897768422287001,-0.031908609322547264,1.1991831248450375,-0.06919013855704265,0.5763847264446091,0.48794775829704046,-0.3433814571324981,1.2394068344711069,1.059051210590304,-0.05393206680754779,0.7925153987190855,0.24256725575575866,1.1015981506655765,0.03231781415194707,1.927201218350109,1.281080239639768,-0.808981002113217,-0.24595305477488866,-0.5681206038965081,0.16474449722253642,0.557702267019905,-0.49052104169760835,0.5813899957022519,0.046199584637018926,0.036143867862968984,0.8178029617104112,0.286022726565951,0.42923908222919127,0.45762711864406774,-1.0124744947456505,-0.4772035818426102,-1.2909944487358056,-0.8776756114561687,1.2145202251045943,-0.6964517246788227,0.0,1.1986582537134605,-1.1986582537134605
66,2026,26,1955935,2026-09-06,Corinthians 1 x 2 Chapecoense AF,1237,Corinthians,62.7,37.3,Casa,0.5115572147995585,1.4059513404324637,0.6803141954483514,1.347585622975087,0.7469263209904914,-0.8600975877042005,-1.7829938139322303,-1.8786805226011478,0.9487652120280571,-0.5171916534384587,1.1362529268180295,1.321971651228665,-2.1188760695672935,1.5726052412871432,1.2559565739756382,-0.8190565953773524,0.33086394880944175,0.9257203391178707,1.4561658038037906,1.3390777426632823,0.7618724740672271,1.2556678220873356,0.4861204617508958,1.7194167204147874,2.448733027180641,0.7011168684981214,0.3006092891693081,-0.46655040914993895,-0.3810459892303397,1.5699255578391138,-1.4901840954539487,1.2847925121553798,1.5730310180101967,1.0244666269242104,1.2229192891268275,0.6038257560836745,0.37673184128049414,0.2881355932203389,1.3017529218158364,1.4954792361336264,0.0,0.6754497148075547,2.0018064557255504,1.0774797276071777,-0.8164965809277261,-0.7191949522280763,-0.2397316507426921
67,2026,26,1955935,2026-09-06,Corinthians 1 x 2 Chapecoense AF,8865,Chapecoense AF,37.3,62.7,Fora,-1.0766530864957002,-0.7527087373072607,-1.2286600998412214,-1.211203572229752,-0.4097172277858572,-0.7294118277708979,-1.035407309138842,-1.8786805226011478,-0.4657093107055972,-1.2847925121553798,-1.5730310180101967,-1.0244666269242104,0.7039706144889095,-0.8467874376161538,-1.1623213539454598,0.4987023791646193,-0.8766675891642536,-0.916413316805737,-0.7011168684981214,-0.3006092891693081,0.46655040914993895,-1.2094469206608083,-0.7289784742700465,-1.605135246550361,-0.7301234055954761,-1.4561658038037906,-1.3390777426632823,-0.7618724740672271,-1.0331564110990399,-1.569925557839114,1.0548194405453981,0.5171916534384587,-1.1362529268180295,-1.321971651228665,-0.8166641530331994,-1.4089267641952408,0.9123056989572008,-1.2372881355932206,-0.43391764060527876,-0.7717664786073289,1.2909944487358056,0.4714395548597267,-0.7624429762324736,-0.961336876252999,0.8164965809277261,0.2397316507426921,0.7191949522280763
68,2026,26,1955942,2026-09-06,Cruzeiro 3 x 1 Athletico Paranaense,1243,Athletico Paranaense,40.15,59.85,Fora,-1.0726812065996392,-0.4224438156357416,-0.05479459796107814,-0.37942679987826866,-0.23898141796152472,-0.8600975877042005,-1.4092005615355363,0.2882789416326147,-0.6480311378037507,-1.0618968766497903,-0.41964578631920774,-1.8593674414380397,-0.4850463271594793,-0.13520135558577237,-0.5528477492897647,-0.7465356316777271,-1.0161262874670047,0.024671412821573716,-0.7011168684981214,-0.3006092891693081,-1.070825730396157,-0.4390985635520134,-0.6384892463403183,-1.605135246550361,-0.992372422083898,-0.3775244676528346,1.3937339770577017,1.3089449251785925,1.3377459592713563,-0.7033145269346422,0.1701607491402144,-0.1540583597632155,-0.5577590182684136,0.09276571797399573,-0.34939937228401474,-0.6673863619872193,1.9388222595042215,0.45762711864406774,-0.43391764060527876,-0.1603747728173027,0.0,-0.6551491868501429,-0.9898812206340829,-0.41154399181941986,-1.6329931618554523,-1.6781215551988446,-0.2397316507426921
69,2026,26,1955942,2026-09-06,Cruzeiro 3 x 1 Athletico Paranaense,1230,Cruzeiro,59.85,40.15,Casa,0.23283666974349043,0.004724252352732883,0.5029332025861748,1.0339577650949132,0.4990720816555728,0.7811462475715277,-1.1849246100975197,-0.9499836093581068,1.1038184599397303,0.1540583597632155,0.5577590182684136,-0.09276571797399573,-0.3005456179041513,0.5052261182415709,0.5298804005742277,0.47408829950753223,0.34447327735444305,1.0128305525011145,0.3775244676528346,-1.3937339770577017,-1.3089449251785925,0.7934588078220587,1.0327048857712364,-0.046751512035447695,-0.027534449603311133,0.7011168684981214,0.3006092891693081,1.070825730396157,0.23646087629177195,0.7033145269346422,-0.5961409264293789,1.0618968766497903,0.41964578631920774,1.8593674414380397,1.153503305687763,1.5572348446368447,-0.057182163781652404,0.6271186440677965,0.14463921353509293,-0.02615894618424739,1.2909944487358056,-0.6504866197633872,0.889108583114599,1.8477674891964455,1.6329931618554523,0.2397316507426921,1.6781215551988446
70,2026,26,1955946,2026-09-06,Internacional 2 x 3 Santos FC,1241,Santos FC,58.02,41.98,Fora,0.36468082262596685,-0.6918584860069382,0.013268521425026191,-0.8385213407047366,-0.4005331723211797,-0.07512325336798126,1.282110855720661,0.8433621541456957,-0.8066248060347154,1.095257588942361,-0.3965340022290351,1.4341977237298293,0.2163866052518874,-0.7756288294131157,-1.42153549140759,1.8196579874282912,2.4461892906078266,0.6258273563397052,-0.269660334037739,-0.3006092891693081,0.39362504395124903,0.4853194649785406,0.3308696967651454,-0.15064376100310858,0.16696615458095773,-1.0247092693434081,0.3006092891693081,0.8378477277364866,0.1381657079836797,-0.7945843510406646,-0.8297130547141249,1.1814668821712229,-1.1735869602728823,-0.674842931098738,-0.7110711204066616,-1.4089267641952408,-0.6274691418633302,-1.745762711864407,-0.43391764060527876,-1.0919880234635417,1.2909944487358056,1.4994787326062091,1.0640610788081453,-0.1799864497004068,0.8164965809277261,-0.7191949522280763,1.6781215551988446
71,2026,26,1955946,2026-09-06,Internacional 2 x 3 Santos FC,1219,Internacional,41.98,58.02,Casa,0.9088227841429832,0.6239688856363625,0.3931367221328646,-0.18103742404772516,-0.5067899386802035,0.3042284664384112,1.0578349042826447,-0.4051480869221895,1.2951402547651727,-1.1814668821712229,1.1735869602728823,0.674842931098738,0.3474933800777365,0.9321777674597999,0.8395977949115503,0.27664057356263844,-0.5139513222030972,-0.836451869190345,1.0247092693434081,-0.3006092891693081,-0.8378477277364866,0.4853194649785406,1.5856856019925565,0.26492523486753494,-0.40274921667909575,0.269660334037739,0.3006092891693081,-0.39362504395124903,-0.5473795922484913,0.7945843510406646,-0.10343294271127053,-1.095257588942361,0.3965340022290351,-1.4341977237298293,-0.48107032573077096,-0.03178030295177242,-0.19975390830207163,-0.05084745762711877,-1.0124744947456505,-0.9447887271906299,0.0,-0.9987267782669901,-0.5629971311418308,-0.047617749048993,-0.8164965809277261,-1.6781215551988446,0.7191949522280763
72,2026,26,1955949,2026-09-06,Coritiba 1 x 2 Mirassol,6332,Mirassol,51.35,48.65,Fora,-0.6265329901674542,0.11777429196309656,-0.6341972344679787,-0.10378668637565595,1.0154232825463128,0.1840128521839755,-0.6616140567421481,1.629730038539229,-0.11018731480427142,1.207645507671482,-0.07946245025730204,-1.7477415083620147,0.02220579153960822,0.2917502936324565,0.10243169573640325,1.2477908700619686,-1.0095441678849972,0.2652870746974517,0.3775244676528346,-0.3006092891693081,0.5649792429713011,-0.5931682349737724,-0.2915002949778972,-0.15064376100310858,0.007573364859919235,-0.3775244676528346,-1.3390777426632823,-0.7618724740672271,-1.0532689055369768,-0.008724377670465739,-0.05403536120047288,-0.262194522746848,-0.1602621616990037,-0.5386655346434569,0.2925053285103026,0.18008838339337654,0.4911706997584231,0.7966101694915254,2.45886663009658,1.2169613367770435,1.2909944487358056,0.05054649518800063,0.16830430085719014,0.8270230109008729,0.8164965809277261,0.2397316507426921,0.7191949522280763
73,2026,26,1955949,2026-09-06,Coritiba 1 x 2 Mirassol,1236,Coritiba,48.65,51.35,Casa,0.10191223264285462,0.33901298359298065,-0.7843893750655755,0.49440689450688335,0.34311025581534604,0.021507950701694645,-0.5868554062628093,-1.1922523693345528,-0.2428981163880122,0.262194522746848,0.1602621616990037,0.5386655346434569,-0.6355062983552678,-0.06404274738273423,-0.29650752856146007,-0.1986965444528467,-0.9854473789978159,-1.4978667408335633,0.3775244676528346,1.3390777426632823,0.7618724740672271,-1.8257256063478444,-0.3854651821241257,-1.2934584996473784,-0.8012432547689918,-0.3775244676528346,0.3006092891693081,-0.5649792429713011,-1.124771783790578,0.008724377670465739,0.7396301845590578,-1.207645507671482,0.07946245025730204,1.7477415083620147,0.1416992417377509,0.18008838339337654,0.227961325259187,0.45762711864406774,0.14463921353509293,1.0257576257004635,0.0,0.17793730728380633,-0.09412444268312856,0.6550834199125378,-0.8164965809277261,-0.7191949522280763,-0.2397316507426921
74,2026,26,1955958,2026-09-06,Remo 0 x 1 Flamengo,1239,Flamengo,65.61,34.39,Fora,0.32715576146227,0.7118412953274157,0.021486937002742085,1.3978103780822553,1.0124709658118758,0.509351612438987,-0.3625794548247928,0.14540249344137696,-0.07198218982838349,0.16964850923391397,0.5577590182684136,0.49952020092323735,1.0254499399618346,1.0744949838658762,1.0342868655322488,-0.16547260154122326,1.0469498532390014,0.8887219211363728,-0.05393206680754779,0.7925153987190855,0.5022221763556227,0.4853194649785406,-0.12945201587778546,0.8882787286735003,1.155173511712091,0.7011168684981214,-1.3390777426632823,-0.7618724740672271,-0.477263681592642,0.9452956018478073,-2.0885538837167146,0.8762506465386658,1.6371149288757185,0.3504927598586704,2.658338221746825,1.2394318151191213,0.227961325259187,1.1355932203389831,1.3017529218158364,1.9095091215719446,0.0,0.23247151342563915,2.0018064557255504,1.449795352436759,0.8164965809277261,1.1986582537134605,-0.2397316507426921
75,2026,26,1955958,2026-09-06,Remo 0 x 1 Flamengo,4617,Remo,34.39,65.61,Casa,-1.365407423257269,-0.16069097750741995,-0.35466346535127546,-0.715762010074349,-0.7427418461091526,-3.4997970895148867,-0.5868554062628093,0.7526273982541346,-1.6817858789994469,-0.8762506465386658,-1.6371149288757185,-0.3504927598586704,-1.1764617036728091,-0.917946045819192,-0.36277873837564867,1.9098250283714346,-0.4931700935359685,0.08673643747357286,-0.7011168684981214,1.3390777426632823,0.7618724740672271,-0.2850288921302544,-1.5217397404619186,0.05714073693221319,-0.15996319092417638,0.05393206680754779,-0.7925153987190855,-0.5022221763556227,0.3602304354638445,-0.9452956018478071,0.8274793869289935,-0.16964850923391397,-0.5577590182684136,-0.49952020092323735,-0.8604732192579384,-0.7733207051597938,-0.9126126309041697,-1.2372881355932206,-0.43391764060527876,-0.9039616310209945,-1.2909944487358056,0.24595160578395708,-1.2453118643466594,-1.0802131277057896,-0.8164965809277261,0.2397316507426921,-1.1986582537134605
76,2026,26,1955932,2026-09-05,Sao Paulo 2 x 0 Atletico MG,1224,Sao Paulo,55.97,44.03,Casa,1.3306948732215558,0.7297319700289404,1.4777417522904652,0.1307178780408681,0.8868587956399803,0.8265707439638674,1.282110855720661,0.01586118041465605,1.8434561771792966,-1.9580277431374515,1.868791107502157,0.8103527912968848,2.944095279707432,0.8610191592567616,0.9023522062245175,0.29665053846303696,0.2838538765320071,0.7857360963017805,1.4561658038037906,-0.3006092891693081,0.7009009336286863,1.7178768363526127,1.4946390805711565,-0.046751512035447695,-0.771199425581369,1.1325734029585037,2.4868586649460953,3.0596524839980628,2.0812540409498697,1.3339425587334186,-0.24847909289902467,-0.10281913958326146,0.18017273982314785,-0.6801225360415231,-0.31112125035157095,1.0275631287739724,0.7682331992313034,1.4745762711864407,0.7231960676754646,1.0834983851771223,1.2909944487358056,-0.40557530608443665,0.5741940908662165,0.7070066933253445,1.6329931618554523,1.1986582537134605,0.7191949522280763
77,2026,26,1955932,2026-09-05,Sao Paulo 2 x 0 Atletico MG,1235,Atletico MG,44.03,55.97,Fora,-0.13637362562510508,-1.991890021913022,-0.638836571245725,-1.4703652711269912,-1.059607242496038,-0.4145432131947537,-0.7363727072214868,-0.33085233386274604,-0.9967733132633918,0.10281913958326146,-0.18017273982314785,0.6801225360415231,-0.3608328070683347,-2.412276818082993,-1.935851201664496,-1.5442662323736054,-0.791500616613112,-0.8155614973339453,-1.1325734029585037,-2.4868586649460953,-3.0596524839980628,-0.5931682349737724,-1.2982752816210554,0.16103298589987408,0.31557443653121275,-1.4561658038037906,0.3006092891693081,-0.7009009336286863,-0.947052382144914,-1.3339425587334186,-0.16379376297573955,1.9580277431374515,-1.868791107502157,-0.8103527912968848,-1.8683746269755046,-1.7267297937129642,-3.1937605432308818,-1.745762711864407,-1.0124744947456505,-1.276512257553172,-1.2909944487358056,0.9486719662844443,-0.5769933307973152,-1.4152286040672035,-1.6329931618554523,-0.7191949522280763,-1.1986582537134605
78,2026,26,1955939,2026-09-05,Red Bull Bragantino 2 x 3 Bahia,5438,Red Bull Bragantino,51.3,48.7,Casa,0.043387662136167404,1.2088520247088148,0.8902001383368748,0.7576628743244588,0.5035873493775839,0.4896799664700791,0.9830762538033059,0.43687044775150047,0.1396586660634782,0.7078209895015711,0.8966733777539042,-1.468676675671952,-0.6929329369688155,1.1456535920689144,1.5416957619898455,1.6285259294850014,-1.2885344130001528,0.07967624005872272,0.808981002113217,1.3390777426632823,0.7618724740672271,0.17718012213502263,0.7711328614971099,0.6804942307381785,0.17530243607726326,2.2112147391094594,0.3006092891693081,-0.27153843745359085,1.2005695873721705,1.0155175608422156,0.2337447066463632,-1.4430499414362927,1.395160320529121,-0.45221958934463957,1.0721932052711383,1.2394318151191213,0.227961325259187,1.6440677966101696,0.14463921353509293,0.5063866105092246,0.0,-0.766364012551983,-0.40553988501763955,0.1880399748854077,-0.8164965809277261,-1.6781215551988446,0.7191949522280763
79,2026,26,1955939,2026-09-05,Red Bull Bragantino 2 x 3 Bahia,1221,Bahia,48.7,51.3,Fora,-0.3922963759744128,-1.1361177231198785,-1.2702154221513604,-0.22614820867702268,0.5750230691522003,0.6531059483656197,-0.21306215386611518,-0.9218412786537721,-1.2606499691425177,1.4430499414362927,-1.395160320529121,0.45221958934463957,-0.4411743883971403,-1.2025804786313445,-0.8300663855694024,-0.27514936763016257,-1.1109562437870275,-2.9330738942978396,-2.2112147391094594,-0.3006092891693081,0.27153843745359085,-2.2879346206131213,-1.1745096826771118,-0.8778895037767348,-0.7421704697904125,-0.808981002113217,-1.3390777426632823,-0.7618724740672271,-1.1328999810646945,-1.0155175608422156,0.8623401815202373,-0.7078209895015711,-0.8966733777539042,1.468676675671952,-0.4610785717839229,-0.2436489892969214,0.4560761164918584,-0.7288135593220341,1.3017529218158364,0.6603843812817299,1.2909944487358056,1.3878721320538174,-0.6294790795053788,1.3958312623861073,0.8164965809277261,-0.7191949522280763,1.6781215551988446
80,2026,25,1955922,2026-09-01,Remo 2 x 3 Coritiba,1236,Coritiba,44.07,55.93,Fora,-1.1619136105638868,-0.7661405588610244,-1.0009571510676927,-0.6930610400829745,0.07126328821871858,-0.07093726084735491,-2.2695391756120338,-1.7620915501678633,-1.6549349328991838,0.13976672101656581,-1.8558525318819006,-0.24145445028280046,0.9015420611203344,-0.4404526434351516,-1.8512516375006165,-1.9704791858633053,-1.267706805852703,-1.5226192888571515,-1.42313613392964,0.6502781794213109,-0.3983380523296228,-2.4694016233223848,-0.3371321154838886,-0.9937083589735017,0.4471248974186342,-1.06735210044723,-0.6502781794213109,-0.5820678981647032,-0.48787052875783987,-1.6729981381188612,1.9894458115560636,-2.7732421076501517,-1.5167901544167286,0.3636123681781938,0.0539317640254977,-1.0259171343666662,2.056011537773243,-0.7207934923913323,0.5573864114332939,0.1645148020329508,0.3634218921558156,1.307277678142688,-1.0177752271809881,0.02540768424296454,0.674199862463242,-0.1942571724714528,1.165543034828717
81,2026,25,1955922,2026-09-01,Remo 2 x 3 Coritiba,4617,Remo,55.93,44.07,Casa,0.3221747973639184,1.1072643484955722,-0.024894452218146405,1.009868162809945,0.600731006443014,0.693056091699785,-2.0310587018174244,-0.32899988310218714,1.159663571310324,2.7732421076501517,1.5167901544167286,-0.3636123681781938,-2.423100739052908,1.505733455464355,1.2056936586493932,0.5848540923587914,-0.4120206154920465,-1.0510764207062704,1.06735210044723,0.6502781794213109,0.5820678981647034,-1.2648154656041481,0.9799698326269648,-0.4867142982727354,0.26207643231333405,1.42313613392964,-0.6502781794213109,0.398338052329623,-0.15066473656728877,1.672998138118862,0.19238748849460569,-0.13976672101656581,1.8558525318819006,0.24145445028280046,0.26916753095621676,1.0367734003388003,1.096412250638078,2.447529551087051,-0.13934660285832365,0.5391844475218563,0.3634218921558156,-0.8900461113066703,-0.0022376252246497264,1.2142105702122248,-0.674199862463242,-1.165543034828717,0.1942571724714528
82,2026,25,1955909,2026-08-30,Flamengo 3 x 0 Botafogo RJ,1239,Flamengo,62.05,37.95,Casa,0.018201693697766447,-0.38712189810575237,0.7335139852610683,0.30621756822297624,0.6324739479729331,0.9729662080495098,-0.20270840272541787,-0.6156182165153221,0.7542612745706208,-0.2619608651986046,0.0713718602887451,-0.6882635834716182,-0.34385692834069886,0.583855829669852,0.7562428977172171,0.3494944483120193,1.3263964156724937,1.3449354142614924,-0.71156806696482,-2.1770182528452584,-0.21796379995733692,0.9435924902126194,1.2457814994241145,0.6286726352689506,0.1977547733195136,0.35578403348241,0.48064039348531684,3.37541445061159,0.7466128596929981,0.6222826320363294,-1.6090592929604102,1.7225608560640504,0.8274520157946293,-0.41778499008877307,0.19292061514971928,1.1453360600601408,-0.028496157390118935,0.3881195728261018,0.5573864114332939,0.31600669554136684,1.4017701554581457,0.0067326345236878625,1.4264000182054541,0.16524015339098133,2.0225995873897262,1.7483145522430756,1.165543034828717
83,2026,25,1955909,2026-08-30,Flamengo 3 x 0 Botafogo RJ,1227,Botafogo RJ,37.95,62.05,Fora,-0.8407919136041734,-0.27612787110062553,0.48922986729290135,0.04369799232307716,-0.5728521158909238,-3.9513784314363893,-0.9181498241092465,1.7894834508209874,-0.5146602886474871,-1.7225608560640504,-0.8274520157946293,0.41778499008877307,0.17768910784739078,0.17413244042785053,-0.4422194978626259,-0.2669236670485741,-1.9930880112136646,-0.8900186243169544,-0.35578403348241,-0.48064039348531684,-3.375414450611589,0.5420637709732071,0.15882249500480977,-1.0951071711136549,-0.5580247198578788,0.71156806696482,2.1770182528452584,0.21796379995733706,0.44101378908296784,-0.6222826320363288,0.32251569839180383,0.2619608651986046,-0.0713718602887451,0.6882635834716182,0.18018287814576436,0.27683478228941794,0.37066489061988694,-0.2455450358695748,-0.13934660285832365,-0.8297325381472137,-1.7132746344488445,-1.0116518444740046,-0.9902352244160705,-0.8923183887598589,-2.0225995873897262,-1.165543034828717,-1.7483145522430756
84,2026,25,1955912,2026-08-30,Vasco da Gama 3 x 1 Cruzeiro,1230,Cruzeiro,58.28,41.72,Fora,-0.5529031870771363,-1.0766569046942653,-0.5447350430671382,-0.5583911760283221,-0.8401232359131283,0.45922171466688716,0.9896939662476297,1.9818604300412166,-0.9504614680543911,-0.3968923926798973,-0.42289474028950247,-1.641651089016563,-2.723376199209794,-0.9526068799876534,-0.5290008914387272,-0.07458675363400781,0.0451862092036497,-0.07240535698684358,-1.77892016741205,-1.0460996799386308,0.7332468142349188,0.14053505173379485,-0.9763372702215648,0.3244761988484907,0.0001678807217297606,-1.42313613392964,-0.6502781794213109,-0.3825610273096414,-0.683669925412599,-0.7644393055345855,-0.4735106254640662,-0.2381804301403613,-0.5633569604027299,-0.5675301284326172,-0.33823830974335584,-0.9173544746453258,-0.9598719360801315,-0.7207934923913323,-0.8360796171499413,-0.9798807057854421,-0.6749263711465144,-0.8961021966402929,0.3798799131385831,-1.030910550575682,-1.348399724926484,-1.165543034828717,-0.7770286898858114
85,2026,25,1955912,2026-08-30,Vasco da Gama 3 x 1 Cruzeiro,1226,Vasco da Gama,41.72,58.28,Casa,0.668963526547554,0.7641826338952462,1.4433446809985437,1.5967054403231287,1.9325723549190275,0.3193659576543455,1.1486809487773695,0.053157894781993266,1.0046835927954094,0.2381804301403613,0.5633569604027299,0.5675301284326172,-0.33341645685174737,0.17413244042785053,0.8091837818021834,-0.6036730137910209,-0.7896702534661513,0.4512293862931895,1.42313613392964,0.6502781794213109,0.3825610273096416,1.5458855690717377,1.0173997352063888,0.3244761988484907,-1.1430018802148934,1.77892016741205,1.0460996799386308,-0.7332468142349186,2.9472867355139654,0.7644393055345855,-0.033703633059017746,0.3968923926798973,0.42289474028950247,1.641651089016563,3.5578366264518633,2.2309626572735444,-0.2812981544631219,1.0217841815217783,1.9508524400165292,2.8945844316755895,1.4017701554581457,2.0341645484333544,-1.0900677344388972,2.5453601940301223,1.348399724926484,0.7770286898858114,1.165543034828717
86,2026,25,1955914,2026-08-30,Sao Paulo 2 x 1 Red Bull Bragantino,1224,Sao Paulo,32.71,67.29,Casa,0.8444586102866153,-0.17994097410540064,0.31376559353646544,-0.9729846975130663,-0.5550881170629055,0.19635962186438857,1.3076679313071091,-0.2061634544965568,0.09002187539907305,1.2854524282806596,0.5027185359012624,1.6036770856894236,-0.16436602311488555,-1.3623302692296548,-0.3634958400956688,-0.13383339214117324,0.7533505417464568,0.3810006676746783,0.35578403348241,0.6502781794213109,0.6742744220623734,1.1443568498323256,0.8662878278755406,-1.8048988560947279,-3.00040246812734,0.35578403348241,1.0460996799386308,0.5479190807084992,0.2749640261846139,-0.18844317764340954,2.611896743353471,-0.8107027720513644,-0.7949475650830292,-1.9332057901284736,-0.9753422571973526,-1.0259171343666662,2.056011537773243,0.0712872684782635,-1.5328126314415589,-0.009974824165566915,-0.6749263711465144,-0.11200753419473876,-2.2570753516022832,0.7073168009339832,0.674199862463242,0.7770286898858114,0.1942571724714528
87,2026,25,1955914,2026-08-30,Sao Paulo 2 x 1 Red Bull Bragantino,5438,Red Bull Bragantino,67.29,32.71,Fora,1.0265311511402504,-0.5860294296950239,0.09333128496392544,-0.5552733663830812,-0.8090712070213967,1.1740467443071845,0.6717200011881505,1.4302436806060235,-0.2851281611693381,0.8107027720513644,0.7949475650830292,1.9332057901284736,0.5551670225270835,-0.850176032677153,-0.09205797268190159,0.12854457839055977,0.8979240391379931,0.5361765709954355,-0.35578403348241,-1.0460996799386308,-0.547919080708499,0.14053505173379485,0.029968177144867495,1.6426607566704832,0.7574598170502737,-0.35578403348241,-0.6502781794213109,-0.6742744220623733,-0.2471140628618719,0.18844317764341004,0.7386007429941494,-1.2854524282806596,-0.5027185359012624,-1.6036770856894236,-0.303141021585049,-1.1344797940880065,-1.8646369782361434,-1.1960419489130898,-0.8360796171499413,-0.871053420078226,-0.6749263711465144,-0.008284432061990005,0.424632417631574,-0.9304590497151999,-0.674199862463242,-0.1942571724714528,-0.7770286898858114
88,2026,25,1955916,2026-08-30,Corinthians 0 x 1 Santos FC,1241,Santos FC,35.28,64.72,Fora,-0.6639281558586035,-1.1445967894727171,-0.9681583432471719,-1.674188564036355,-0.5438559970330569,0.17139859091275078,0.2742525448638012,-0.5782332165049127,-0.9789518924768694,-0.24763822684020628,-1.0423267591947878,-0.9337445351337498,0.7650998985686575,-1.976915353092657,-2.266940191824401,-1.1541921664312467,1.1494827386392292,-1.3962186783974693,0.71156806696482,-1.0460996799386308,0.5820678981647034,-0.6625223867450296,-0.9931574348560935,-1.500702419674268,-0.9477181751449089,-1.42313613392964,-0.6502781794213109,-0.5112749997694651,-0.5791535048566891,-2.0665990200280304,0.04379201866860202,0.5548453338022599,-2.005896344853976,-1.3262388293747598,-1.298020061888654,-1.3516051135306872,0.17108436661488402,-1.1960419489130898,-0.13934660285832365,-0.5541826857303435,-0.6749263711465144,0.8305921337973197,-1.4171052672722941,-0.637975959310444,0.674199862463242,1.7483145522430756,-0.7770286898858114
89,2026,25,1955916,2026-08-30,Corinthians 0 x 1 Santos FC,1237,Corinthians,64.72,35.28,Casa,1.0570810230074918,1.368275599133279,0.5102444277738026,1.043796186411506,-0.19021422004630423,-0.22436307336415084,-0.8386563328443766,-0.6729418831979493,1.4938229367500626,-0.5548453338022599,2.005896344853976,1.3262388293747598,0.8820014123915321,1.8130259973958562,1.5866620857863087,0.7952933035064936,-0.05417303114158997,1.107323688731394,1.42313613392964,0.6502781794213109,0.5112749997694652,-0.46175802712532354,0.9040125983155465,2.1496548173712493,1.4661200714560902,-0.71156806696482,1.0460996799386308,-0.5820678981647032,0.13502556510753272,2.0665990200280295,-0.5895599428558639,0.24763822684020628,1.0423267591947878,0.9337445351337498,0.13251443128945684,1.253898719781481,-0.6478839905090926,0.3881195728261018,-0.13934660285832365,-0.4023645336249826,-1.7132746344488445,-0.8385118480048396,1.402302515786151,-0.4978423417370231,-0.674199862463242,0.7770286898858114,-1.7483145522430756
90,2026,25,1955917,2026-08-30,Mirassol 1 x 1 Palmeiras,6332,Mirassol,50.49,49.51,Casa,-0.12173416671166479,0.45149535700214005,0.34593806353404905,0.2057478492827695,-0.14567276587844452,0.1676006812408021,0.5922265099232805,-0.4654848037751081,0.3208524765231843,0.6027069039152293,-0.19781904676160528,-0.6882635834716182,0.5421878857891771,0.583855829669852,0.5718474189173974,-0.5193022624285344,-0.31192504843472896,-0.11937798917816171,-0.0,0.6502781794213109,0.6742744220623734,0.341299411353501,0.6692995681131851,0.3244761988484907,0.15539660764065688,1.06735210044723,-0.08481889296799704,-0.4523026075969198,-0.24198000459011532,0.2523443243875413,-0.32565710158459016,-0.6787528988153704,-0.044995614045533296,0.5325974879334895,0.08304519885558062,-0.26597851631728375,-0.4276572054001243,-0.7207934923913323,0.5573864114332939,-0.2541377190555187,-0.6749263711465144,0.5012184676761984,0.22152489724030677,-0.3610236579436101,0.0,0.7770286898858114,-0.7770286898858114
91,2026,25,1955917,2026-08-30,Mirassol 1 x 1 Palmeiras,1234,Palmeiras,49.51,50.49,Fora,-0.4164364892414644,-0.43923744059874686,-0.7894691081711588,-0.0053752554822022736,0.0898295482937242,-0.6078156150119675,-0.8386563328443766,-0.4654848037751081,-0.5796975052067378,0.6787528988153704,0.044995614045533296,-0.5325974879334895,0.17101140630620199,-0.542883490745652,-0.23153306417010255,-1.310112158907033,-2.1272779376488002,-2.099578000672019,-1.06735210044723,0.08481889296799704,0.45230260759692,-2.0678729040829724,-1.1067343808953762,-0.689511922553042,-0.8587284756539905,0.0,-0.6502781794213109,-0.6742744220623733,-0.22241726207425142,-0.2523443243875413,0.31262151014749834,-0.6027069039152293,0.19781904676160528,0.6882635834716182,-0.6552393277744913,0.05970946284673727,-1.2259793014201346,-0.2455450358695748,0.5573864114332939,0.222715898224392,-0.6749263711465144,0.5804788336973526,0.12513488756309454,0.07912939039563294,0.0,0.7770286898858114,-0.7770286898858114
92,2026,25,1955919,2026-08-30,Gremio 3 x 1 Chapecoense AF,8865,Chapecoense AF,46.24,53.76,Fora,0.66637265322219,1.1313501643832116,0.20509093220211627,0.6285038207928776,1.2156323382067853,-0.1971271919013153,0.6717200011881505,-0.08647667790645677,1.1058772258256204,-0.1526918070441217,0.463539614509516,1.0552714361811368,0.9425394307174167,1.4033026081538549,1.1947925165395463,2.4155406200402934,1.2662623215739548,1.1171206334580548,0.71156806696482,1.2157374658746247,-0.07077932767896068,0.5420637709732071,1.2872722579398614,0.02027976242803094,0.0023777341257834677,1.06735210044723,-0.6502781794213109,-0.29982968135214044,-1.0361441191543206,0.7637988033933754,-0.9288610555886979,0.4380323968977139,1.3304346749646876,-0.050228741426610886,0.47001054624005817,1.1453360600601408,1.4210887011725322,2.60594570326097,1.9508524400165292,1.872408378852696,-0.6749263711465144,-0.05782438669697511,0.2662774017332976,1.6018549142426053,-1.348399724926484,-1.165543034828717,-0.7770286898858114
93,2026,25,1955919,2026-08-30,Gremio 3 x 1 Chapecoense AF,1244,Gremio,53.76,46.24,Casa,-0.5592322629741587,-0.5149161556768334,-0.7223639060891811,-0.8466058302677621,-0.7430324897974766,-0.22436307336415084,-0.12321491146054803,-1.502770200889312,-0.966200637020819,-0.4380323968977139,-1.3304346749646876,0.050228741426610886,-0.01161293649587368,-1.0550377272981537,-0.5875529743832603,0.7631331582812635,-0.028454385075330303,0.4165157614696317,-1.06735210044723,0.6502781794213109,0.2998296813521406,0.14053505173379485,-1.4343436506874316,0.02027976242803094,0.4491170459664189,-0.71156806696482,-1.2157374658746247,0.07077932767896083,-1.1333490671700361,-0.7637988033933754,-0.2650490075386512,0.1526918070441217,-0.463539614509516,-1.0552714361811368,-1.1038134669870203,-0.9173544746453258,-0.9598719360801315,-0.5623773402174131,-1.5328126314415589,-1.2077845263010503,1.4017701554581457,-1.4316029527350844,1.089034984335213,-1.2412739780365283,1.348399724926484,0.7770286898858114,1.165543034828717
94,2026,25,1955920,2026-08-30,Athletico Paranaense 3 x 3 Fluminense,1243,Athletico Paranaense,49.32,50.68,Casa,0.0903340398239938,1.246689456389186,0.3451597515534641,0.9199857725240377,0.33305183339093647,0.4330161379304418,-0.6796693503146369,0.7792576727619359,2.262057402102728,-1.5821634409049432,0.8743820236931803,-1.46900375304366,1.0543110628692147,1.1984409135328542,1.1494433122196246,0.3494944483120193,0.20373991030162608,0.0665242800234563,1.42313613392964,1.2157374658746247,0.7332468142349188,-0.46175802712532354,1.4662387980098708,-0.4867142982727354,0.2017471521536135,1.42313613392964,0.48064039348531684,-0.2523338945713983,-0.35058449070598413,0.9566411880689951,-0.6016220882634312,0.32059154853707794,1.8558525318819006,0.777453477782999,0.08999589236225616,0.602522761453439,-0.2714637518309914,0.0712872684782635,0.5573864114332939,0.20853720100908651,0.3634218921558156,0.17723441434733123,-0.05387513040887034,0.909011263331127,0.0,-1.165543034828717,1.165543034828717
95,2026,25,1955920,2026-08-30,Athletico Paranaense 3 x 3 Fluminense,1232,Fluminense,50.68,49.32,Fora,-0.981979616836485,-1.0644338588817497,-1.056475562964464,-0.18185446850530446,-0.5894771326265317,-0.08101632882291084,-0.2822018939902877,0.3688534504254468,-1.0766903817144147,-0.32059154853707794,-1.8558525318819006,-0.777453477782999,-0.1690441819981116,-0.9526068799876534,-1.4013520281243887,1.8961435377622355,-0.3776629222945727,-1.3161083138857363,-1.42313613392964,-0.48064039348531684,0.2523338945713985,-0.46175802712532354,-1.6257716235841846,-0.7909107346931952,-0.48148194565523283,-1.42313613392964,-1.2157374658746247,-0.7332468142349186,-0.8215393925798153,-0.9566411880689957,-1.4420643083033122,1.5821634409049432,-0.8743820236931803,1.46900375304366,-0.36539841530270195,-1.1344797940880065,-0.6118853814047416,-0.5623773402174131,-0.8360796171499413,-1.0494537827858283,1.4017701554581457,-1.152162083020303,0.07693988272448846,-1.0951290042360333,0.0,-1.165543034828717,1.165543034828717
96,2026,25,1955921,2026-08-30,Bahia 3 x 2 Internacional,1219,Internacional,41.07,58.93,Fora,0.029532755580695458,-0.22575654270227247,0.4485186047488347,-0.026473895777828466,-0.06261395624390395,0.26839136099636146,1.2281744400422394,-0.5951454784143844,-0.041492240781433855,0.07018412122361925,0.22193626592707658,-0.770193107439055,-0.4746786370137913,0.37899413504885127,0.32953866053400366,-0.5369995419826169,1.5710348596950552,0.9775603050212319,-0.0,-1.6115589663919447,-0.22492110860484366,0.5420637709732071,0.2870364392020935,-0.1825178618522756,-0.0861618488634009,0.35578403348241,1.0460996799386308,2.006360163402985,0.6426455667489417,-0.2116005573845349,0.5546269545164069,0.13582579897759967,-0.03402255036295663,-0.06379730239726009,0.20352482703343777,-0.48310383575996446,0.3972756271538872,-0.5623773402174131,-0.13934660285832365,-0.03362944353918375,0.3634218921558156,0.6406851589888573,-0.7113926964212796,-0.15748658464597315,-0.674199862463242,-1.165543034828717,0.1942571724714528
97,2026,25,1955921,2026-08-30,Bahia 3 x 2 Internacional,1221,Bahia,58.93,41.07,Casa,-0.08550185864706425,-0.37958791338570647,0.6903406633068231,0.44149196602119656,0.8060970246533802,0.012347669266449465,0.1152655623340615,-0.5782332165049127,-0.9889718401639804,-0.13582579897759967,0.03402255036295663,0.06379730239726009,-0.6764132613629539,-0.13316010150365054,0.01669216138186546,-0.5369995419826169,0.3176982701216882,1.0466567145221686,-0.35578403348241,-1.0460996799386308,-2.006360163402985,0.341299411353501,-1.3033993420362275,1.3384643202500233,1.1212300203022245,0.0,1.6115589663919447,0.22492110860484382,2.1541206238816972,0.2116005573845349,-0.12052812825939387,-0.07018412122361925,-0.22193626592707658,0.770193107439055,1.0061104651882729,0.05970946284673727,-0.028496157390118935,-0.40396118804349396,1.2541194257249115,0.8786169911501778,1.4017701554581457,1.8856445352730016,1.0649374819159099,0.6845497017841111,0.674199862463242,-0.1942571724714528,1.165543034828717
98,2026,25,1955918,2026-08-29,Atletico MG 2 x 1 Vitoria,1238,Vitoria,41.01,58.99,Fora,-0.07593752029096347,0.21792058263025266,-0.5118312762930171,-0.9667989063629931,-0.8960260734074432,-0.12443385240992115,0.9896939662476297,-0.05057064492942676,0.03968210428386031,-1.4845482973850324,-0.36930444889661573,-0.28601716012729317,0.7704030299046637,-0.03072925419315018,-0.10365062818956015,-0.5875929411784058,0.20990310202120868,0.5590428457151043,0.35578403348241,0.6502781794213109,0.23096868953536664,0.5420637709732071,-0.8835944584688703,0.425875010988644,0.32916037114124597,-1.06735210044723,-1.2157374658746247,-0.7332468142349186,-0.8722424149292284,-0.5622529096217644,0.6480387748278247,-0.6987625812381932,-0.8079792601808905,-1.3745202921619866,-1.1224431634873306,-0.37454117603862414,-0.20590106761678784,-0.2455450358695748,-1.5328126314415589,-1.1309850785869966,-0.6749263711465144,-1.467382875976895,-0.4256651677352589,-1.170385324166323,-0.674199862463242,-0.1942571724714528,-0.7770286898858114
99,2026,25,1955918,2026-08-29,Atletico MG 2 x 1 Vitoria,1235,Atletico MG,58.99,41.01,Casa,0.7367085311351218,0.7533681953512216,0.00040698794598054144,0.28499244172837657,0.2663759688229957,0.613664048569252,0.19475905359893134,1.5053574507418797,-0.193733111426243,0.6987625812381932,0.8079792601808905,1.3745202921619866,0.5579130453990991,0.4814249823593516,0.24895823272367995,0.41219643842486625,-0.3789993974937563,0.4633164048347722,1.06735210044723,1.2157374658746247,0.7332468142349188,0.9435924902126194,-0.2516189526295968,0.831470259549257,1.6857867099081034,-0.35578403348241,-0.6502781794213109,-0.2309686895353665,-0.5149396565526754,0.562252909621765,-1.0243105590729977,1.4845482973850324,0.36930444889661573,0.28601716012729317,-0.07760475173216771,0.8196480808961197,-0.055106893924119195,0.3881195728261018,-0.13934660285832365,0.22661041179223734,0.3634218921558156,-0.09845213976800196,1.4883650244265192,0.08272416656292675,0.674199862463242,0.7770286898858114,0.1942571724714528
100,2026,24,1955882,2026-08-25,Botafogo RJ 2 x 3 Athletico Paranaense,1227,Botafogo RJ,60.1,39.9,Casa,1.2045955408757825,1.0690344379056376,0.6663244297418555,0.9992741667288598,1.0020562001210758,0.1107851331450068,-0.1800558177061748,0.2228637756947517,0.9673687493152506,-1.379756728571276,0.9414631515493257,2.674700622590357,1.9924381094746602,0.7535631923835173,1.0324805359941875,-0.31801890940533484,-0.5883152196363667,0.5311204388988453,1.3016280532365727,1.1884659700082727,-1.0455044630349852,1.0432330616109,1.122393441681925,0.7513751410881433,0.5115449739883686,1.7021289926939802,-0.4681835639426528,-0.4371735863934484,-0.15300049468116286,0.8249932558866317,-0.4212585261386027,-0.23882810052489628,0.9991689875458133,0.6282669436641385,1.5446674798188555,0.9740872208952421,-0.30692100340727607,2.1937075544911195,0.6401248909900831,1.2674643345897694,0.8626621856275074,-0.10356885261425096,0.6082357768900793,1.2243330011893079,-0.7254762501100117,-1.6781215551988446,0.7191949522280763
101,2026,24,1955882,2026-08-25,Botafogo RJ 2 x 3 Athletico Paranaense,1243,Athletico Paranaense,39.9,60.1,Fora,-0.8615665863534469,-0.6665249694961404,-1.0829701418683924,-1.4427206372145547,0.02836891660850205,-0.3966605293641509,-1.1354540341062849,1.0777760718507325,-1.2679039889580241,0.23882810052489523,-0.9991689875458133,-0.6282669436641385,-0.7036152529646589,-0.5186863531990445,-0.9134680960341895,-0.25541405878458623,-0.7886754522361082,-0.73627862813841,-1.7021289926939802,0.4681835639426528,0.4371735863934484,-1.648981290933358,-0.7179200675840116,-0.601812316795717,-0.4507180383405733,-1.3016280532365727,-1.1884659700082727,1.0455044630349852,-1.0390131526524224,-0.8249932558866317,0.7684832395616807,1.379756728571275,-0.9414631515493257,-2.674700622590357,-1.3297255188319046,-1.523572319861789,0.8157106193638014,-1.3054578698505432,0.6401248909900831,-0.4756288949083644,1.9409899176618917,1.356759418963838,-0.6277513633143599,-0.5142766269750493,0.7254762501100117,-0.7191949522280763,1.6781215551988446
102,2026,24,1955885,2026-08-23,Santos FC 1 x 1 Mirassol,1241,Santos FC,63.95,36.05,Casa,1.4673005439406985,0.890429086402499,1.6531188291912446,0.667145957741758,0.30192541764966846,1.0714930878478908,2.906615342971104,-0.8314154195647968,1.887867315247328,0.7510258697939122,1.298187556998482,0.9857139245521483,1.0549569233698308,1.1450245910243055,1.1475063117282238,3.8444266463171015,2.5489839645068404,1.891452971003014,0.8010018789148139,0.4681835639426528,0.6400417936870755,2.9277831083918806,1.3704000560720908,1.1786974962093624,0.8487729511788792,1.9524420798548596,1.6926636542542066,-0.19493459946233951,0.7967265803650686,1.369454368559578,-1.0082994822281421,0.902182096633137,1.0349049095983534,-0.04532572637702863,0.3095502791861297,0.4745553127438359,-0.8949661391445077,0.5787081278718905,-0.47313578899267017,0.856013317507328,-0.2156655464068768,0.5530038667525515,0.7091784652915308,0.8139403224090042,0.0,0.2397316507426921,-0.2397316507426921
103,2026,24,1955885,2026-08-23,Santos FC 1 x 1 Mirassol,6332,Mirassol,36.05,63.95,Fora,-0.3812225232534417,-1.8167357839951181,-0.5449286634887164,-1.1881146891438,-1.1334332624889953,-0.299657774284742,0.628358057709303,-0.2075815762159514,-0.9613160455773934,-0.9021820966331381,-1.0349049095983534,0.04532572637702863,0.3385068285631642,-2.2802626470825915,-1.3415747547888146,0.4971104280054322,1.1615562563241288,-0.8838057954702976,-1.9524420798548596,-1.6926636542542066,0.19493459946233951,0.9086223439836871,-1.4458860826773863,-0.4593715317553107,-0.739272409405948,-0.8010018789148139,-0.4681835639426528,-0.6400417936870755,-1.0037512676258211,-1.3694543685595775,1.0849747290671556,-0.7510258697939133,-1.298187556998482,-0.9857139245521483,-1.0991029064649926,-1.523572319861789,-0.6811315443309686,-1.5746244409537482,-1.0297661289840467,-1.286215146745168,-0.2156655464068768,-1.0240151608842138,-0.9395521119321765,-1.3227778809824924,0.0,0.2397316507426921,-0.2397316507426921
104,2026,24,1955888,2026-08-23,Palmeiras 4 x 1 Vasco da Gama,1234,Palmeiras,57.76,42.24,Casa,0.44006173731354464,-0.940129253351573,0.23260904837007132,-0.3060855948607163,0.050424450138510324,0.504737572211256,-0.10656364721385864,0.15112288370963467,0.47866567879221966,-0.6201013249024533,0.12783610977780313,0.9493298573608492,0.4816763345110629,-0.8122824021796357,-0.3043812257611078,0.015221493378025067,-0.645512991505665,-0.09606238975276338,-0.9511897312113419,-1.6926636542542066,0.5956971787576323,0.10095803822040968,-0.15266422638621038,0.9650363186487528,0.8373997723402966,-0.0500626174321757,0.252098842122967,1.2951269215505459,0.2802879350466845,0.1312191570724698,-0.5625986451346529,0.3699798771857266,-0.3624930415513729,-0.7431534766101533,-0.24991501835380886,-0.724321266819539,-1.4295526261783535,-0.6325414420925313,0.08349455099870644,-0.31515648118280887,1.9409899176618917,0.24845182887371245,0.601506264329983,0.44320600463861015,2.176428750330035,0.2397316507426921,2.637048158169613
105,2026,24,1955888,2026-08-23,Palmeiras 4 x 1 Vasco da Gama,1226,Vasco da Gama,42.24,57.76,Fora,0.5588134347128992,-0.05652644739106394,0.3799206411671549,-0.37585575576078273,0.29417280625472136,0.20354401768969152,1.3632797626324646,0.6139673481297463,0.13657231416115392,-0.36997987718572767,0.3624930415513729,0.7431534766101533,0.054645905959774185,0.06850574476213787,-0.0925753096356023,0.2487836822306897,0.5174175256487467,0.3319137290911324,0.0500626174321757,-0.252098842122967,-1.2951269215505459,0.5047901911020484,0.18115658131415116,-0.7442531018361234,-0.4576056991987739,0.9511897312113419,1.6926636542542066,-0.5956971787576323,-0.30602320904269553,-0.1312191570724698,-0.5925941505395856,0.6201013249024523,-0.12783610977780313,-0.9493298573608492,-0.2950378988320088,-0.9241340300801015,1.1150790521027565,-0.6325414420925313,0.6401248909900831,0.7740779292317355,-0.2156655464068768,2.3430356820476357,-0.38548891115087625,0.7322156891348878,-2.176428750330035,-2.637048158169613,-0.2397316507426921
106,2026,24,1955891,2026-08-23,Red Bull Bragantino 1 x 0 Gremio,1244,Gremio,39.96,60.04,Fora,-0.7856903040782013,-0.8711070022930596,-1.281089153432557,-0.6403491075131811,-0.8248749633043326,-0.07347346556592826,-0.03307147672154248,-1.4919749649817609,-1.2766361381497064,1.2942950484557316,-1.414419734458846,-0.5898007989408572,-0.6989435248979534,-1.203743800820424,-1.5780218093392644,-0.6518379661777072,-0.2310130329623199,-0.32588540638706465,-0.4505635568895831,-0.252098842122967,0.669460165553774,-1.1105384204245066,-1.6713949126828462,-1.5276774195583582,-1.2595977735163324,-1.3016280532365727,-1.1884659700082727,-0.8025964873093844,-0.8868301446847858,-1.0811623973143376,0.5350458340761928,0.7708536305826564,-1.0104574757852243,0.7206988267197885,-1.1904753836729505,-0.324695740298414,1.360016860707356,-0.3633748709893264,-1.0297661289840467,-0.9383797425365398,-1.2939932784412609,-1.1062539136445766,-0.5604562377133923,-0.9758371823787351,-0.7254762501100117,0.2397316507426921,-1.1986582537134605
107,2026,24,1955891,2026-08-23,Red Bull Bragantino 1 x 0 Gremio,5438,Red Bull Bragantino,60.04,39.96,Casa,-0.011546692063333183,1.3736547857685149,0.28626584545280026,1.2379336147913527,0.8542343734257054,-0.12384028070331346,-1.2824383750909172,2.3033496432631533,0.6677215049220012,-0.7708536305826575,1.0104574757852243,-0.7206988267197885,0.1361696434615634,1.5364859896650938,1.4680391301641207,-0.2323198250000433,-0.6041561749188105,0.1577316059655038,1.3016280532365727,1.1884659700082727,0.8025964873093844,-0.7067062675428678,1.3512134991679183,0.6801547485679401,0.6585348392805106,0.4505635568895831,0.252098842122967,-0.669460165553774,-0.30972930648873914,1.0811623973143372,-0.16508731983617878,-1.2942950484557327,1.414419734458846,0.5898007989408572,1.86635152845137,1.373712747416367,-0.09541069766779749,1.386207841181505,1.1967552309814595,1.0142350481173117,-0.2156655464068768,0.11116535693216262,0.7002057818780685,0.9717550735468687,0.7254762501100117,1.1986582537134605,-0.2397316507426921
108,2026,24,1955894,2026-08-23,Cruzeiro 2 x 1 Flamengo,1230,Cruzeiro,48.19,51.81,Casa,-0.2506604470276612,0.4544552995282112,1.1374342159067556,1.0030520739426791,0.41366860896512225,0.23741135890276094,0.04042069377077368,-0.22317742229967255,0.8190358464032435,-1.1968796092350826,-0.03614077975526961,-1.2868908877043914,-0.2845680560671709,0.6556978427233202,0.613220318597678,0.5884137141121712,0.08396583813176996,0.7907013438454735,0.8010018789148139,-0.252098842122967,-1.5948940757514802,0.7740116263564742,0.3093019936564102,0.5377139635275338,1.0777329988503306,1.4518159055331008,1.6926636542542066,1.967377189380582,2.0590981521128087,0.2586298425676384,-1.2766430387303898,0.6553610495932339,1.2473617974402824,1.2498848706465744,1.256331785116221,0.7742744576346796,0.1353278176843612,0.9824579845266977,0.08349455099870644,0.1610984260616374,0.8626621856275074,-0.4397511149520331,0.31213722424582174,0.12081289779607969,0.7254762501100117,0.2397316507426921,0.7191949522280763
109,2026,24,1955894,2026-08-23,Cruzeiro 2 x 1 Flamengo,1239,Flamengo,51.81,48.19,Fora,-1.0384028308352282,-0.7506402419477687,-0.253578517516919,0.43801882351435206,0.3653690306090264,-0.3857477194177173,-0.9149775226293364,-1.4558730967569917,-0.8684909860217314,-0.655361049593235,-1.2473617974402824,-1.2498848706465744,0.04707986296865788,0.264236444082532,-0.12231785208629918,-0.6518379661777072,0.48146692568469923,1.3407587829467316,-1.4518159055331008,-1.6926636542542066,-1.967377189380582,-0.03365267940680323,-0.6984051902057296,-0.03204917663409163,0.5440697584853528,-0.8010018789148139,0.252098842122967,1.5948940757514802,-0.2084610220630427,-0.2586298425676384,-0.47819883656202716,1.1968796092350815,0.03614077975526961,1.2868908877043914,0.6876734691653856,0.3746489311135547,0.4415000784401096,-0.3633748709893264,1.1967552309814595,0.284779582398623,-0.2156655464068768,0.9098487313786905,0.5656155306761332,0.24417592026154816,-0.7254762501100117,-0.7191949522280763,-0.2397316507426921
110,2026,24,1955900,2026-08-23,Coritiba 2 x 1 Corinthians,1236,Coritiba,34.59,65.41,Casa,-0.18596332542796723,0.14429181492601134,0.02424861694100407,-0.6701046124178354,-0.7083253398388106,-0.09785739987847189,-0.03307147672154248,-0.4766099211601412,-0.5153097019489143,-0.177509518292021,-0.9904997175664008,0.6578391121615895,0.7619131476437524,-0.7144170525194387,-0.948196623860482,-0.6708762037261087,0.1933763070538856,1.0513984885975154,1.0513149660756933,1.1884659700082727,0.6824422387252197,0.7740116263564742,0.7576100819760316,-1.1003550644371392,-1.2221839131331782,0.4505635568895831,-0.4681835639426528,-0.49020700898491515,-0.26815493519627265,-0.8377838490011535,0.9645071896069529,-0.20771051833091345,-0.6798247842482044,-0.04532572637702863,-1.1174840900449552,-0.724321266819539,-0.6811315443309686,-0.6325414420925313,-1.0297661289840467,-1.1829559729607189,0.8626621856275074,-1.4203155052199372,-0.9956313832663163,-1.2197843114477012,0.7254762501100117,0.2397316507426921,0.7191949522280763
111,2026,24,1955900,2026-08-23,Coritiba 2 x 1 Corinthians,1237,Corinthians,65.41,34.59,Fora,0.256551054401412,0.49075596328388427,-0.49240241581890914,0.2040518581069975,-0.40734734030595965,0.7017375152442643,-1.2824383750909172,-1.218475963278968,0.8732451189504687,0.2077105183309124,0.6798247842482044,0.04532572637702863,0.9639666057914492,0.7535631923835173,1.19184065369895,0.633410070423148,-0.9028051670662439,-0.0704808747691706,-0.4505635568895831,0.4681835639426528,0.49020700898491515,-0.9759277027972936,-0.041358052758080355,1.3211382812497687,1.7027091289757388,-1.0513149660756933,-1.1884659700082727,-0.6824422387252197,-1.0184860845238835,0.8377838490011528,-0.516820383097648,0.1775095182920199,0.9904997175664008,-0.6578391121615895,-0.35423702197797424,0.7742744576346796,-1.4735773956987888,-0.0942082998861216,-1.0297661289840467,-0.8516684437797349,-0.2156655464068768,-1.0983869047817603,0.8527413999069284,-0.8893489232667297,-0.7254762501100117,-0.7191949522280763,-0.2397316507426921
112,2026,24,1955903,2026-08-23,Vitoria 0 x 2 Bahia,1238,Vitoria,43.48,56.52,Casa,-0.37643199330968236,0.0740282959356191,0.5129428680966273,0.19381002559486776,-0.7716847042123476,0.6891640603059821,0.11391286426308984,-0.4766099211601412,-0.23262749302484287,1.3278423509869242,-0.3309127599661049,-1.1773936317524938,-1.8118411836238724,-0.12722495455825625,0.15540504408678357,-0.32758353936128265,-0.31295472473142355,-0.23671114752400615,-0.2002504697287037,0.4681835639426528,0.8025964873093844,-0.03365267940680323,0.13149064777597338,-0.4593715317553107,-0.11362188007248779,0.4505635568895831,0.9723812481885868,-0.06384883028998747,2.016245966887734,-0.16410199104146314,1.2675449492654782,-1.7880682668324148,-0.06317188288218588,1.1232853386066728,-0.12077136230355273,0.17483616785299216,-0.9452801614535755,-0.3633748709893264,-1.0297661289840467,-1.0194419971839632,-1.2939932784412609,-1.2398667821193219,-1.051710654600456,-1.0566909279074808,-1.4509525002200234,-0.7191949522280763,-1.1986582537134605
113,2026,24,1955903,2026-08-23,Vitoria 0 x 2 Bahia,1221,Bahia,56.52,43.48,Fora,-0.3244658685462049,-0.2875411444852804,-0.002114496571287714,0.8131304794904801,1.5531031977652356,0.6400564155470315,-0.3270401586908071,1.804282568584076,-0.3612549955726659,1.7880682668324137,0.06317188288218588,-1.1232853386066728,0.0987179350855927,0.4599671434029261,-0.1871869162658778,-0.6451292538987466,0.9261457336114202,-1.8724668476102315,-0.4505635568895831,-0.9723812481885868,0.06384883028998747,-0.16826339703401613,-0.5447703171370472,0.5377139635275338,-0.04317331188007315,0.2002504697287037,-0.4681835639426528,-0.8025964873093844,0.4305658654297524,0.16410199104146314,0.5965986091546064,-1.3278423509869253,0.3309127599661049,1.1773936317524938,1.580113535201859,0.6743680760043984,0.5435574986920254,1.5207911267331073,2.8666462509555894,2.2039264263968064,0.8626621856275074,1.0146719393691794,-0.44605452419174707,2.158386316108911,1.4509525002200234,1.1986582537134605,0.7191949522280763
114,2026,24,1955906,2026-08-23,Chapecoense AF 1 x 0 Sao Paulo,8865,Chapecoense AF,23.62,76.38,Casa,-0.5424223641263066,-0.6663192631341505,-1.200243937501931,-0.8683870170193377,-0.4754149468915557,-0.4356348506014135,0.7018502282016191,-0.628669420476422,-0.7816356870607206,-1.1062326702567618,-1.1950547825004758,-0.38394407149365084,0.6955077771947489,-0.2250903042184533,-1.0172419432399784,0.17760282467559205,-1.1749156730507249,-1.951232761381009,-0.4505635568895831,-0.9723812481885868,0.3164810553742122,-0.8413169851700807,-1.1065346146444646,-1.4564570270381552,-1.8299711648409025,-1.5519411403974521,-1.1884659700082727,-0.43095714968461446,-1.0567478877531606,-1.6755676980023066,2.650922477396652,-2.0979283600352723,-1.5211561913610678,0.7688066488949504,-1.045630827608927,-0.6244148851892578,0.21697375388589393,-0.49795815654092884,-0.47313578899267017,-0.586011809820458,-0.2156655464068768,-0.408660018902961,-1.4420223830860683,-0.6243756138813709,0.7254762501100117,1.1986582537134605,-0.2397316507426921
115,2026,24,1955906,2026-08-23,Chapecoense AF 1 x 0 Sao Paulo,1224,Sao Paulo,76.38,23.62,Fora,0.14838824410357837,1.114922622676733,0.6217645284094158,0.9084573149227781,0.9484305486576342,0.3630389322914119,-1.0619618636139687,-0.5662860361415375,0.11904829155063085,2.097928360035271,1.5211561913610678,-0.7688066488949504,-1.7806294545700037,0.7535631923835173,0.9657201879176899,-0.40440911545905606,-1.7117472329067964,-0.42999291766737424,1.5519411403974521,1.1884659700082727,0.43095714968461446,-0.16826339703401613,0.6698878816484221,2.1045625989720036,1.765086884980085,0.4505635568895831,0.9723812481885868,-0.3164810553742122,-0.29854471820808515,1.675567698002307,-0.9634626580634934,1.1062326702567606,1.1950547825004758,0.38394407149365084,0.37926270769467885,2.172963800458617,-0.48589126210991174,0.7132914134234929,0.6401248909900831,1.7899059285664425,-1.2939932784412609,1.414529897147082,2.196400741072916,1.7454307658240196,-0.7254762501100117,0.2397316507426921,-1.1986582537134605
116,2026,24,1955879,2026-08-22,Fluminense 2 x 1 Remo,1232,Fluminense,75.01,24.99,Casa,0.6256711622299691,1.179980607893386,0.41354341699766023,0.6031754189442536,0.3331407856844405,0.8932336063042887,-0.10656364721385864,0.9482439057664935,1.2651194898206102,0.4634640216863164,0.9803143244200262,0.1933497946082976,-2.166198379048924,1.3407552903446998,1.6400123794666372,0.2487836822306897,1.3315749671721968,1.57534733481043,0.5506887917539345,1.1884659700082727,0.8025964873093844,0.3701794734748355,1.3399182886643504,0.6089343560477369,0.7747177804804523,0.4505635568895831,-0.4681835639426528,-0.6400417936870755,0.17984839085210855,1.4654395013472943,-1.6383427456597484,0.801629537254521,1.3407083307002516,-1.361682618862241,0.9682364625917099,0.3746489311135547,0.3551437997654114,0.30954155676868567,0.08349455099870644,0.283866004689067,0.8626621856275074,0.1314668347704136,2.0057312185368414,0.2432646924654493,0.7254762501100117,0.2397316507426921,0.7191949522280763
117,2026,24,1955879,2026-08-22,Fluminense 2 x 1 Remo,4617,Remo,24.99,75.01,Fora,-0.704430757026544,-0.3188763666154175,-0.931226867773742,-0.6970679390646581,-0.7663538156303518,-3.870571695645481,-0.25354798819849095,-0.628669420476422,-1.2063031422195836,-0.8016295372545221,-1.3407083307002516,1.361682618862241,0.22864247469693422,-0.42082100353884744,-0.8723044699758923,-0.2323198250000433,-1.2265760374405026,-0.4147640088485431,-0.4505635568895831,0.4681835639426528,0.6400417936870755,-0.7067062675428678,-1.4113135959364445,-1.3140162419977488,-0.8098156294476512,-0.5506887917539345,-1.1884659700082727,-0.8025964873093844,-0.416170339403184,-1.465439501347294,-0.21292519435344323,-0.46346402168631745,-0.9803143244200262,-0.1933497946082976,-0.14916813588301447,-1.4236659382315078,-0.6811315443309686,-1.3054578698505432,-0.47313578899267017,-0.9146059283309993,-0.2156655464068768,-0.09035011148879465,-1.379213599191832,-0.9521245194089846,-0.7254762501100117,-0.7191949522280763,-0.2397316507426921
118,2026,24,1955897,2026-08-22,Internacional 0 x 0 Atletico MG,1235,Atletico MG,49.19,50.81,Fora,-0.15063984567374886,-0.6150672137154393,-0.09592021843934025,-0.7219628997380976,-0.7046021699329934,-0.3888656651166983,-0.40053232918312326,0.8263312788636792,-1.3367450967195342,-0.5807261495739445,-0.0004408931696005811,0.4432605591545956,0.06553204755060574,-1.8888012484418033,-1.3400268749556619,-0.7425580526772868,0.4285245298421794,-0.8796441912794088,0.3003757045930551,0.4681835639426528,0.6912674735833761,-1.1105384204245066,-0.8378471678233377,-0.8866938868765297,-1.1632625896954512,-0.8010018789148139,0.9723812481885868,2.3574396863942306,2.0881787952145596,-0.7121162716509801,0.40407297207201626,-0.39204965543443093,-1.6047081741277074,0.1707094002307696,-0.7417365534044722,-0.9241340300801015,2.8115001709568297,-0.7671247276441336,-0.47313578899267017,-0.6114930441665365,-1.2939932784412609,-0.16481899841468015,-0.40567744883116635,-0.6497913051489914,0.0,1.1986582537134605,-1.1986582537134605
119,2026,24,1955897,2026-08-22,Internacional 0 x 0 Atletico MG,1219,Internacional,50.81,49.19,Casa,0.9120618201438803,0.19791477210450906,-0.04369802786279453,-0.15740148104541607,-0.35285779327429706,0.6571076810883338,1.3632797626324646,0.25740568665054947,1.5935789660901938,0.3920496554344299,1.6047081741277074,-0.1707094002307696,0.5260422549008122,0.4599671434029261,0.503071314288883,-1.1214478257049427,0.5136596584790809,0.22690027366963833,0.8010018789148139,-0.9723812481885868,-2.3574396863942306,0.10095803822040968,1.394721755878287,-0.1032695691542948,-0.631346679028661,-0.3003757045930551,-0.4681835639426528,-0.6912674735833761,-0.886039123585461,0.7121162716509805,-0.43591901985681764,0.5807261495739435,0.0004408931696005811,-0.4432605591545956,-0.8989025298476497,0.5744616943741171,-0.1198157329454295,0.8478746989750953,-1.0297661289840467,-0.45380953594342893,-1.2939932784412609,-0.9869461932127459,-0.3181937855499086,-0.4925133919771522,0.0,1.1986582537134605,-1.1986582537134605
120,2026,23,1955867,2026-08-18,Internacional 1 x 1 Remo,1219,Internacional,43.77,56.23,Casa,0.3851222786304892,-0.07619025517653627,1.0006648827297269,-0.15244884523581514,-0.19926112313435507,-0.39248213616199207,0.34479789355353985,-0.7958000336099547,0.1917624442249479,-1.0495639824944658,-0.0402562037126074,1.2599623762069065,1.644957456951989,-1.4647611165401548,-1.1022032648024538,-0.3479579118854863,0.36289210768604746,0.9325809083721862,0.8380653708038394,1.424137989832624,0.8280681842808124,0.43035045445375564,0.8404327522534506,-0.5190507419542667,-1.1225908892321912,1.55640711720713,0.9494253265550828,1.0596792868473883,2.746424387863209,0.36168101174005474,1.6431286325771615,-2.2920083253617194,-0.7120394740739148,0.0215975490498578,-0.2810344676592583,0.17143301303882708,-0.879405477573033,-1.1698785578505282,-0.2581988897471611,-0.10096257388376284,-0.3892494720807615,0.6447168277014568,-0.5638078654316465,-0.19918293074976096,0.0,0.5095101710852533,-0.5095101710852533
121,2026,23,1955867,2026-08-18,Internacional 1 x 1 Remo,4617,Remo,56.23,43.77,Fora,0.3241034175222969,-0.5857106626077517,-0.4752463466378636,-0.7135751101379701,-0.7416606594675609,1.0821048611668038,0.005652424484483944,0.2352406130062874,-0.2104759855381895,2.29200832536172,0.7120394740739148,-0.0215975490498578,0.7820856560627528,0.07170159311735017,0.09128820021385566,1.0926151795136505,-0.19223536702134758,0.08351369576295731,-1.55640711720713,-0.9494253265550828,-1.0596792868473883,-0.05455146605751871,-0.28620492634010747,0.8441128227741097,0.455317407512061,-0.8380653708038394,-1.424137989832624,-0.8280681842808124,-1.0926311495672014,-0.36168101174005474,-0.5926627366824623,1.0495639824944658,0.0402562037126074,-1.2599623762069065,-1.272913256317527,-1.3769942015054168,-0.2781043036206098,-0.8978137769550565,-0.7745966692414834,-0.6379669338074085,-0.3892494720807615,-0.2532214126087182,0.4429355382778149,-0.723976703228718,0.0,0.5095101710852533,-0.5095101710852533
122,2026,23,1955852,2026-08-16,Vasco da Gama 0 x 3 Santos FC,1241,Santos FC,37.14,62.86,Fora,0.20142261270874498,-0.6851715954010362,-0.34610502814604976,-1.0372013408952803,0.4108954765205719,0.9316151995797083,1.0230888316916518,0.43360848821417725,-0.4997455010660085,1.584146425562814,-0.2415871291004768,0.2663476024828038,0.5291659847355477,-1.4647611165401548,-1.5531894715029437,2.314953885795021,0.2846296699974958,0.5953462853073536,0.039907874800182916,0.23735633163877062,0.4065409681118709,-0.1757769461853373,0.6159261038631737,-1.253061892192623,-1.2455572625797156,-0.5720128721359539,-0.8307471607356973,1.1256454099715931,0.1390425985101393,-1.2686657027189618,0.5906248890109763,-0.04757046436136934,-0.9288621490018851,-1.5667781310780216,-0.38449938078225254,-1.708800033193469,1.3754739247485532,-1.1698785578505282,1.2909944487358056,1.0459028890326056,1.1677484162422844,2.2036328893830452,-1.4316901100087687,0.9216047159190359,1.559625734730109,1.2933719727548738,1.0582134322539878
123,2026,23,1955852,2026-08-16,Vasco da Gama 0 x 3 Santos FC,1226,Vasco da Gama,62.86,37.14,Casa,1.0370408614726276,0.42038950821523025,0.26660263575656235,0.36450299234268146,0.17084639705071306,0.3053560311757405,0.6274191177777532,1.045457453952796,1.2298406819114243,0.04757046436136935,0.9288621490018851,1.5667781310780216,-0.42675190175211314,0.07170159311735017,0.20709640687191955,0.3348680432214118,1.2173683200341459,0.8753085028678274,0.5720128721359539,0.8307471607356973,-1.1256454099715931,1.0364778550928486,0.6379188210590307,1.1586890300191195,0.014734793807454566,-0.039907874800182916,-0.23735633163877062,-0.4065409681118709,-0.9562056851926707,1.2686657027189614,-0.11206700007187216,-1.5841464255628137,0.2415871291004768,-0.2663476024828038,0.21410674003409141,0.8350446764149316,0.7388020935048116,1.0066396893132448,0.2581988897471611,0.14785889523785303,-1.1677484162422844,-0.31564144591835075,0.41768805479920784,0.04398075133404133,-1.559625734730109,-1.0582134322539878,-1.2933719727548738
124,2026,23,1955855,2026-08-16,Sao Paulo 1 x 1 Coritiba,1236,Coritiba,32.81,67.19,Fora,-0.8400116360111564,-1.3232000171020397,-1.3182245215969217,-1.6400101833262093,-1.166564570339323,-2.3745204189849676,0.0621766693293266,0.06747806711618712,-2.083678779191156,-0.4632108581874426,-0.8406761765101325,-0.005574819595145746,0.6549396509773645,-1.8744845057821562,-1.915407281774176,-0.9562224121243899,-0.36038849942401413,0.11380454363135795,0.039907874800182916,-1.5428161556520095,0.2649592947144887,-0.539453386568793,-2.345271084796823,-1.4627793636892965,-1.5222416873333564,-1.3701703681396105,-0.8307471607356973,-0.8280681842808124,-1.360925765651311,-2.141267588422455,1.0716552386609004,-0.6772530267393309,-2.2180065249075445,-0.354555099577441,-1.8462115203973972,-1.2663922576093993,-0.6539175373408742,-1.9860729005369429,-0.7745966692414834,-1.4997417532934205,-0.3892494720807615,-0.939910152719938,-1.3149204989202103,-1.5661561943035027,0.0,0.5095101710852533,-0.5095101710852533
125,2026,23,1955855,2026-08-16,Sao Paulo 1 x 1 Coritiba,1224,Sao Paulo,67.19,32.81,Casa,1.1416584402589296,1.2200188195745485,1.2204064218748325,0.9887344082328039,0.011960345656723131,0.8339014262575319,0.4013221383983825,0.8643501600941649,1.5389510821948398,0.677253026739331,2.2180065249075445,0.354555099577441,-0.03462165839185824,0.9935792189118532,1.685578530511033,0.2521545898966073,0.039295894460096514,1.1663114666210834,1.3701703681396105,0.8307471607356973,0.8280681842808124,0.7940268948372114,1.4374274001857665,2.416993858999159,1.2078801422723597,-0.039907874800182916,1.5428161556520095,-0.2649592947144887,1.1710820963750308,2.1412675884224552,-1.3002841877760536,0.4632108581874425,0.8406761765101325,0.005574819595145746,0.9674190484034823,1.3880543958950187,-1.5763682019269774,1.0066396893132448,-0.7745966692414834,-0.5063055335825931,-0.3892494720807615,-0.8304387529893025,1.6043197782937453,-0.5953090646202214,0.0,0.5095101710852533,-0.5095101710852533
126,2026,23,1955858,2026-08-16,Corinthians 1 x 2 Cruzeiro,1237,Corinthians,55.15,44.85,Casa,0.5680082157797213,-0.545603364017011,0.039556039591720854,0.43540335414458253,-0.22876125776346948,0.9208829356050435,0.1752251590190119,1.3808413314687793,1.2773982587292234,-0.8152696870606452,0.8102816463369954,0.028187360327284656,0.09582068826679901,0.27656328773835087,-0.21919679871206751,-0.7826497922347884,0.00541245146238263,-0.18566667790698835,-1.2903546185392445,-0.9494253265550828,0.620996621571787,-0.05455146605751871,0.04083530267128356,0.5295366155290997,0.41244990996242337,-0.8380653708038394,0.9494253265550828,-0.7300110761282201,-0.3898441703437829,0.667718790904717,-0.8634837090016484,0.24765428262410294,0.18174748320892345,0.6103582164664998,0.28178892599818994,-0.04977087475320776,-0.1707290939862489,1.2787044702087162,-0.7745966692414834,-0.6009730449398775,-0.3892494720807615,-0.9647501078288742,0.2946065728409974,-0.6878239939653903,-0.5198752449100363,-0.2743516305843673,-0.5095101710852533
127,2026,23,1955858,2026-08-16,Corinthians 1 x 2 Cruzeiro,1230,Cruzeiro,44.85,55.15,Fora,-0.37410077040020284,-0.6167020297004205,0.22847934203101664,-0.5369182756660362,-0.37792381450888857,-0.39619592957846383,-0.2769687997397293,-1.5705367906718763,-0.35035322441362604,-0.24765428262410297,-0.18174748320892345,-0.6103582164664998,0.3593924518085078,-1.3623302692296546,-0.9931178938207842,-0.3337323711540924,0.059214266360138344,0.35150550680009435,0.8380653708038394,-0.9494253265550828,0.7300110761282201,0.18789949419811847,-1.2876527184791795,-0.09961579896092011,-0.6946401209718742,1.2903546185392445,0.9494253265550828,-0.620996621571787,0.33046513033375374,-0.6677187909047164,0.5866604620750414,0.8152696870606451,-0.8102816463369954,-0.028187360327284656,-0.6414853050951483,-0.16037281864922517,0.3124593493683774,-0.08161943426864167,-0.7745966692414834,-0.8023377735485627,0.3892494720807615,-0.7866604238141204,-0.5259366402137359,-0.8846100230132342,0.5198752449100363,0.5095101710852533,0.2743516305843673
128,2026,23,1955861,2026-08-16,Mirassol 1 x 5 Flamengo,1239,Flamengo,53.76,46.24,Fora,-0.3852785871770459,-0.10024633572168784,-0.13441026762207983,0.8497792812411451,1.6062792642001003,-0.8820065308706547,-1.0117839827226838,0.9888614246219734,-1.2717220597931205,-0.3271963707290071,-1.1196428305340371,1.242275350337866,0.27697003295649514,-0.6453143380561522,-1.4857693681312916,-1.6709331999051016,-1.3582953608155472,-0.8429260656103491,0.3059603734680684,1.424137989832624,0.5023005412419326,-0.6606788666966117,-0.40239843624802907,0.11010167253575318,0.9019454375377683,-1.6362228668074958,0.3560344974581561,2.0592745112395643,1.4267023940257482,-0.3973474116367413,-0.8322435735944655,1.4556217058329965,-0.8241480897043444,2.2260270247261205,2.3945856015795455,1.1668505081029839,-0.11986715258049828,-0.08161943426864167,1.8073922282301278,2.124331562128808,2.7247463045653304,2.1306681152098466,0.5660170202360246,1.9755117117283483,2.0795009796401454,0.5095101710852533,2.625937035593229
129,2026,23,1955861,2026-08-16,Mirassol 1 x 5 Flamengo,6332,Mirassol,46.24,53.76,Casa,-0.511790311348611,0.9143856846699508,-0.5765498442950813,0.05036955817968557,-0.34791048624707444,-0.7436888272060446,-1.7465991657056383,-0.07314641987992575,1.8060882615960963,-1.4556217058329968,0.8241480897043444,-2.2260270247261205,-2.575254660045094,1.0960100662223535,1.2813443031081098,0.9939170231058376,-0.4663911200326349,-0.532841148355644,1.6362228668074958,-0.3560344974581561,-2.0592745112395643,-1.388031747463523,1.3882278590921993,-0.72876821345094,0.6837594465642621,-0.3059603734680684,-1.424137989832624,-0.5023005412419326,-1.0006286006475311,0.3973474116367413,-1.2249320756627564,0.32719637072900704,1.1196428305340371,-1.242275350337866,-0.07323665911417006,-0.9345864259213471,0.8835002369692986,0.19044534662682994,-0.2581988897471611,-0.30541483282953547,-0.3892494720807615,-0.404439834049986,-0.0872616147729361,-0.3989862848216952,-2.0795009796401454,-2.625937035593229,-0.5095101710852533
130,2026,23,1955864,2026-08-16,Atletico MG 3 x 0 Gremio,1244,Gremio,49.4,50.6,Fora,-0.9783708035125356,0.25934627912303193,-1.1390022230249468,-1.5234398675479142,-1.4720295799361462,-1.4181522965039515,-1.803123410550481,2.026455295687047,-0.4519786027474672,-1.6381245403229499,-0.8105224416012486,-0.8181560990841371,0.5547860581440323,0.6862866769803522,-0.19221826559506341,1.2900114923292754,-1.975154505995314,-3.0292839298156524,0.3059603734680684,0.23735633163877062,0.8280681842808124,-1.388031747463523,-0.4021351023973943,-1.4627793636892965,0.04383589986757433,-1.1041178694717249,-1.424137989832624,-0.8280681842808124,-1.0528112652951178,-1.2038332558012423,-0.9661068834250727,1.308186418872559,-0.9874781783999391,-1.921120247978191,-1.9813277880122844,-1.708800033193469,2.728401566141505,-1.7140081196414714,-1.2909944487358056,-1.6156203566962568,-1.1677484162422844,-1.2614553320205215,0.18414883262209117,-1.6793999106822937,-1.559625734730109,-1.0582134322539878,-1.2933719727548738
131,2026,23,1955864,2026-08-16,Atletico MG 3 x 0 Gremio,1235,Atletico MG,50.6,49.4,Casa,0.5856068125842453,1.0959586528653327,-0.4886428026892655,0.7318178323682982,0.8702025522921273,-1.0261481378474584,-1.2378809621020543,1.0987243050876867,0.11173373498055929,-1.3081864188725592,0.9874781783999391,1.921120247978191,1.370624212237943,0.8911483716013529,0.9644303805556294,-0.7565238096562499,-0.5717810087302232,0.12181783082283307,1.1041178694717249,1.424137989832624,0.8280681842808124,-1.0243553070800675,-0.2745736772085564,-0.6239094777026033,0.33697112879432595,-0.3059603734680684,-0.23735633163877062,-0.8280681842808124,-0.4657016490375265,1.2038332558012417,-0.32102744757618606,1.6381245403229494,0.8105224416012486,0.8181560990841371,0.09475953298656553,0.8350446764149316,0.2361664372597517,-0.08161943426864167,1.2909944487358056,1.033212296560499,1.1677484162422844,1.043031280355537,0.28829470197134593,0.909202686446916,1.559625734730109,1.2933719727548738,1.0582134322539878
132,2026,23,1955873,2026-08-16,Vitoria 1 x 0 Botafogo RJ,1227,Botafogo RJ,54.05,45.95,Fora,0.5088505750165291,-0.8611050758340353,0.829089628022127,0.2909160157349844,-0.5260034869998236,1.5001316989087354,1.6448555249849208,-1.459860111091602,0.22823326142671407,0.40253759689669083,0.9240803150246757,-0.7271208362230769,-0.5474871338019571,-0.23559094881415085,-0.10960608166285035,0.37895158702639037,1.3806307064349888,0.2053669662774293,-1.55640711720713,-1.5428161556520095,-1.3783848462595243,1.6426052557319415,-0.10395340552880855,1.2635477657674563,0.11416357284619742,1.55640711720713,0.3560344974581561,-0.8280681842808124,0.2598965374968872,0.012620114604728278,-0.041497024379625415,-0.31384658970968526,0.6875737537235912,-0.411314706403555,0.8747849010151731,-0.8239844820253297,-0.879405477573033,0.46251012752230153,-0.2581988897471611,-0.6745979029734438,-1.1677484162422844,-0.8289584919956345,-0.396543287385874,-0.7597747449819308,-0.5198752449100363,0.5095101710852533,-1.2933719727548738
133,2026,23,1955873,2026-08-16,Vitoria 1 x 0 Botafogo RJ,1238,Vitoria,45.95,54.05,Casa,0.35544075205525,-0.7994115116583426,1.1712902916466126,-0.08496752461633583,0.33463022158576894,0.762971840537733,1.927476749209134,-0.35666353075918794,0.5969399071375889,0.3138465897096853,-0.6875737537235912,0.411314706403555,0.3429433630340186,-1.157468574608654,-0.12773585735943008,0.37895158702639037,1.627651166747862,2.04094756269214,-1.55640711720713,-0.3560344974581561,0.8280681842808124,2.733634576882309,0.31789146356052317,-0.20447453470925675,-1.7500011236037851,1.55640711720713,1.5428161556520095,1.3783848462595243,1.0814669712869598,-0.012620114604728278,0.2670397441805204,-0.4025375968966908,-0.9240803150246757,0.7271208362230769,-0.13029050505901632,1.1668505081029839,-0.34643398247884016,1.550769251104188,0.2581988897471611,0.2756189568785516,-1.1677484162422844,-0.39472731332428773,-0.9519879239152321,1.1739965427892634,0.5198752449100363,1.2933719727548738,-0.5095101710852533
134,2026,23,1955876,2026-08-16,Chapecoense AF 3 x 3 Bahia,8865,Chapecoense AF,28.52,71.48,Casa,-0.923923967567406,0.11149322293716672,-0.6879683283643385,0.11573855535186461,0.11956149050314857,-0.011373429470638985,-0.163920310050044,-1.4124272484143416,-1.010592353644508,1.2051288777921643,-2.408090512254614,-0.14459556045221006,0.2754174384935412,0.6862866769803522,0.28057950433301776,-1.6709331999051016,0.6793984057259016,0.115152750718075,-0.7582496212034736,0.23735633163877062,0.8280681842808124,-1.0243553070800675,-1.6766533838788544,-0.9384856849476132,0.339025580826122,-0.8380653708038394,0.3560344974581561,0.8005310998423669,-0.006284720933811808,-1.164436428041152,2.1400721055371257,-0.5528964201578265,-0.2042667139861886,1.8410096917417926,-0.009352328306993413,0.39263690083086195,-1.4055440047814027,-0.8978137769550565,-0.2581988897471611,-0.009018540959492845,1.1677484162422844,0.5304548784146962,-1.450625722617724,-0.10932955246039701,0.0,-1.0582134322539878,1.0582134322539878
135,2026,23,1955876,2026-08-16,Chapecoense AF 3 x 3 Bahia,1221,Bahia,71.48,28.52,Fora,-0.48082124742112475,0.7832519721657566,0.37681744328639066,1.045216343009901,-0.41879390810227624,0.6169475466206348,-1.4074536966365823,0.36630510198292876,0.8670184943076206,0.5528964201578266,0.2042667139861886,-1.8410096917417926,-1.4344835185524218,1.3008717608433542,1.3501052544739889,-0.714320299337072,-1.5283321133408192,-0.4120562996083946,0.8380653708038394,-0.3560344974581561,-0.8005310998423669,-0.9031298269522489,1.2595307544237178,1.1586890300191195,2.6817655727290055,0.7582496212034736,-0.23735633163877062,-0.8280681842808124,0.22492141266305285,1.1644364280411528,-0.9781922522674369,-1.205128877792164,2.408090512254614,0.14459556045221006,0.46374287129162767,0.06083106914280966,-0.2781043036206098,0.7345749084177732,-1.2909944487358056,-0.7436170468430108,-0.3892494720807615,-0.9569701442464745,2.5416326024370375,0.17793627334290607,0.0,-1.0582134322539878,1.0582134322539878
136,2026,23,1955849,2026-08-15,Fluminense 3 x 2 Palmeiras,1232,Fluminense,63.48,36.52,Casa,0.25310458650625955,-0.029023115551297662,0.2890411689408834,0.34586999381061156,0.9266633261746549,1.4058707453002606,0.7404676074674384,-1.0674609743979009,-0.22271099456268997,0.22607352695349353,0.19366891590813246,-0.20493245342282698,-1.022521916189084,1.0960100662223535,0.8229107497600534,0.3348680432214118,0.9338791865862592,-1.2535143029966496,-0.49219712253558806,-1.5428161556520095,-0.6899697025831966,0.43035045445375564,0.3362660880937787,0.11010167253575318,0.24823205555004885,0.7582496212034736,-0.23735633163877062,1.9124392307287907,0.3366355089973096,0.43339511583566975,-1.319989970227714,-0.7447378091264538,0.5976885374517049,0.2560684125680126,0.09632790938705897,0.6138407886228967,0.3408821989774724,0.46251012752230153,0.7745966692414834,1.5082532492725886,1.1677484162422844,1.0909394511529336,1.1088379150260792,1.3734419967035816,0.5198752449100363,-0.2743516305843673,1.0582134322539878
137,2026,23,1955849,2026-08-15,Fluminense 3 x 2 Palmeiras,1234,Palmeiras,36.52,63.48,Fora,-0.13695060235397874,0.11756563420487286,0.3566434875262163,-0.13095712945722437,-0.17465756450111505,0.11909290695697013,0.5708948729329104,-0.5782631116763115,0.20383583999964322,0.7447378091264539,-0.5976885374517049,-0.2560684125680126,0.22574270037939598,0.5838558296698518,0.40729999671434264,0.9563839213732891,1.4973786117729053,-0.3794353994085446,-0.7582496212034736,0.23735633163877062,-1.9124392307287907,-0.05455146605751871,1.0778072622121393,-0.8336269491992766,-0.8140521901799945,0.49219712253558806,1.5428161556520095,0.6899697025831966,-0.084781199985644,-0.4333951158356703,1.0897276569939558,-0.2260735269534935,-0.19366891590813246,0.20493245342282698,-0.10169693950792169,0.2820349569348445,-1.2507973791318825,-0.08161943426864167,-0.7745966692414834,-0.41455150015695374,0.3892494720807615,-0.40011181423392167,-1.103472824786875,-0.5056413655563848,-0.5198752449100363,-1.0582134322539878,0.2743516305843673
138,2026,23,1955870,2026-08-15,Athletico Paranaense 1 x 1 Red Bull Bragantino,1243,Athletico Paranaense,49.47,50.53,Casa,0.005966768839869824,1.0669794221539866,0.13237014313262263,0.8485258074125772,1.2659670960824874,-0.5326262571696776,0.0621766693293266,-0.463769994869131,-0.5163690068803508,-0.043366276056375636,0.17262916972375636,0.28584610184056614,0.5899769547853778,0.9935792189118532,1.0121351090676292,-0.17262383756963354,-0.6783008705624424,0.3162549776215854,0.8380653708038394,1.424137989832624,0.7663532400096249,0.30912497432593705,-0.13927830584002487,0.4246778797807631,-0.20262114176560844,0.7582496212034736,-0.23735633163877062,-0.7663532400096249,-0.3211969790356423,0.27892050759310943,0.2559233459015154,0.6980049404810325,1.0476761089700437,0.480946312902959,1.5865603001841966,1.4986563397910362,0.5760166821072631,1.2787044702087162,2.32379000772445,1.7725509621355848,-0.3892494720807615,0.8097113694609265,0.14312167196935482,1.63173001844451,0.0,0.5095101710852533,-0.5095101710852533
139,2026,23,1955870,2026-08-15,Athletico Paranaense 1 x 1 Red Bull Bragantino,5438,Red Bull Bragantino,50.53,49.47,Fora,-0.7350773955829052,-0.3670252331397142,-0.7448121221621694,-0.24735586494635076,-0.06343971906626125,-0.7016812283153115,0.0621766693293266,-0.7293940258617895,-1.4341754586715478,-0.6980049404810326,-1.0476761089700437,-0.480946312902959,-1.6617018601012405,-0.5428834907456519,-0.404324152248502,-0.9217785187373675,-0.9568719413458712,-0.28218717379268954,-0.7582496212034736,0.23735633163877062,0.7663532400096249,-0.2970024263131559,-1.0341427666972995,0.11010167253575318,-0.08837653260309218,-0.8380653708038394,-1.424137989832624,-0.7663532400096249,-0.9856258518618507,-0.27892050759310943,0.9076547857280987,0.043366276056375636,-0.17262916972375636,-0.28584610184056614,-0.25202768062797115,-0.38157670644126,0.6469744255369636,0.19044534662682994,0.2581988897471611,0.003378982267832137,-0.3892494720807615,-0.11586958592830382,0.23464379957930537,-0.09721392832507629,0.0,0.5095101710852533,-0.5095101710852533
140,2026,22,1955819,2026-08-09,Flamengo 2 x 0 Vitoria,1238,Vitoria,38.14,61.86,Fora,-1.7545907481762288,-1.202940901217644,-1.1640952596529452,-1.9765894418547747,-1.4229400251581525,-1.316247021236276,0.5346934846040614,-1.252437461310761,-2.4619173469353033,-2.2714099823555016,-3.0363317761814024,-1.3707614361537963,0.6091670330284045,-1.1862706592108596,-1.195970555294456,0.1491565673128881,-0.15016324728297506,0.4835255803544811,-0.7641140603571578,-1.6654083300081028,0.5962572255672155,0.007400507544211249,-2.8524338054231575,-0.20309211069149236,-0.6599926503934469,-1.5426453671361484,-1.506798012864474,-0.8591663076043498,-0.8870027693466115,-2.2711041990983976,0.7258032149917816,0.5360110077480266,-1.3674728578214521,-2.126281193302018,-2.141499517197231,-2.0990807679446193,1.802447120980243,-1.3794059729573462,-1.1028219331407116,-1.6040169342635398,-1.0,-1.2700536246970966,-0.43910826886827364,-1.6831497234605977,-1.4907119849998598,-0.9539980920057239,-1.1659976680069961
141,2026,22,1955819,2026-08-09,Flamengo 2 x 0 Vitoria,1239,Flamengo,61.86,38.14,Casa,1.4754963034073225,1.760640068640639,0.9911353637531143,2.0346908740810057,0.8140051260693827,0.5107616667981199,0.4588504371424924,0.7250425757164375,2.2356635565864997,-0.5360110077480266,1.3674728578214521,2.126281193302018,1.4338756613060037,1.8661216802790714,2.126995214282862,0.3574945689403885,1.910850692571461,1.9051619950459515,1.5426453671361484,1.506798012864474,0.8591663076043498,1.1914817146180783,1.1586723247501982,1.2382067393771656,2.1675568591784837,0.7641140603571578,1.6654083300081028,-0.5962572255672155,-0.07107098659201679,2.271104199098398,-1.6324908934699562,2.2714099823555016,3.0363317761814024,1.3707614361537963,1.4605660848904265,1.9473399895389838,-0.1414463339975944,1.3583463397824245,0.3676073110469039,0.4326346944213934,1.0,-0.3635488834587705,1.961724023554582,0.3622521271897856,1.4907119849998598,1.1659976680069961,0.9539980920057239
142,2026,22,1955822,2026-08-09,Botafogo RJ 1 x 1 Fluminense,1232,Fluminense,59.2,40.8,Fora,0.007626770351394002,-0.5041696634749087,-0.33242577347531166,0.4503622849140827,0.38887175719183886,1.7191454477472667,1.3689670066813207,0.1840436077960213,-1.1941358972434142,-0.06517103561450453,-0.7657952006743041,-0.050549590236681784,-1.4034323300388212,0.06243529785320304,0.13404670976760544,0.22214340011989037,1.2512708372560577,-1.3998773153687711,-1.3408039172304844,-0.8723567442899587,-0.41971412144102266,-0.5846400959927223,-0.9072914767020639,0.5830708984368665,-0.2694329246473652,-0.10092072495283204,-0.7137464271463297,-0.0861716209343934,-0.27102681449478877,-0.056600236548165477,-0.9837908065580172,0.7368085936930874,0.016315240357434275,1.0044574469769219,0.8372766888701403,1.3150867461821707,-0.44837687952041144,0.09476834928714577,0.3676073110469039,0.2888736749272555,0.0,0.18175295292820368,0.4513103011237196,0.2178734562461628,0.0,0.1059997880006361,-0.1059997880006361
143,2026,22,1955822,2026-08-09,Botafogo RJ 1 x 1 Fluminense,1227,Botafogo RJ,40.8,59.2,Casa,-0.1895790000847235,0.8407404289437421,1.0167209954680612,0.5851419186251162,0.5544899036637914,-0.46149881579380514,0.7622226269887685,-0.6042691740308717,0.5741722346719115,-0.7368085936930874,-0.016315240357434275,-1.0044574469769219,-1.1086246735896748,1.1723961485768144,1.3758984150989926,0.30112915069185214,0.4517694217582749,0.35262745375184235,0.10092072495283204,0.7137464271463297,0.0861716209343934,0.8954614128496116,1.9753190497704929,-0.7272007834437316,-1.361101602514017,1.3408039172304844,0.8723567442899587,0.41971412144102266,1.7435856321115515,0.056600236548165477,-0.9589247253272073,0.06517103561450453,0.7657952006743041,0.050549590236681784,1.4676226470413136,0.6828335028253578,0.441721702495758,1.779539003280851,0.3676073110469039,0.657721994081732,0.0,-0.37238608868204276,-1.0261249557518837,0.5883064866093348,0.0,0.1059997880006361,-0.1059997880006361
144,2026,22,1955825,2026-08-09,Santos FC 0 x 2 Athletico Paranaense,1241,Santos FC,62.87,37.13,Casa,0.5454358750442324,0.37499663695540225,0.8159003231269283,0.864921191429876,0.6990262801504827,0.5039211849787583,-0.754638322242612,1.4103079350822993,0.9976084555011988,-0.18098414856986092,0.5209023014719674,0.9652655850144318,1.5811841253725338,1.4498863612577173,1.3982260627743448,1.1831366987454246,-0.23365200766161065,0.8405714761993349,-0.4757691319204945,-0.8723567442899587,-0.8791652819518013,0.7474512619653781,0.3466766970968336,1.3692339075652256,0.920972665484932,1.6291488456671477,0.07930515857181449,2.005356022776975,0.7235860678951704,1.4625269314203462,-1.56263310041075,0.8952738604419143,1.8755444894524136,-0.20949213698941674,0.3311054818361605,0.8092841514967204,0.8876737304024382,1.779539003280851,1.1028219331407116,1.1992341502898305,-1.0,-0.045850576906246394,1.3450267176712392,1.1321451828584859,-1.4907119849998598,-0.9539980920057239,-1.1659976680069961
145,2026,22,1955825,2026-08-09,Santos FC 0 x 2 Athletico Paranaense,1243,Athletico Paranaense,37.13,62.87,Fora,-0.9767331930672998,-0.8732397287304495,0.25882787301630544,-0.9056294625045241,0.08900797030469126,-1.576569357421524,-0.9821674646273191,0.1376722676885576,-1.018144332914162,-0.8952738604419143,-1.8755444894524136,0.20949213698941674,0.18478530970487325,-0.7700353401895055,-1.0144695704933302,-0.7634907523165547,-0.8861285308632534,0.36617010453167165,-1.6291488456671477,-0.07930515857181449,-2.005356022776975,-0.14060964334002213,-0.04398823742202263,-0.8582279516317914,-0.7279337693513592,0.4757691319204945,0.8723567442899587,0.8791652819518013,1.2476671942812159,-1.462526931420346,1.4505477988337068,0.18098414856986092,-0.5209023014719674,-0.9652655850144318,-0.6738230321113515,-0.9610249299023559,-1.5993664252309734,-1.168809641208133,0.3676073110469039,0.12210775038497568,1.0,1.5068592299896528,-0.9667637177524173,0.0503910425235705,1.4907119849998598,1.1659976680069961,0.9539980920057239
146,2026,22,1955828,2026-08-09,Palmeiras 0 x 0 Internacional,1234,Palmeiras,64.27,35.73,Casa,1.249422958586036,0.8566042898519672,0.8709789645652765,0.7055341211853235,0.2823990704250154,1.1956868335829136,2.430769671143287,-0.2539079376633638,0.774366135886238,0.3086799966210528,0.6166080081915295,1.5922140134897282,1.2178198206449642,1.3111412549172659,1.8772986092647679,0.7346731593868422,0.8961635353382004,0.44216617228507615,-0.4757691319204945,0.7137464271463297,0.706727292349622,1.783522318155012,-0.5400219016930179,1.6312882439413452,-0.479764900278218,1.6291488456671477,0.8723567442899587,-0.48012969922237625,-0.15042046296878728,1.4585445572027271,-0.5468582363595027,0.275750604877234,0.8205277336242452,-0.11169866692148213,0.6547628608358038,1.0621854488394455,-0.44837687952041144,1.779539003280851,-0.3676073110469039,0.432389030702879,-1.0,-0.5082633975722143,1.1735386967838923,0.3620054080074719,0.0,1.1659976680069961,-1.1659976680069961
147,2026,22,1955828,2026-08-09,Palmeiras 0 x 0 Internacional,1219,Internacional,35.73,64.27,Fora,-0.263571407779469,-1.2864411110372918,-0.32998621503226855,-1.2768159261039114,-1.2195419981582651,-0.7146617905560817,1.3689670066813207,0.0021252735282767804,-1.0362253743900396,-0.275750604877234,-0.8205277336242452,0.11169866692148213,0.14066632751991112,-1.325015765551311,-1.3192430886407496,-0.039945681323436774,-0.5669618581943205,0.3474863187399231,-1.6291488456671477,-0.8723567442899587,0.48012969922237625,-0.14060964334002213,-0.5993434514982752,-0.465146447067612,-1.0169597083328838,0.4757691319204945,-0.7137464271463297,-0.706727292349622,-0.5368404530618668,-1.4585445572027276,1.8530102089099496,-0.3086799966210528,-0.6166080081915295,-1.5922140134897282,-1.4398971255316608,-1.8461794706018941,-0.1414463339975944,-0.9582133094589199,-1.1028219331407116,-1.3307986820599922,-1.0,-1.019264359916663,-1.2569742146386969,-1.4087576228098628,0.0,1.1659976680069961,-1.1659976680069961
148,2026,22,1955831,2026-08-09,Red Bull Bragantino 0 x 2 Corinthians,1237,Corinthians,48.24,51.76,Fora,0.47241199364829844,-0.3502031773490738,-0.39689209080196375,-0.5290020815431358,0.6029013070081645,1.1173545469027368,-0.29958003747319784,-0.39862236138037743,-0.6357421291901391,1.6524757874804488,0.6298627789149587,0.8639405864729693,-1.1885115361465481,-1.7412510845726654,-0.7625737053594551,2.2694769493655937,1.0992307607750986,0.7930315985048562,0.3892656533894953,0.7137464271463297,0.689374139684067,0.5994411110811448,-0.7737911709458012,-0.465146447067612,-1.2241585494325191,-1.2543004386994852,0.07930515857181449,-0.22453132211135113,-0.5668607577518435,0.09641226734051922,0.502669362285275,0.26973833430046346,-0.9269745477879557,-0.4829975631103574,-0.8024484826147492,-0.7081236325596307,0.38870642645090636,-0.9582133094589199,1.1028219331407116,1.0354976018746778,1.0,2.4686956882247846,-0.7754886175319153,0.9677051606030797,1.4907119849998598,1.1659976680069961,0.9539980920057239
149,2026,22,1955831,2026-08-09,Red Bull Bragantino 0 x 2 Corinthians,5438,Red Bull Bragantino,51.76,48.24,Casa,0.5155336010927815,0.11786124503562899,0.057038757738011425,-0.4342450904886278,-0.9330294955940039,0.5755562306981836,-0.754638322242612,1.337950723223792,0.8731468502190846,-0.26973833430046346,0.9269745477879557,0.4829975631103574,0.7676806523308174,-0.7700353401895055,0.06648504020435073,0.6310767186839475,-0.07483680154631812,0.654687182791393,1.2543004386994852,-0.07930515857181449,0.22453132211135113,0.4514309601969114,1.0820528081829572,0.4520437302488068,-0.09381665907751255,-0.3892656533894953,-0.7137464271463297,-0.689374139684067,-0.5402828716647816,-0.09641226734051922,1.395064297856117,-1.6524757874804488,-0.6298627789149587,-0.8639405864729693,-0.14676472922606418,-0.4552223352169055,-1.3077824069842976,-0.7476169777097068,-1.1028219331407116,-1.2766308048954365,-1.0,-1.0408559111701388,-0.518256586200895,-1.3543570200569388,-1.4907119849998598,-0.9539980920057239,-1.1659976680069961
150,2026,22,1955834,2026-08-09,Cruzeiro 3 x 1 Mirassol,6332,Mirassol,51.22,48.78,Fora,0.13028713791851784,0.16850151101120545,0.6121447153905741,-0.5365829828800046,-0.6600194724596031,1.399910295284802,0.07963519983464726,0.35126147060778673,0.794952234530904,1.0062283180147118,0.17286773941717953,-0.7494651595333882,-0.525970937522183,-0.07630980848724837,-0.3526962280037549,-1.6998431971311776,0.3029764468686146,0.04707809539216492,0.3892656533894953,0.7137464271463297,0.3927881748708232,0.15541065842844465,0.5702551063550458,0.9761524030010461,1.5476921724824444,-0.10092072495283204,0.8723567442899587,-0.6551729549006934,1.1996141052217817,-0.04760103575808068,-0.4792239950622833,-1.1776953161590928,-0.7626095067306812,-0.578576304866403,-0.7575450841648534,-0.9610249299023559,1.0248897389891087,-0.3264243142112805,-0.3676073110469039,-0.7427020085578742,-1.0,-0.6027448253925377,-0.09283438053805404,0.6266923096892812,-1.4907119849998598,-2.0139959720120837,-0.1059997880006361
151,2026,22,1955834,2026-08-09,Cruzeiro 3 x 1 Mirassol,1230,Cruzeiro,48.78,51.22,Casa,0.588434843825488,-0.23472140990228052,-0.33348262022544867,0.38630395206291324,0.41875238725787944,0.906336958294915,0.07963519983464726,0.6780529510742076,0.4096210944681587,1.1776953161590928,0.7626095067306812,0.578576304866403,-0.029487314674119143,0.06243529785320304,-0.22988491812519848,-0.6854613819153361,0.3399560409363953,0.08595515092898319,0.10092072495283204,-0.8723567442899587,0.6551729549006934,-0.4366299451084889,-0.43309472875119037,0.32101656206074697,0.6550975142631503,-0.3892656533894953,-0.7137464271463297,-0.3927881748708232,-0.3491755290179344,0.047601035758081216,0.514656291777769,-1.0062283180147118,-0.17286773941717953,0.7494651595333882,0.9210173523773629,0.30348155681127004,-0.1414463339975944,-0.5370206459604936,0.3676073110469039,0.09250486555207756,2.0,0.527347313027812,-0.2940030204251338,0.020660972555297627,1.4907119849998598,0.1059997880006361,2.0139959720120837
152,2026,22,1955841,2026-08-09,Coritiba 2 x 1 Chapecoense AF,1236,Coritiba,33.53,66.47,Casa,-0.14055292023015895,0.3899273132479687,0.04766102367848932,0.3207230946628968,1.002170810189277,-1.1822575834938693,-0.3754230849347669,-1.6244386563950852,-0.7590456157051768,1.188309772482893,-0.06974669764644183,0.6308930898276068,1.3217178448083802,-0.07630980848724837,-0.6203727328033551,0.5133534906124766,-2.775099647566417,-2.8933788883251563,1.5426453671361484,0.7137464271463297,0.538590009960799,-1.176680699529656,0.30101412926219256,-2.03747246532433,-0.8681712072003824,1.3408039172304844,1.6654083300081028,1.013266395630024,0.19289293042414185,-0.37040247824776285,1.2008720444345553,-1.2589455307915747,-0.3935873705147515,1.8730125718039652,0.17386965561013623,0.4299322054826326,0.8876737304024382,0.3053646810363589,1.8380365552345195,1.411461150119474,1.0,1.032211710743364,-1.418568695859466,1.3452839897588211,0.7453559924999299,0.1059997880006361,0.9539980920057239
153,2026,22,1955841,2026-08-09,Coritiba 2 x 1 Chapecoense AF,8865,Chapecoense AF,66.47,33.53,Fora,-0.6397212438707125,-0.7281001676966187,-1.0696956069930048,-0.20014361503672376,-0.6648322994440125,0.38159056844250894,-1.5889118443198713,0.0021252735282767804,-0.2618813502522506,1.2589455307915747,0.3935873705147515,-1.8730125718039652,-0.751643520540866,0.20118040419365446,-0.10736882774154179,-0.7634907523165547,-1.1370357778362157,-1.192735503836665,-1.3408039172304844,-1.6654083300081028,-1.013266395630024,-2.0647416048350564,-0.891768185335059,-0.20309211069149236,0.6930014465012493,-1.5426453671361484,-0.7137464271463297,-0.538590009960799,-1.0021799468139436,0.37040247824776285,0.14862099682469604,-1.188309772482893,0.06974669764644183,-0.6308930898276068,-0.6098305462134929,-0.7081236325596307,-1.3077824069842976,-0.3264243142112805,-1.1028219331407116,-0.9492819511147583,0.0,-0.8311215267626376,1.4142814953372826,-1.0256017523906584,-0.7453559924999299,-0.9539980920057239,-0.1059997880006361
154,2026,22,1955844,2026-08-09,Bahia 0 x 0 Vasco da Gama,1226,Vasco da Gama,44.25,55.75,Fora,0.6166776850401036,0.7804986590441649,0.3290745354358889,0.13974902184223037,-0.41931311769742935,0.607075650814731,0.4588504371424924,1.786098616024868,0.5890995537901804,1.347158537692558,0.8722409891158833,0.4477843424633934,0.40482203171367453,0.7561608295554602,1.0464599972405568,0.08151023446737334,0.5467837705480504,0.8205072098698192,-0.18742420348383124,1.506798012864474,0.719457153367766,0.15541065842844465,0.8391329531026507,0.32101656206074697,-0.10877225130095253,0.18742420348383124,0.8723567442899587,-0.6702711303211087,-0.4008939087502985,0.4243038711862479,-0.4075464023831648,0.6433135493918706,0.4508356176911734,0.24912208407204678,-0.5652654855805466,0.8092841514967204,-0.7894108189902074,0.09476834928714577,-1.1028219331407116,-0.6960129546270661,-1.0,-0.7515079998349657,-0.9107003263084773,-0.7712446169669692,0.0,1.1659976680069961,-1.1659976680069961
155,2026,22,1955844,2026-08-09,Bahia 0 x 0 Vasco da Gama,1221,Bahia,55.75,44.25,Casa,-0.25371563625958715,-0.9638174782904001,-0.130730451704978,-0.6715240896790207,-0.6954702337214758,-0.03664789079628991,0.1554782472962163,0.22158231169254028,-0.44679279947958456,-0.6433135493918706,-0.4508356176911734,-0.24912208407204678,0.04226109482787582,-1.7412510845726654,-1.054237880815145,1.0051749767777327,-0.10615546201059049,-0.3532340858385054,-0.18742420348383124,-0.8723567442899587,0.6702711303211087,0.5994411110811448,0.45342625047286506,0.32101656206074697,0.0953957044719413,0.18742420348383124,-1.506798012864474,-0.719457153367766,-0.838892824463982,-0.4243038711862479,0.4689166276917443,-1.347158537692558,-0.8722409891158833,-0.4477843424633934,-0.9417671559505579,0.05058025946854486,0.8305003934913252,-0.5370206459604936,-1.1028219331407116,-0.9264265702072881,-1.0,-0.7014978533298982,-0.030175295983061966,-1.0026481761643482,0.0,1.1659976680069961,-1.1659976680069961
156,2026,22,1955838,2026-08-08,Gremio 2 x 1 Sao Paulo,1244,Gremio,50.19,49.81,Casa,-0.49757117679053076,0.10101804530757097,-0.9089679746653556,0.3897416771124052,0.754740110232298,-1.5630578174811134,-1.7405979392430093,0.0021252735282767804,-0.25794675635386305,-1.5581232254088326,0.599416176857181,-0.6750523159020676,-0.9085003958182503,0.33992551053410586,-0.5341587525581661,0.5133534906124766,-0.7350390386328601,-0.6131029039424216,0.6776105818261586,-0.07930515857181449,-3.077413647874804,-2.2127517557192897,0.6654191666268292,-0.9892551198198513,-0.28199889504007464,-1.5426453671361484,-0.7137464271463297,-0.5205446958100496,-0.6608283447973436,-0.4562064178919811,0.3885856827353374,0.062338091407708546,-0.03781635326846416,1.2525111687757329,0.8004783108343332,0.30348155681127004,-1.170566398397627,-0.3264243142112805,1.1028219331407116,1.1237759203918645,1.0,1.4606697893939942,0.06216440757166363,1.0563627560034026,0.7453559924999299,0.1059997880006361,0.9539980920057239
157,2026,22,1955838,2026-08-08,Gremio 2 x 1 Sao Paulo,1224,Sao Paulo,49.81,50.19,Fora,-0.4438376340182186,0.5379586636871021,0.02593243361274607,0.3660569724659417,0.8557378352200858,-0.6038242692671251,-0.3754230849347669,-1.2940428581294023,0.3835284339566075,-0.062338091407708546,0.03781635326846416,-1.2525111687757329,-1.022939533463714,0.20118040419365446,-0.3057375437277243,-0.6097612464514673,0.8346138826225389,-0.8822358487598454,1.5426453671361484,0.7137464271463297,0.5205446958100496,-0.5846400959927223,0.4378017202491163,-1.7754181289482103,-0.915604458237553,-0.6776105818261586,0.07930515857181449,3.077413647874804,2.6761565296226366,0.4562064178919811,-1.1344142851734595,1.5581232254088326,-0.599416176857181,0.6750523159020676,0.9323853329268992,0.30348155681127004,2.045433802852474,1.1477500080332115,1.8380365552345195,1.8496397208312267,-1.0,0.709526420405308,0.02918594201640439,1.7853451405349452,-0.7453559924999299,-0.9539980920057239,-0.1059997880006361
158,2026,22,1955847,2026-08-08,Remo 2 x 2 Atletico MG,4617,Remo,39.03,60.97,Casa,-0.26531959545701767,-0.13948536299262404,-0.44644570403758754,-0.24065576297466523,-0.508880611961806,-0.7894771174261279,0.1554782472962163,-2.180894737684657,0.14264276518276067,-0.07806732872621548,0.31274238935692017,-0.9787605497926897,-1.6893036066573353,-0.07630980848724837,-0.2868854810194477,-1.6998431971311776,-0.7675649959552772,-0.07955819580496949,0.6776105818261586,-0.8723567442899587,0.0026547223357738657,1.1914817146180783,-0.4033433457635426,-0.7272007834437316,-0.01968426309226082,0.18742420348383124,-1.506798012864474,-0.25307902063423937,-1.4202380002556867,-0.18875282504976515,-0.142621300665639,0.366503496707119,0.17800426382149254,-0.1945488407894806,-0.7573256498809078,-0.4552223352169055,-0.671599094446096,-0.3264243142112805,-1.1028219331407116,-1.0616734406494426,1.0,-0.955371719323977,-0.43910826886827364,-1.1384761180670475,0.0,-0.9539980920057239,0.9539980920057239
159,2026,22,1955847,2026-08-08,Remo 2 x 2 Atletico MG,1235,Atletico MG,60.97,39.03,Fora,-0.17613461318022416,0.3543721389659045,0.08730671080346293,0.5279633446835932,0.06192469648184057,-0.673097720072723,-0.9821674646273191,0.7702249071031985,0.2970302876703877,-0.366503496707119,-0.17800426382149254,0.1945488407894806,0.9244339471940682,0.33992551053410586,-0.24181076405113044,-1.6998431971311776,-0.200978021124857,0.27515440348082837,-0.18742420348383124,1.506798012864474,0.25307902063423937,-0.4366299451084889,-0.3846939023350862,1.2382067393771656,1.9476754765163455,-0.6776105818261586,0.8723567442899587,-0.0026547223357738657,-0.08778878957661297,0.18875282504976515,-0.8002427809309527,0.07806732872621548,-0.31274238935692017,0.9787605497926897,1.2570823932488382,0.17703090813990746,-0.1414463339975944,-0.7476169777097068,-0.3676073110469039,-0.05829720720198886,1.0,0.575403662334078,1.7308747646677696,-0.1307890026632173,0.0,-0.9539980920057239,0.9539980920057239
160,2026,21,1955799,2026-10-03,Sao Paulo 1.0 x 2.0 Santos FC,1224,Sao Paulo,61.89,38.11,Casa,1.2346021143288184,0.3846221093803271,0.9252267293751081,1.0843856143827135,0.019523364148660183,0.6230865329829918,0.6342929248753808,1.038643117082584,1.5027706176287077,-1.0380166839850082,1.2668199708039243,1.6217870434089905,0.5870525465458275,-0.13467943234389532,0.9102199017791388,1.430151783423037,-0.8108849840084821,0.47262515948871336,0.8689477560867009,-0.10599978800063603,-1.0916487585981274,1.7559503990417196,0.19859520599494357,1.4787031147642835,0.8076710400485883,0.9084453813633689,0.741998516004452,-0.23980231330067928,0.46766775908188035,1.4461013653059407,-0.5075653326264267,0.4692996704576695,0.7347524678722639,1.8481105377642368,0.3085780865884125,1.8190171877724972,-0.7499841821774172,0.9522195410621779,-0.8081220356417685,-0.3462536542168836,-0.8944271909999157,-0.8617549268143766,0.9176991510051421,0.9454426487454379,-0.6546536707079771,-0.8365153132187089,-0.049206783130512306
161,2026,21,1955799,2026-10-03,Sao Paulo 1.0 x 2.0 Santos FC,1241,Santos FC,38.11,61.89,Fora,-0.708275612958802,-1.4538352227922522,0.2704966320247572,-1.3477115533392245,-0.02462672622642431,-0.21660435809702647,1.0667653736540499,0.15958719028454918,-0.3507863500659126,-0.4692996704576716,-0.7347524678722639,-1.8481105377642368,0.8032715756882084,-2.2680016406711965,-1.8968953531299908,0.6442007874335625,1.424422512273791,1.0649842388182795,-0.9084453813633689,-0.741998516004452,0.23980231330067928,1.2568908119456519,0.6713985422524674,-0.726676959255591,-1.3349815722864962,-0.8689477560867009,0.10599978800063603,1.0916487585981274,1.18431536529208,-1.44610136530594,0.8224969839790575,1.0380166839850062,-1.2668199708039243,-1.6217870434089905,-1.056137833838044,-1.3339459376998313,1.88727031106205,-0.7967551261948835,1.0101525445522108,-0.28864736909843697,1.118033988749895,0.3618497062550406,-0.7263186206623162,-0.35746204982949115,0.6546536707079771,0.049206783130512306,0.8365153132187089
162,2026,21,1955805,2026-10-03,Atletico MG 1.0 x 0.0 Red Bull Bragantino,5438,Red Bull Bragantino,65.02,34.98,Fora,0.27780842654486165,0.5750202302650613,0.5543251240638128,0.6841479999191693,0.28696043204762645,0.8053703185862604,-0.5766299317048925,0.28886012069602446,0.22635051321516947,-0.3723587648077614,1.1186809937041615,-0.3949155274864172,0.2989446121486024,1.222889245682569,1.1001594892478517,1.7680727430513614,-0.6158867121839993,0.4345993255031176,-0.552966753873355,0.5299989400031799,-0.6844137297530122,0.9241844205482735,0.5321400243132305,2.0870838248387313,0.9827673161269908,0.197488126383341,-0.5299989400031799,0.06341099569796652,0.11505328830248059,0.8803086097624782,0.19218779963922208,-1.3009118191646485,0.9469467217377234,-0.4773332583629875,1.386669926539463,1.0914103126634984,0.2658918811985787,1.6518094079650025,0.10101525445522112,0.21522629798610585,-0.8944271909999157,-0.7618747472640404,0.8266458590358678,0.13472451791963025,-0.6546536707079771,0.049206783130512306,-0.9349288794797335
163,2026,21,1955805,2026-10-03,Atletico MG 1.0 x 0.0 Red Bull Bragantino,1235,Atletico MG,34.98,65.02,Casa,-0.05643338107295029,-0.5456904315206004,-0.10745204793964876,-0.4573879182392296,-0.3883935491564132,0.19752560952723272,1.3262488429212513,1.1909427882236039,-0.8903945179024554,1.3009118191646463,-0.9469467217377234,0.4773332583629875,-0.46973691562215547,-1.3952789190827553,-1.1199936206194854,1.3959800009887122,0.30237380392365953,0.9098253824129381,-0.197488126383341,0.5299989400031799,-0.06341099569796652,1.4232440076443411,-0.5247197381874136,-0.4985341929776729,-0.9405060981614561,0.552966753873355,-0.5299989400031799,0.6844137297530122,-1.0676701779873223,-0.8803086097624782,1.6456809527132694,0.37235876480775937,-1.1186809937041615,0.3949155274864172,-0.22547759697669575,-0.6063390625908325,-1.23643428633226,-0.9716525929205897,0.10101525445522112,-0.7830437893307035,0.11180339887498952,-0.06440350446635588,-1.1082365953112183,-0.8403911907578725,0.6546536707079771,0.9349288794797335,-0.049206783130512306
164,2026,21,1955796,2026-09-16,Botafogo RJ 3 x 2 Gremio,1227,Botafogo RJ,34.08,65.92,Casa,-0.10459372052690549,-0.6527874123258051,0.15995642060992127,-0.2537610920996366,0.12217405723702718,-1.388381122797614,1.6722268019441866,-0.638503059045246,-0.7964722108247322,-1.2224263764613752,-0.5230906450626353,0.40227892405213234,0.7394032543026523,-0.9104329626447322,-1.116708671760709,-0.8146088769651201,0.275810159346291,-0.187039359751886,0.15799050110667295,-0.741998516004452,0.7818895317062532,0.425124833452206,-0.31878919335112105,-0.42248660421836687,-0.5306004609328863,-0.15799050110667295,1.377997244008268,0.49148440857877573,0.05588274487521449,-0.7365081976563915,0.4203681688562813,0.48829434976694186,-1.3148157843003616,1.4459935623174978,-0.40971394875929085,-0.24253562503633297,0.10999010909632206,-0.6218576594691774,0.10101525445522112,-0.3830491760528374,2.1242645786248002,0.027727543409028946,-0.9615396249162758,-0.44967425377942605,0.6546536707079771,-0.8365153132187089,1.72223740956793
165,2026,21,1955796,2026-09-16,Botafogo RJ 3 x 2 Gremio,1244,Gremio,65.92,34.08,Fora,0.12735789580839896,-0.2567021312890354,0.039057189486121136,0.20938961222427402,-0.35831926989428836,0.30447285730669055,0.6342929248753808,-0.33595904295944146,0.3115684369194772,-0.48829434976694397,1.3148157843003616,-1.4459935623174978,-1.713066659966923,-0.13467943234389532,0.32787765008934877,-1.6111368532318855,0.1065970878547425,-0.7547135064247446,0.15799050110667295,-1.377997244008268,-0.49148440857877573,-0.0739347536438616,-0.38869802654439545,0.7942748159305294,0.6440227506790309,-0.15799050110667295,0.741998516004452,-0.7818895317062532,-0.6813069137233245,0.7365081976563915,-0.4499608237624531,1.2224263764613732,0.5230906450626353,-0.40227892405213234,-0.01976146976979837,-0.36380343755449945,0.5331520619453046,-0.09716525929205894,-0.8081220356417685,-0.9506857015349456,1.118033988749895,-0.917089948351333,1.281912318882241,-1.0041447321090646,-0.6546536707079771,-1.72223740956793,0.8365153132187089
166,2026,21,1955811,2026-07-31,Coritiba 0.0 x 1.0 Cruzeiro,1230,Cruzeiro,50.96,49.04,Fora,0.3296201201648762,0.36352140789369747,0.28934974197533925,0.6453162712055297,0.955224084145022,0.7088671379727652,0.115325986340978,0.23887458760358715,-0.025921295313880623,0.41928631632647567,0.09372204096485842,0.6502242133625676,-0.4150924697173945,0.5441049066693369,-0.05852881671820174,0.9956819781866194,1.2825887187466445,0.8287897479123115,-0.197488126383341,1.165997668006996,0.8675023947104858,-0.0739347536438616,-0.025098762995469225,0.03379892833746922,0.3469827489725767,0.552966753873355,0.741998516004452,0.7859359655070913,0.5063677702760899,0.07629914962424858,0.5002443925451516,-0.4211757049683064,0.5347654656049765,0.6969494455413248,1.2732510240515689,0.7276068751089989,0.850523526582042,1.127117007787884,1.0101525445522108,2.0856667946790184,0.11180339887498952,0.4807234029423598,-0.13194296475177336,1.9617810767053903,0.6546536707079771,0.9349288794797335,-0.049206783130512306
167,2026,21,1955811,2026-07-31,Coritiba 0.0 x 1.0 Cruzeiro,1236,Coritiba,49.04,50.96,Casa,-0.3792047071972205,-0.3734639399076038,-0.32575851829753755,-0.22926690158493457,-0.10336000306000379,0.38969644538094583,0.115325986340978,-2.0266461916742315,-0.5776991856218996,0.42117570496830437,-0.5347654656049765,-0.6969494455413248,-2.014193617095982,-0.13467943234389532,-0.0642110574087129,-0.7421972427590505,0.5807331460674486,0.6123160378074315,-0.552966753873355,-0.741998516004452,-0.7859359655070913,-0.2402879493425508,-1.071987415277205,0.7942748159305294,0.5177949610780144,0.197488126383341,-1.165997668006996,-0.8675023947104858,-0.468041019472344,-0.07629914962424858,0.24492851860150258,-0.4192863163264778,-0.09372204096485842,-0.6502242133625676,-0.09682220238806362,0.36380343755449945,-0.15929476998939435,0.9522195410621779,-0.8081220356417685,0.15004771204516823,-0.8944271909999157,-0.5622462602568657,-0.25334735404413966,0.07105771689264057,-0.6546536707079771,0.049206783130512306,-0.9349288794797335
168,2026,21,1955793,2026-07-30,Fluminense 0.0 x 0.0 Bahia,1221,Bahia,41.63,58.37,Fora,-1.0582846215686426,-0.8508278651925303,0.8165525503557257,-0.31404166102563985,-1.0545384560703677,-0.6677073325774086,0.2883149658524456,-1.0923190831739524,-1.033191441647168,-0.7393025220508187,-1.2718019624519372,-1.6279984168337023,-0.011027458609479693,0.05925895023131389,-0.46517053064977004,-0.6818542142539925,-1.4804925159344493,-0.04159247354516117,-1.6194026363433969,-1.377997244008268,-2.7977556326784976,0.7578312248495843,-0.8984000944737695,-0.042248660421836795,0.3827567517201065,1.6194026363433969,2.013995972012084,-0.46421959091324794,1.4487342238248953,-0.9892624683639678,0.05407862879731765,0.5729204418609116,-0.11537610334667464,-0.14463786372687143,-0.006890208665045527,-0.36380343755449945,-1.23643428633226,-0.6218576594691774,-1.7172593257387583,-1.4911110156843503,-0.8944271909999157,-1.2427925046146193,-0.556858327275055,-1.5320351496317308,0.0,0.9349288794797335,-0.9349288794797335
169,2026,21,1955793,2026-07-30,Fluminense 0.0 x 0.0 Bahia,1232,Fluminense,58.37,41.63,Casa,0.007371077090991843,-0.43092512543850187,1.1770603324767446,1.345872648132346,1.0537480118585203,-0.125871858482341,-0.74961891121636,0.6637516188893048,0.34574242196566124,-0.5729204418609137,0.11537610334667464,0.14463786372687143,0.34533815514835603,0.6410740979569415,1.268624008644532,-0.7851078408070917,-0.21052618335640041,-1.8857006510801604,-1.6194026363433969,-2.013995972012084,0.46421959091324794,-0.0739347536438616,1.6004038269879606,0.10984651709677523,0.09939545068240292,1.6194026363433969,1.377997244008268,2.7977556326784976,2.4286465240679282,0.9892624683639683,-0.9403918717052753,0.7393025220508166,1.2718019624519372,1.6279984168337023,1.494427744879776,2.3040884378451634,-0.3457227632025826,2.0016043414164146,1.0101525445522108,1.6421380260609566,-0.8944271909999157,-0.1982333047971537,0.5711907898998473,1.5285397374879337,0.0,0.9349288794797335,-0.9349288794797335
170,2026,21,1955801,2026-07-30,Corinthians 0.0 x 0.0 Athletico Paranaense,1243,Athletico Paranaense,56.09,43.91,Fora,0.6720086849274675,0.20506469390526022,-0.28030129910270013,-0.8519113738181016,-0.9423222841018626,0.5278794878844519,-2.133530747308101,0.9214895238971842,1.4671055456123958,-0.8689017127634615,0.2440049354437883,2.0575998871194385,1.1875541531341107,-0.23164862363149993,-0.627559397351142,-0.7190255198131081,0.008691293629880704,0.2923381846164386,0.5134691285966869,1.165997668006996,0.6226118498117916,-1.7374667106307535,1.1855492891026223,-0.34643901545906086,0.39023896172766204,-0.5134691285966869,0.741998516004452,-0.8675023947104858,-1.0119807450367735,-0.035777248311202194,-0.614545134802378,-2.3690722436987564,-0.8018478704333762,-0.9481286281310758,-1.6218917483967519,-1.3339459376998313,-2.005819655148592,-1.6712424598234141,-0.8081220356417685,-1.227714623392098,-0.8944271909999157,0.49347452963746247,0.6217759521049997,-1.2747481057781906,0.0,0.9349288794797335,-0.9349288794797335
171,2026,21,1955801,2026-07-30,Corinthians 0.0 x 0.0 Athletico Paranaense,1237,Corinthians,43.91,56.09,Casa,0.5194191563499776,0.38656471878747817,-0.6124505367973326,-0.6600098810452343,-0.24970109948262814,0.5795623836532052,-0.8361134009720939,-0.048542227677927145,0.21474756817370313,2.3690722436987546,0.8018478704333762,0.9481286281310758,2.030164913891541,1.1259200543949646,0.6488682081627132,0.6569428080022939,-0.22050755220898163,-1.1619383591870696,0.5134691285966869,-0.741998516004452,0.8675023947104858,-1.2384071235346858,0.10066380580851325,-0.4985341929776729,0.36888372173617484,-0.5134691285966869,-1.165997668006996,-0.6226118498117916,-0.35895891347646747,0.035777248311202194,-0.6828301149146876,0.8689017127634594,-0.2440049354437883,-2.0575998871194385,-0.3742119499289126,-1.5764815627361644,1.591056944067762,-1.1465500596462959,1.0101525445522108,-0.0898205208633754,-0.8944271909999157,1.33290272625829,-0.24323032160310915,-0.1632468915430572,0.0,0.9349288794797335,-0.9349288794797335
172,2026,21,1955814,2026-07-30,Vitoria 0.0 x 4.0 Palmeiras,1238,Vitoria,30.58,69.42,Casa,-0.6635793726717316,-0.8248455091955672,-1.374300690788468,-0.9853256749078757,-1.0959756213617673,0.034876670195974006,-0.5766299317048925,0.9704810265019882,-1.356378245972836,-1.2792214169041662,-1.4033881802219978,0.03507094130811643,-0.011313862988571202,-0.6195253887819183,-0.9544542236563176,-1.6111368532318855,-1.012636383437156,-1.2772634074324172,-1.6194026363433969,-0.10599978800063603,-1.4740398581580485,-0.5729943407399292,-1.8428130386481387,-1.9434383794044872,-1.9682505245817814,-2.290862266046757,-0.5299989400031799,-0.7641283116392155,-1.0656971798883166,-1.723571591490711,2.561417742296176,-1.8019072424899227,-1.1903456287296958,0.3949155274864172,-1.4223010068975133,-0.7276068751089989,-0.15929476998939435,-0.6218576594691774,-1.7172593257387583,-1.4270506838083703,-0.8944271909999157,-1.169339983265678,-1.6697318957884117,-1.4694606653223174,-2.6186146828319083,-2.6079595059171514,-0.9349288794797335
173,2026,21,1955814,2026-07-30,Vitoria 0.0 x 4.0 Palmeiras,1234,Palmeiras,69.42,30.58,Fora,0.473677860425181,1.4489106738762638,0.6735340573271765,1.2326038572215317,0.8386181726971224,0.8972781096467319,-0.74961891121636,-1.1571499437637682,1.6152070269611085,1.8019072424899207,1.1903456287296958,-0.3949155274864172,-0.9997735649721631,1.7077352021205923,1.2670462873345263,0.8218940560920523,2.188976210219036,1.6579235034186968,2.290862266046757,0.5299989400031799,0.7641283116392155,-0.5729943407399292,1.7115754182346594,-0.1182962491811428,0.7701701813612822,1.6194026363433969,0.10599978800063603,1.4740398581580485,1.2955170913054392,1.7235715914907108,-1.7152621745318193,1.2792214169041642,1.4033881802219978,-0.03507094130811643,1.838526598481534,0.36380343755449945,-0.4824366248922539,0.4275271408850595,1.0101525445522108,0.9474387031998157,2.1242645786248002,0.2594477754658328,0.4801374979305724,0.8499536202275252,2.6186146828319083,0.9349288794797335,2.6079595059171514
174,2026,21,1955803,2026-07-29,Mirassol 2.0 x 1.0 Remo,4617,Remo,43.28,56.72,Fora,-0.37830363654717225,0.14480644772887133,-0.5453630255920711,-0.49680248045595304,-0.2036587999399377,-1.7787704067306644,0.02883149658524419,-0.2333101803589,-0.65683953153727,0.2319725402263176,-0.19272539841664812,0.0013925840072696516,-1.3565274493201513,-0.8134637713571276,-0.28677723433106994,-0.14062366627785694,-0.7655603362535953,-1.2802562293313189,0.5134691285966869,1.165997668006996,0.700714159804243,-0.2402879493425508,-0.6807400011284331,0.5661320496526113,0.0561669851345333,-0.8689477560867009,-1.165997668006996,-0.8675023947104858,-0.882336828640357,-0.10053111095709742,-0.16410386248258307,-0.21132733935730855,-0.9362619227300726,-0.11115908187669638,-0.8392578062599458,-0.12126781251816648,0.10999010909632206,-0.09716525929205894,-0.8081220356417685,-0.09435681524717965,0.11180339887498952,-0.1617981553255382,-0.4228076474314008,-0.16767796883269376,-0.6546536707079771,-0.8365153132187089,-0.049206783130512306
175,2026,21,1955803,2026-07-29,Mirassol 2.0 x 1.0 Remo,6332,Mirassol,56.72,43.28,Casa,0.6188860199378974,0.7233396788876278,-0.2343200862193441,0.22984270424590847,0.8714902521379384,0.7399743903316942,1.4127433326769852,-1.7730431193670129,0.13223016616032093,0.21132733935730647,0.9362619227300726,0.11115908187669638,0.5393038074860748,0.2531973328065231,0.6052159586502913,-0.12428463086725668,0.3248219083757566,0.4779320205466244,0.8689477560867009,1.165997668006996,0.8675023947104858,0.9241844205482735,0.016149892953359116,0.33798928337469325,0.5623102305680705,-0.5134691285966869,-1.165997668006996,-0.700714159804243,-1.004777317588708,0.10053111095709699,-0.669689362728126,-0.23197254022631972,0.19272539841664812,-0.0013925840072696516,0.6275068916171584,-0.24253562503633297,-0.7363337966016436,-0.9716525929205897,1.9192898346492004,1.4683461197025691,0.11180339887498952,3.162442589583945,0.49025453037160294,1.3587788480410967,0.6546536707079771,0.049206783130512306,0.8365153132187089
176,2026,21,1955808,2026-07-29,Internacional 1.0 x 1.0 Flamengo,1219,Internacional,25.13,74.87,Casa,-1.1051466816275866,-0.14279828030649627,-1.2895027258331357,-0.6484788905063985,0.1021981842091772,-2.7232323739139863,-0.14415748292622343,1.64622589001652,-1.7098368825731554,-0.36124001949374185,-2.095446177175574,0.445946900378448,0.45559782765803875,-0.42558700620670914,-1.189074183619143,-0.5656938843817558,-1.91997981234717,-1.2444652108676761,0.5134691285966869,0.5299989400031799,0.8675023947104858,-1.404760319233375,-1.5362554056384032,-2.0955335569230993,-2.412108272979442,-0.8689477560867009,-1.165997668006996,-0.345314012954147,-0.6655216491102381,-1.2746983679739747,0.5676441188151385,-0.6563287523201193,-0.6210417680868479,0.48667630830500364,-1.1848517342697749,0.0,1.4564145045249042,0.4275271408850595,0.10101525445522112,0.19774017864583598,0.11180339887498952,-0.2778118404642773,-1.4496864401959981,0.11764398042868228,0.0,0.049206783130512306,-0.049206783130512306
177,2026,21,1955808,2026-07-29,Internacional 1.0 x 1.0 Flamengo,1239,Flamengo,74.87,25.13,Fora,0.19307037859254023,1.3000259572438062,-0.13610984712447013,0.8131387196907556,0.170959250812599,1.0919775091300992,-1.5280693190179644,0.18661698482513062,1.5817973648227674,0.6563287523201172,0.6210417680868479,-0.48667630830500364,0.004101152289402033,1.513796819545383,1.6513615853361454,0.08274542541136255,0.5414596392929812,1.0816355970958784,0.8689477560867009,1.165997668006996,0.345314012954147,-1.2384071235346858,1.2710256705965821,0.4900844608933053,1.2572858291066238,-0.5134691285966869,-0.5299989400031799,-0.8675023947104858,-0.2958940221021555,1.2746983679739752,-1.2646986286893749,0.36124001949373974,2.095446177175574,-0.445946900378448,0.32835723399192085,0.24253562503633297,0.3074656870925142,0.07773220743364721,0.10101525445522112,0.3751295169097052,0.11180339887498952,0.09877690206827942,2.334083692749414,0.29091886113550147,0.0,0.049206783130512306,-0.049206783130512306
178,2026,20,1955763,2026-07-26,Red Bull Bragantino 0.0 x 0.0 Coritiba,5438,Red Bull Bragantino,56.99,43.01,Casa,0.9243876636762327,0.07194856633689205,-0.25002542844129394,0.22965315985212584,-0.397998659608073,0.6849287566331366,0.29544002473436226,-0.8263254879510302,0.34866955382301434,0.337282083157183,0.8503968080595491,1.6402116996654432,1.0758311126934739,-0.3583311447793353,-0.48890076445454694,0.8965774080339695,0.3771524969152578,0.36803178122250296,0.6532672197664802,0.4817589548149703,0.5362189312196134,0.5747972057431079,-0.6920639412698937,0.30268769177005495,0.7904303103004099,-0.3346002832950264,-1.0170466823871596,-0.42749129044694617,-0.3339265612088468,1.0588123308475677,1.310381327775973,-0.03407464857598999,0.013906651360222457,-0.26817511124175086,0.11406876844246418,-0.31714753395278095,1.4142220947856161,1.3685365715246771,-0.9456145123723221,-0.37861417313694823,-1.3000224919331833,-1.0349889828603671,-0.11232081034899978,-0.5049597644890932,0.0,1.414213562373095,-1.414213562373095
179,2026,20,1955763,2026-07-26,Red Bull Bragantino 0.0 x 0.0 Coritiba,1236,Coritiba,43.01,56.99,Fora,-0.15673668039177036,-0.5241448447510377,-0.4511284048587079,-1.1079366270898092,-1.1305347183818377,-0.3673890406289608,-0.689360057713513,-1.30457297319469,-0.6908800393292427,0.03407464857599,-0.013906651360222455,0.26817511124175086,0.5524610854468966,-1.8670938596396942,-1.5811324850466433,1.2141715787941862,-0.6244918949803369,-0.6933154647282979,0.3346002832950264,1.0170466823871596,0.42749129044694617,-0.5332456005086668,0.17096652636044213,-0.6659129218941209,-0.6676095450423943,-0.6532672197664802,-0.4817589548149703,-0.5362189312196134,-0.5435522585284518,-1.0588123308475672,1.3260915503350539,-0.33728208315718294,-0.8503968080595492,-1.6402116996654432,-0.8823256697866776,-1.23420064417769,0.7604928438639477,-1.3325224512213962,-0.9456145123723221,-1.201891560387597,-1.3000224919331833,-0.7369416010935615,-1.056872023242382,-1.3564909941547072,0.0,1.414213562373095,-1.414213562373095
180,2026,20,1955766,2026-07-26,Cruzeiro 0.0 x 1.0 Botafogo RJ,1230,Cruzeiro,57.21,42.79,Casa,0.5253582025134759,0.7696057468026416,2.009356543093071,0.7970471756980672,0.3189652001931984,1.4798177947841225,0.5271576911926859,-0.9990259687334629,1.390578191358166,2.140594292407451,0.37476671085848456,-0.13359655907355378,0.9466429446159965,1.0561339004022512,0.8872629122268648,1.5592121593731865,1.475516502889916,1.292195667294007,0.6532672197664802,0.4817589548149703,0.5362189312196134,1.4058293104319388,1.7103536090605749,0.7062712807967949,0.7225910070498912,2.2147352084766037,3.2652551381903545,2.6666813187836866,2.753694711602157,0.6456594376678634,-0.6719758421734244,0.1591297200087337,0.9401277610249816,0.6438701677518952,0.9585313363475283,1.0584321313845826,-0.11633448475321159,0.6482541654590576,0.5878144266098217,0.5903671566608489,-1.3000224919331833,0.06077796642114389,0.31334865072466306,0.49727578341200673,-1.0,-0.0,-1.414213562373095
181,2026,20,1955766,2026-07-26,Cruzeiro 0.0 x 1.0 Botafogo RJ,1227,Botafogo RJ,42.79,57.21,Fora,-0.44522315897810727,-1.8096240838682667,-0.5576648424413939,-0.47521980955557186,-0.4568127686651502,0.06479394977030623,0.12165177489061957,0.6160081977044524,0.03837592275124255,-0.15912972000873374,-0.9401277610249815,-0.6438701677518952,-1.7884798369869,-0.92411716285197,-0.8343888259541387,-0.15184020285762145,0.007537882765663443,0.5165468280126961,-2.2147352084766037,-3.2652551381903545,-2.6666813187836866,0.7133025565245797,-0.20323438893048437,-1.7152302533636448,-1.943229779820629,-0.6532672197664802,-0.4817589548149703,-0.5362189312196134,-1.0058007942973635,-0.6456594376678634,0.6280829713395796,-2.1405942924074504,-0.3747667108584846,0.13359655907355378,-1.0140496487694932,-0.31714753395278095,-0.2696259757701971,-0.7923106466721817,-0.43447153271160743,-0.8275574353440336,0.2294157338705618,-0.5080991848441921,-0.7648068455714022,-0.9693101936852042,1.0,1.414213562373095,0.0
182,2026,20,1955769,2026-07-26,Gremio 1.0 x 1.0 Fluminense,1244,Gremio,49.76,50.24,Casa,-0.035504295163960864,0.41501489944237496,0.2686259409140706,0.07847989482594378,0.0012426409092115148,-0.25980437018817587,-1.5003718903176457,0.8953654589261465,0.05655771824621214,-1.0242480572092763,-0.12600965972901138,0.7648258057423015,0.9985896646792565,0.6789432216871615,0.48342407444379526,-0.6975688879763394,-0.4226220333815586,-0.005666975741396838,0.01593334682357263,0.4817589548149703,0.4241287184837366,-0.2562348989457231,-0.2655821242066658,-0.18161261506203297,0.9761625099523467,1.5774013355336962,0.05352877275721898,-0.3500158477364313,0.6842551754079301,0.08583101585926532,-0.6840119506168182,1.0177077806909154,0.7414928195982704,-0.26817511124175086,-0.24522914491200976,-0.1643053489152961,0.32467334324950187,-0.07202824060656203,0.07667144694910714,-0.02047777084046636,0.2294157338705618,-0.010968228827064832,0.2449929708442208,-0.13453257219856202,0.0,-0.0,0.0
183,2026,20,1955769,2026-07-26,Gremio 1.0 x 1.0 Fluminense,1232,Fluminense,50.24,49.76,Fora,-0.5789748450774107,-0.16898538551453077,-0.43832669728499446,-0.36377300785162214,-1.131967766884116,-0.9514201087360783,-1.8479483900051312,-1.30457297319469,-0.4779779955372015,-1.0177077806909154,-0.7414928195982703,0.26817511124175086,0.9904612689483473,0.7732408913659339,0.18174767486685825,0.37572296798721455,-1.777299305655762,0.05598786641403774,-1.5774013355336962,-0.05352877275721898,0.3500158477364313,-0.8102563020716104,0.13131633620577712,-0.9887797931155128,-0.0713713143415866,-0.01593334682357263,-0.4817589548149703,-0.4241287184837366,-0.4645481230900781,-0.08583101585926571,-1.0047035278523724,1.024248057209276,0.12600965972901138,-0.7648258057423015,-0.7304448695339326,-0.9285162741027203,-1.1280583254653178,-1.1524518497049914,-0.9456145123723221,-1.3078325038578484,-1.3000224919331833,-1.1896116239167278,0.2853849635008461,-0.33254739660066374,0.0,-0.0,0.0
184,2026,20,1955775,2026-07-26,Bahia 1.0 x 1.0 Corinthians,1221,Bahia,62.82,37.18,Casa,0.822104857281548,0.5925970019177368,0.17040712816020057,0.3211619021992583,-0.4919041033956555,1.2528800083196425,-0.5735012244843513,0.43222052584807513,1.7073371145961367,1.5798715826809433,1.485471085572334,0.1941158171744137,1.1273631028222162,1.244729239759796,0.8445872573733437,-1.580657123895719,-0.9355359311062689,-0.9747809649933057,0.3346002832950264,-0.05352877275721898,0.5362189312196134,-1.3642777051974977,0.6173623051997826,0.06053753835401099,0.9835668407607556,-0.01593334682357263,0.5888165003294082,-0.3416102225468951,1.1359374770990718,0.9334773209663773,-0.5614322817338642,-1.262092457039417,0.24428347589791735,0.31182609703297426,-0.20493928510023582,-0.08788425639655367,0.28835505153163155,0.10804236090984287,-0.9456145123723221,-1.007854692183025,0.2294157338705618,-1.253246806459198,1.6493914847514872,-1.1557950251636389,0.0,-0.0,0.0
185,2026,20,1955775,2026-07-26,Bahia 1.0 x 1.0 Corinthians,1237,Corinthians,37.18,62.82,Fora,-0.24563271988074242,-0.31177188469381606,-0.6069753784319905,-0.9812233947532236,-0.922261337830156,0.3070586891332586,-0.16799530818228495,-0.24008663507170486,-0.7300622409620359,1.2620924570394172,-0.24428347589791732,-0.31182609703297426,0.19968868270073692,0.11315720361452686,-0.7873615888839555,-0.6456225211575524,1.3899261585375136,-0.7038749779210123,0.01593334682357263,-0.5888165003294082,0.3416102225468951,-1.087267003634554,-1.0372450133447446,-0.3430460506727289,0.2436457921203262,-0.3346002832950264,0.05352877275721898,-0.5362189312196134,-0.8932226924021079,-0.9334773209663765,-0.5208185360196325,-1.579871582680943,-1.4854710855723343,-0.1941158171744137,-1.3118293552997706,-1.0049373666214627,-1.4652996057026864,-1.3325224512213962,-0.9456145123723221,-1.3027352424336494,0.2294157338705618,-1.027713484647966,-0.6405237912433254,-1.4607955042827612,0.0,-0.0,0.0
186,2026,20,1955778,2026-07-26,Remo 2.0 x 0.0 Vitoria,4617,Remo,31.47,68.53,Casa,-0.4266882975981373,0.10622275188971705,-0.328453883672053,-0.6100840160560139,-0.07291843717183949,-0.8106378828449945,0.469228274578105,0.3250110505985219,-0.855991005459349,0.25000091365815086,-0.7565197157085758,-0.13359655907355378,-0.34670648572935103,-0.3583311447793353,-0.2497578768725287,-0.08460175951465222,0.2674061880063226,1.294273349287944,0.01593334682357263,1.0170466823871596,0.23757032627403288,0.9903132580875234,-0.739114029873256,-1.3923633821422527,-1.7915278925322309,-0.01593334682357263,-0.4817589548149703,-0.30797489065040806,-0.3318668464657896,-0.5550405692232511,1.1045774122520156,0.01920867273201402,-0.5187469075806502,-0.543675685172245,-0.8228729022479098,-0.6992529965464931,0.44573431564240357,0.4681835639426527,-0.43447153271160743,-0.5142860830993605,1.7588539596743067,-0.8685119843359602,-1.5819679277785057,-0.6452877634241623,2.0,1.414213562373095,1.414213562373095
187,2026,20,1955778,2026-07-26,Remo 2.0 x 0.0 Vitoria,1238,Vitoria,68.53,31.47,Fora,0.589530028403007,0.24864158120966456,-0.06322231518649578,0.49328209743183804,-0.006437733426083725,1.2625885767245402,0.2375106081197814,0.22316204911144652,0.5309251944842169,-0.01920867273201402,0.5187469075806501,0.543675685172245,-0.15444128811109606,-0.16973580542179045,0.6666098286219058,0.9374558656565716,-1.1913743261100913,0.0762054338897294,0.01593334682357263,0.4817589548149703,0.30797489065040806,0.020775802617220576,-0.5409428382310365,1.4327217410449267,0.7252151130167468,-0.01593334682357263,-1.0170466823871596,-0.23757032627403288,-0.2589085673393532,0.5550405692232511,0.09320714751859799,-0.2500009136581508,0.7565197157085758,0.13359655907355378,0.5279715457219715,0.5234844837533857,-0.301817188883764,0.2881129624262478,0.07667144694910714,0.2204430933437517,-1.3000224919331833,-0.03639304845861591,1.2206149473196228,0.11465639242974823,-2.0,-1.414213562373095,-1.414213562373095
188,2026,20,1955781,2026-07-26,Flamengo 1.0 x 1.0 Sao Paulo,1224,Sao Paulo,43.09,56.91,Fora,-0.13977994908878383,-0.331448050385027,-0.18368161939664907,-0.8906522352480464,-0.4976150010300554,0.7158943921503703,0.7009459410364286,1.6635979272858032,1.0284845576710997,-0.7031173957892216,0.015751155395422236,-1.5684953816282123,-2.173136075999555,-1.2070101718882873,-0.718520476661082,-0.34604832804726604,-0.2396521415953789,-1.0745582009992765,0.6532672197664802,-0.05352877275721898,0.09983576558133435,-0.11772954816425125,1.3038547674226666,-0.3430460506727289,-0.6143589817706949,-0.6532672197664802,-0.4817589548149703,-0.5362189312196134,-0.8101427103841304,-0.13929589575100904,-0.7102127281897608,1.535656194669692,-1.023065954281207,-1.246032086612333,-1.1542150043476367,-0.6992529965464931,-1.7182305658807129,-1.5125930527378013,-0.43447153271160743,-0.912114067681462,0.2294157338705618,0.6046545172193263,-0.572168111362883,-1.056768703083996,0.0,-0.0,0.0
189,2026,20,1955781,2026-07-26,Flamengo 1.0 x 1.0 Sao Paulo,1239,Flamengo,56.91,43.09,Casa,0.793110343486982,0.06884311934093441,0.03997837062641718,0.8737863599543566,1.038133052186327,-0.04200030268356665,0.35336944134894316,1.995334674986564,0.5314878454765236,-1.5356561946696923,1.023065954281207,1.246032086612333,1.0239225059451906,-0.45262881445810776,-0.407024882759605,0.6634259226758811,0.8290275893631373,0.2742238316868987,0.6532672197664802,0.4817589548149703,0.5362189312196134,-0.11772954816425125,0.7452449536717416,0.4641211273807509,0.151847959258826,-0.6532672197664802,0.05352877275721898,-0.09983576558133435,-0.25202786212047684,0.13929589575100865,-1.1844020146060517,0.7031173957892215,-0.01575115539542224,1.5684953816282123,1.8031053178336276,0.4470633912346433,1.5698719164336328,1.0083953684918674,1.610100385931251,1.9047321587635389,0.2294157338705618,0.8927980922134358,0.5153086140077874,1.8567481359900582,0.0,-0.0,0.0
190,2026,20,1955784,2026-07-26,Vasco da Gama 1.0 x 1.0 Mirassol,6332,Mirassol,44.03,55.97,Fora,-0.6749445829651104,-1.0779842978231333,-0.12138920575697276,-0.666351371778048,0.11912808093748974,-1.358444837739962,1.048522440723914,-1.1579104110533007,-1.4469422877623104,0.3847611356750802,-0.9290266221389528,-0.5399599056210336,0.6112848470091834,-0.2640334751005629,-0.17377655224158023,-0.3339443202448301,0.5916808891712654,0.4342741301567973,-2.2147352084766037,-1.6593919554737868,-1.3017139455038902,0.4362918549616361,-0.32015264402693555,0.38340440957540295,-0.7830203833423782,-1.2906010927093876,0.5888165003294082,-0.5362189312196134,-0.5260942626719607,-1.1570594938353038,0.004411094140432633,-1.0666521579854662,-1.2706434904630712,-0.1858714806650303,-0.05183102214878665,-0.46998971899026576,0.6424583957808687,-0.4321694436393718,0.07667144694910714,0.4318251227485048,0.2294157338705618,1.024044497466733,-0.3173878499903259,0.3332927866945666,0.0,-0.0,0.0
191,2026,20,1955784,2026-07-26,Vasco da Gama 1.0 x 1.0 Mirassol,1226,Vasco da Gama,55.97,44.03,Casa,0.9589471740413247,0.4802815364937394,1.607282261475951,0.8780997022075907,0.8784382387319722,0.8724254839527201,2.7864049391613412,-0.8462524665028491,0.2561146971576454,1.0666521579854662,1.270643490463071,0.1858714806650303,-0.9680600134207036,0.39605021265084417,0.8232913409441339,-0.19843205897842917,2.2779111118819446,1.2630250120991333,1.2906010927093876,-0.5888165003294082,0.5362189312196134,2.5138721166837135,0.08362548673751063,1.5941551766556228,1.0612795930901695,2.2147352084766037,1.6593919554737868,1.3017139455038902,1.5779136248284678,1.1570594938353043,-0.029521917454560332,-0.3847611356750802,0.9290266221389528,0.5399599056210336,0.886352787235072,1.7462219640532644,-0.11633448475321159,1.3685365715246771,0.07667144694910714,1.4122114620840764,0.2294157338705618,0.2559241722962744,0.6706624319178837,1.347324749687889,0.0,-0.0,0.0
192,2026,20,1955789,2026-07-26,Palmeiras 1.0 x 2.0 Atletico MG,1235,Atletico MG,31.65,68.35,Fora,-1.7486494217458195,-0.4795857567823169,-1.2314020213556882,-0.4888803798310544,0.8201565787265027,-2.7759331655027135,-1.2686542238593221,-1.30457297319469,-2.0521297697075362,-1.3804696659956404,-2.0770468386453564,-1.0421324964764545,0.7236352519318343,-1.3013078415670596,-1.3313482783014863,-1.580657123895719,-1.1486972746130197,-1.1210503785041077,-0.3027335896478811,1.0170466823871596,0.44675516548443384,-1.7797937575419132,-2.290259291703171,-0.6659129218941209,-0.26834379516485635,-1.2906010927093876,-0.4817589548149703,-0.5362189312196134,-0.8800861094705666,-1.6846949267355606,1.9201198177345857,-0.685008196174361,-1.3015277958910414,1.5536835228147448,-0.5229823195123606,-0.31714753395278095,-1.557274500312878,-0.6122400451557767,1.0989574062705363,1.0297713135125426,1.7588539596743067,2.309625234382103,-1.202904612077872,0.9517597371783565,1.0,-0.0,1.414213562373095
193,2026,20,1955789,2026-07-26,Palmeiras 1.0 x 2.0 Atletico MG,1234,Palmeiras,68.35,31.65,Casa,-0.11108770404823771,1.21705017508959,-0.10160414398903007,1.653833082787555,0.5861841347061082,0.5880857867942837,-1.0369365574009985,-0.780778108404015,0.18304337582326502,0.6850081961743612,1.3015277958910412,-1.5536835228147448,-1.1384446903402634,1.244729239759796,1.8511114130742057,-1.580657123895719,-0.2616579216874436,0.2764658270934277,1.2906010927093876,0.4817589548149703,0.5362189312196134,-1.3642777051974977,0.8224010052947974,0.7869879986021429,0.8625214577324597,0.3027335896478811,-1.0170466823871596,-0.44675516548443384,-0.14042306989434458,1.6846949267355602,-1.4883275567461085,1.3804696659956404,2.077046838645357,1.0421324964764545,1.8114580692928481,0.8291688538283554,-0.7648754082866123,1.548607173041082,0.07667144694910714,0.8808759424195536,0.2294157338705618,-0.21273215477428783,1.9973840368701015,0.7977544645912574,-1.0,-1.414213562373095,0.0
194,2026,20,1955772,2026-07-25,Athletico Paranaense 2.0 x 0.0 Internacional,1219,Internacional,56.62,43.38,Fora,-0.021536394536378997,-0.34193581556567826,0.05557026520054076,-0.28335885122096965,-0.22828593070843037,0.06479394977030623,-0.22592472479686584,0.205188695907845,0.6536797515988156,-1.0303598561345744,0.05022615906571599,-0.340924797107982,-0.08815755167078644,-0.8298194931731975,-0.18166140668441555,2.1594812870569475,-0.19854166044005098,0.33435829706419073,-0.3027335896478811,-0.05352877275721898,-2.8444633491575493,0.020775802617220576,0.34832551489423164,1.3520050232395788,0.8854665498202311,-0.6532672197664802,0.05352877275721898,-0.3500158477364313,-0.7879463025385252,-0.09762020061715494,0.9422746905539415,-0.34677407394615967,-0.2757734510800666,-0.8495405696703476,0.08949881648369053,0.06495792864093117,1.0180225487724837,0.10804236090984287,0.07667144694910714,-0.16594210555706004,-1.3000224919331833,-0.31956828222297723,-0.20242602473685486,-0.2849890595647087,-2.0,-1.414213562373095,-1.414213562373095
195,2026,20,1955772,2026-07-25,Athletico Paranaense 2.0 x 0.0 Internacional,1243,Athletico Paranaense,43.38,56.62,Casa,0.372603816355234,0.08064994464459742,0.10986375389607957,0.0755352989840834,1.4387418436602397,-0.660778765431007,0.7009459410364286,0.6020403346433681,0.22240490037040125,0.3467740739461597,0.27577345108006657,0.8495405696703476,-1.4346000004489048,0.20745487329329929,-0.48459354172417085,-0.04855223266209631,0.9343172988423432,0.9724788840196044,0.6532672197664802,-0.05352877275721898,0.3500158477364313,0.4362918549616361,0.506047775196508,-0.9887797931155128,-1.447906031355382,0.3027335896478811,0.05352877275721898,2.8444633491575493,0.349360323928746,0.09762020061715494,1.0881011540474916,1.0303598561345741,-0.050226159065715995,0.340924797107982,-0.08617764272308735,-0.1643053489152961,0.8694477190175592,0.2881129624262478,3.143529324913395,1.9505418403220554,1.7588539596743067,1.7452330895231578,-1.0817286341079975,1.904129948089116,2.0,1.414213562373095,1.414213562373095
196,2026,20,1955787,2026-07-25,Santos FC 2.0 x 2.0 Chapecoense AF,8865,Chapecoense AF,35.86,64.14,Fora,-1.4287986526229226,-0.7058642711407964,-1.0315286093644433,-1.4098507610690956,-0.2869942204349132,-0.6243627105960925,0.29544002473436226,0.6020403346433681,-1.8148443994680508,-1.1586187787470028,-2.095978341838311,-1.7138984623137505,-0.2008830080321675,-0.3583311447793353,-0.9362419768636534,-0.6723377955215,-0.9573201192996521,-2.9616126710560655,-0.9400674625907887,-0.5888165003294082,0.07392801996718165,-0.2562348989457231,-1.821048124927472,-1.3116466643369047,-1.1441188951255172,-0.9719341562379339,-1.0170466823871596,-0.5362189312196134,-0.8112611293514672,-1.7519436961516024,0.020392378643241914,0.058595419323132496,-0.7580223676940531,-2.021360581708533,-1.1080763987221944,-1.1577795516589475,1.2326306361962633,-1.3325224512213962,0.07667144694910714,-0.5074966611911644,0.2294157338705618,1.2652712165394853,-0.8921969762576808,-0.6382653371122821,0.0,-1.414213562373095,1.414213562373095
197,2026,20,1955787,2026-07-25,Santos FC 2.0 x 2.0 Chapecoense AF,1241,Santos FC,64.14,35.86,Casa,1.0275146163395728,1.700489067356718,1.1043182868133894,1.8764517805126393,0.42274090748526116,0.5575037963188564,-0.22592472479686584,1.2041287476448597,1.1211689148689878,-0.0585954193231325,0.758022367694053,2.021360581708533,0.04302848394659298,2.3763012759050652,2.4366741548967132,0.11487228906949017,-0.39328350950380847,0.3767927257025001,0.9719341562379339,1.0170466823871596,0.5362189312196134,0.5747972057431079,1.4701441164696674,1.5134384588502747,1.3287594853935063,0.9400674625907887,0.5888165003294082,-0.07392801996718165,1.5386459768970895,1.7519436961516024,-1.582233188948312,1.1586187787470026,2.0959783418383116,1.7138984623137505,1.9439866217468929,2.892538351834401,-1.1280583254653178,1.3685365715246771,-0.9456145123723221,-0.27396579414225264,0.2294157338705618,-0.9595534036207403,1.528215506781612,0.7368003156867781,0.0,-1.414213562373095,1.414213562373095
198,2026,19,1955751,2026-07-23,Internacional 1.0 x 2.0 Cruzeiro,1219,Internacional,48.05,51.95,Casa,0.3691877619302396,0.013911698190764987,0.42045849725751455,-0.016011575921894394,0.5374428784144637,0.8183851380785758,0.2384791642778646,-0.8994334675655684,1.1384034390291669,-0.3357829581061457,0.7729293300574198,-0.5179780086835578,0.19179927149624282,0.653521246973588,0.9753519350212217,0.9365738155735978,1.0155795808849175,0.8450528484168136,-0.6720712766608054,-0.9011551125709446,-2.187911246142372,0.8952452313647804,0.2431067136839663,0.05011288111695725,-0.38861309138034406,1.8940190524077238,0.08192319205190413,-0.49680872347825056,-0.6416560870802447,0.5065697737240685,0.20951603920866033,-0.5817986578189633,0.4776614784456766,-0.6419370105580858,-0.4063405452992369,1.232729992297157,0.5768838785117233,1.249486243985652,0.6379930845075024,0.6376070137523178,-0.384754796950519,-0.41641173725278996,-0.938042887298578,0.6376070137523178,-0.5423261445466404,-0.5883484054145521,-0.392232270276368
199,2026,19,1955751,2026-07-23,Internacional 1.0 x 2.0 Cruzeiro,1230,Cruzeiro,51.95,48.05,Fora,0.04876458255620243,-0.6093525356307701,0.3982653357840389,-0.21289448368918854,0.19850336495012982,0.6627488204633508,-0.04884513003281525,1.8800160155471906,-0.6177892685119382,0.5817986578189633,-0.4776614784456766,0.6419370105580858,-0.4565939456560435,-0.3302741785780502,-0.13119371948540204,1.769725471992939,0.004993702607462648,-0.2558226844098457,-1.8940190524077238,-0.08192319205190413,0.4968087234782508,0.22715177512240725,0.023472175546266315,-0.05011288111695725,-0.7800082890199483,0.6720712766608054,0.9011551125709446,2.187911246142372,0.6158545559207671,-0.5065697737240685,-0.059027758763964676,0.3357829581061457,-0.7729293300574198,0.5179780086835578,-0.09005683965882375,-0.3081824980742891,-0.31472908644316755,-0.300264136151591,0.6379930845075024,0.20712706029055447,0.7145446229081065,0.3326920477585529,-0.6813053509877659,0.20712706029055447,0.5423261445466404,0.392232270276368,0.5883484054145521
200,2026,19,1955760,2026-07-23,Chapecoense AF 0.0 x 4.0 Flamengo,8865,Chapecoense AF,36.73,63.27,Casa,-0.6212750161423383,0.5522282679480605,0.3843119131543598,-0.5351038917254561,-0.7417176150999922,-2.2391610652532505,-0.27870456548135913,1.245392018792507,1.4115994187781002,-1.5077571419654274,-0.2327541117804872,-1.3464887367133027,1.056241825827567,0.7940634506238221,0.12766439361517,-0.6608808203419834,0.18415957574193542,0.5676360649157149,0.5498764990861131,0.7373087284671364,0.1496583934702622,0.4943891576193565,1.2267491873681229,-0.9521447412221876,-0.5036607153072442,-0.14256057383714035,0.9011551125709446,1.2050843540220153,0.7782833364270632,-0.7812967674104021,-0.2770181519976593,0.6024878657294941,0.01577477815606397,-0.3977443749282666,-0.9771492027192198,-0.44826545174442056,1.171292521814983,-0.300264136151591,-0.7797693255091697,-0.8662570149177576,-1.4840542168091446,-0.6670813008140417,-0.44992460838666426,-0.8662570149177576,-2.1693045781865616,-2.5495097567963922,-1.372812945967288
201,2026,19,1955760,2026-07-23,Chapecoense AF 0.0 x 4.0 Flamengo,1239,Flamengo,63.27,36.73,Fora,-0.1346907460247318,-0.4251309511873574,-0.41186199963902825,0.6520223288054146,0.9467761914487844,-0.6480918225525805,-0.7958882952405829,-0.1392421559449853,-0.4256320701297806,-0.6024878657294941,-0.01577477815606397,0.3977443749282666,0.5896360929354739,-0.6113585858785182,-0.33057068013710716,-1.4452597433664005,-0.20623212410693317,0.8462831604880671,0.14256057383714035,-0.9011551125709446,-1.205084354022015,0.22715177512240725,-1.064705769379427,0.05011288111695725,0.6694776159775492,-0.5498764990861131,-0.7373087284671364,-0.149658393470262,-0.3965456571408573,0.7812967674104021,-1.363805869646222,1.5077571419654274,0.2327541117804872,1.3464887367133027,0.24754969931746643,0.3922322702763682,-2.225328297060791,-0.8814205287030571,2.055755494524174,0.7583785536880616,1.813844042766732,1.7855604788086936,2.1871819374231563,0.7583785536880616,2.1693045781865616,1.372812945967288,2.5495097567963922
202,2026,19,1955910,2026-07-23,Sao Paulo 1.0 x 2.0 Athletico Paranaense,1224,Sao Paulo,69.77,30.23,Casa,-0.19305735440445465,0.867775204633644,0.6795388591724189,1.5286940416649881,-0.20999963273440403,0.9796809581525359,-1.5429314604483504,1.6004264225713507,1.0021169425877159,0.6666813854840495,-0.19720304242586215,-0.6413732234964985,-1.3389366193096042,1.4967744688749922,1.510973112646469,0.3383964377576165,-1.7762890630612225,-0.7116299124298758,1.3645083495840589,-0.9011551125709446,-1.4165489529853807,-0.9754164461138644,-0.2813675702193715,1.8541766013274181,2.953128644474824,0.2647553514118325,1.720387033089985,0.6836541093810313,1.4946981855385126,1.79373944638675,-0.7504537731126188,1.0518932059274955,2.8483647877647127,0.9640991699303438,0.5085727625781468,0.5323152239464997,-0.5270178876229039,0.6683298514341859,-0.7797693255091697,-0.5286695819024244,-0.384754796950519,-0.8894832839094479,1.955801194822054,-0.5286695819024244,-0.5423261445466404,-0.5883484054145521,-0.392232270276368
203,2026,19,1955910,2026-07-23,Sao Paulo 1.0 x 2.0 Athletico Paranaense,1243,Athletico Paranaense,30.23,69.77,Fora,-1.5808402929364187,-0.4553611781769107,-0.3963988915129369,-0.15610465308014299,0.3973580316164613,-1.4611366855787582,-1.0832125895512628,-1.1731023397489782,-0.7339090170792418,-1.0518932059274955,-2.8483647877647127,-0.9640991699303438,1.45522363910898,0.5129790433233541,-0.34928137152917915,-0.41187163842947005,-0.8019191956870515,-1.641355554443861,-0.2647553514118325,-1.720387033089985,-0.6836541093810311,-1.3762725198592882,-0.9145574296245197,-2.255079650263076,-0.8430166098319136,-1.3645083495840589,0.9011551125709446,1.416548952985381,2.6308694876823773,-1.7937394463867493,0.7152835752397873,-0.6666813854840495,0.19720304242586215,0.6413732234964985,0.3307445681438167,-0.7284313590846835,-0.31472908644316755,-0.6877017311859017,-0.07088812050083367,1.3621906285544008,0.7145446229081065,2.0801446004548234,-1.4768747536299112,1.3621906285544008,0.5423261445466404,0.392232270276368,0.5883484054145521
204,2026,19,1955913,2026-07-23,Corinthians 3.0 x 0.0 Remo,1237,Corinthians,58.47,41.53,Casa,0.6860675632578934,0.2613730211468205,-0.9088944095492176,0.6311272157459906,0.49480511219713574,-0.9095317063540913,-1.1406774484133986,0.32230256896751247,-0.816826241318862,-0.33979812039317076,1.0412351705836254,2.5198946607588426,0.16618260587906072,0.09135243237265192,-1.1476774258365654,-0.3779900612184231,0.19963139929830523,0.6350221310905059,1.3645083495840589,0.7373087284671364,0.6012095082970172,-0.7081790636169152,-1.1397978724131554,0.6514674545204442,1.1391698715198775,-0.957192424335086,-1.5565406489861768,-0.8048253667987209,-1.743123902464416,0.9619334429497423,-0.7904097792170335,0.5351015083962417,-0.432139028298148,0.7701334476491322,1.2245810006832358,-0.44826545174442056,0.4282817176859084,0.08717345888271978,0.6379930845075024,0.6815818519506991,1.813844042766732,0.3666266043515889,0.8781374621593869,0.6815818519506991,1.6269784336399213,1.372812945967288,1.5689290811054721
205,2026,19,1955913,2026-07-23,Corinthians 3.0 x 0.0 Remo,4617,Remo,41.53,58.47,Fora,-0.20569240842458061,0.6451352453655189,-0.6637018850742572,-1.5078780531255256,-1.72357111946706,-0.5977767271640902,-1.3130720249998067,-1.1731023397489782,1.1286431325192567,-0.5351015083962417,0.432139028298148,-0.7701334476491322,-1.4626979391737283,0.23189463602288596,-0.16508672788207324,-1.4452597433664005,-2.05578769222521,-2.2991911655542965,0.957192424335086,1.5565406489861768,0.8048253667987211,-2.0443659761016613,1.3488022353350069,-0.4510159300526152,0.7499527412105452,-1.3645083495840589,-0.7373087284671364,-0.601209508297017,-0.7338145615750783,-0.9619334429497423,0.48539081676975127,0.33979812039317076,-1.0412351705836254,-2.5198946607588426,-1.508448938209892,-1.7090120347756037,-1.2063420513980583,-2.2374521113231447,-1.4886505305175055,-2.285038661216811,-1.4840542168091446,-0.9995743521660132,-0.564030180080358,-2.285038661216811,-1.6269784336399213,-1.5689290811054721,-1.372812945967288
206,2026,19,1955754,2026-07-22,Coritiba 1.0 x 3.0 Palmeiras,1236,Coritiba,54.11,45.89,Casa,0.31770892027679404,0.2441763658741042,-0.31691672158594836,0.14855404436742187,-0.3896830383843224,0.4722847954097539,0.0660845876914567,-0.1392421559449853,0.6866953601587497,-2.265221747449772,0.4407411465487852,0.07381536848054587,0.6862566776258533,0.9346056542740562,1.2080102732051377,0.08658615336363774,-0.18367808767139981,0.4344377017556876,-0.2647553514118325,-0.9011551125709446,0.6383439048548081,0.22715177512240725,0.6006687433484131,0.3507901678187007,0.4979491582011789,-0.14256057383714035,-1.5565406489861768,-0.9513033230579504,-1.381009792981894,0.6161157164675113,-0.11065307369609982,0.4546991716006198,1.1250687781519166,-0.8326079726252057,-0.3143603445245347,-0.7284313590846835,0.3221373170960399,0.4746110539170305,-1.4886505305175055,0.13336148250921342,-0.384754796950519,-0.33583788023969424,0.1332816469366612,0.13336148250921342,-1.0846522890932808,-1.5689290811054721,-0.392232270276368
207,2026,19,1955754,2026-07-22,Coritiba 1.0 x 3.0 Palmeiras,1234,Palmeiras,45.89,54.11,Fora,-0.2961448685231375,-0.06190666102882714,-0.1808598598401928,-0.41881687743256146,-0.003227108663508671,-0.3917496523627986,0.008619728829320722,-0.3007828096643588,-1.1799197779549537,-0.4546991716006198,-1.1250687781519166,0.8326079726252057,1.5731682678785377,-0.6113585858785182,-1.3353692810601074,-0.5534316528043921,1.521576828419504,0.6573553474205108,0.14256057383714035,1.5565406489861768,0.9513033230579506,-0.30732298987149126,-1.241305004343915,-0.9521447412221876,-0.7000561503935396,0.2647553514118325,0.9011551125709446,-0.6383439048548079,0.24970311241365983,-0.6161157164675107,-0.5859474338016162,2.265221747449772,-0.4407411465487852,-0.07381536848054587,-0.5445952782334041,-0.3081824980742891,-0.7200077068772089,-0.10654533863443559,-0.07088812050083367,-0.6080844021398308,1.813844042766732,-0.5593743479491691,-0.510146993447225,-0.6080844021398308,1.0846522890932808,0.392232270276368,1.5689290811054721
208,2026,19,1955749,2026-07-21,Atletico MG 1.0 x 1.0 Bahia,1235,Atletico MG,45.92,54.08,Casa,-0.6399531347418672,-0.09631312236809059,-0.07172705236303237,0.2694436283780772,0.10753882887513934,-0.24100297841596632,-1.3705368838619425,-1.4695769512810064,-0.07682544831343636,1.0378940574706779,0.15863990410500323,-1.541432437426185,-0.07882611803016655,-0.3302741785780502,-0.1156156926795484,-1.4452597433664005,-1.4145191542929905,-0.049546975044037926,0.14256057383714035,-0.08192319205190413,-0.22826026512561384,-1.3762725198592882,0.17492664684972037,0.05011288111695725,0.3827134405956553,-0.14256057383714035,0.9011551125709446,-0.4588439709765305,-0.03772386101938803,-0.013108845031223426,0.35336381022054564,-0.3751975383153887,0.2858943894531221,0.5179780086835578,0.28701096040685253,0.8124811312867626,1.9143033259440596,0.28089225639987514,-0.07088812050083367,0.11630422419642017,-0.384754796950519,-0.22690741716114698,-0.12662548858786438,0.11630422419642017,0.0,0.392232270276368,-0.392232270276368
209,2026,19,1955749,2026-07-21,Atletico MG 1.0 x 1.0 Bahia,1221,Bahia,54.08,45.92,Fora,-0.27286732470819747,-0.19584383323028146,-0.4437612220436084,0.48569826358051216,0.23958238240136784,0.27179634798491525,-0.22123970661922315,0.6684611126518852,-0.2883486808696433,0.3751975383153887,-0.2858943894531221,-0.5179780086835578,-0.8327028293918532,0.23189463602288596,-0.25667543021020756,-0.39520408834984216,-0.277641113660082,-2.1452685137949956,0.14256057383714035,-0.9011551125709446,0.4588439709765307,-1.3762725198592882,0.2081478188454187,-0.7516932167543586,0.1537780176674161,-0.14256057383714035,0.08192319205190413,0.22826026512561404,-0.6821120327081855,0.013108845031223426,-1.4341950291853884,-1.0378940574706779,-0.15863990410500323,1.541432437426185,0.5468916759696435,0.25214931660623674,1.171292521814983,1.249486243985652,0.6379930845075024,0.15476147845435698,-0.384754796950519,-0.6948177978530681,0.5801951360702968,0.15476147845435698,0.0,0.392232270276368,-0.392232270276368
210,2026,19,1955904,2026-07-18,Fluminense 1.0 x 1.0 Red Bull Bragantino,5438,Red Bull Bragantino,34.13,65.87,Fora,-1.2288536486659678,-1.1079589437824058,-0.23640350017709597,-0.8350852535424047,-0.4467861255154565,-2.041840335297725,0.0660845876914567,-1.2533156298717025,-2.5336343864140187,-0.21896349052360536,-1.9442130717439183,-0.14779236424473569,-0.1585133750252392,-2.1573228260310926,-1.5297186204280107,0.8525091017286568,-1.0611335397707238,-0.4608844449763273,-2.3013349776566967,1.5565406489861768,0.48143329603836127,-0.04008560737454201,-1.3649549051726109,-1.4532735523917601,-1.4277529203975,-0.14256057383714035,0.9011551125709446,-0.8481604252960817,0.6812985251425331,-1.7156718389023058,3.000298392007744,-1.865199672447912,-0.4247279725745224,-1.7799668407574343,0.5800256380646439,-1.4288461274353408,0.799787119750446,-1.6562957187716785,-0.7797693255091697,-0.3308676872650907,-0.384754796950519,2.301255962325635,-1.0996924471979779,-0.3308676872650907,0.0,0.392232270276368,-0.392232270276368
211,2026,19,1955904,2026-07-18,Fluminense 1.0 x 1.0 Red Bull Bragantino,1232,Fluminense,65.87,34.13,Casa,0.7868701794677403,1.0908905589136895,0.4668000248500312,1.710387654354744,0.941661634253304,0.4580634815390854,-0.04884513003281525,-0.5430937902434201,0.5317446645048799,1.865199672447912,0.4247279725745224,1.7799668407574343,-1.3106678705333554,2.3400276907763966,2.7821290836121664,1.3250998571028176,0.520171934763243,0.2327063912657547,0.14256057383714035,-0.9011551125709446,0.8481604252960819,1.1624826138617297,-0.10651958394813815,1.5534993146256746,0.2689409643583804,2.3013349776566967,-1.5565406489861768,-0.48143329603836105,-0.5534565241095988,1.7156718389023056,-0.8902074560777028,0.21896349052360536,1.9442130717439183,0.14779236424473569,3.0338733425280164,3.053808390008866,-0.7200077068772089,1.830642636537118,0.6379930845075024,0.7128773752537774,-0.384754796950519,-0.6120427087192625,1.692724460083814,0.7128773752537774,0.0,0.392232270276368,-0.392232270276368
212,2026,19,1955915,2026-07-18,Mirassol 2.0 x 1.0 Gremio,1244,Gremio,59.16,40.84,Fora,-0.38822133508414886,-0.773951862125539,-0.28066865298060867,-0.6642392377784078,-0.7481678841503769,0.7437826056679718,0.29594402314000057,-0.7854047708224813,-1.413308129494708,0.36172928640530433,-0.2878582692801547,-0.84017662513957,-0.07645714603351468,-1.5951540114301566,-1.1539748936082628,-0.7452226400220282,-0.26498761860886677,-0.4159413703475071,-0.2647553514118325,-0.08192319205190413,0.8672004402693204,-0.30732298987149126,-1.2865556063493127,1.653725076859589,1.2190296917128631,-2.1791402000820046,0.08192319205190413,-0.8459298241222682,0.35335860950766346,-1.1672546902477872,1.5908859867887408,-1.0332137591849637,-1.5275175861255643,0.11335649034344925,-0.07554116508372942,-0.588348405414552,-1.2063420513980583,-1.0751393262202125,-0.7797693255091697,-1.18234970870058,-0.384754796950519,-0.3731565372333938,0.6467567195582846,-1.18234970870058,-0.5423261445466404,-0.5883484054145521,-0.392232270276368
213,2026,19,1955915,2026-07-18,Mirassol 2.0 x 1.0 Gremio,6332,Mirassol,40.84,59.16,Casa,0.7834068417181705,0.6410657094003831,0.21715692739814177,0.6566386783329312,0.4813391995415479,0.5216900091812322,1.5601709181069918,-0.8994334675655684,0.611827920088296,1.0332137591849637,1.5275175861255643,-0.11335649034344925,-1.9867985743896779,-0.04918977127758211,0.5162356008490144,-0.737613541072633,1.0501330745992583,0.6597788329714342,2.1791402000820046,-0.08192319205190413,0.8459298241222685,1.028863922613255,1.3185266596065466,-0.5512416922865297,-1.2317333617419897,0.2647553514118325,0.08192319205190413,-0.8672004402693203,-0.8398858690081579,1.1672546902477878,0.35002377933124945,-0.36172928640530433,0.2878582692801547,0.84017662513957,0.3312651286642121,0.6723981776166311,-0.5493640772207707,-0.10654533863443559,0.6379930845075024,0.5529467867114946,0.7145446229081065,0.44479187880082177,-0.8239373156048836,0.5529467867114946,0.5423261445466404,0.392232270276368,0.5883484054145521
214,2026,19,1955757,2026-07-16,Vitoria 1.0 x 0.0 Vasco da Gama,1238,Vitoria,47.86,52.14,Casa,0.43271115794977477,-0.022032022980784244,-0.2413960686172348,-0.8317023662067191,-0.5697781544667478,1.2720028351499473,1.5601709181069918,0.32230256896751247,0.17236067986147185,0.4862373258301625,0.5155739530298151,-0.40855206347208173,0.002730254029715571,0.23189463602288596,0.026655815517713666,0.051371305162947065,0.8238400727655402,0.2294404066991176,-0.2647553514118325,-0.08192319205190413,0.4154428285500174,0.7616265401163057,-1.045442936665648,0.05011288111695725,-0.35244562720156486,0.6720712766608054,-1.5565406489861768,-0.7367362116307724,-0.3302035239456523,-0.44715726939840633,-0.046548055786318265,-0.7128213431146356,-0.6489124082141963,-0.9045592790656275,-1.3261805081486464,-0.3081824980742891,-0.31472908644316755,-0.10654533863443559,-0.7797693255091697,-0.97793843927853,-0.384754796950519,-0.8792580310819718,-0.38336302489867574,-0.97793843927853,0.5423261445466404,1.372812945967288,-0.392232270276368
215,2026,19,1955757,2026-07-16,Vitoria 1.0 x 0.0 Vasco da Gama,1226,Vasco da Gama,52.14,47.86,Fora,0.7833893338663453,0.18670098077386377,0.3751755951623628,-0.06529162234570758,-1.0676265000240721,0.8396082722988335,0.9280574706234962,0.8887438222692132,0.6124429646956562,0.7128213431146356,0.6489124082141963,0.9045592790656275,0.7027085047249996,-0.04918977127758211,-0.08847567795233431,0.9365738155735978,1.4034712827839686,0.7171698461072469,-0.6720712766608054,1.5565406489861768,0.7367362116307726,0.7616265401163057,1.3072105796575086,0.15033864335087174,-0.6759490925274607,0.2647553514118325,0.08192319205190413,-0.4154428285500172,-0.314800735614246,0.44715726939840633,-0.6401135801953536,-0.4862373258301625,-0.5155739530298151,0.40855206347208173,-0.6013018692235033,-0.44826545174442056,0.028198977001021322,-0.300264136151591,-1.4886505305175055,-1.5076493278375551,-1.4840542168091446,-1.2644880960584188,-0.050555107458734566,-1.5076493278375551,-0.5423261445466404,0.392232270276368,-1.372812945967288
216,2026,19,1955907,2026-07-16,Botafogo RJ 2.0 x 1.0 Santos FC,1241,Santos FC,46.19,53.81,Fora,0.7737315047925484,-0.10094871684844484,0.782323038961136,0.02293038441783589,0.7534454793794269,0.6191706515310877,1.675100635831264,1.0960687254384631,-0.28339726392966785,1.3028717459083792,0.8034637994506382,0.8819194283322191,1.5227294616894755,-0.6113585858785182,-0.264989658570565,-0.06007994313179153,0.2634406591829587,0.6880180394353999,-0.2647553514118325,0.7373087284671364,-2.283532540755493,1.2961013051102042,0.21094437613968442,0.8519189789882732,-0.5198728592561954,0.2647553514118325,0.9011551125709446,0.2909047484284561,1.169063109545877,0.323128245769651,-0.45007781681637465,1.1119395618885288,-0.6489124082141963,0.22308435972381807,0.19442134039207076,0.5323152239464997,1.595870124174456,1.4432050415028073,1.3468742895158383,1.3883601228135065,-0.384754796950519,-0.08815579792839497,-0.7605453313306093,1.3883601228135065,-0.5423261445466404,-0.5883484054145521,-0.392232270276368
217,2026,19,1955907,2026-07-16,Botafogo RJ 2.0 x 1.0 Santos FC,1227,Botafogo RJ,53.81,46.19,Casa,0.579758283840131,-0.6544572248874392,0.42856007164316184,-0.8623682247999065,0.8021040754281794,0.8710770575219745,1.44524120038272,0.7520166231963886,1.073755761792937,-1.1119395618885288,0.6489124082141963,-0.22308435972381807,-0.24448218365272528,-1.1735274004794545,-0.27839103508752516,1.9812376572139478,1.0551894780373612,1.4667398504344988,-0.2647553514118325,-0.9011551125709446,-0.2909047484284559,1.4297199963586789,1.7826515417354596,0.15033864335087174,-0.6110314286605879,0.2647553514118325,-0.7373087284671364,2.2835325407554934,-0.3187963745307353,-0.323128245769651,0.6936953787298676,-1.3028717459083792,-0.8034637994506382,-0.8819194283322191,-1.440961425647118,-0.028016590734026195,0.09054953399087326,0.4746110539170305,1.3468742895158383,1.5813582450837782,0.7145446229081065,0.695517715866699,-0.2090350681444213,1.5813582450837782,0.5423261445466404,0.392232270276368,0.5883484054145521
218,2026,18,1955889,2026-06-01,Cruzeiro 1 x 1 Fluminense,1230,Cruzeiro,61.53,38.47,Casa,0.07894793862081428,1.4608734947817592,1.747147534871103,1.5271555896747595,0.8011143313277623,0.3053600181074892,-0.013053673484471137,-1.3051530244307459,1.4363612828826005,-0.33285650627250324,0.7780215157745641,-1.2831584437076804,-0.15736094045382995,1.7812119174507524,1.9813318101656678,0.7191553605426829,0.08728373861199946,0.6182703219495665,0.952798101875084,1.1281521496355325,0.8774210938278464,0.53399317960664,1.5340292579231867,1.3453550212580547,1.2439670710160273,2.511922268579767,2.900962670491369,1.5935120147984565,1.6566228113676014,1.4488856417622284,-1.3897124915772163,0.9139004007609481,2.1266067941293643,0.645087329747545,1.8880425930599,2.0674592725074157,-1.865680778857489,0.8215762403586881,0.9801960588196069,0.873418201819581,-0.051366549693751457,-0.14096264387734034,1.382995761183126,0.8506641891278592,0.0,0.10050378152592128,-0.10050378152592128
219,2026,18,1955889,2026-06-01,Cruzeiro 1 x 1 Fluminense,1232,Fluminense,38.47,61.53,Fora,-1.061905135660774,-1.7761072353340426,-0.7093220293412185,-0.24983001372544156,-0.17666074390161632,-0.3486719841238128,0.2480197962049516,-0.8357934743731605,-1.627324550813898,-0.9139004007609481,-2.1266067941293647,-0.645087329747545,-0.06582513131299976,-0.7764257076067382,-0.9151182946582966,-0.9106779518252837,0.14463276610399217,0.27383828071003413,-2.511922268579767,-2.9009626704913694,-1.5935120147984565,0.43323974949217947,-1.9541596029614805,-0.18345750289882554,-0.08383665215196803,-0.952798101875084,-1.1281521496355322,-0.8774210938278464,-0.4706045681685678,-1.4488856417622282,0.11249743926205413,0.33285650627250324,-0.7780215157745648,1.2831584437076804,-0.05557134107265353,-0.23957682556952878,1.0320815072218563,-0.6003826371851954,0.0466760028009337,-0.33479489219364034,-0.051366549693751457,0.1897196678549784,-0.37079833838197773,-0.4305238169367229,0.0,0.10050378152592128,-0.10050378152592128
220,2026,18,1955901,2026-06-01,Remo 1 x 0 Sao Paulo,1224,Sao Paulo,62.89,37.11,Fora,0.17264078645514247,0.04620809177242059,0.2123147627635881,0.3271294314049497,-0.16540318473185467,-0.36162824407292715,-0.952918164366393,-1.204575977989834,-0.89915008805156,0.11977834102848355,-0.2533187738932235,1.8126531716285341,0.7143056328826277,-0.045672100447455184,0.19277731235720552,-0.9792721743440417,-0.8360747791689377,-0.46280138083779593,-0.28460203043022003,0.32232918561015206,-0.12752971053146714,-0.8765548419958059,-0.89791303492563,0.7338300115953027,1.941829924192546,-0.2103580224919016,1.2893167424406085,0.8415752377270269,1.235567721958955,0.3392530160454859,-0.6029464042043741,0.1004019279808272,-0.026903176068908147,0.990066437515003,0.0061014481282179725,0.2040839625221913,-1.6242005883508768,-0.7583780680234047,0.0466760028009337,-0.15579701461040188,-1.0786975435687796,0.7499939488855436,0.888060003023649,-0.24071463922874495,-0.6201736729460422,0.10050378152592128,-1.1055415967851332
221,2026,18,1955901,2026-06-01,Remo 1 x 0 Sao Paulo,4617,Remo,37.11,62.89,Casa,-0.2423765361867205,0.024196588926898965,-0.16784376793004532,-0.6968439087826668,-0.6886115077985201,-0.03344054640535633,0.19580510226706704,0.9578305204897544,0.18692876099160052,-0.1004019279808272,0.02690317606890745,-0.990066437515003,0.13576871782197647,0.5023931049220071,0.673351970734296,-0.030533901844337984,0.6503513246808877,0.6406295557851971,0.2103580224919016,-1.2893167424406087,-0.8415752377270269,0.030226029034337836,0.42249113483793826,-0.9478637649772657,-1.0767229774060885,0.28460203043022003,-0.322329185610152,0.12752971053146714,-0.47418885129535054,-0.3392530160454859,0.24139722007859124,-0.11977834102848355,0.2533187738932228,-1.8126531716285341,-0.8887882213498701,-1.1268984017529688,0.5491211262086315,-0.7583780680234047,-0.8868440532177395,-0.847710486479412,-0.051366549693751457,-0.31624065791060335,-0.8280759410293205,-0.9744190211673328,0.6201736729460422,1.1055415967851332,-0.10050378152592128
222,2026,18,1955877,2026-05-31,Vasco da Gama 0 x 1 Atletico MG,1226,Vasco da Gama,59.32,40.68,Casa,0.8874833689042738,0.7713686697682831,0.9792942708966974,0.5158702624625935,0.47395870084880865,0.6329266602709774,2.2843928597824488,1.29362807876828,1.1450620873634607,0.23697341100839026,1.1869617861271915,-0.034186826409339746,0.3181111567500684,0.959114109396559,0.8512332821913378,1.716725750009283,1.6248484934416967,1.675351785811194,0.952798101875084,0.32232918561015206,-0.7890492455191896,1.8437877710946253,0.7599329397316106,1.1160331426345227,-0.36274790912545274,0.5320820568912809,1.2893167424406085,0.8575544430772699,0.33461297258753564,1.023888448371608,-0.9765423502902449,1.101093804575465,0.38559356459123084,-0.3451304795849712,0.9991295164725064,0.2040839625221913,-0.6851109586029407,1.927544256226153,0.9801960588196069,1.0675990524351493,-1.0786975435687796,-0.6375716691094464,0.39043437661330527,1.0565733768769552,-0.6201736729460422,0.10050378152592128,-1.1055415967851332
223,2026,18,1955877,2026-05-31,Vasco da Gama 0 x 1 Atletico MG,1235,Atletico MG,40.68,59.32,Fora,0.024864521551585483,-0.9427139401810047,-0.1725170324324468,-0.7980529404880132,-0.49887212608626474,-0.2051814051873692,1.344528368900527,-0.22588394916096838,-0.8618211108121808,-1.101093804575465,-0.3855935645912315,0.3451304795849712,0.18429600609420352,-1.23314671208129,-0.7163102493108396,-1.0851458656229942,0.6179197951862613,0.840301313491461,-0.5320820568912809,-1.2893167424406087,-0.8575544430772699,1.1385137602934023,-0.43289662439524934,0.12230500193255053,-1.2753153230337042,-0.952798101875084,-0.322329185610152,0.7890492455191896,-0.5878970449401484,-1.0238884483716078,0.9776422481595738,-0.23697341100839026,-1.1869617861271922,0.034186826409339746,-1.0155483538625927,-0.062112510332840744,0.06616074519540768,-0.6003826371851954,-0.8868440532177395,-0.8305773132243374,-0.051366549693751457,-0.49787835792788226,-0.7688988395102527,-0.9562510206805015,0.6201736729460422,1.1055415967851332,-0.10050378152592128
224,2026,18,1955880,2026-05-31,Santos FC 3 x 1 Vitoria,1241,Santos FC,41.77,58.23,Casa,0.1270393232227396,-0.45450652907586664,0.47111210772079065,-0.7907183858684498,0.13781767823829938,0.33496788866946564,0.9790255113353352,-0.7620369736498256,0.1949474050236806,0.8048094797181248,0.13334407179095703,-0.38052001883892805,-0.19170157527492057,-1.689867716555842,-1.1558056607717995,-1.065262684435775,-0.36271419988535947,-1.0740525151456997,0.7053180754140232,0.32232918561015206,0.8774210938278464,-0.07052740108012258,0.5523867997722707,-0.030576250483137498,-0.41048889046581216,-1.2002781283361448,0.4834937784152282,2.401123049311892,3.0921738480366496,-0.605247503139537,0.10417433386312835,-0.9940423231573071,-0.839409467258126,-1.6727410505650588,-0.04547552251107701,-1.215630559371313,-0.6099837882231061,-1.3903597913762418,0.0466760028009337,-0.45095560874120433,2.003295438056305,2.427470699668153,-0.6290256904651829,-0.5537005293511458,1.2403473458920844,0.10050378152592128,1.9095718489925024
225,2026,18,1955880,2026-05-31,Santos FC 3 x 1 Vitoria,1238,Vitoria,58.23,41.77,Fora,0.8618407037952284,0.06439647105371739,0.05280159259661238,0.2249504843388962,0.4583701407463485,0.12811838200360226,0.3524491840807207,1.9761731157039797,0.3308990472777252,0.9940423231573071,0.8394094672581254,1.6727410505650588,-1.2383445766126908,-0.5023931049220071,0.04319463921596011,0.9403034950750377,-0.6054249799736178,-0.3560229420237966,1.2002781283361448,-0.4834937784152283,-2.401123049311892,0.9370069000644815,0.05677978954420341,0.8867112640109907,0.128843465628697,-0.7053180754140232,-0.322329185610152,-0.8774210938278464,-0.5360411370158259,0.6052475031395373,0.017959923854873043,-0.8048094797181248,-0.13334407179095772,0.38052001883892805,0.04737848716807719,0.5590125929955674,0.9558246049566098,1.295562532873316,0.9801960588196069,0.4426628891216733,-0.051366549693751457,-0.716505598109116,0.42271279562370584,0.3938916686910638,-1.2403473458920844,-1.9095718489925024,-0.10050378152592128
226,2026,18,1955883,2026-05-31,Palmeiras 1 x 0 Chapecoense AF,1234,Palmeiras,44.78,55.22,Casa,0.02001744296098916,0.39449898299976527,0.37866744793833645,0.14581173469254283,-0.20261497307981005,-0.12718812983579167,-0.16969775529812478,-0.09822846713981243,-0.22734116438042465,0.031761322267613114,-0.7654758406319204,1.0651904502860359,1.6263055795183612,0.22836050223727594,0.2586052840954119,1.3398658250996782,-1.466145664470162,0.10105135082617785,-0.03712200396915921,1.1281521496355325,0.6963447655809807,0.030226029034337836,0.6510578229912337,0.4280675067639266,1.2533005476747958,0.5320820568912809,0.4834937784152282,0.7896367670134472,0.1470774935340114,-0.07873909523602153,-1.087893736274024,0.7977793293586976,0.8993860474170241,0.08837501297995538,-0.3257750263907867,-0.062112510332840744,0.06616074519540768,-0.12639634467056754,0.0466760028009337,-0.4880491525511925,-0.051366549693751457,-0.5645375986257041,0.5948643636791761,-0.5930344876299227,0.6201736729460422,1.1055415967851332,-0.10050378152592128
227,2026,18,1955883,2026-05-31,Palmeiras 1 x 0 Chapecoense AF,8865,Chapecoense AF,55.22,44.78,Fora,-0.36895035543171406,-0.15065612082214846,-0.12172105841203401,-0.1606884115444539,-1.0962862228048222,-0.22947439259195893,0.1435904083291825,-1.108371846611572,-0.45878129558187347,-0.7977793293586976,-0.8993860474170248,-0.08837501297995538,0.9528600507750002,0.22836050223727594,0.18459084978063928,1.3398658250996782,0.19680007438425393,0.8108835006800419,-0.5320820568912809,-0.4834937784152283,-0.7896367670134472,0.9370069000644815,-0.6854175574796315,0.5809487591796146,1.1338230934673519,0.03712200396915921,-1.1281521496355322,-0.6963447655809807,-0.4718343065702957,0.07873909523602153,-0.17328844144498756,-0.031761322267613114,0.7654758406319198,-1.0651904502860359,-0.42177813175972095,-0.6832376136612488,0.06616074519540768,0.031599086167641746,-1.8203641092364127,-1.4535902702447059,-1.0786975435687796,-1.6500188836595233,1.501349964221262,-0.1067406754649409,-0.6201736729460422,0.10050378152592128,-1.1055415967851332
228,2026,18,1955886,2026-05-31,Red Bull Bragantino 3 x 1 Internacional,1219,Internacional,41.58,58.42,Fora,-0.7707179244619723,-0.2798622261123249,-1.4671543455946976,-1.1133363118790132,-0.8049121188691062,0.3570908305588628,-2.101641430999853,0.23367578611519416,-0.7330364728888702,0.7136353128945837,-0.8508696900225159,-0.6170402478152316,0.41118180991910924,0.13701630134236556,-1.541672387432658,-1.6750135741771577,0.8046000253900275,-2.811839414198308,-0.03712200396915921,0.32232918561015206,0.8774210938278464,-2.891623444285014,-0.16136056080752387,-2.629557541549834,-1.6450438256087225,-1.2002781283361448,-1.1281521496355322,-0.8774210938278464,-0.7919542489541359,-1.0252151583792157,1.6881218463799132,-0.7928310846107226,-0.9115254102630861,-1.1948012450122272,-1.3218034338615237,-1.215630559371313,1.7565220787416922,-1.3903597913762418,-0.8868440532177395,-0.9873822393112894,-1.0786975435687796,0.9395361682640853,-2.0358267856684793,-1.1225268139076257,-1.2403473458920844,-0.9045340337332906,-1.1055415967851332
229,2026,18,1955886,2026-05-31,Red Bull Bragantino 3 x 1 Internacional,5438,Red Bull Bragantino,58.42,41.58,Casa,0.5318143985780329,0.9730597431438708,-0.7231751088096141,0.40838810338752085,-0.9330472721762321,0.47664177463478336,-1.4750651037452385,-0.9279891002773284,0.24779634407624967,0.7928310846107226,0.9115254102630854,1.1948012450122272,1.3526297829876077,1.1418025111863797,0.4220061834174262,-0.3514079842507418,1.1751014884473825,0.7634575122359712,1.2002781283361448,1.1281521496355325,0.8774210938278464,-1.178815132339187,-0.8179272546530502,-1.6358294008478618,0.4540155465330186,0.03712200396915921,-0.322329185610152,-0.8774210938278464,-0.4212716833765935,1.0252151583792155,1.2395006296546665,-0.7136353128945837,0.8508696900225152,0.6170402478152316,-0.8595726826668791,-0.7719697712795929,-1.0607468105021156,-0.7583780680234047,-1.8203641092364127,-1.5796631078634416,0.9759644441812767,-1.4441753595528302,-1.524751818003802,-1.7505808788491093,1.2403473458920844,1.1055415967851332,0.9045340337332906
230,2026,18,1955874,2026-05-30,Flamengo 3 x 0 Coritiba,1239,Flamengo,62.07,37.93,Casa,0.36890179904533626,1.0099254018984023,0.6873486403813605,1.3820267123144965,0.8682156539157145,0.15921340588147717,-0.952918164366393,1.7983672657459397,1.6500773606109114,-1.1992476732655253,1.0840644888543922,-0.23500187075926926,0.5624884453419884,1.689867716555842,1.569666656474653,0.1645738558900643,-2.3783332792788676,-1.0168617127825903,0.4578380489529624,0.32232918561015206,0.8774210938278464,-0.3727876914235038,2.236626247655402,-0.10701687669098152,0.8674235110124601,0.7795620833523417,0.4834937784152282,1.2160893579703205,1.1042143009796752,1.3048192924826383,-1.3681983389353698,1.825981665247623,1.389774459850753,1.0439188099716608,1.7895942869529338,1.6237984844156956,-0.9627548491371134,1.1375671020351068,0.0466760028009337,0.7875150414970272,2.003295438056305,-0.4100071478250987,1.6143244307576643,0.7595725603136673,1.8605210188381267,1.1055415967851332,1.9095718489925024
231,2026,18,1955874,2026-05-30,Flamengo 3 x 0 Coritiba,1236,Coritiba,37.93,62.07,Fora,-1.7383602512420553,-0.9272004207914027,-0.6374790722921165,-0.6627242183781193,-0.6840350907201054,-4.11635237732632,-1.527279797683123,-1.1354292585617078,-1.918259852205537,-1.825981665247623,-1.389774459850754,-1.0439188099716608,-0.16284681828650124,-0.959114109396559,-1.4866317120014816,0.8687909189626728,-1.6771716795338425,-0.015021318802237282,-0.7795620833523417,-0.4834937784152283,-1.2160893579703205,-0.47354112153796424,-1.6513170561913446,-0.33633875531451357,0.4188618080568763,-0.4578380489529624,-0.322329185610152,-0.8774210938278464,-0.5835102661457628,-1.3048192924826383,-0.27299375816187904,1.1992476732655253,-1.0840644888543929,0.23500187075926926,-0.4970149629347151,-0.6832376136612488,1.9443400046912798,-0.6003826371851954,-0.8868440532177395,-0.6278967805819702,-1.0786975435687796,-0.2167817958114101,-0.2954820273577092,-0.7413287782624431,-1.8605210188381267,-1.9095718489925024,-1.1055415967851332
232,2026,18,1955892,2026-05-30,Gremio 1 x 3 Corinthians,1237,Corinthians,59.7,40.3,Fora,0.38991084617098243,1.1919883146723829,0.07042442749151533,0.7847068186144479,0.9874099916689004,0.7228107136679596,0.19580510226706704,0.6233025181971584,1.5994090611451237,0.35611234136258646,1.5277889232145634,-1.3472082702358,-2.8413000386299183,1.1418025111863797,0.8027604166093528,-0.799726006645173,1.4497957983668144,0.8718351208690069,1.6952381812582664,1.1281521496355325,0.8774210938278464,-0.2720342613090434,0.9235644603617209,-0.10701687669098152,0.08224579430330572,1.2745221362744632,-1.1281521496355322,-0.712780446072344,-0.26833674405153507,1.1065871307400836,-1.0812110982154657,0.7041200683604847,0.907169990471528,-0.015289343937743888,1.140359497183924,0.2040839625221913,1.0604909413991042,1.6115533945497347,0.9801960588196069,1.3916289087042177,2.003295438056305,-0.30593487229201066,0.17793478479483418,1.4001743256796322,1.2403473458920844,0.10050378152592128,1.9095718489925024
233,2026,18,1955892,2026-05-30,Gremio 1 x 3 Corinthians,1244,Gremio,40.3,59.7,Casa,-0.21038710743181702,-0.4678422897030603,-0.9141151269449824,-0.47225398013450604,0.5623348898695097,0.45628193757188906,-0.06526836742235569,0.0345332341621911,0.03781457881285517,-0.7041200683604847,-0.9071699904715288,0.015289343937743888,-0.6471423297731322,-0.5937373058169174,-1.131261866356393,-0.9609631901379071,0.38775721469938984,-1.464179919829055,-1.2745221362744632,1.1281521496355325,0.712780446072344,-1.178815132339187,-0.28515764786257236,-0.18345750289882554,-0.4538059970873761,-1.6952381812582664,-1.1281521496355322,-0.8774210938278464,-1.0138701476755105,-1.1065871307400836,1.133853492420214,-0.35611234136258646,-1.527788923214564,1.3472082702358,-0.6018481368191767,-0.23957682556952878,-0.30947510670376677,-0.6003826371851954,0.9801960588196069,1.168020287818118,-0.051366549693751457,2.2739661176269825,-0.9518098805691899,1.1630599585605665,-1.2403473458920844,-1.9095718489925024,-0.10050378152592128
234,2026,18,1955895,2026-05-30,Athletico Paranaense 1 x 0 Mirassol,6332,Mirassol,43.25,56.75,Fora,0.05820529044861136,-0.3149136045497062,-0.19888134896291923,-0.6449832089605133,-0.5064014839344438,0.2876493740726996,0.03916102045341341,-0.24253466420720615,-0.09148652756842779,1.392464455420423,0.2811786491826932,-0.1917493996685154,0.7396589692146693,-0.7764257076067382,-0.2100929546687599,0.15423909504698996,0.3027293109233267,-0.6858895274834504,0.2103580224919016,-0.4834937784152283,0.7421073848365863,0.33248631937771905,0.27782434326871963,-0.5656606339380456,-1.3775387264771644,-0.2103580224919016,-0.322329185610152,-0.6740549359772253,-0.7052509143838551,-0.11204953775594396,-0.4069550211322212,0.9242377255005451,-0.7415777616312419,-1.060823509762916,-0.6654820266919516,-0.5945054560429048,0.44179659709458213,-0.6003826371851954,0.0466760028009337,-0.631187689254666,-1.0786975435687796,-0.22134593969870842,-0.2981718956085763,-0.7448184546625779,-0.6201736729460422,0.10050378152592128,-1.1055415967851332
235,2026,18,1955895,2026-05-30,Athletico Paranaense 1 x 0 Mirassol,1243,Athletico Paranaense,56.75,43.25,Casa,0.703655493397172,0.007481537843541788,0.0239847231499055,-0.12525707005480596,-0.2404102746530713,0.4201894991422129,0.1435904083291825,1.3059818350929087,0.6582334323705414,-0.9242377255005451,0.7415777616312412,1.060823509762916,0.5443659577018559,-0.5937373058169174,0.09097624908903092,0.31039481071246594,-0.29906555702901005,0.46905234242298066,0.2103580224919016,0.32232918561015206,0.6740549359772253,0.13097945914879824,0.4613521538744843,0.045864375724706516,-0.25976830888323527,-0.2103580224919016,0.4834937784152282,-0.7421073848365863,-0.7674234057718826,0.11204953775594396,0.4034772961410943,-1.392464455420423,-0.28117864918269386,0.1917493996685154,-0.5236485684609893,0.2928161201405353,-0.5304373725268107,-0.12639634467056754,-0.8868440532177395,-0.29863657476966043,-0.051366549693751457,-0.3624642867230528,0.6379022556930435,-0.3921815718206705,0.6201736729460422,1.1055415967851332,-0.10050378152592128
236,2026,18,1955898,2026-05-30,Bahia 2 x 1 Botafogo RJ,1221,Bahia,64.76,35.24,Casa,0.9519641198441506,0.513337363225289,0.7313750222983054,1.5619122962014966,1.2893771570835537,0.7255870550856268,0.5090932658943743,0.052637102521554104,0.6014868192094601,2.4821454873232875,1.1918634422260295,1.1652760060591565,-1.0732911863035444,0.7764257076067382,1.2391965901144861,1.2743249685936604,0.40250601664038155,0.4375790401045102,-0.28460203043022003,0.32232918561015206,-0.35116536331299164,0.7355000398355607,0.11237807829834554,1.956880030920807,0.8352984023127233,1.522002162735524,0.4834937784152282,-0.8774210938278464,-0.42200395641563343,1.5407972496337534,-0.7535554198153629,0.02493445746890279,1.1244435313841947,1.475592589187721,2.1068158146003166,2.4223879029807915,-0.35642958819116344,1.6115533945497347,0.9801960588196069,2.2398499925799937,-0.051366549693751457,0.1842290231656282,1.0333128885704517,2.299627149471701,0.6201736729460422,0.10050378152592128,0.9045340337332906
237,2026,18,1955898,2026-05-30,Bahia 2 x 1 Botafogo RJ,1227,Botafogo RJ,35.24,64.76,Fora,-0.7845887225800099,-1.1435322935167755,-0.24226163938813686,-1.1632629832757204,0.4186564550569494,0.41509953987648923,0.8223814295216816,-0.43013272039481903,-1.2718151174614338,-0.02493445746890279,-1.1244435313841954,-1.475592589187721,-1.16415951235993,-1.4158351138711107,-1.1527981190452388,-0.9702365717488064,-0.21939590753662078,0.3844186062167797,-1.522002162735524,-0.4834937784152283,0.8774210938278464,0.23173288926325866,-1.1022736889826152,-0.4892200077302016,-1.4143405539582825,0.28460203043022003,-0.322329185610152,0.35116536331299164,-0.05608187369933087,-1.5407972496337539,2.194672630237028,-2.4821454873232875,-1.1918634422260301,-1.1652760060591565,-0.7551152351839413,-0.6832376136612488,0.06616074519540768,-0.12639634467056754,1.91371611483828,0.7155467558501583,-0.051366549693751457,0.7195091856573553,-0.941050407565723,0.6832574592402887,-0.6201736729460422,-0.9045340337332906,-0.10050378152592128
238,2026,17,1955866,2026-05-26,Coritiba 3 x 2 Bahia,1221,Bahia,60.1,39.9,Fora,0.5737769073113486,-1.6088307782310691,-0.07271800951437613,0.32856518098032533,-0.3004081775953104,0.7743514951932373,0.40672720166648246,0.1513084938723878,0.13541074183687085,0.05661143299563081,0.3517872175291784,0.9756960563101653,0.2142930818114783,-2.0568833780186058,-0.8876546850696987,-0.29316517950124393,0.6516599853588718,-0.8300374320486172,-1.3802056377916272,-2.1105794120443453,-1.8453396607937254,0.1714985851425082,-0.5522523746755167,0.8740694392502624,-0.018014945502062472,-0.5915167019106973,0.10050378152592114,-0.8637102887374211,-0.4386107864187345,0.24889511977387888,-0.6896574367801541,-0.3840727577979604,0.029857465223426773,0.7832829994332011,0.25222513949079456,0.6826095527859821,-0.8124676000026391,0.1918608802651817,-0.9981149841863163,-0.5336488661090418,-0.2847473987257498,-0.9511314651247595,0.682191391882095,-0.5454864661909504,-0.5976143046671968,-1.4985372985307104,0.5619514869490164
239,2026,17,1955866,2026-05-26,Coritiba 3 x 2 Bahia,1236,Coritiba,39.9,60.1,Casa,-0.36474958019626225,-0.08250281652982912,0.611054341849768,-0.635414751266839,0.07037739018416031,-0.15455273206556627,-0.1461058879772795,-1.3581094511945488,-0.6053971859517107,0.3840727577979604,-0.029857465223426142,-0.7832829994332007,-0.08313853608366241,-0.41137667560372115,-0.4096475109003715,0.5105157562304856,0.5571920431122629,1.413500228184297,0.5915167019106973,-0.10050378152592114,0.8637102887374212,0.8146182794269163,0.35881266713714266,-0.885801914944896,-0.946848308225942,1.3802056377916272,2.1105794120443453,1.8453396607937251,-0.11208803035652715,-0.24889511977387838,0.7109466865002236,-0.05661143299563081,-0.35178721752917774,-0.9756960563101646,-0.9652806114541354,-0.8484772945844447,-1.7505164693163662,-0.03385780239973804,-0.1301889109808238,0.03980698227180491,1.6135685927792482,-0.009549461576111182,-1.0996229517872842,-0.08211408278016608,0.5976143046671968,-0.5619514869490164,1.4985372985307104
240,2026,17,1955846,2026-05-25,Vasco da Gama 0 x 3 Red Bull Bragantino,1226,Vasco da Gama,56.07,43.93,Casa,0.3385186931566889,0.11595263293445919,0.4706977982970901,-0.16603174443405885,-0.11259214039978585,1.7764698487384485,1.354441069627217,-0.04036362613611203,0.30158163569533136,1.958188291279645,0.4592974170377366,-0.8564540194314388,-2.3393025280983655,0.18698939800169143,0.11442860330175662,-0.7022545342384146,1.2307485828234914,0.7500212764359754,0.2628963119603099,-0.10050378152592114,0.7012346355368244,0.38587181657064423,0.5955354391178428,1.1087189531429502,0.2785594587249404,0.06572407799007754,0.10050378152592114,-0.36491641131927466,0.5678327214351048,0.0,-0.23691278786073616,0.6568733279570175,-0.15146577921795495,-0.8770131762143262,0.36435197769604566,-0.08293387089923127,1.6377536940910742,0.1918608802651817,-0.1301889109808238,0.3319796885337329,-1.2339053944782488,0.12078704040767368,-0.2647598319769024,0.15397168328260513,-1.7928429140015905,-1.4985372985307104,-1.3112201362143714
241,2026,17,1955846,2026-05-25,Vasco da Gama 0 x 3 Red Bull Bragantino,5438,Red Bull Bragantino,43.93,56.07,Fora,0.4282359990426247,-0.06754373808168959,-0.043018508389671646,0.1683856604012664,1.6568573090381626,-0.22271258770208882,1.9072741592709792,0.6866685532064747,-0.7868692284718407,-0.6568733279570175,0.1514657792179556,0.8770131762143267,0.3831548674861952,-0.261785157202368,0.1578380643916083,-0.748992928816045,0.8728163768515674,-0.15329397541336257,-0.06572407799007754,-0.10050378152592114,0.36491641131927466,1.0289915108550522,-0.4339337815936598,-0.2991781302131766,-1.0069710544098625,-0.2628963119603099,0.10050378152592114,-0.7012346355368243,-0.39159811895185703,0.0,1.6087572381055006,-1.958188291279645,-0.4592974170377359,0.8564540194314393,0.2763860392113623,1.9585152589280046,0.7973298202262882,1.5461729762547,1.6056632354301612,2.2858790000008264,1.6135685927792482,0.8032112517591948,-1.207845948799741,2.8755858369612723,1.7928429140015905,1.3112201362143714,1.4985372985307104
242,2026,17,1955843,2026-05-24,Flamengo 0 x 3 Palmeiras,1234,Palmeiras,54.51,45.49,Fora,-0.9095931902097535,-0.23150175944393436,-0.8329148694966366,-0.3795078167210344,0.26211203088667684,0.48317785607020025,0.32775104600308785,-0.5088954750457779,-1.509118733111709,-0.9358459133325441,-2.326194115684009,-0.39547659344253777,0.6285033835763129,-0.11219363880101485,-0.6348011091866907,1.03290836445611,0.25142503336854316,0.5183260589605926,0.5915167019106973,-0.7705289916987291,-1.5394461260581906,0.1714985851425082,-2.122920554394964,0.9913941961966062,1.8192282326650073,-2.2346186516626343,-1.239546638819695,-0.8637102887374211,-0.5632961534416406,-1.316395757317986,-1.8930936837060475,1.0747260378077805,-0.2360719747360152,0.1486906987212063,-0.11425423355134262,-0.465705582741838,1.430692739660619,-0.25957648506465775,-0.1301889109808238,0.3557186277600296,1.6135685927792482,0.7168893559971024,1.6677936861026843,0.17315357650069904,1.7928429140015905,1.3112201362143714,1.4985372985307104
243,2026,17,1955843,2026-05-24,Flamengo 0 x 3 Palmeiras,1239,Flamengo,45.49,54.51,Casa,-0.2212135699058647,2.144618614178847,0.494145191729856,1.0445868309652018,-0.06157760467342854,-2.4314157251961666,-0.6989389776210414,-0.7737178244295023,1.2746450574899004,-1.0747260378077805,0.23607197473601585,-0.1486906987212058,0.8929048037732191,2.7300452108246946,2.3742639554083627,-0.00019118470260180435,-0.43306704598987433,-0.19447931651963118,2.2346186516626343,1.239546638819695,0.8637102887374212,-0.042874646285627815,0.9821439006453003,1.8126674948210135,1.2380648841652429,-0.5915167019106973,0.7705289916987291,1.5394461260581904,0.03392211141041761,1.316395757317986,-1.4021262855439893,0.9358459133325441,2.32619411568401,0.39547659344253827,0.14028085741627266,0.6826095527859821,0.4518591368984699,1.9976103415845394,-0.9981149841863163,0.11639275174929038,-1.2339053944782488,-1.27485924226702,0.6280798933758663,-0.020230102281351754,-1.7928429140015905,-1.4985372985307104,-1.3112201362143714
244,2026,17,1955853,2026-05-24,Corinthians 1 x 0 Atletico MG,1237,Corinthians,55.84,44.16,Casa,0.0009030973622294325,0.4833511437934399,-0.19598211199848672,0.38302690038979353,-0.8252083439128088,0.4486318310895009,-1.488700534254987,-1.815852737793796,0.4003110710774254,0.10044001414694467,0.7981174397313764,-0.5107703898181402,-1.056466272559472,1.0845385084098103,0.6864735363295607,0.6948896179571764,-2.698875971972094,-2.137744394142966,0.2628963119603099,-0.10050378152592114,-0.7402239596669168,-0.900367571998172,0.04972565979482195,0.5220951684112306,0.7680374060046219,0.06572407799007754,-0.5695214286468869,-0.813396772095642,-0.34354857754199153,1.1787816975242233,-1.1108870713801853,1.2150320034493591,1.3855808374892953,-0.8214331632867848,-0.21082177016755987,-0.465705582741838,-1.9340477698342688,-0.7110138503944972,-0.9981149841863163,-1.2319141947331718,-0.2847473987257498,-1.2421015132945157,1.308338731739881,-1.109709275132983,0.5976143046671968,1.3112201362143714,-0.3746343246326775
245,2026,17,1955853,2026-05-24,Corinthians 1 x 0 Atletico MG,1235,Atletico MG,44.16,55.84,Fora,-0.35211853538005544,0.030407529673290468,-0.2798441509801373,-0.31471938985226694,-0.14796367161663013,-0.256307345328247,-1.1727959116014088,-0.484235904050533,0.05754650853488579,-1.2150320034493591,-1.3855808374892946,0.8214331632867855,1.0261186995232587,0.4861724348043977,-0.8683396667680452,-1.3332228610364236,1.2603977329797966,0.04413658436161985,-0.06572407799007754,0.5695214286468869,0.8133967720956421,0.1714985851425082,-0.04968313093414109,-1.2377761857839278,-0.4441896704299087,-0.2628963119603099,0.10050378152592114,0.7402239596669167,-0.40071164387087466,-1.1787816975242238,0.7606054853559849,-0.10044001414694467,-0.7981174397313757,0.5107703898181406,0.20725118802839113,-1.1036584358128492,1.1859843389700822,-0.4852951677295775,0.7377371622246687,0.26385340049487477,-1.2339053944782488,0.9327377979940785,0.06763937313278581,0.09892325967575352,-0.5976143046671968,0.3746343246326775,-1.3112201362143714
246,2026,17,1955859,2026-05-24,Cruzeiro 2 x 1 Chapecoense AF,8865,Chapecoense AF,39.26,60.74,Fora,-0.7403196864324114,-1.5165230857104546,-0.48043050396906756,-1.409266552687873,-0.6917940726165193,0.17418285485394522,-0.22508204364067405,0.634322236293808,-0.6307843320816628,-0.9467210277464075,-0.6172720937386562,-1.5474897406500965,-0.22479842911710296,-0.41137667560372115,-1.1652850172789289,-1.3332228610364236,-1.2328262574367772,-0.5761471110608715,-1.7088260277420146,-2.7806046222171537,-1.1643057436257689,-0.6859943405700359,0.7930321569622748,-1.2377761857839278,-0.39998034707848007,0.39434446794046496,-1.239546638819695,-0.7526043157752603,-0.9066424835434869,-1.4218851182050727,1.1776083314658778,-1.7375368531481925,-0.93544981579359,-1.5780271170432822,-1.701704159709547,-1.1036584358128492,-0.49201612290788826,-1.1624512157243367,-0.1301889109808238,-1.0381916641855786,-0.2847473987257498,-0.3203078208968585,-1.2233063769443777,-0.9531746945656033,-0.5976143046671968,-0.5619514869490164,-0.3746343246326775
247,2026,17,1955859,2026-05-24,Cruzeiro 2 x 1 Chapecoense AF,1230,Cruzeiro,60.74,39.26,Casa,0.7714471367089092,0.18709054269224684,1.6716878612820836,1.181818800091869,0.3283339482395046,0.6274583133425323,-0.9358674446112251,0.8029937019012877,0.43893955770254645,1.7375368531481925,0.9354498157935905,1.578027117043283,-0.01979746792250298,-0.261785157202368,0.16494515709212537,-0.6571853680385569,0.3081118774132914,-0.004404262486130005,-0.39434446794046496,1.239546638819695,0.7526043157752604,-0.042874646285627815,0.7816873045620927,1.9299922517673573,1.536590474518197,1.7088260277420146,2.7806046222171537,1.1643057436257687,2.871891607689511,1.4218851182050722,-0.4938965755529314,0.9467210277464075,0.6172720937386569,1.5474897406500967,1.14062824777365,1.7033341176996,-0.39972609750459964,0.8690169282599408,-0.1301889109808238,0.19989762180668547,-0.2847473987257498,-0.6087626625938558,0.635810107448185,1.1900399214500972,0.5976143046671968,0.3746343246326775,0.5619514869490164
248,2026,17,1955871,2026-05-24,Remo 1 x 2 Athletico Paranaense,4617,Remo,43.0,57.0,Casa,-0.7734957436391086,0.0845273622974826,-0.44966245331971,-1.310060371691491,-0.8821323140938602,-0.007375698655729985,-1.0938197559380143,2.0680296939573886,0.1400347480745361,0.2172262561143203,-1.7431501317261835,-0.4079864775067528,1.0775848992522579,-0.261785157202368,-0.23252313421489842,-0.6571853680385569,-1.3770561225630598,-1.1081569277400756,0.2628963119603099,0.5695214286468869,0.8637102887374212,-1.329114034854444,0.06058778471525663,-0.6511524010522083,0.07145442784016219,0.06572407799007754,0.10050378152592114,0.9739343679587936,-0.9445239282428634,-1.3145869002141486,0.36083431690170864,-0.4054030428689723,-0.6800796950167446,-1.3441121420012947,-1.9014627495337755,-1.6140207182696582,-1.2610996679352915,-2.2910446290489355,-0.9981149841863163,-1.5028313735082894,-0.2847473987257498,1.8775456272820812,-0.4154990063871106,-1.328619831526124,-0.5976143046671968,-0.5619514869490164,-0.3746343246326775
249,2026,17,1955871,2026-05-24,Remo 1 x 2 Athletico Paranaense,1243,Athletico Paranaense,57.0,43.0,Fora,0.8606722447868774,0.4073715595233765,-0.30645529668748456,1.3165152194719203,0.9363984090676485,0.6914136177594156,-0.1461058879772795,0.8763291217306268,1.355302472828853,0.4054030428689723,0.6800796950167453,1.3441121420012956,1.9153507783633834,0.785355471607104,1.010358626002401,1.671388218954095,-0.23353463266906613,0.5888663030737076,-0.06572407799007754,-0.10050378152592114,-0.9739343679587937,-0.25724787771376384,-0.11325789739752942,0.28744565451854287,0.7556319886924648,-0.2628963119603099,-0.5695214286468869,-0.8637102887374211,-0.9232539189249602,1.3145869002141486,-0.3296370673090975,-0.2172262561143203,1.7431501317261842,0.40798647750675326,1.800337368440595,0.6826095527859821,0.5334286037953163,0.6432982455950211,1.6056632354301612,1.2524964764846356,0.6644105970267493,0.6968333680791406,0.9527488844132374,0.8977814451095903,0.5976143046671968,0.3746343246326775,0.5619514869490164
250,2026,17,1955850,2026-05-23,Sao Paulo 1 x 1 Botafogo RJ,1227,Botafogo RJ,50.6,49.4,Fora,0.40244230187262653,-0.5270221554544412,0.1413164222563131,0.2827823002011287,-0.23034262700043961,-0.3709895459035606,1.9072741592709792,0.8763291217306268,-0.9639485067742488,-1.017050745688579,0.9008697211016665,0.18623301554345761,0.8073617874135977,-0.5609681940050742,-0.723651788395917,-1.3332228610364236,1.085486105664504,1.1588906157887613,-0.7229648578908524,-0.10050378152592114,0.8637102887374212,1.6721112051394604,-0.7241167552842307,-1.00312667189124,-1.1108194341820856,1.7088260277420146,-0.5695214286468869,-0.361567245295229,-0.2362738435212387,-0.2325253361116207,0.08508236318780774,-1.1490008755033216,-0.29927777962303703,1.7734270147285123,-0.11049469818933969,1.065381264628589,0.5334286037953163,0.1918608802651817,-0.9981149841863163,-0.525109634132748,-0.2847473987257498,-0.9405572289476719,-0.8754467436900526,-0.5385864680750972,0.0,0.3746343246326775,-0.3746343246326775
251,2026,17,1955850,2026-05-23,Sao Paulo 1 x 1 Botafogo RJ,1224,Sao Paulo,49.4,50.6,Casa,-0.04428096640760465,-0.18007727590904773,0.08114727622073999,-0.4071271925410561,0.37098610193551,1.2593118839699111,1.1175126026370334,-0.04036362613611203,0.6079040443233373,1.1490008755033216,0.29927777962303764,-1.773427014728512,-0.44753378263712584,-0.11219363880101485,0.5311891342599516,0.31756636605139044,0.1063522208083168,0.477011668804756,-1.7088260277420146,0.5695214286468869,0.36156724529522904,-0.042874646285627815,0.11749636084479598,-0.885801914944896,-1.5566800986782203,0.7229648578908524,0.10050378152592114,-0.8637102887374211,0.4745952182933942,0.2325253361116207,0.44419850642971265,1.017050745688579,-0.9008697211016659,-0.18623301554345706,-0.7739313696307222,0.044656699714970965,0.6616091946332163,0.1918608802651817,0.7377371622246687,0.7948780647425167,-0.2847473987257498,0.6939998035239224,-0.9643442055217131,0.5280097621799972,0.0,0.3746343246326775,-0.3746343246326775
252,2026,17,1955856,2026-05-23,Mirassol 1 x 0 Fluminense,6332,Mirassol,33.13,66.87,Casa,-0.08533905960160579,0.4239241095600045,-0.5120486202769879,-0.7303973953679102,-0.8757926851709091,-1.6817063760536226,-0.5409866662942523,0.18157251282109918,0.8750472215187304,-0.8048024858986801,-0.17875625414513255,0.49324642028606647,0.8762991650984626,0.4861724348043977,0.04848587287803589,0.19331341347488823,-0.9098371437698891,0.47990100492664584,0.5915167019106973,0.5695214286468869,0.17248057338692915,-0.042874646285627815,1.4989906797202386,-1.3551009427302716,-0.9190993484487484,-0.9201370918610847,-1.239546638819695,-0.813396772095642,-1.0136230816854865,-0.43630482161008954,1.1194671677062018,-1.3546323336025698,-0.19744872947795022,-1.026480228523228,-1.2613558018603725,-0.8484772945844447,1.1859843389700822,-0.03385780239973804,-0.9981149841863163,-1.318827604461235,-0.2847473987257498,-1.8213798691766216,-1.296743410631402,-1.1799383501869078,0.5976143046671968,1.3112201362143714,-0.3746343246326775
253,2026,17,1955856,2026-05-23,Mirassol 1 x 0 Fluminense,1232,Fluminense,66.87,33.13,Fora,0.25173485061681045,0.5712828324945416,-0.5273875327888479,0.07438454595672997,-1.0060432611672248,0.34729682447944954,-0.9358674446112251,-0.04036362613611203,-0.2772581557447994,1.3546323336025698,0.19744872947795086,1.0264802285232286,0.32813095059271513,0.03739787960033829,0.0880497196970484,1.1906504461556124,0.0029747833256697762,-2.3154158105370177,0.9201370918610847,1.239546638819695,0.8133967720956421,-2.400980191995124,-0.659556038040285,0.9913941961966062,1.8818112790617307,-0.5915167019106973,-0.5695214286468869,-0.17248057338692913,0.06585496766329982,0.43630482161008954,-1.056258238986256,0.8048024858986801,0.17875625414513316,-0.49324642028606586,0.17572352835776303,-0.8484772945844447,-0.2822660651731418,-0.7110138503944972,-0.9981149841863163,-1.1663490390531144,-1.2339053944782488,-1.1284353170484824,2.089090353044034,-1.0567303360534561,-0.5976143046671968,0.3746343246326775,-1.3112201362143714
254,2026,17,1955863,2026-05-23,Gremio 3 x 2 Santos FC,1241,Santos FC,46.69,53.31,Fora,0.23018494824187147,0.1706529595041391,0.21048074524275726,0.0627673250453771,0.2231905666084536,-1.2502197503143,0.485703357329877,-0.642761717591397,-0.4441470528519588,-0.3590071731779924,0.64934069899731,0.6551262155139872,-1.4773293587604106,0.33658091640304455,0.17085396090708993,1.9530705077032064,1.10736825376969,1.1124797885755093,-0.39434446794046496,0.5695214286468869,0.8637102887374212,1.2433647422831884,0.5637997001238227,-0.5338276441058644,-0.9322801043429154,-0.9201370918610847,0.7705289916987291,1.347361541159405,0.13915577331775197,0.18647052541842032,-1.42273557540059,1.4394516298927351,-0.7704380461064332,1.1345038954247457,-0.2994670745552245,1.065381264628589,-0.36383553206998764,-0.03385780239973804,-0.1301889109808238,-0.06615210136736356,0.6644105970267493,-0.15085301116449934,-0.07150448016894395,-0.16773272851991022,-0.5976143046671968,-1.4985372985307104,0.5619514869490164
255,2026,17,1955863,2026-05-23,Gremio 3 x 2 Santos FC,1244,Gremio,53.31,46.69,Casa,-0.2150263145892879,-0.013478467349276824,-0.0011605414851694057,-0.12136423611684943,0.942195158808999,-1.3247307845863963,0.6436556686566661,0.5620344653191743,-0.11247408252372812,-1.4394516298927351,0.7704380461064337,-1.1345038954247453,-0.6704603834124655,-0.41137667560372115,0.20785470604425826,-0.11982223257871423,0.17578888936599857,0.8760384432468723,0.9201370918610847,-0.7705289916987291,-1.347361541159405,0.8146182794269163,-0.4287881001724331,-0.1818533732668327,-0.3255288843405674,0.39434446794046496,-0.5695214286468869,-0.8637102887374211,-0.03576309419224502,-0.18647052541842032,0.12597346975463378,0.3590071731779924,-0.6493406989973093,-0.6551262155139866,1.0054804954623187,-0.5932961533560402,0.08479653586266434,-0.25957648506465775,2.4735893086356535,0.9856582655491171,1.6135685927792482,1.6269617075559937,0.5739683948696377,0.6821668374019979,0.5976143046671968,-0.5619514869490164,1.4985372985307104
256,2026,17,1955869,2026-05-23,Vitoria 2 x 0 Internacional,1238,Vitoria,46.69,53.31,Casa,-0.6353189103467418,-1.469477553317002,-1.1477281308679037,-0.4719751046281601,-0.31061302490248477,0.21112790934719322,-1.0938197559380143,-2.148756946229611,-2.3653382359466475,0.14896466517416157,-1.6336127364047364,0.9594519608211385,-0.7569439089879624,-2.0568833780186058,-2.3403174159318536,-1.3332228610364236,-0.9797909410601735,-0.6701791227603868,-1.3802056377916272,-0.10050378152592114,-1.5512470586665275,-1.757860497710716,-2.3972059374554506,-0.5338276441058644,-0.22360414382036506,-1.2487574818114722,-0.5695214286468869,-0.8637102887374211,-0.37919579547703264,-1.6692902519688744,1.212039701340884,-0.937433822319368,-1.4847793200424495,1.358737666387089,-0.09256851288840552,-0.8484772945844447,-0.2822660651731418,-1.3881698983892563,-0.1301889109808238,-0.7255235423818788,0.6644105970267493,0.8725888243491565,-0.8599863155454159,-0.7005279158714324,1.1952286093343936,1.3112201362143714,0.5619514869490164
257,2026,17,1955869,2026-05-23,Vitoria 2 x 0 Internacional,1219,Internacional,53.31,46.69,Fora,0.48353937760871435,1.0777783433749093,1.1688210928958702,1.1030317918039247,0.654017008380285,0.9065881109618481,0.32775104600308785,1.0138330339106383,2.1086124543758573,0.937433822319368,1.4847793200424502,-1.3587376663870885,-1.073931749311826,0.785355471607104,1.7074789914341746,0.9473855490768618,0.25466623061893023,0.5706863803503194,1.2487574818114722,0.5695214286468869,0.8637102887374212,1.0289915108550522,1.679902916324617,0.28744565451854287,-0.4653618122131827,1.3802056377916272,0.10050378152592114,1.5512470586665272,2.5358770563594604,1.6692902519688742,1.029691455771448,-0.14896466517416157,1.633612736404737,-0.9594519608211378,2.0686761396632254,0.9377906940143866,-0.9246256169858023,1.5461729762547,0.7377371622246687,1.4819871405388998,-1.2339053944782488,0.10638281514205213,-0.32660154455544976,1.083217928621962,-1.1952286093343936,-0.5619514869490164,-1.3112201362143714
258,2026,16,1955816,2026-05-17,Botafogo RJ 3 x 1 Corinthians,1237,Corinthians,65.02,34.98,Fora,0.4724471884851448,0.436680884606371,0.7139381502695826,0.37938698252536496,0.022072542074585755,0.583985027039289,0.7741582863787149,-0.126709104584817,0.025156299837906623,1.3594459946536879,0.8671033241740017,0.09292080932940952,-0.35751671476060076,1.0267322655458855,0.6857756130749644,-0.01192421819591788,0.9027100758804302,0.5187041408483636,-0.43077489517064294,0.4649905549752772,0.4884011769170281,0.8355250571698647,0.35744132514130406,1.2149206454599304,0.15860006617482644,1.1487330537883809,0.11624763874381926,1.0606388767060162,0.6107611813141964,0.8969076036777028,-0.7085895196132882,0.937284068612607,0.48342761453072225,0.053136627758006635,0.08407608413502803,0.29011860319013816,0.45682453453248906,1.3881698983892568,-0.18698939800169143,-0.15378523012751658,-0.4364357804719846,-0.9768467913893281,0.7534088408287499,-0.3518077111880586,-1.118033988749895,-1.3112201362143714,-0.5619514869490164
259,2026,16,1955816,2026-05-17,Botafogo RJ 3 x 1 Corinthians,1227,Botafogo RJ,34.98,65.02,Casa,0.08233422583739827,-0.8958470607025815,-0.4036923651697523,-0.6349902298226668,0.08667043093820828,0.3906305889199248,1.6589106136686749,-0.21620732614922214,-0.22476496365847035,-0.937284068612607,-0.48342761453072336,-0.053136627758006635,0.4217154672694404,-1.0734019139797892,-1.2450056362983364,-0.9998275735009253,1.184575050456841,0.10718618317689657,-1.148733053788381,-0.11624763874381926,-1.0606388767060162,0.22229565741216614,-0.3467775352338142,-1.7270396619318298,-2.4217684812819513,0.4307748951706429,-0.4649905549752772,-0.4884011769170281,-0.5364169914604019,-0.8969076036777028,2.617761632923559,-1.3594459946536879,-0.8671033241740028,-0.09292080932940952,-0.6830291821095522,-0.32065740352594263,-1.2868095434282227,0.03385780239973805,-0.18698939800169143,-0.21830071909809862,1.745743121887939,-0.36050224436955663,-2.0833763090298776,-0.39954921539463856,1.118033988749895,0.5619514869490164,1.3112201362143714
260,2026,16,1955820,2026-05-17,Santos FC 0 x 3 Coritiba,1241,Santos FC,60.52,39.48,Casa,0.7172184873926328,0.45811481650416097,0.20173473301582864,0.27608106806088856,0.3594311687642802,1.1144850577065764,-0.4265770149433735,1.114592316243245,0.9878250640055329,1.725125640956995,0.5316710210405949,1.1142870005931877,0.6963927426151192,0.6767099022916064,0.84809377412312,-0.01192421819591788,0.3828413464532725,-0.5733748471142095,1.0051414220648334,-0.6974858324629157,-2.051532175599459,-0.23762639240610772,0.6339526133376099,-0.09261726893640741,0.44294318738957644,0.4307748951706429,0.11624763874381926,0.06320662078044803,0.359676912185415,1.2752240810583457,-1.1710815011057998,0.027627436353672045,0.8943365314381143,-0.9115341680142562,-0.1537021722386494,-0.32065740352594263,-0.09117474711230618,0.03385780239973805,1.30892578601184,1.4141689596218505,-1.5275252316519463,1.0813886881550812,0.9778380457226283,0.8084794189269648,-1.6770509831248424,-1.3112201362143714,-1.4985372985307104
261,2026,16,1955820,2026-05-17,Santos FC 0 x 3 Coritiba,1236,Coritiba,39.48,60.52,Fora,-0.26974207915516635,-0.3704040291395405,-0.4734926220403208,-0.8673642250631092,0.0016959748982547374,-0.7473078255858427,-0.8689531785883535,-1.0057094949495151,-0.44549927178586796,-0.027627436353672045,-0.8943365314381154,0.9115341680142562,0.7847056521043829,-0.2566830663864713,-0.6779105162572288,0.8578602576704472,-1.1240294941243874,-1.3867802950482497,-0.43077489517064294,-0.11624763874381926,-0.06320662078044803,-1.3107778419820801,0.0884481636031829,-1.7270396619318298,-1.3503094280546755,-1.0051414220648331,0.6974858324629157,2.051532175599459,0.41606919767071965,-1.2752240810583453,0.9959071889847857,-1.725125640956995,-0.531671021040596,-1.1142870005931877,-0.5482747975603077,-1.2368214136000637,1.7876799328127062,-1.0947356109248607,0.5609681940050744,0.06629708630587906,0.6546536707079772,1.344993196863354,-1.2350339145310163,1.0010860470066483,1.6770509831248424,1.4985372985307104,1.3112201362143714
262,2026,16,1955823,2026-05-17,Palmeiras 1 x 1 Cruzeiro,1230,Cruzeiro,53.84,46.16,Fora,0.09767037728586156,-0.4977367579184693,-0.4691542236057073,-0.5300773014941619,-1.1665274521678186,0.8643633702436729,-0.5529702045562249,1.5212255403076098,-0.08975982649382648,-0.3890518823047968,0.4790012462160306,-0.2519370282381016,-1.6524524384121584,-0.37335718747123103,-0.48932911656908734,0.5316910792205602,-1.3949558961798147,-0.7958886406312266,-0.43077489517064294,-0.6974858324629157,0.13166532337637477,-1.1574704920426555,-0.18152757065687936,0.12530571679631555,0.6575136892668403,0.07179581586177387,-1.0462287486943735,-0.5876279175411236,-0.626800062898425,-0.624567238188522,-0.5037055718121056,0.2438089090935329,0.25662771057042044,-1.2303466595520784,-0.5220230188064675,-1.3895154152790838,1.0048238161772842,-0.4175795629301015,-1.6829045820152229,-1.5894168208768682,-0.4364357804719846,-1.4144281226953168,0.21477874908344088,-1.414176031144712,0.0,0.5619514869490164,-0.5619514869490164
263,2026,16,1955823,2026-05-17,Palmeiras 1 x 1 Cruzeiro,1234,Palmeiras,46.16,53.84,Casa,0.7054576756096815,0.5927775095825836,0.4721355382162833,0.13059335709665124,0.0032544005777574436,0.9552678114936314,0.8373548811851406,-0.003649049933758766,1.307442239185112,-0.2438089090935329,-0.2566277105704216,1.2303466595520784,0.8745124802322072,0.6767099022916064,0.7199672032061284,1.7780670219928336,-0.7541032013839845,0.2960508990026689,-0.07179581586177387,1.0462287486943735,0.5876279175411236,0.8355250571698647,0.8482727813513538,0.4521901953954,-0.0009783572655320996,0.4307748951706429,0.6974858324629157,-0.13166532337637477,-0.4314355322524775,0.624567238188522,-1.1549351149205984,0.3890518823047968,-0.4790012462160317,0.2519370282381016,0.12487040817601301,1.3589766149432794,0.2010915364315848,0.7110138503944974,-0.9349469900084572,-0.1449556711877903,-0.4364357804719846,-0.6969706538414169,-0.5841892203387681,-0.34527383177414916,0.0,0.5619514869490164,-0.5619514869490164
264,2026,16,1955826,2026-05-17,Red Bull Bragantino 2 x 0 Vitoria,1238,Vitoria,45.0,55.0,Fora,-0.4916568188635767,-1.796936472261452,-0.4271772999536858,-1.3191627727047472,-1.4939220800014315,0.7556517369830562,0.5213719071530121,-1.0324311068166023,-2.098841665062961,2.001163830476059,-0.9809484265800018,-0.29265518255330153,-0.6514235532181876,-2.356817245912146,-1.68551340454553,-0.4830574759568659,0.4931360855922526,0.4154763940244595,-1.8666912124061192,-1.2787240261820123,0.5372505367426902,0.8355250571698647,-2.184937296077405,0.9969976597272074,-0.3040842417148276,-0.6461623427559642,-1.0462287486943735,-0.592196122527113,-0.5182581290914446,-1.5147772862112316,0.6511229544820413,-0.943276062257921,-1.8991250129275654,-0.8745985744824355,-0.9881502171977566,-1.3895154152790838,-1.5525061648317604,-1.3204542935897805,-1.6829045820152229,-1.8109292055638266,-1.5275252316519463,-1.19418455583503,-0.6964038227857068,-1.5780953412837728,-1.118033988749895,-0.3746343246326775,-1.4985372985307104
265,2026,16,1955826,2026-05-17,Red Bull Bragantino 2 x 0 Vitoria,5438,Red Bull Bragantino,55.0,45.0,Casa,1.5937433587356866,0.9443909967774369,1.5646436239011088,0.8765134355205524,0.18466331504807443,1.5410366666486894,2.3540731565393576,-0.6716893466109296,1.817087295657102,0.943276062257921,1.8991250129275643,0.8745985744824355,0.06980469852514887,0.7933840233763662,1.2917888722830437,-0.21010295953255798,1.4334947682645807,0.4076337376951889,0.6461623427559643,1.0462287486943735,0.592196122527113,2.368598556564111,1.5204562045964256,1.105959152593569,-0.2854863815650618,1.866691212406119,1.2787240261820123,-0.5372505367426902,1.2474325910644168,1.5147772862112316,1.0925726881665878,-2.001163830476059,0.9809484265800007,0.29265518255330153,0.7176728467376752,1.2062826132642592,-1.5525061648317604,1.839607263719096,-0.9349469900084572,0.13800206865845496,-0.4364357804719846,-0.956244567446431,0.3449476879218908,2.2441804805397902,1.118033988749895,1.4985372985307104,0.3746343246326775
266,2026,16,1955835,2026-05-17,Athletico Paranaense 1 x 1 Flamengo,1243,Athletico Paranaense,40.25,59.75,Casa,-1.6720258879303538,0.6169094129914907,-0.9700635824487108,-0.012708479298389141,0.2830391649576752,-2.4921083066778715,-2.3224748591361446,-1.4065336729558184,-1.3756846132664904,-1.2887239132156136,-1.2798571474080156,-1.5423323549907166,-0.4215909978616131,0.3266875390373273,0.4485590214782974,-1.7514931699286482,-2.260167637994089,-1.732114094717688,0.6461623427559643,1.0462287486943735,0.6879879905403031,-2.0773145916792033,-1.0568968779884993,-0.8553477190009379,-0.4208751834339117,-1.7230995806825713,0.11624763874381926,-0.5876279175411236,-0.22397036408487275,-0.9518203141069497,1.297625381687491,-1.2238228765616859,0.7172054376141058,0.804963596846365,-0.6211826375470777,0.9008946099062188,1.0048238161772842,1.162451215724337,0.5609681940050744,0.03289474088022798,-0.4364357804719846,-0.7767133404120148,-0.8759471867008102,-0.21366441004661713,0.0,0.5619514869490164,-0.5619514869490164
267,2026,16,1955835,2026-05-17,Athletico Paranaense 1 x 1 Flamengo,1239,Flamengo,59.75,40.25,Fora,-0.6150268372844392,1.1541387059374555,-0.42069644796336,1.3681053064262156,0.3997656199411051,0.09584431441007404,-0.9953463682012049,0.9984113950819976,-0.288318898306101,1.2238228765616859,-0.7172054376141069,-0.804963596846365,0.2027233832073745,1.3767546288001646,1.6329482530109045,-0.8561267977132724,0.3408422104435108,0.14942327264189298,1.7230995806825715,-0.11624763874381926,0.5876279175411236,0.22229565741216614,0.035254121859371275,-0.2015787618027689,0.9029454940974699,-0.6461623427559642,-1.0462287486943735,-0.6879879905403031,-0.8877586137985907,0.9518203141069502,-0.4859777108852537,1.2887239132156136,1.2798571474080145,1.5423323549907166,1.6984114091991815,0.9008946099062188,-0.32191128675222025,-0.19186088026518172,0.5609681940050744,0.7527820129778954,-0.4364357804719846,0.7416253206846775,1.3099932689655691,0.3190526440670951,0.0,0.5619514869490164,-0.5619514869490164
268,2026,16,1955837,2026-05-17,Bahia 1 x 1 Gremio,1244,Gremio,39.21,60.79,Fora,-1.4151970577478619,-0.5886329555580025,-1.1283107651120272,-0.8798098105603115,-1.1473239919540106,0.04562888224965255,-0.742559988975502,-1.0324311068166023,-1.369551295682625,0.4831411427610469,-2.296958315112388,-1.501928587421163,-2.2843660746478727,-1.0734019139797892,-1.8965837617759513,0.9746969783092124,-1.353587662680625,-2.4973591128111994,-0.43077489517064294,1.0462287486943735,0.5992487005365473,-1.4640851919215048,-1.3414878165879163,-2.0539241405309143,-1.2541476113492536,-1.7230995806825713,0.11624763874381926,-0.5876279175411236,-0.3035154996930758,-1.7770505792492806,0.11489731128889549,-0.7344258541433856,-1.3386373481713267,0.8913221000524604,-1.294873414873099,-1.2368214136000637,-2.0838994076388344,-2.2233290242494594,-0.9349469900084572,-1.8976770839670336,-0.4364357804719846,0.1291794312410964,-0.916344443581708,-1.6422888282708594,0.0,0.5619514869490164,-0.5619514869490164
269,2026,16,1955837,2026-05-17,Bahia 1 x 1 Gremio,1221,Bahia,60.79,39.21,Casa,0.488595491202727,1.2691437469564157,0.21442405591095728,2.071471323078621,1.0039594497178541,1.0072046684602414,-0.3001838253305221,1.2953181936051847,1.9509860326232862,0.7344258541433856,1.3386373481713256,-0.8913221000524604,1.1006859374700075,1.7267769920544438,1.7429460538324666,0.15116037102902555,1.1553106733506642,0.2828660037469076,1.7230995806825715,-0.11624763874381926,0.5876279175411236,-0.23762639240610772,1.5343168170665675,1.323882138326292,2.4143256086431824,0.4307748951706429,-1.0462287486943735,-0.5992487005365473,-0.7185743739972775,1.7770505792492806,-1.53827529643267,-0.4831411427610469,2.2969583151123865,1.501928587421163,2.7099478105316543,1.9697526216593602,-0.6172540574913096,0.9367325330594171,1.30892578601184,1.5812734589891688,-0.4364357804719846,0.3667003122512625,1.5433996420552032,0.9321368581989669,0.0,0.5619514869490164,-0.5619514869490164
270,2026,16,1955840,2026-05-17,Chapecoense AF 2 x 3 Remo,4617,Remo,45.39,54.61,Fora,-0.9129003846261068,-1.14744935083015,0.17917333413434258,-0.7312069749532941,0.17373101871398802,-1.6380061388898,-0.4265770149433735,-1.82220319088828,-0.5278116785591868,-0.4564430327519979,-0.41647779962081216,-1.4743480014029393,-1.6254724018938203,-1.4234242772340684,-1.0978951254250078,-0.4560694824681044,-0.3614669933711832,-0.5309618000962562,-0.789753974479512,-1.2787240261820123,-1.3348466596817397,-0.23762639240610772,-1.2566855809905666,1.105959152593569,0.29817272829166414,1.50771213309725,0.11624763874381926,-0.5251909245020557,-0.16056694623190826,0.30831198876421034,0.6669802515837168,0.4810032644954411,-1.2993211100823807,-0.9155635054904547,-1.018255273004551,-0.7787394085630032,0.39593572546084527,-0.4175795629301015,1.30892578601184,0.05767630652263302,0.6546536707079772,0.30488947950367995,-0.234079660704317,-0.19532603519678848,0.5590169943749475,-0.3746343246326775,1.3112201362143714
271,2026,16,1955840,2026-05-17,Chapecoense AF 2 x 3 Remo,8865,Chapecoense AF,54.61,45.39,Casa,0.5790359624486656,-0.1575339272271372,0.6006172683736811,0.6322016477590676,0.9578480413699803,-0.39546614310634354,-0.1737906357176707,0.25614439877403017,-0.07146388784987016,-0.4810032644954411,1.2993211100823796,0.9155635054904547,1.3145669250216616,0.6767099022916064,0.31711416064091436,-0.8001663994498113,1.181246083800676,1.7611153640454615,-1.5077121330972503,-0.11624763874381926,0.5251909245020557,0.5289103572910154,0.628533877410938,0.016344223929954067,0.7799157402693272,0.7897539744795119,1.2787240261820123,1.3348466596817397,0.36143715094865536,-0.30831198876421034,-0.5079901324352248,0.4564430327519979,0.41647779962081105,1.4743480014029393,0.9462927787767303,1.2062826132642592,1.0048238161772842,1.162451215724337,1.30892578601184,1.240233558778313,0.6546536707079772,-0.006542097649982427,0.811760434101158,0.6797671080765988,-0.5590169943749475,-1.3112201362143714,0.3746343246326775
272,2026,16,1955813,2026-05-16,Fluminense 2 x 1 Sao Paulo,1224,Sao Paulo,49.45,50.55,Fora,0.21759601805888812,0.36624307703399905,0.22689769697955228,-0.2868680981485343,-0.05680713806449753,-1.0644687698877122,0.331782122733735,1.399235573088301,0.9310975980949817,-1.4917343893586923,0.8890744435717267,-0.2519370282381016,-0.002943367744787659,-0.02333482421695186,0.37715423462170655,1.2551692157822434,-0.10693436644895038,0.45662408765319246,0.6461623427559643,0.4649905549752772,0.6879879905403031,1.142139757048714,0.9976063122851426,-0.09261726893640741,-0.41443154527009995,0.7897539744795119,-0.4649905549752772,-0.49092807781841963,-1.0105060380243702,0.739435276314442,-0.605407510813518,1.2920557631382958,0.30349094511858593,-0.8399359405525725,-1.3504626734745928,0.29011860319013816,0.3073701849929989,0.2595764850646578,-0.18698939800169143,-0.017991363283430692,-0.4364357804719846,-0.34444518808928504,0.0666554738534807,-0.25132016054543965,-0.5590169943749475,-0.3746343246326775,-0.5619514869490164
273,2026,16,1955813,2026-05-16,Fluminense 2 x 1 Sao Paulo,1232,Fluminense,50.55,49.45,Casa,0.01623316013145837,-0.17078593688293311,-0.008516687703541767,-0.4204764736217431,0.19732447563661984,-0.9085421821815535,-0.11059404091124499,0.8956359648239716,-0.06611631564773064,-1.2920557631382958,-0.30349094511858704,0.8399359405525725,1.3821024489497353,0.09333929686780786,-0.4517196248953055,0.5316910792205602,-0.07125252786804233,0.45064929977523366,-0.789753974479512,0.4649905549752772,0.49092807781841963,0.06898830747274151,0.1807313074099124,0.23426720966267703,-0.08979689739136174,-0.6461623427559642,-0.4649905549752772,-0.6879879905403031,0.5760659469646598,-0.739435276314442,-0.6498486942427067,1.4917343893586923,-0.8890744435717278,0.2519370282381016,-0.30533320283890447,0.13742460151111796,0.2460555800537217,-0.6432982455950212,0.5609681940050744,0.03621790684799714,0.6546536707079772,0.5543116339721256,0.18784724449617504,-0.21120526504809192,0.5590169943749475,0.5619514869490164,0.3746343246326775
274,2026,16,1955829,2026-05-16,Atletico MG 3 x 1 Mirassol,1235,Atletico MG,47.93,52.07,Casa,0.2946439645107513,-0.05544096700711995,-0.4914309896087827,-0.05275817139242944,0.17614032623046005,-0.7885145091194778,-0.3633804201369478,0.580886209658766,-0.460769809932787,-0.4606381865490203,0.9428705529940443,0.7560158794592211,-0.5618240929234931,-1.190076035064549,-0.5018198100040413,-0.31890697438404675,-0.4424488836128427,1.2244773388929966,1.0051414220648334,0.4649905549752772,0.6364728870583133,-0.39093374234553235,-1.0062250479427652,-0.09261726893640741,-0.6642744967160028,-0.28718326344709516,-0.4649905549752772,0.30867471747767605,-0.7066360600056186,0.24461116463937332,0.41575241615740804,0.6627843898878775,0.23127896097391262,-1.3384661756026561,0.6515433644196524,-1.0841274119210436,1.3701566706071469,0.03385780239973805,0.5609681940050744,0.6137560689105608,0.6546536707079772,0.37441807520170545,-0.44504311330456253,1.4062060536591472,1.118033988749895,0.5619514869490164,1.3112201362143714
275,2026,16,1955829,2026-05-16,Atletico MG 3 x 1 Mirassol,6332,Mirassol,52.07,47.93,Fora,0.3102706051220678,0.1587257418424622,-0.18360352031946117,-0.3260964221842379,-0.0443268841356983,-0.041200538066042375,-0.2369872305240964,0.13388865820565835,0.1140460740909768,-0.6627843898878775,-0.23127896097391373,1.3384661756026561,0.47794253402663517,-0.37335718747123103,0.2560863364187073,-0.367745140141249,-0.04917664288742996,0.008863936793141965,0.2871832634470952,0.4649905549752772,-0.30867471747767605,-0.544241092284957,1.2919191874409899,-0.2015787618027689,-0.16821443257534086,-1.0051414220648331,-0.4649905549752772,-0.6364728870583133,-0.17758847822992074,-0.24461116463937382,-0.23701501506021755,0.4606381865490203,-0.9428705529940455,-0.7560158794592211,0.6391119083556889,-0.7787394085630032,-0.09117474711230618,-1.3204542935897805,-0.18698939800169143,0.36757742309902464,-0.4364357804719846,2.3792965094653544,-0.018627624006193177,0.03400099458674087,-1.118033988749895,-1.3112201362143714,-0.5619514869490164
276,2026,16,1955832,2026-05-16,Internacional 4 x 1 Vasco da Gama,1219,Internacional,37.02,62.98,Casa,0.1826395206324577,0.5623041757416145,1.0904809634275876,0.4370178290506549,0.8485865309471224,0.058863957392709165,1.153337855217269,0.3506147437586802,-0.44841357712254304,-0.39080440145123096,-0.4004369553285607,0.6697739194423374,0.8806761468415373,0.443361660122087,-0.24551512791483587,1.9385015761710827,1.1537338244234774,1.3272980636497258,1.0051414220648334,1.0462287486943735,0.5615661511834098,0.6822177072304401,-0.7404525953657627,-0.7463862261345763,0.4965957928822359,0.7897539744795119,3.0224386073393017,2.8828805841205902,3.5353143130166105,-0.3452531361437181,0.5672963723347352,0.3484417645980218,-0.014241785117974417,1.6788821250174486,0.4286841124468635,0.13742460151111796,-0.09117474711230618,-0.19186088026518172,0.5609681940050744,1.039844777083124,2.836832573067901,1.016304825523092,-1.0734448870074238,0.5314792780236541,1.6770509831248424,0.5619514869490164,2.2478059477960652
277,2026,16,1955832,2026-05-16,Internacional 4 x 1 Vasco da Gama,1226,Vasco da Gama,62.98,37.02,Fora,-0.3813369698459171,-0.8786616104465977,-0.2879068603035769,-0.10985199027439702,-0.7892749134925109,0.6626523319671378,-0.11059404091124499,-1.2283895938419058,0.3333551998735482,-0.3484417645980218,0.014241785117973298,-1.6788821250174486,-0.6482387748007189,0.3266875390373273,-0.029141399004904665,-1.7514931699286482,-0.3097668121143526,0.1101100684726998,-0.789753974479512,-3.0224386073393017,-2.8828805841205902,-0.0843190424666831,-0.0019423906592128974,1.2149206454599304,1.223354749602902,-1.0051414220648331,-1.0462287486943735,-0.5615661511834098,-0.8047302033962892,0.34525313614371866,-0.8570901302878312,0.39080440145123096,0.4004369553285596,-0.6697739194423374,-0.5153241331275289,0.13742460151111796,-0.09117474711230618,0.2595764850646578,-1.6829045820152229,-1.5076682745705727,-0.4364357804719846,-1.566229911133065,1.9518607949620623,-1.353682053192481,-1.6770509831248424,-2.2478059477960652,-0.5619514869490164
278,2026,15,1955783,2026-05-11,Vasco da Gama 1 x 0 Athletico Paranaense,1226,Vasco da Gama,51.71,48.29,Casa,0.17910934024150857,1.1836990073559095,0.642691492587038,0.8453875785988483,0.9443362152044125,0.32045874183171813,0.9696747035698284,0.02998231946800137,-0.33379335695050616,0.6158451147281221,-1.0704842217905124,1.2424753166173008,-0.023575008710174268,1.8075281200249504,0.8195345455414342,-0.4496315107499861,1.2082223606133424,0.828221431910648,0.8167389151214477,1.2909944487358056,0.3273096955171784,0.28852563101928436,-0.430530656739259,0.3045481208280101,0.9835001281920606,0.10787117746887032,2.151657414559676,0.0974374333196778,1.4340772683856458,0.30603143334770283,-0.1905082924584794,0.8977380290951333,0.7907500692549806,1.1349905157930096,1.1497782959996998,0.42573111140368053,0.7716792318620249,0.46239427251174997,1.799493993870355,1.3227115042578388,-0.1203858530857693,1.7372412587309571,0.8006548147719993,1.2933696972833402,1.118033988749895,1.6644794391276478,-0.384110639798688
279,2026,15,1955783,2026-05-11,Vasco da Gama 1 x 0 Athletico Paranaense,1243,Athletico Paranaense,48.29,51.71,Fora,-0.9250658180627542,-0.44006127545370766,-0.8298438194755211,-0.004522392911476547,-0.27447073417807816,-1.0022287765095548,-1.0914695938732863,0.8168466906581238,-0.5113789487298381,-0.8977380290951334,-0.7907500692549806,-1.1349905157930096,0.10736788835125509,0.29552741125883203,0.2037560789548836,-0.5745325763702883,-0.4487524662830897,0.13700635274838555,-0.10787117746887032,-2.151657414559676,-0.0974374333196778,-0.11406827272855453,-1.842560235526958,-0.32016597317816353,0.08082020006569038,-0.8167389151214477,-1.2909944487358056,-0.3273096955171784,-0.5945350715621978,-0.3060314333477024,-0.9340179578998614,-0.615845114728122,1.0704842217905124,-1.2424753166173008,0.45993295652858457,-0.2554386668422083,-1.115477267411993,-0.8862556889808538,0.1255460925956061,-0.32101217676769483,-1.3242443839434612,1.0544600027506161,0.5029029312569383,-0.4733507008947171,-1.118033988749895,0.384110639798688,-1.6644794391276478
280,2026,15,1955786,2026-05-10,Santos FC 2 x 0 Red Bull Bragantino,1241,Santos FC,50.92,49.08,Casa,0.15914839451261456,-0.16406143549101776,0.5356292514876426,0.6001300518371815,0.47305514725493997,0.991366857597418,0.31385606347429196,0.26141301687686147,1.2336950477263708,0.4817159036658619,0.14626087681777816,-0.7441742145748768,1.2382983636228009,-0.5292002480681416,-0.14130243514222154,2.5287443970636834,1.2450271340050885,0.28179456241702644,-0.416074541665643,0.4303314829119352,0.6065982297117013,1.2279114064309085,0.99337152185705,0.07028033557569496,-0.3879552533554906,-0.8167389151214477,1.2909944487358056,-0.6758385243266902,0.4479567114478444,0.2702192443389287,-1.1364179279741438,1.413514883487265,-0.6602337992160001,1.5955954422286658,1.1949393199971317,1.220429186023884,-0.5463348311230034,-0.8862556889808538,0.1255460925956061,-0.11327309783949707,1.0834726777719226,1.6660407301620153,-0.2504093340361674,-0.2500669017514308,2.23606797749979,1.6644794391276478,0.8962581595302718
281,2026,15,1955786,2026-05-10,Santos FC 2 x 0 Red Bull Bragantino,5438,Red Bull Bragantino,49.08,50.92,Fora,0.0512778870968319,-0.21246628472628307,0.24168263105799426,-0.033212247879376294,-0.5709683590716153,0.539859619293283,1.4381165893523544,1.2611936296831352,0.5111716413590992,-1.4135148834872653,0.6602337992160001,-1.5955954422286658,-1.3819805812729578,-0.39174563818031266,0.016136032889538292,-0.09574515815912978,0.49967919682215517,0.8532326791309677,0.8167389151214477,-1.2909944487358056,0.6758385243266902,2.033099213926586,-0.09096710640206178,-0.007808926175076726,-0.813166401250835,0.416074541665643,-0.4303314829119352,-0.6065982297117013,-0.46997045375518975,-0.27021924433892913,-0.11238443243800836,-0.4817159036658618,-0.14626087681777816,0.7441742145748768,-0.46054308493567464,-0.1419103704678935,-0.8141665658472337,-0.5009271285543956,0.1255460925956061,-0.7996145314331908,-1.3242443839434612,-0.9458210823641214,-0.375465125112493,-0.987765959593205,-2.23606797749979,-0.8962581595302718,-1.6644794391276478
282,2026,15,1955790,2026-05-10,Corinthians 3 x 2 Sao Paulo,1237,Corinthians,50.3,49.7,Casa,0.4718010453577695,-0.4725379869601594,0.3380589057457823,0.0200046357486829,0.390408985481417,-0.10099451361764691,-2.1220417425948437,0.6779882722128086,0.40398965645324314,-1.116455447092533,0.8280786616972795,1.55305664494384,0.8269177136741613,-0.6666548579559706,-0.37709106530708886,-1.1131684218578417,-3.497367051121511,-1.072608936701212,-0.416074541665643,-0.4303314829119352,-2.5549572460361976,-0.9192560802242322,0.4843011395740361,0.07028033557569496,-0.0071208732159895255,0.7242779058624156,1.2909944487358056,1.477374990560652,0.3777556849509738,0.6871433396155975,-0.7338162089150327,0.6842363647140688,-0.32335937690896893,-0.021244868871460088,-0.26252055084043685,-0.0283820740935787,1.44566369588846,0.26972999229852085,0.1255460925956061,0.04441817303350187,2.2873312086296145,-0.16446885322655927,-0.5183860291997227,-0.08057589296330539,1.118033988749895,-0.8962581595302718,2.1766269588592317
283,2026,15,1955790,2026-05-10,Corinthians 3 x 2 Sao Paulo,1224,Sao Paulo,49.7,50.3,Fora,0.32342402265103304,-0.6556718329517226,0.3587433593450116,-1.1560093403727207,-0.6659417914528374,0.9067910276467589,0.22016768631778671,-0.7260246254009395,0.5233619029122365,-0.6842363647140689,0.32335937690896893,0.021244868871460088,0.2934810536531391,-0.5292002480681416,-0.07821472914052756,0.5027391146048182,0.5228917606685192,0.007644871452654691,-0.7242779058624156,-1.2909944487358056,-1.477374990560652,0.15432766310333804,1.9089492258053704,-0.3982552349289352,-0.5532522950860016,0.416074541665643,0.4303314829119352,2.5549572460361976,-0.35896752248728164,-0.687143339615597,-0.5520316423967144,1.1164554470925327,-0.8280786616972795,-1.55305664494384,-1.5557587152341656,-0.9366084450880972,-2.1114765309177246,-1.2715842494073122,-0.7114278580417683,-0.9116425536876048,-0.1203858530857693,0.15058086732909898,-0.5570937740566804,-1.1081768257072304,-1.118033988749895,-2.1766269588592317,0.8962581595302718
284,2026,15,1955792,2026-05-10,Mirassol 1 x 1 Chapecoense AF,6332,Mirassol,59.75,40.25,Casa,0.6243052700890243,0.7658296175639763,0.4841664578840074,-0.26430395655432015,-0.06478665635163425,0.36809916475183996,0.7822979492568181,-1.4048880044669283,0.8166451125078131,0.5583955644933905,0.8018782408329014,0.4048983365676367,0.16557222887607753,0.7078912409223188,0.8001534671034308,-1.1131684218578417,-0.3189006353341465,0.4569312661526974,1.1249422793182202,0.4303314829119352,0.6758385243266902,0.6911195347671232,0.517847307481896,1.2416192618372703,0.531206668492108,0.416074541665643,0.4303314829119352,-0.2145795628746976,-0.39199338135982303,0.9592783174031976,-0.17376974763259218,-0.5159080270608083,-0.007555582425369379,-1.749017059651834,-0.25992150154327476,-0.0283820740935787,0.7989109273782445,1.6183799537911248,-0.7114278580417683,-0.009842832489568742,-0.1203858530857693,-1.3250402432857027,0.9138005305077226,-0.1388971463405462,0.0,0.384110639798688,-0.384110639798688
285,2026,15,1955792,2026-05-10,Mirassol 1 x 1 Chapecoense AF,8865,Chapecoense AF,40.25,59.75,Fora,0.30683063881477857,-0.7908763028944661,-0.7169023106678615,-0.7074008082863046,-0.88058183880084,-0.5508776889681929,-0.24827419946473936,1.2611936296831352,-0.8519067651299354,0.5159080270608084,0.007555582425369379,1.749017059651834,-0.23836343257986464,-0.9415640777316284,-1.3755351092686576,-1.1131684218578417,-0.35358636245797903,-1.0669560412096657,-0.416074541665643,-0.4303314829119352,0.2145795628746976,-0.6508601443923397,-0.8061104784996651,-0.7887015436827937,-0.7540109859074883,-1.1249422793182202,-0.4303314829119352,-0.6758385243266902,-0.5004679352022154,-0.9592783174031976,1.205729236590731,-0.5583955644933903,-0.8018782408329014,-0.4048983365676367,-0.663548338341483,-1.2771933342110415,-0.2933826372167859,-0.5009271285543956,-0.7114278580417683,-0.7333624334467043,-1.3242443839434612,-0.7862386614325771,-0.5958015189136386,-0.9165563431071853,0.0,0.384110639798688,-0.384110639798688
286,2026,15,1955795,2026-05-10,Atletico MG 1 x 1 Botafogo RJ,1235,Atletico MG,42.51,57.49,Casa,-0.3647479859427266,-0.6783598365833389,-0.43735827646431086,-0.29638375455280636,-0.0018350681529148705,-0.8069326328618498,-1.5599114796558124,-0.6474784493106602,0.16158391748143586,-0.2861812220727537,0.5916480695909745,-0.8273590471617404,-0.4287261073773885,-1.0790186876194574,-1.4044213625298654,1.328647411019067,0.055576589432393596,-0.702850940367144,0.20033218672790234,-0.4303314829119352,0.3306570428481299,-1.0534540481401786,1.2418215360041105,-1.179147852436652,-1.234004595478981,-0.20033218672790234,-0.4303314829119352,-0.34222937702795714,-1.0027056245733075,0.014906460661889345,1.219332024464729,-0.5907940991275872,-0.7166718301226956,-0.2432379036069499,-0.2405317451434692,-0.1419103704678935,1.3163131421864174,0.655058552724979,0.1255460925956061,0.0006101555983754549,-0.1203858530857693,-0.6377031034599081,-1.125799871570448,-0.12766198103261486,0.0,0.384110639798688,-0.384110639798688
287,2026,15,1955795,2026-05-10,Atletico MG 1 x 1 Botafogo RJ,1227,Botafogo RJ,57.49,42.51,Fora,0.5039355899746314,-0.019636766486186466,0.19307260110115662,-0.11717569842110698,0.35897655766828346,0.848646039424374,-0.06089744515172892,0.48358648638936585,0.8319714296453873,0.5907940991275873,0.7166718301226956,0.2432379036069499,-1.358594432765321,-0.6666548579559706,-0.04255587762861282,-1.1131684218578417,-0.16833531408073987,-0.2892194829454035,0.20033218672790234,0.4303314829119352,0.34222937702795714,-0.3824642085604471,0.15824723518706516,0.6169051678310968,0.41484661519043153,-0.20033218672790234,0.4303314829119352,-0.3306570428481299,0.5357481159651919,-0.014906460661889345,0.5107571913073385,0.28618122207275365,-0.5916480695909745,0.8273590471617404,-0.6895073105933044,0.3122028150293657,-0.47937689744194606,0.8477228329382082,0.1255460925956061,0.6887534221154265,-0.1203858530857693,0.21030021441595198,-0.21467910801436013,0.6119737374635937,0.0,0.384110639798688,-0.384110639798688
288,2026,15,1955798,2026-05-10,Gremio 0 x 1 Flamengo,1244,Gremio,32.17,67.83,Casa,-1.2699444485751152,-1.4928174572084942,-1.0750372811798026,-1.1654512645680721,-1.520785678516793,-1.666235664911751,-0.3419625766212446,-1.0716278001981703,-1.8836159424049248,-1.864486160936287,-1.5823600578255441,-0.9210929112302093,0.435836801373732,-1.766291737058602,-1.5093518820171608,-0.5681202448763889,0.7112714871091902,0.8809475544159939,-2.265294726846279,-0.4303314829119352,-0.05206704554715258,0.15432766310333804,-1.6943167571046853,-0.7887015436827937,-0.8288860221113047,-1.7413490077117657,-1.2909944487358056,-0.5137350923804337,-1.0891895929471034,-1.7656151221692187,0.8491491559587094,-0.025323317748212087,-1.3252788740628025,-0.41766100232769127,-1.1532500597125763,-1.617778223333986,-1.1967833297389916,-1.4642485296205412,-1.5484018086791427,-1.4714765375539722,-1.3242443839434612,-1.6954375237829111,-0.7684976113523739,-1.7099021219400543,-1.118033988749895,0.384110639798688,-1.6644794391276478
289,2026,15,1955798,2026-05-10,Gremio 0 x 1 Flamengo,1239,Flamengo,67.83,32.17,Fora,0.7770569757633836,1.5612290991417968,1.6813169602341504,1.7110010764553953,1.0778052685459707,0.5622631568421668,-0.15458582230823414,-0.2940206569044022,1.4986352618128338,0.02532331774821209,1.3252788740628025,0.41766100232769127,1.894446724508876,1.6700735101371214,1.5424994299824943,1.0670242860679693,0.6703289807120388,1.4597608969700282,1.7413490077117657,1.2909944487358056,0.5137350923804337,1.6305053101787472,1.14190177018738,1.4758870470895855,1.6914446718357163,2.265294726846279,0.4303314829119352,0.05206704554715258,3.1439814241909754,1.7656151221692191,-1.7397851329384186,1.8644861609362866,1.5823600578255441,0.9210929112302093,2.5749362145966095,2.0151272606440878,0.6414406880888014,1.2330513933646665,0.9625200432329805,1.3956145170346916,-0.1203858530857693,0.7650555600697443,2.4948630319726988,1.3717279038653263,1.118033988749895,1.6644794391276478,-0.384110639798688
290,2026,15,1955807,2026-05-10,Bahia 1 x 2 Cruzeiro,1221,Bahia,49.12,50.88,Casa,-0.4252803943438873,-0.3390094807131658,-0.8658269559634482,-0.4115853812973821,-0.9965423660957522,0.5072048389991525,-1.7472882339688227,1.92771403822065,0.08263581766924612,-0.865580772015767,-0.15900595443789248,-0.7441742145748768,-0.3594708587504689,0.29552741125883203,-0.18875258114037174,0.17652303916869458,-0.1800296001423176,-3.204037066246651,-1.0324812700591883,-0.4303314829119352,-2.150829270258104,-1.8586418556358564,-0.7192358123341571,-0.08589818792584843,0.495627549356228,-1.1249422793182202,-0.4303314829119352,-0.6758385243266902,-0.9759121176546719,-0.5642121329968752,-0.2653416237000869,-1.8876969977043787,-0.261696249961895,-0.16159304888660211,-0.6588400933441559,-1.0501367414624119,-0.7532957170462722,-1.2715842494073122,-0.7114278580417683,-1.0868712254505253,-1.3242443839434612,-0.5126813032725336,-0.13428609946529305,-0.013339591601949776,-1.118033988749895,-0.8962581595302718,-0.384110639798688
291,2026,15,1955807,2026-05-10,Bahia 1 x 2 Cruzeiro,1230,Cruzeiro,50.88,49.12,Fora,0.17878850312748049,0.7547235263363408,0.32549879719393576,0.6368710391649252,0.7583116996799697,0.6808688978361187,-0.43565095377774976,1.3722803644393875,0.14329490698861624,1.887696997704379,0.261696249961895,0.16159304888660211,0.5109135274961702,0.9828004606979768,0.48081988241723067,-0.42982443877661736,-0.13402379618358798,0.14969286898720932,1.1249422793182202,0.4303314829119352,0.6758385243266902,-0.2482662406445008,0.7012529193250613,-0.32016597317816353,0.31322192449058867,1.0324812700591883,0.4303314829119352,2.150829270258104,0.35735932469009424,0.5642121329968752,-0.7676661938587999,0.8655807720157669,0.15900595443789248,0.7441742145748768,1.0800918546500562,0.1986745186550509,1.1945714445844944,1.2330513933646665,0.9625200432329805,0.9081008356016821,1.0834726777719226,0.11920073076443181,-0.00625278955381695,0.8477345007641407,1.118033988749895,0.384110639798688,0.8962581595302718
292,2026,15,1955810,2026-05-10,Remo 1 x 1 Palmeiras,4617,Remo,27.72,72.28,Casa,-1.382152114202244,-0.5482240178744127,-0.9727494645035639,-1.0087119916598035,-0.012037893894213083,-3.1748983745902697,0.03279093200477629,-0.46306568805522086,-1.7569869626852161,1.094704567918127,-1.0737803822681504,-1.3560180405079028,-0.8987472994439152,-0.5292002480681416,-1.3058022737125814,-0.023072067894936127,-0.950094260698276,-0.9060813448913342,-1.6488879984527336,1.2909944487358056,0.6758385243266902,-1.8586418556358564,-0.25561525523930534,-1.3353263759381955,-1.6040346340931355,-0.20033218672790234,-1.2909944487358056,-0.6758385243266902,-0.8955866647443183,-1.0899515042178438,2.4151402448575854,-2.1141308590737165,-1.007524350194326,-1.6386226933728831,-0.29874941885416134,-0.9366084450880972,1.2423985400709638,0.26972999229852085,0.1255460925956061,0.31183033863037307,-0.1203858530857693,0.30788558561521207,-1.950572588907168,0.20684621644269882,0.0,0.384110639798688,-0.384110639798688
293,2026,15,1955810,2026-05-10,Remo 1 x 1 Palmeiras,1234,Palmeiras,72.28,27.72,Fora,0.7707470307937963,0.8516530134617355,0.3973760239886197,1.1254530990204779,0.6391637500160039,0.018736063337612647,0.31385606347429196,0.6779882722128086,-0.5058202438846536,2.114130859073717,1.007524350194326,1.6386226933728831,-2.6625020360769835,0.43298202114666096,1.482303397236573,1.4303897373889378,-0.4786380182416325,0.6540585234224944,0.20033218672790234,1.2909944487358056,0.6758385243266902,0.42272359893523065,-0.27137889775440993,1.1635300000864988,0.8075446824357142,1.6488879984527336,-1.2909944487358056,-0.6758385243266902,0.7114878929474707,1.0899515042178438,-0.09879794601748133,-1.094704567918127,1.0737803822681504,1.3560180405079028,0.9820624690880146,1.788070667895458,-0.7739918056385993,0.8477228329382082,0.1255460925956061,0.744110623909961,-0.1203858530857693,0.2917855996300232,0.8840253421562169,0.6714732133946361,0.0,0.384110639798688,-0.384110639798688
294,2026,15,1955780,2026-05-09,Fluminense 2 x 2 Vitoria,1232,Fluminense,57.83,42.17,Casa,0.1968723911168349,1.0706531794981513,-0.32038445425568624,0.4601942639138692,-0.22558200723669958,0.7630313663505318,0.5012328177873023,-0.7260246254009395,0.410581570484283,0.16976603056969247,0.2965506645673407,-0.3846852517877209,0.5265570971345711,1.2577096804736345,1.1614259110920422,-0.4591106094800983,-0.34901836719147,0.39055686480667134,1.433145643514993,0.4303314829119352,0.6758385243266902,-0.3824642085604471,-0.4646907707288131,-0.16398744967662013,1.067948228385408,0.416074541665643,-1.2909944487358056,-0.6758385243266902,-0.03624438949807468,1.131809468993731,-1.4081202421058387,0.5185021837044386,1.7008898956863772,-0.9586682407327037,-0.033254068291927674,0.08514622228073611,1.3163131421864174,-0.3082628483411665,-0.7114278580417683,-0.6208155410698025,1.0834726777719226,-0.7727660299825849,1.2026198575173321,-0.7955877808061508,0.0,-0.8962581595302718,0.8962581595302718
295,2026,15,1955780,2026-05-09,Fluminense 2 x 2 Vitoria,1238,Vitoria,42.17,57.83,Fora,-0.10188609709881712,0.3777068098711422,-0.6062393261277278,-0.5178780594425101,-0.9150811349967403,0.15889556845043518,0.5012328177873023,-1.4604313718450543,0.24572460916689912,-0.5185021837044386,-1.7008898956863772,0.9586682407327037,0.7715411863335191,0.5704366310344899,0.06547070137991631,0.9368635273858312,0.8198570594841517,0.17245637406500408,-0.416074541665643,1.2909944487358056,0.6758385243266902,-0.5166621764763935,0.5591020689585726,-0.7887015436827937,-0.34799846564735015,-1.433145643514993,-0.4303314829119352,-0.6758385243266902,-1.0276971791388245,-1.1318094689937315,0.35712815152804045,-0.16976603056969244,-0.2965506645673407,0.3846852517877209,-1.027837355996689,-0.4824952595908379,-0.45147775840817156,-0.8862556889808538,-1.5484018086791427,-1.1132846052309793,-0.1203858530857693,-1.27797812399705,-0.12833106179499218,-0.04172943436058028,0.0,-0.8962581595302718,0.8962581595302718
296,2026,15,1955802,2026-05-09,Coritiba 2 x 2 Internacional,1236,Coritiba,33.33,66.67,Casa,-0.6446496777245433,-1.301348343822271,-0.3177229628704839,-0.8159747592019426,-0.4307805224365718,-0.051136556945232815,1.8128700979783754,-0.5717374937950328,-2.1504186008593345,-0.09670587066993679,-1.9973282124749636,0.021244868871460088,-0.23569485825106948,-1.6288371271707731,-1.5612838935200901,-1.1131684218578417,0.8795415722821731,0.08705203073016798,-0.7242779058624156,-1.2909944487358056,0.6758385243266902,0.5569215668511769,-1.6991696194999921,-1.4134156376889673,-1.7951978101001969,-0.508535550924675,0.4303314829119352,1.4091512092518363,0.7275299811276187,-1.5924836619257594,1.0442580364784189,0.3108795483017873,-1.40786221734008,0.7036303465913624,-0.9671835041332935,-0.8230801487137823,0.022807605165986157,-1.078919969194083,-0.7114278580417683,-0.8052923110619706,1.0834726777719226,0.03316417416447016,-1.295518445174033,-0.9938685966740718,0.0,-0.8962581595302718,0.8962581595302718
297,2026,15,1955802,2026-05-09,Coritiba 2 x 2 Internacional,1219,Internacional,66.67,33.33,Fora,0.5704294464103987,0.5495767679361725,0.9438283708830674,1.0995679104084446,1.9173364273336904,0.6870828660430911,0.8759863264133232,-1.4048880044669283,1.130629946436961,-0.3108795483017874,1.40786221734008,-0.7036303465913624,0.816722030203825,0.7078912409223188,1.4122117628096311,0.194947202897645,0.26634973060568645,0.8823975351514642,0.508535550924675,-0.4303314829119352,-1.4091512092518363,0.8253175026830695,0.5677808654487612,2.6472259733511607,1.9394666678028174,0.7242779058624156,1.2909944487358056,-0.6758385243266902,-0.3926264707828074,1.5924836619257596,0.5111633071498949,0.09670587066993677,1.9973282124749636,-0.021244868871460088,0.829704636104515,1.6745423715211434,-0.2143350766210931,1.6183799537911248,2.6364679445077295,2.5703382758496556,1.0834726777719226,1.78242020117142,1.1222268489682656,2.634354007559307,0.0,-0.8962581595302718,0.8962581595302718
298,2026,14,1955761,2026-05-04,Mirassol 2 x 1 Corinthians,6332,Mirassol,40.33,59.67,Casa,0.5347537902158183,-0.1753974276291379,-0.10591902900828783,-1.3079018848907682,-1.3760619164934205,-1.0368654603424532,0.97979797979798,-0.2750002820678141,0.9452045082642587,-1.4556620459219813,0.5012541570410037,0.8865309091362636,0.40783611740468584,-1.1781803770330603,-1.0707874637279988,-0.6145340828001348,0.6971551919950278,1.1964126185501074,1.1884066970038472,0.35897143324066066,0.5175963920413914,0.12042464343737545,1.2037983343540475,-0.7011575765923036,-1.0125272402398868,-0.8875442420661644,-0.35897143324066066,-0.28006633055619334,-0.012063899942021306,-0.3714205767283179,1.2051534420734,-0.5334275281274633,-0.8951344717679335,-2.2286355399815676,-1.736416951085254,-1.5037771952304466,-1.823126160021602,-1.3255407230390908,-1.6697866249041395,-1.656226441112665,-0.30151134457776363,-1.6910152837109746,-0.8352527831446845,-0.7370993199112702,0.7071067811865475,0.5129891760425771,0.5129891760425771
299,2026,14,1955761,2026-05-04,Mirassol 2 x 1 Corinthians,1237,Corinthians,59.67,40.33,Fora,1.148157124595353,0.06412196131639121,-0.03601451839534845,-0.2948067026612388,-1.078078109085675,0.2888148551803957,1.484848484848485,0.2377426112508171,-0.190967432000111,0.5334275281274633,0.8951344717679335,2.2286355399815676,1.2576558434938696,-0.6034582418949821,-0.38656958814627806,-0.1207751165930474,1.9879024585318357,1.4166214929720673,0.8875442420661643,0.35897143324066066,0.28006633055619334,1.083821790936379,-0.27329877856498763,1.49650049929402,0.7818762787404454,-1.1884066970038474,-0.35897143324066066,-0.5175963920413914,-0.9757324917929941,0.3714205767283179,-1.1678230679326027,1.4556620459219813,-0.5012541570410037,-0.8865309091362636,-0.1628623211960058,-1.0320039575110909,0.8459826321131939,-0.3920613406171958,-1.6697866249041395,-1.3677082172490176,-0.30151134457776363,-1.6805225523317195,0.6774464999122078,-1.8249313386655333,-0.7071067811865475,-0.5129891760425771,-0.5129891760425771
300,2026,14,1955755,2026-05-03,Sao Paulo 2 x 2 Bahia,1224,Sao Paulo,37.8,62.2,Casa,-1.0829431756137702,-0.2049495136810821,0.12593351403707523,0.7256572429805428,0.8113657589509422,-1.9493169593476498,-1.242424242424242,-1.1979374900413517,-0.8490025257728089,0.34508623169324315,-1.1532199248635882,-0.6607045593846674,0.11877377402774342,-0.48851381486736645,-0.022537217185901022,-0.5454078275311425,0.0007190240006565757,-0.5674081503283518,-0.015043122746884087,-0.29370389992417684,0.6127174681789028,-1.003538695311462,-0.6519363996787533,-0.805807961158319,-1.1978876186590668,0.31590557768456695,0.9463792330890143,0.8961778482573352,1.9545993295974042,-0.8827268252114564,0.4067338716964375,-1.8476076290949206,0.30230472223186006,1.695835375973834,1.7872156989279333,1.3268622310856883,0.2649521467505177,0.914809794773457,0.13538810472195717,1.1744375986197864,0.9045340337332909,0.3611570085386198,-0.7356511842602798,0.9169641280094191,0.0,-0.5129891760425771,0.5129891760425771
301,2026,14,1955755,2026-05-03,Sao Paulo 2 x 2 Bahia,1221,Bahia,62.2,37.8,Fora,-0.6647829921846984,0.3969956754416527,-0.025625785706556464,0.8874310742476886,0.8580687571449312,-0.23280644710028797,-0.030303030303030016,0.6365426393875305,-0.22694774301910803,1.8476076290949206,-0.30230472223186006,-1.695835375973834,-1.806458731021335,1.235652590546868,1.6146149219933237,0.729066469070033,-0.6615873304633622,-0.3078815948617827,-0.3159055776845669,-0.9463792330890143,-0.8961778482573352,0.12042464343737545,-0.5019122910604312,0.3453462690678506,0.27136596910472544,0.015043122746884088,0.29370389992417684,-0.6127174681789028,-0.42636035835519454,0.8827268252114558,-1.3035663851257402,-0.34508623169324315,1.1532199248635882,0.6607045593846674,0.8530729875310431,1.5627488499453661,0.284064991663763,1.288201547742215,0.13538810472195717,1.1262039456035677,0.9045340337332909,0.01795815788429362,1.365320042207626,0.864940505398635,0.0,-0.5129891760425771,0.5129891760425771
302,2026,14,1955764,2026-05-03,Cruzeiro 1 x 3 Atletico MG,1230,Cruzeiro,71.36,28.64,Casa,0.5459342461528647,0.9740292875661903,0.3675638448103738,0.7123801618784928,-1.045607155191222,1.832795984800556,-0.030303030303030016,1.9127027294250145,0.9396577339968842,0.3884147294955406,1.4124865447890218,-0.8114393636103219,-2.3990389866944475,1.3505970175744837,1.900729367258818,-0.03304108540749055,-1.0068488325549576,-0.3699128717283189,0.28581933219079875,0.35897143324066066,0.784234309511492,-0.20070773906229242,-0.225622945010073,1.0778989610299585,0.8212519045487905,0.31590557768456695,0.29370389992417684,-0.784234309511492,0.9442053142959058,2.011796020249366,0.33406330973752923,0.39566755837446904,1.8325181882119514,-1.0120330597305764,0.017239498783230656,-0.560230719791735,-1.9697804892597777,-0.018669587648437833,-1.6697866249041395,-1.1316402689809268,-1.507556722888818,-1.5194425768398832,0.7396974992149603,-0.17129367718624636,-1.414213562373095,-1.5389675281277313,-0.5129891760425771
303,2026,14,1955764,2026-05-03,Cruzeiro 1 x 3 Atletico MG,1235,Atletico MG,28.64,71.36,Fora,-0.6137365170284654,-0.32484201692836706,-0.8210931569381742,-0.5547040102681164,0.1668620014509632,-0.8730921143671615,-0.23232323232323202,1.1244862032253913,-1.651516991940003,-0.39566755837446904,-1.8325181882119514,1.0120330597305764,1.063898315750279,0.20115274729832736,-0.890911337403052,-0.48977413010877185,0.6033262603052384,-0.9770304284859389,-0.3159055776845669,-0.29370389992417684,0.784234309511492,-1.32467107781113,-1.4183511346122353,-2.37556372964855,-2.0343330292786934,-0.28581933219079875,-0.35897143324066066,-0.784234309511492,0.8368177658743294,-2.011796020249365,1.8617584887595973,-0.3884147294955406,-1.4124865447890218,0.8114393636103219,0.3940271603555995,-0.796117338651413,0.0833801200746808,-1.5122365995234697,0.13538810472195717,-0.3130623552554837,0.9045340337332909,3.1082455294329407,-2.09272296906029,0.7116041710620721,1.414213562373095,0.5129891760425771,1.5389675281277313
304,2026,14,1955767,2026-05-03,Internacional 2 x 0 Fluminense,1219,Internacional,31.17,68.83,Casa,0.7675498396070762,1.1625489836197886,0.3984551413192876,-0.3036314410656269,0.7479897785669215,0.008322410572555953,1.181818181818182,-0.667360061302941,2.4809409788960854,-0.936316015411869,1.0199057270081422,-0.0929980711120317,0.7671638464255153,1.580485871629715,0.5687941445024115,0.3880822642831823,0.8152614680458198,1.5833585420043421,1.48926915194153,1.0116467664054982,0.784234309511492,0.4415570259370433,2.6407499348331394,-0.9104583457243344,-0.5639355957162083,0.9176304875599326,0.29370389992417684,1.7638653352204938,-0.9924521546142316,0.042178073559591335,-0.6309067265328597,0.32482769143949697,0.7235162397022564,-0.8417087124954372,-1.138511365028918,0.2653724462171376,-0.6792223919638324,0.914809794773457,1.0379754695350056,1.0625475435218281,0.9045340337332909,0.25457502699085305,-1.3332607775667065,0.7962822879182545,1.414213562373095,1.5389675281277313,0.5129891760425771
305,2026,14,1955767,2026-05-03,Internacional 2 x 0 Fluminense,1232,Fluminense,68.83,31.17,Fora,0.004970754206680042,-0.7441811988456023,-0.7807581568091714,-0.4981736044161229,-0.4601576915973543,1.7363506340492836,-1.7474747474747472,-0.22674212740253125,-0.21752829380909286,-0.32482769143949697,-0.7235162397022564,0.8417087124954372,1.1612882148194037,-0.2586249608121352,-1.5067654470861647,-1.0858494596341728,0.2402741381752422,-0.9024780177586574,-0.9176304875599325,-0.29370389992417684,-1.7638653352204938,-1.8063696515606318,-0.9208354056508655,1.705801268426051,2.080446917303683,-1.4892691519415302,-1.0116467664054982,-0.784234309511492,-1.1622292337225533,-0.04217807355959192,-1.2668962453959356,0.936316015411869,-1.0199057270081422,0.0929980711120317,-1.0236086882087891,-0.560230719791735,-2.2044274160408586,-0.3920613406171958,0.13538810472195717,-0.38837509930443626,-1.507556722888818,-0.15400232360356636,1.8788907864553361,-0.76864691166889,-1.414213562373095,-0.5129891760425771,-1.5389675281277313
306,2026,14,1955770,2026-05-03,Athletico Paranaense 0 x 0 Gremio,1243,Athletico Paranaense,46.73,53.27,Casa,0.19304951368331338,0.1795635119391738,0.09619146054417067,-0.34657464145864625,-0.3476074984793033,0.007967025373332699,0.575757575757576,-0.3078158272402069,-0.15314269138298245,-0.19656570621387745,-0.08299624619355447,0.5351248874721874,-0.4840129495827134,-0.14368053378451956,-0.13466906211739937,1.809373569489203,0.8008737409805619,-0.27140947623218875,-0.015043122746884087,1.0116467664054982,0.784234309511492,-0.20070773906229242,-0.9315779854934871,0.7639478073319123,0.8056400010188318,0.31590557768456695,0.29370389992417684,-0.6473397302427939,0.33587720288014755,-0.4899717179587821,0.5162713629323054,-1.6859540247100877,-0.08594047869405208,-0.15719765662591698,-0.6531887125558339,-0.44228741036189606,0.0833801200746808,-0.3920613406171958,0.13538810472195717,-0.16355164171899936,-1.507556722888818,0.19643773566561945,-0.19095494036119293,-0.5261579028529175,0.0,1.5389675281277313,-1.5389675281277313
307,2026,14,1955770,2026-05-03,Athletico Paranaense 0 x 0 Gremio,1244,Gremio,53.27,46.73,Fora,0.3737893499177461,0.07337456753414733,-0.31018186310966295,0.1635163637696479,-0.7045756180130482,0.6298911240136816,0.878787878787879,-0.001537405631211442,0.7476803171116043,1.6859540247100877,0.08594047869405208,0.15719765662591698,0.6947081411335986,0.4310416013535586,0.4720661463917745,-0.5228894261935163,-0.0676907028754005,-0.6283457885272424,-0.3159055776845669,-0.29370389992417684,0.6473397302427939,0.28099083468720937,0.4104307056926788,-0.5965071920262882,-0.36937571409661213,0.015043122746884088,-1.0116467664054982,-0.784234309511492,-0.9594018833529635,0.4899717179587821,-0.4729588123438285,0.19656570621387745,0.08299624619355447,-0.5351248874721874,0.6162223783984425,-0.3243441009320571,0.5070481823182993,-1.1388448465547116,-0.7671992600910912,-0.7785341202734601,-1.507556722888818,0.32079531862836896,0.3412911036773428,-1.1894627610979274,0.0,1.5389675281277313,-1.5389675281277313
308,2026,14,1955777,2026-05-03,Chapecoense AF 1 x 2 Red Bull Bragantino,8865,Chapecoense AF,59.69,40.31,Casa,1.0076384440387218,0.36016734725521987,0.9834439705671606,0.7752767612983851,0.33040167325990083,0.33084928658411367,0.575757575757576,-0.6396174506499521,0.5776230677641232,0.3195467276485012,2.0845274839001267,0.6146095828485852,0.045733699276376195,-0.948291522977829,-0.11195500634831977,-0.6304211179743159,-0.014472445498649402,0.939042244497352,1.48926915194153,1.0116467664054982,0.784234309511492,1.7260865559357148,0.41573863832789365,1.3918501147280047,0.5474075522603474,0.9176304875599326,-0.35897143324066066,2.01357054571994,1.8083294600920774,1.7884189011601208,1.5778806470418942,-1.8381173715003578,0.10559523790001114,0.18023737091539543,1.026855535218013,0.6192023745066545,1.0366332601228223,1.1015056712578362,0.13538810472195717,0.5781744570727908,-0.30151134457776363,-0.3357932091753423,0.7832731987268875,0.2738494826780567,-0.7071067811865475,-0.5129891760425771,-0.5129891760425771
309,2026,14,1955777,2026-05-03,Chapecoense AF 1 x 2 Red Bull Bragantino,5438,Red Bull Bragantino,40.31,59.69,Fora,-0.02418247756698065,-1.1925759780986314,-0.49195760263602767,-1.4658467345087094,-0.6285248001931316,-0.014836858243479805,0.676767676767677,-0.548463158504418,-0.20017603044188736,1.8381173715003578,-0.10559523790001114,-0.18023737091539543,-1.2573527235592905,-2.3276246473092166,-1.8840202107660364,-0.6304211179743159,-0.7329971809701837,0.7651053717737699,-0.9176304875599325,0.35897143324066066,-2.01357054571994,1.083821790936379,-0.1267320769909402,-0.28255603832824194,-0.9971094792773327,-1.4892691519415302,-1.0116467664054982,-0.784234309511492,-1.1253633730863342,-1.7884189011601215,0.9368460308499855,-0.3195467276485012,-2.0845274839001267,-0.6146095828485852,-1.3758309701260043,-1.1499472669409299,0.6280962001021899,-1.1388448465547116,-0.7671992600910912,-1.0390025614790612,0.9045340337332909,-0.31720644411074295,-0.7667766839116564,-1.4703975657403006,0.7071067811865475,0.5129891760425771,0.5129891760425771
310,2026,14,1955911,2026-05-03,Flamengo 2 x 2 Vasco da Gama,1226,Vasco da Gama,53.27,46.73,Fora,0.22812736261494673,1.2472896681328316,0.6566676541858264,0.9378941729782224,0.5914281928961069,0.28933406586165594,1.181818181818182,-1.686068724480689,1.4400996407281565,-1.0918108835593332,0.8390426154298578,-1.3725078015613663,0.3702483279091835,1.0057637364916368,1.4824790176926619,-0.48977413010877185,1.6011502534570794,-0.01055995933924857,1.48926915194153,1.0116467664054982,0.784234309511492,1.7260865559357148,1.618703512266189,0.13604549993581974,0.06328985803613708,1.8202178523729813,-0.35897143324066066,-0.6504225493244583,-1.0020760621550862,0.8906793191322805,-1.2796992033139498,0.2676389247191564,2.1229052320860604,0.13123995595734167,0.6067521847372073,0.9730323027961714,0.9307162445619179,1.288201547742215,0.13538810472195717,0.5878556475319209,0.9045340337332909,-0.4435699510168858,0.8797622476461541,0.28429137474664123,0.0,-0.5129891760425771,0.5129891760425771
311,2026,14,1955911,2026-05-03,Flamengo 2 x 2 Vasco da Gama,1239,Flamengo,46.73,53.27,Casa,-0.8450029382814231,-0.7992556616001137,-0.8808131311166311,-0.34988290303482017,-0.1349694502635901,0.33084928658411367,0.070707070707071,-0.001537405631211442,-1.6672517213042037,-0.2676389247191564,-2.1229052320860604,-0.13123995595734167,0.00035021525019743766,-0.7184026689225977,-1.017373558345537,2.339484828342779,-1.0635598707708536,-0.3103644037773318,-1.8202178523729808,0.35897143324066066,0.6504225493244583,-0.5218401215619602,-1.2980350061799184,-0.07325526919621109,-0.26290806280938095,-1.4892691519415302,-1.0116467664054982,-0.784234309511492,-0.8908324714146681,-0.8906793191322805,-1.2324548543203693,1.0918108835593332,-0.8390426154298578,1.3725078015613663,-1.0423174791385086,-0.3243441009320571,0.0833801200746808,-0.3920613406171958,0.13538810472195717,-0.1364212927996825,-0.30151134457776363,0.2387267440519709,0.2821526543397277,0.9021248427532365,0.0,-0.5129891760425771,0.5129891760425771
312,2026,14,1955752,2026-05-02,Botafogo RJ 1 x 2 Remo,1227,Botafogo RJ,58.92,41.08,Casa,-0.10719355349640539,0.29347504650512696,1.031534027659711,0.6554428189211066,0.8105851399975982,0.30104875685759713,-0.43434343434343403,-0.4800974393952673,-0.7651570902958882,0.7200285132564578,-0.5854296432022091,0.627429695006069,0.6522217981588498,0.7758748824364056,1.0076347811928459,-0.5915430888082305,-1.0823512700128708,0.3148344283445008,-0.3159055776845669,-0.29370389992417684,-1.0451074001815823,0.4415570259370433,-0.7260593916534784,0.3453462690678506,-0.1875617249753397,1.2184929424976154,3.557080565748364,0.9275866748220098,1.3527867543608711,0.1120922952649471,0.7936166821515033,0.36337482447432035,0.25474858316262217,1.8861012178396321,0.368829179417225,1.5627488499453661,-0.8698730199734607,0.5414180418046991,1.9405628343480539,0.6731263657607273,-0.30151134457776363,0.20124683739309823,0.17010085559477314,0.3762622578848992,-0.7071067811865475,-0.5129891760425771,-0.5129891760425771
313,2026,14,1955752,2026-05-02,Botafogo RJ 1 x 2 Remo,4617,Remo,41.08,58.92,Fora,-1.135310338024418,-1.0288511938367568,0.17730163733235196,0.020760681111615026,0.7384303670997916,-1.8519518672663926,-0.737373737373737,-1.0090322135555398,-1.1085898782879342,-0.36337482447432035,-0.25474858316262217,-1.8861012178396321,-0.29146529689845807,0.20115274729832736,0.4590159856006253,-0.585440541020256,-1.5041055336331057,0.13951147577428458,-1.2184929424976154,-3.557080565748364,-0.9275866748220098,-0.20070773906229242,0.177371632755761,0.449996653633866,-0.1699173294066083,0.31590557768456695,0.29370389992417684,1.0451074001815823,0.027539799058033488,-0.1120922952649471,0.7527885461144262,-0.7200285132564578,0.5854296432022091,-0.627429695006069,0.23713507151526714,0.1474291367872987,0.0833801200746808,0.914809794773457,1.0379754695350056,1.0974051271667442,0.9045340337332909,0.2877789639590632,-1.0904818802859706,0.8338788136480637,0.7071067811865475,0.5129891760425771,0.5129891760425771
314,2026,14,1955758,2026-05-02,Palmeiras 1 x 1 Santos FC,1241,Santos FC,41.57,58.43,Fora,-0.21591999606921194,-0.46966277308342896,0.7830294079673689,-0.335063471742851,-0.13689454999743794,0.7003758551929212,-0.33333333333333304,2.0599519705831852,-0.5597413440723162,-0.24054641385532105,0.304865518442833,-0.9389549176901048,-1.0425072433206326,-1.4080692310882916,-0.8145101717392007,0.37920315751259576,-0.8740118436339884,0.7833073063075363,-0.015043122746884087,0.35897143324066066,-2.01357054571994,0.28099083468720937,0.6254019774188312,0.24069588450183516,0.02025717410509607,1.8202178523729813,0.9463792330890143,-0.07572454496839938,0.7844906657343422,-0.3661681645321595,0.13977586344562287,1.7434163583879763,-0.08821984351468096,-0.773578973601382,-0.11228690532318171,-0.08845748207237922,1.1232926364908349,0.16802628883594115,0.13538810472195717,-0.27060647488573597,-0.30151134457776363,-0.5461944981049028,-0.8352527831446845,-0.6416245924161991,0.0,0.5129891760425771,-0.5129891760425771
315,2026,14,1955758,2026-05-02,Palmeiras 1 x 1 Santos FC,1234,Palmeiras,58.43,41.57,Casa,0.4864355660077966,-0.7022438437768088,0.32674179963076905,0.7930165215975855,1.4209744420651313,0.5191886344556992,0.47474747474747503,-0.667360061302941,0.7152832973441589,-1.7434163583879763,0.08821984351468096,0.773578973601382,0.4069908798141829,-0.14368053378451956,0.10130224413927957,-1.0858494596341728,0.4027988332657117,0.4101324019056406,-1.8202178523729808,-0.9463792330890143,0.07572454496839938,0.6021232171868772,0.9636137941480325,0.03139511536980433,-1.2356010797353565,0.015043122746884088,-0.35897143324066066,2.01357054571994,0.7072469815736768,0.3661681645321595,-0.6274043493147746,0.24054641385532105,-0.304865518442833,0.9389549176901048,2.1718085226109105,2.034522087664722,1.2272838881324506,1.661593300710973,1.9405628343480539,2.210406179200405,-0.30151134457776363,0.6197424894337938,0.44400525252688494,2.034334161223233,0.0,0.5129891760425771,-0.5129891760425771
316,2026,14,1955773,2026-05-02,Vitoria 4 x 1 Coritiba,1238,Vitoria,61.53,38.47,Casa,0.23231555986366076,0.5351037269089197,-0.7069045081329222,0.38721599751921204,0.09425879778620427,0.5764056515306116,-0.9393939393939391,1.7386808989653577,-0.16617849574445925,0.4373904399691052,0.47444554923236465,0.5351248874721874,-0.8063095646111945,1.1207081635192524,0.3749159786849672,2.222976859363971,1.3031366106376776,-0.2467984879081768,0.28581933219079875,0.35897143324066066,0.38637116802871535,-0.6824063128117942,-0.6023228411060814,-0.9104583457243344,1.0298442822685019,-0.8875442420661644,-0.35897143324066066,-0.784234309511492,-0.799723873848498,0.8094874816349596,-0.9668814340703651,1.0997467731378996,0.5425883722659058,0.4419552703254871,-0.2451671341495046,-0.796117338651413,-0.26325738539737076,-0.5787572171015748,0.13538810472195717,-0.2770859158908702,2.1105794120443453,0.2871470012725674,1.116316044996615,0.7504074668388832,2.1213203435596424,0.5129891760425771,2.5649458802128855
317,2026,14,1955773,2026-05-02,Vitoria 4 x 1 Coritiba,1236,Coritiba,38.47,61.53,Fora,-0.8336495626386031,0.35528983126048924,-0.7875947062013188,-0.602006402255595,-0.6578881199043078,-1.5933238643890812,-2.3535353535353534,-0.001537405631211442,-0.09028930603445427,-1.0997467731378996,-0.5425883722659058,-0.4419552703254871,1.1402763222241776,0.31609717432594303,-0.14145352459081093,-0.44246656427342257,-1.44497296898149,-2.9561367031823584,0.8875442420661643,0.35897143324066066,0.784234309511492,-1.9669358428104657,-0.3791242737953478,-1.329059883988396,1.6097769368079227,-0.28581933219079875,-0.35897143324066066,-0.38637116802871535,-0.405657471182243,-0.8094874816349603,0.4237028335477209,-0.4373904399691052,-0.47444554923236465,-0.5351248874721874,-0.5889676906828676,-0.9140606480812519,0.6280962001021899,-1.5122365995234697,-0.7671992600910912,-0.9879424755274289,-0.30151134457776363,0.793936025642826,-0.7979021835630323,-1.4153254226221188,-2.1213203435596424,-2.5649458802128855,-0.5129891760425771
318,2026,13,1955881,2026-04-27,Fluminense 2 x 1 Chapecoense AF,1232,Fluminense,73.89,26.11,Casa,1.2684607219510147,1.0960731552934377,1.4334853124881481,1.8278349948947794,0.9246350336754654,0.39686058945974656,-0.13449230415492172,-0.4627555170749214,1.5837667533352222,-1.1778013497422073,1.8967919039921965,1.5109060408933872,1.4653992784060172,1.6063135284970929,1.3201956639710404,1.9073585310507895,0.9531940587396709,1.4915948982382057,0.5226731137251368,0.9351103149804805,0.3863025068307406,0.7691995786085658,0.9356372936084187,1.324656123929907,1.662557515006707,1.5099445507615066,0.8747806172398043,0.805367138597076,3.1866937107806854,1.6517352685280065,-1.7072462277629317,1.6120953708117975,1.6452309018890203,2.0903088319305936,1.9240649772314982,2.773695418789332,0.5923947474997168,2.3360893785644827,-0.3032392174315613,0.848553678115449,0.0,-0.43338224320754964,2.61414898731316,1.3081720339948417,0.6201736729460422,0.18569533817705183,0.7427813527082076
319,2026,13,1955881,2026-04-27,Fluminense 2 x 1 Chapecoense AF,8865,Chapecoense AF,26.11,73.89,Fora,-1.705142678036541,-1.1250763073497658,-0.6091514430521004,-1.6621811813231784,-1.0015142437027273,-3.113586736702365,0.2577769162969324,-0.5180398120073871,-1.5277958637744904,-1.6120953708117987,-1.6452309018890212,-2.0903088319305945,0.12907623311097516,-0.7120771311894327,-1.4035029302083195,-0.9027258715129077,1.0180233406506682,0.6827268741626901,-1.5099445507615066,-0.8747806172398043,-0.805367138597076,0.7691995786085658,-0.4625723730624225,-1.446932073831129,-1.2009746327846855,-0.5226731137251368,-0.9351103149804805,-0.3863025068307406,-1.0568203613219993,-1.651735268528006,0.6837657014178095,1.1778013497422062,-1.8967919039921974,-1.5109060408933874,-1.5892915118791224,-1.7934335840364761,0.9539796765862668,-1.0125711640876767,-1.0613372610104648,-1.1105143413262175,0.0,-0.8692625491472088,-1.0778442548068445,-1.024059184290789,-0.6201736729460422,-0.7427813527082076,-0.18569533817705183
320,2026,13,1955896,2026-04-27,Atletico MG 0 x 4 Flamengo,1239,Flamengo,48.58,51.42,Fora,-1.156115799117543,0.6472732119218061,-0.9436638641449715,0.5574972436858717,1.2103987060423613,-0.6788903801045946,-1.8156461060914393,-1.5052593643728414,-0.7289053384890025,-0.8535440796226762,-1.2398321208245604,-1.1812463985961226,0.9495904685419204,1.275114862827589,-0.14380544384598185,-0.45834794701318565,-1.6936817842391487,-2.3283291163171955,0.5226731137251368,0.9351103149804805,0.6208155550940105,-2.0049628360452774,0.7663276578989385,-1.0393455741603885,0.9121478793031443,-1.3937949699336982,-0.9351103149804805,-0.7388074173111246,-1.055097147648922,-0.5147435788751608,-1.5074667652432872,1.5715747398318074,0.6855165159272837,-0.27126375480286874,2.330479792494233,-0.2339261196569318,0.9539796765862668,-0.8531111382470976,1.2129568697262456,1.3161989218202703,3.0,3.3868530843661744,0.7023143523333221,0.8587366001712734,2.480694691784169,1.1141720290623112,2.599734734478726
321,2026,13,1955896,2026-04-27,Atletico MG 0 x 4 Flamengo,1235,Atletico MG,51.42,48.58,Casa,-0.5574955325722826,1.047148326641197,-0.6134578407557351,0.7098104714999453,0.23542941159277647,-1.2262409348767829,-2.0397999463496417,1.5019632720634655,0.01689309946424211,-1.5715747398318085,-0.6855165159272846,0.27126375480286835,-2.3704288253798618,0.9439161971580855,0.9157718244925237,-1.7381563695723854,-2.8672166611113927,-1.0580257906503496,1.3937949699336982,0.9351103149804805,0.7388074173111246,-1.374471378169404,-0.5881962181059048,0.3464485247201295,1.9186140813774337,-0.5226731137251368,-0.9351103149804805,-0.6208155550940105,-0.606744544273614,0.5147435788751604,-1.3237609983815495,0.8535440796226752,1.2398321208245595,1.181246398596122,-0.09658021229606066,0.657221002845665,-0.2211713429450219,0.5820290943181134,0.45485882614734213,0.46915082474763325,-1.0,0.04572637121663055,0.9251507071389188,0.20154375805645205,-2.480694691784169,-2.599734734478726,-1.1141720290623112
322,2026,13,1955887,2026-04-26,Sao Paulo 1 x 0 Mirassol,6332,Mirassol,47.24,52.76,Fora,-0.07738307897261124,-1.1578509013089806,-0.48954988320561094,-0.3769588321723251,-0.3262238920291392,0.00022975266830562311,0.5379692166196853,0.7534989714393172,-0.9712096444775522,-0.7768292274614259,-0.38925852939542616,0.3237641217931937,-0.11419430030434194,-0.491278020743097,-0.5262573884102708,0.48965829191955457,0.31108000185176427,0.5712203556086891,-0.9291966466224656,-2.6846715494600892,-2.503930633641422,0.3909047038830417,-1.0203791470282773,-0.22417257481890734,-0.3002658967738837,-0.5226731137251368,-0.9351103149804805,-0.7388074173111246,-0.6258688525639051,-0.7915241473246144,0.6864947373886159,0.29645050681712215,-1.1694122206415902,0.1455918376904639,0.3075092015864402,-0.456712900282581,-0.4019638074882969,-0.6936511124065187,-0.3032392174315613,-0.08013122129470342,-1.0,0.6145309131236637,-0.3916095712577901,-0.22462357554450155,-0.6201736729460422,0.18569533817705183,-1.1141720290623112
323,2026,13,1955887,2026-04-26,Sao Paulo 1 x 0 Mirassol,1224,Sao Paulo,52.76,47.24,Casa,0.48769079640237334,0.6895384245284419,1.3275015592846808,0.3174799142292659,0.23116625513211408,0.5161233790053107,-0.07845384409037114,0.7534989714393172,0.9164155764628292,-0.2964505068171232,1.1694122206415893,-0.14559183769046435,-0.9552025646257865,0.2815188658190782,1.0188514035890721,0.2894052886393803,-0.8356587505625405,-0.12969348354967472,0.5226731137251368,0.9351103149804805,0.7388074173111246,-0.4917833371431811,1.583035611961016,1.487690723798203,0.6290710248629718,0.9291966466224656,2.6846715494600892,2.503930633641422,1.7721981610094923,0.7915241473246144,0.37925455233327854,0.7768292274614248,0.3892585293954252,-0.323764121793194,0.4129011019902181,1.1027945640969632,-0.7475964602916174,0.42256906847753445,-0.3032392174315613,0.192901495200024,0.0,-0.10975519451935993,-0.07508065818165825,-0.012787733443420627,0.6201736729460422,1.1141720290623112,-0.18569533817705183
324,2026,13,1955890,2026-04-26,Corinthians 1 x 0 Vasco da Gama,1226,Vasco da Gama,60.9,39.1,Fora,0.32864850983473887,-0.004815869132715145,0.4838642940156604,0.20622160395862346,-0.09959099724117079,1.1243583113939826,0.5379692166196853,-1.0708827613320415,0.3097838088057068,0.7767862927046049,0.09904049148337829,0.11996061382380702,0.7366537533723959,-0.16007935507359336,0.44782523552195896,0.4624898204379456,0.5905309219976692,0.3929279049422381,-0.638822694552945,0.3318133375737189,0.17291099436804167,0.6431012870333911,-0.25207161787655064,1.2431388239957588,0.9758941938526485,1.219570598691986,0.2714836398330427,-0.7388074173111246,-0.22203696758366512,0.7672523343477419,-1.109964346240367,0.04313449927223722,0.5911856147430103,-0.4917340459437872,-0.04181748731247102,-0.6794996809082302,-0.4019638074882969,1.0604091718398505,0.45485882614734213,-0.03289962337077001,-1.0,-0.6006201242673633,0.8010713732130751,-0.18797835057495357,-0.6201736729460422,0.18569533817705183,-1.1141720290623112
325,2026,13,1955890,2026-04-26,Corinthians 1 x 0 Vasco da Gama,1237,Corinthians,39.1,60.9,Casa,-0.10380501494767067,-0.6999626374576491,-0.12760131014614187,-0.5098805767269998,-0.21233416614711337,0.06104648097632665,-0.5827999846713264,-0.05733735423684243,-0.033018078614275685,-0.04313449927223828,-0.5911856147430112,0.49173404594378695,1.067176374854855,-0.6016775759662649,-0.7071187353393028,1.4276855178108978,-1.0549044159870564,-1.3326236910552385,-1.219570598691986,-0.2714836398330427,0.7388074173111246,-0.8700782118687052,0.06043966399080289,-0.3056898747530555,-0.09131451435368128,0.638822694552945,-0.3318133375737189,-0.17291099436804167,0.042711204774880274,-0.7672523343477419,0.6532004985447813,-0.776786292704606,-0.09904049148337923,-0.1199606138238074,-1.0532688672530708,-0.456712900282581,0.9539796765862668,-0.2152710348847816,0.45485882614734213,-0.5498966266071034,0.0,-0.5207024160824446,-0.594188075626515,-0.5890969306130307,0.6201736729460422,1.1141720290623112,-0.18569533817705183
326,2026,13,1955893,2026-04-26,Red Bull Bragantino 0 x 1 Palmeiras,5438,Red Bull Bragantino,62.44,37.56,Casa,0.6770314288979895,1.2118441495318952,0.9776794825672829,0.7670867391712867,-0.11305114353006593,-0.18222043225575715,-0.13449230415492172,-1.3242691131058404,2.155680227252218,1.6418087218132176,1.0592505285337104,0.38020201630779293,-1.012138323271872,1.275114862827589,1.846653427792575,-1.05462232570554,0.4646597622238137,1.6248145734995632,1.3937949699336982,0.3318133375737189,0.7388074173111246,2.0301824943603126,1.7376726220883487,1.2431388239957588,0.32810343315125995,1.800318502831027,-0.3318133375737189,-0.5513335253521733,-0.6134222102980311,1.5373157883593616,-0.48236831581195405,-0.8965639184964627,1.0127268294102314,-0.10611798603210608,0.6244223249476594,0.3230408319071912,0.4374297778911949,0.7414891201586925,-0.3032392174315613,-0.09557893738391968,-1.0,-0.5303380536592427,0.9960531836679727,-0.23660887894809837,-0.6201736729460422,0.18569533817705183,-1.1141720290623112
327,2026,13,1955893,2026-04-26,Red Bull Bragantino 0 x 1 Palmeiras,1234,Palmeiras,37.56,62.44,Fora,-0.6906046857236594,-1.21746855423868,-0.8795029253605224,-0.9451019814321617,-0.8969751757461228,-1.1596321372060936,-0.47072306454222523,0.6666236508311579,-1.509310043578342,0.8965639184964616,-1.0127268294102323,0.10611798603210569,0.03894527143312037,-1.7056731281979438,-1.6956959234994675,-0.2343814730653257,-0.2339356857951845,-0.4384373475627622,-1.800318502831027,0.3318133375737189,0.5513335253521733,-0.4917833371431811,-1.4871999878636055,-0.9578282742262404,-0.6935460018668923,-1.3937949699336982,-0.3318133375737189,-0.7388074173111246,-0.61459764542269,-1.5373157883593622,1.594317649863836,-1.6418087218132187,-1.0592505285337113,-0.38020201630779327,-0.8036395925277801,-1.1250732421595286,1.2122546259338036,-1.3314912157688348,-1.0613372610104648,-1.1137683793212303,0.0,-0.5762193903374182,-0.6347037765002598,-1.0265838702982102,0.6201736729460422,1.1141720290623112,-0.18569533817705183
328,2026,13,1955899,2026-04-26,Gremio 1 x 0 Coritiba,1244,Gremio,57.3,42.7,Casa,-0.12049885909675628,0.08165155639756055,0.47720015246537867,0.5989842240646067,0.28585953692822114,0.6643484257918942,-0.13449230415492172,-0.05733735423684243,0.010756514706129393,0.03310545413987593,0.14894914839513335,-0.7908842948701441,0.091257580581506,0.060719755372742414,-0.5660509078136352,2.271910021113107,0.444800069657971,-1.1885050262858723,1.1034210178641777,-0.2714836398330427,-2.2650670385977087,-0.11348846241765705,-0.07039161289865122,-0.5502417745554998,-0.1367276508730996,0.3484487424834246,2.0813745720533277,0.6190712772286022,1.1674994501273277,0.2448266069483374,0.16608478789264425,0.2893141627977325,0.05747130541093797,1.3867001373992687,0.7069388464998828,0.8800077834713141,0.5923947474997168,1.2198691976804295,-0.3032392174315613,0.23116777448251086,0.0,-0.4600428817150009,0.4896069227461616,0.016901637119748823,0.6201736729460422,1.1141720290623112,-0.18569533817705183
329,2026,13,1955899,2026-04-26,Gremio 1 x 0 Coritiba,1236,Coritiba,42.7,57.3,Fora,-0.6000348711394071,-0.584938156411033,-0.18497054051727005,0.10299009425065385,-0.06837367414077622,-0.8046975337613828,-0.6948769048004276,-1.2497437155253113,0.24869865133922553,-0.28931416279773353,-0.057471305410938915,-1.3867001373992693,-0.07104197330716512,0.1711193105959103,-0.08104862170329,-0.9027258715129077,-0.25693001671127746,-1.0252096325036208,-0.3484487424834246,-2.0813745720533277,-0.6190712772286022,-0.8700782118687052,0.6287207761782239,0.3464485247201295,0.6071992934852444,-1.1034210178641777,0.2714836398330427,2.2650670385977087,-0.3829769541021336,-0.2448266069483374,-0.15376491058412078,-0.033105454139877,-0.1489491483951343,0.7908842948701434,0.01485183747594367,0.7686143931584896,-0.2513034203689012,0.10364901679637642,0.45485882614734213,-0.4049177079189867,-1.0,-0.5317297771522665,-0.4245285782177081,-0.4766132263834153,-0.6201736729460422,0.18569533817705183,-1.1141720290623112
330,2026,13,1955902,2026-04-26,Athletico Paranaense 3 x 1 Vitoria,1243,Athletico Paranaense,63.34,36.66,Casa,1.0440499748799137,1.3572561754362125,0.2615075720643269,0.9093334034388776,1.8705714357287027,0.8592660400191011,-0.9750692051231805,-0.05733735423684243,0.8952100544934298,0.5442786619375124,1.360918323814181,1.7728451971680423,-1.865332643643745,1.7167130837202607,1.3834063331104105,-0.8267776444165916,0.9931469780870157,-0.5453145271122318,1.3937949699336982,0.9351103149804805,0.3863025068307406,-0.9961765034438799,1.1042088806873136,0.02037932498353703,0.49555224619088895,0.638822694552945,0.2714836398330427,-0.2552580295586676,0.5303273957730027,1.5318888070782475,-0.8722809902999981,0.12290449755831942,1.3981435966921116,0.16029935808202386,0.5470018519031272,0.3230408319071912,0.050017353869891014,1.2198691976804295,3.4872510004629556,3.2779611434262197,1.0,1.777667035801756,-0.1687732164521934,3.1930581488451035,1.2403473458920844,0.18569533817705183,1.671258043593467
331,2026,13,1955902,2026-04-26,Athletico Paranaense 3 x 1 Vitoria,1238,Vitoria,36.66,63.34,Fora,-0.8088153488908425,-0.7033210841927127,-1.1496751348905516,-1.3986196143705552,-0.5609193250012768,-0.30385388887179887,-1.0871461252522818,0.17301387464842993,-1.16861845431543,-0.12290449755832047,-1.3981435966921127,-0.1602993580820243,0.0316065100680075,-0.7120771311894327,-1.1909008711954305,-0.09018388024958035,-0.8438386946001387,0.14755317128058928,-0.638822694552945,-0.2714836398330427,0.2552580295586676,-1.2483730865942293,-0.8686942974848539,-1.7730012735677216,-1.557566478671944,-1.3937949699336982,-0.9351103149804805,-0.3863025068307406,-0.6790768667823254,-1.5318888070782475,0.9827570321854482,-0.5442786619375134,-1.360918323814182,-1.7728451971680423,-0.928826129421749,-1.2364666324723532,0.9539796765862668,-1.1720311899282556,-0.3032392174315613,-0.6904345170854498,0.0,0.22973798306204382,-1.4019698617968037,-0.6981350076566838,-1.2403473458920844,-1.671258043593467,-0.18569533817705183
332,2026,13,1955884,2026-04-25,Botafogo RJ 2 x 2 Internacional,1227,Botafogo RJ,54.64,45.36,Casa,1.022603384910615,0.23824388423299292,0.3094484791068339,-0.2739481943497357,0.2322421938196229,0.899448521222615,1.4345845776524948,2.6714387417886947,0.7137270354074176,1.8216960596524525,0.7956011403296818,1.2585167496912457,0.35851516020847907,0.39191842104224606,-0.003055383339609514,-0.27105890956549794,0.5056547112943286,1.117930242080398,0.23229916165561632,0.3318133375737189,-0.3291706258466539,1.2735927449092646,0.46607411673926724,-0.22417257481890734,-0.7895037408477458,-0.23229916165561632,0.8747806172398043,1.519355312707014,-0.30128486777280944,0.0,1.3713445870244512,-1.0852250492779931,-0.511306792848184,-0.21290397185380247,-0.3715820126969564,-0.2339261196569318,1.4059608379444555,0.26310904263695545,-0.3032392174315613,0.49092569168839173,1.0,0.29526699535448964,-0.4726409730052802,0.21843806044721933,0.0,-0.7427813527082076,0.7427813527082076
333,2026,13,1955884,2026-04-25,Botafogo RJ 2 x 2 Internacional,1219,Internacional,45.36,54.64,Fora,0.35953252193994073,-0.569208118939597,-0.21696826259643598,-0.7764321683148081,-0.676261449484786,0.40314057770894435,0.6500461367487865,-0.05733735423684243,0.013832979512357594,1.085225049277992,0.5113067928481831,0.2129039718538021,-0.9889737138811018,-1.0432757968589363,-0.5910752233152639,0.18155626426641414,-0.20045623174130206,0.005020793541797395,0.23229916165561632,-0.8747806172398043,-1.519355312707014,0.13870812073269234,-0.2825256626252577,-0.631759074489648,-1.2179482688598307,-0.23229916165561632,-0.3318133375737189,0.3291706258466539,0.03787954003293252,0.0,0.7801720760710893,-1.8216960596524536,-0.7956011403296827,-1.2585167496912457,-1.051610783238304,-1.0136798518467038,-1.7579072915628617,-1.0125711640876767,-1.0613372610104648,-1.029344531153775,1.0,-0.7053213871168494,-0.9183136826164738,-0.9610825736053941,0.0,-0.7427813527082076,0.7427813527082076
334,2026,13,1955905,2026-04-25,Bahia 2 x 2 Santos FC,1241,Santos FC,28.1,71.9,Fora,-0.3700072129080597,-1.2080374478734552,-0.18648844066819625,-0.30825441547753313,-0.06939598725886187,-0.014366262125619412,0.8181615169424382,-0.962288610571842,-0.6832479880975014,0.6517385642631618,-1.006523164733468,-0.2804107746130943,-0.1349441045578045,-1.8160726834211116,-1.23464891747816,0.5175059751882041,0.9874473148811226,0.18728997025413582,-1.5099445507615066,-0.2714836398330427,0.7388074173111246,0.6431012870333911,-0.2761437488360066,-1.2838974739628328,-1.660387440369497,-0.8130470657946572,0.2714836398330427,-0.7388074173111246,0.33957271771788555,-0.9452624913242029,0.5970306262096051,1.1496752931275591,-1.2462162865854434,1.7017292035640943,-0.7432680875645807,0.657221002845665,-1.0666419859562208,-0.8531111382470976,0.45485882614734213,-0.2662506450372963,-1.0,0.5458556982808721,-1.234842595692606,1.2555010157850002,0.0,-0.7427813527082076,0.7427813527082076
335,2026,13,1955905,2026-04-25,Bahia 2 x 2 Santos FC,1221,Bahia,71.9,28.1,Casa,0.30107859150392713,0.4722433841785309,0.7646850856639366,0.8519748146971399,0.19655832312987173,1.17005740894612,1.0423153572006407,-0.05733735423684243,1.0706207333346616,-1.14967529312756,1.2462162865854425,-1.7017292035640952,0.5410336345322693,0.502317976265414,0.845092134487095,0.38481995490816934,0.5629347146766706,0.12331150397382266,0.8130470657946572,-0.2714836398330427,0.7388074173111246,0.13870812073269234,1.1740733835614072,1.487690723798203,0.9758941938526485,1.5099445507615066,0.2714836398330427,-0.7388074173111246,0.006210095296768068,0.9452624913242029,-1.5511952009060497,-0.6517385642631628,1.006523164733467,0.2804107746130939,1.175702828117796,0.5458276125328403,0.3212060506848043,0.5820290943181134,-0.3032392174315613,-0.1338230526099672,1.0,-0.49553802207851794,1.6670944793893727,-0.26628105325134527,0.0,-0.7427813527082076,0.7427813527082076
336,2026,13,1955908,2026-04-25,Remo 0 x 1 Cruzeiro,1230,Cruzeiro,50.45,49.55,Fora,0.3191577455788649,-0.12769851134221105,-0.33028556269526016,-0.48205210768933504,-0.8634815422649467,0.8473198969585971,1.826853798104349,0.9172255372008491,-1.2074553624506756,1.0219649021887265,-0.5401435517734389,0.9521278892086461,0.5224954366734529,-0.9328762416357685,-0.454953328299652,-0.32283881991868213,0.9099989501422194,0.5939076804210577,-0.05807479041390415,0.9351103149804805,0.49738698740623194,1.1474944533340898,-1.4145761822424765,0.10189662491768516,-0.46852229817494684,-0.5226731137251368,-0.9351103149804805,-0.7388074173111246,-0.35874484347524227,-0.3579645722451204,0.10363483459085535,0.5798438974311458,-0.2785452941759893,-0.33682844922712896,-0.9548701151091016,-0.3453195099697564,-2.1687992564339416,-1.3314912157688348,-1.0613372610104648,-1.2916144008438613,0.0,-1.0551541629079075,-0.3764161834301361,-1.1645679266312579,0.6201736729460422,1.1141720290623112,-0.18569533817705183
337,2026,13,1955908,2026-04-25,Remo 0 x 1 Cruzeiro,4617,Remo,49.55,50.45,Casa,0.38164940550599213,0.55710532008473,-0.30405672962345626,-0.11578443203442196,-0.29873929950214817,0.5412889217534571,1.0423153572006407,-0.05733735423684243,-0.10582466031617004,-0.5798438974311468,0.27854529417598833,0.3368284492271286,1.5805067471886822,-0.04967979985042547,0.820317651483728,-1.1305705528018561,0.2451514165451355,1.1078406470337632,0.5226731137251368,0.9351103149804805,0.7388074173111246,0.5170029954582164,-1.7334391586897588,0.8355523243250182,-0.3882769375067474,0.05807479041390415,-0.9351103149804805,-0.49738698740623194,-0.5664210142676374,0.3579645722451208,0.7099906717078386,-1.0219649021887274,0.5401435517734379,-0.9521278892086462,-0.4091179629476003,-0.456712900282581,-1.410229475133486,-0.055811009044202595,-0.3032392174315613,-0.027685545527216977,-1.0,-0.007571879014498701,-0.4245285782177081,-0.18393294317854372,-0.6201736729460422,0.18569533817705183,-1.1141720290623112
338,2026,12,1955851,2026-04-19,Flamengo 2 x 0 Bahia,1239,Flamengo,49.74,50.26,Casa,0.33707054925766156,1.0524965225842275,0.6935438533511847,1.1865106070037639,1.1558115059392433,0.0507657518844431,-0.4006657032362186,-0.7542109174649261,0.4918686736997441,-0.7276470995201701,-0.030471482784983895,1.090942770378092,0.703147389312267,1.2932784981014023,1.1197494849085272,-1.2231013691895527,0.733502650180197,0.05185296256959282,1.0611908999450221,0.7357672073819591,0.7408396673194123,-0.6580865923618393,1.3767416230086909,0.3016539368508456,0.3335848479082366,1.4856672599230312,1.1036508110729384,0.2127307570627007,0.5516360816134411,0.4572811383764296,-1.2769848428182158,1.5490157520018029,0.7958796989088452,1.728584217615627,1.7642973731141542,1.624870471483593,0.38757020047463553,1.3331593286099463,1.5655607277128738,1.5490499821582557,0.6363636363636362,-0.015700858394127618,0.573232293109405,1.4131777823437028,1.174440439029407,1.1656084130343043,0.4421273290819775
339,2026,12,1955851,2026-04-19,Flamengo 2 x 0 Bahia,1221,Bahia,50.26,49.74,Fora,-0.7553229658806035,-0.7509887068361629,-0.20112780700093738,-0.42976630393254145,-0.6878787085754916,0.21458024985855628,0.8385065748139435,-2.6723459580877176,-1.0379652565969648,-1.5490157520018029,-0.7958796989088452,-1.728584217615627,0.2876361168366918,-0.24329001449432297,-0.17134674185435889,0.7538976936157324,0.9403556139414484,1.5191269555748907,-1.4856672599230312,-1.1036508110729384,-0.2127307570627007,1.4647733829989318,-1.4029779736511454,0.6295386508191565,0.43071735529111965,-1.0611908999450221,-0.7357672073819591,-0.7408396673194123,-0.10114279484558618,-0.4572811383764296,-1.7183456206960908,0.7276470995201701,0.030471482784983895,-1.090942770378092,-0.20131278976062827,-0.6963730592072542,-0.19070963872155738,0.11327497563352491,-0.9393364366277243,-0.7967594605991215,-1.1818181818181817,-0.6983135644177582,0.6143887512191221,-0.8100581578708496,-1.174440439029407,-0.4421273290819775,-1.1656084130343043
340,2026,12,1955857,2026-04-19,Santos FC 2 x 3 Fluminense,1232,Fluminense,54.23,45.77,Fora,0.3047204426302124,-0.39053848124443497,0.03695116025697165,-0.42833885818587186,0.0920477812402227,0.7046056583270106,0.8385065748139435,0.6524214456584526,0.34706107425367483,-1.045285751806264,0.49294804061050457,-0.3172902573518539,-0.6730774491850634,-0.6274321426432543,-0.6564484907355175,1.3353680062055229,0.5499658432744937,0.7743543199527866,0.21223817998900443,-0.4905114715879726,-3.2498669532933055,1.2524873854628547,0.40616593594986183,0.03934616567619693,0.1613715375212869,0.6367145399670133,-1.348906546866925,-0.3596573092237642,-0.7641005186471719,0.3676749187814456,-0.8827398654238976,0.9157666484270717,-0.8459804123620283,-0.6832636590846919,-0.551786280078213,-0.6070944618729909,-1.218762686181456,-0.40953260421351284,0.31311214554257477,-0.05749344237601372,1.5454545454545452,-0.043959580446460776,0.10507758211137212,-0.10942035194531931,0.5872202195147035,-0.4421273290819775,1.2459952001401184
341,2026,12,1955857,2026-04-19,Santos FC 2 x 3 Fluminense,1241,Santos FC,45.77,54.23,Casa,0.5813536401165006,0.3157299341242498,0.03438505878377552,-0.18349513959692024,0.5167505945699192,0.39399612859210886,-0.4006657032362186,0.36470118956503506,0.926022714762744,-0.9157666484270717,0.8459804123620283,0.6832636590846919,0.24772008213044205,0.2688994897042521,0.28182823989283545,-0.3869617804528421,-0.19116376287190673,0.1947890451795223,-0.6367145399670133,1.348906546866925,0.3596573092237642,-1.0826585874339936,0.9635898478380411,0.03934616567619693,0.9371617309944325,-0.21223817998900443,0.4905114715879726,3.2498669532933055,0.007759635023440519,-0.3676749187814456,-0.9175370940411113,1.045285751806264,-0.49294804061050457,0.3172902573518539,-0.19064785634758474,-0.1607014752016741,-0.4009932166110819,-1.1066093773428964,1.5655607277128738,0.7288497973482715,0.6363636363636362,1.6103573761664887,-0.4376732092105239,0.6358347911343457,-0.5872202195147035,-1.2459952001401184,0.4421273290819775
342,2026,12,1955860,2026-04-19,Palmeiras 1 x 0 Athletico Paranaense,1243,Athletico Paranaense,49.81,50.19,Fora,0.4222504111216788,0.47563716075702855,-0.17004219891809033,0.2917049535739821,-0.8424218253472977,0.6762686281126271,0.2602261783905345,1.3237687098764295,-0.036161520945868254,0.003730015933529211,0.7922835637825653,0.21506967970867816,0.8712605136587825,0.14085211365460834,0.2005518025175764,-0.07057513766829773,1.1848182074774727,-1.180955431180688,0.21223817998900443,1.348906546866925,0.6626927270331782,-0.8703725898979164,-0.10447146375344847,-0.6164232622604248,-0.09497554830230323,-0.4952224199743437,1.1036508110729384,-0.5137175465923326,-0.03741426869534672,0.12031235261243022,-0.0946141156393353,0.7220092375965336,1.1287944171230586,-0.3140279727597491,0.23174101732018856,-0.6070944618729909,-0.724506413364197,-0.5838017974958588,-0.9393364366277243,-1.0587762446446174,-1.1818181818181817,-0.7138168897490806,-0.35536029299108923,-1.0583840110333524,-0.5872202195147035,0.36174054197616334,-1.1656084130343043
343,2026,12,1955860,2026-04-19,Palmeiras 1 x 0 Athletico Paranaense,1234,Palmeiras,50.19,49.81,Casa,-0.7450452071096,-0.3105106995021125,-0.7882735983970628,-0.6006576476121782,-0.3687765487100265,-0.5572604003069807,-2.465952833319822,-0.5943663307463607,-0.73140131987775,-0.7220092375965336,-1.1287944171230586,0.3140279727597491,0.4132427253926403,-0.37133739054396675,-0.26227701636588846,0.36858604069478756,-1.9146044273418543,-1.687458510595557,0.4952224199743437,-1.1036508110729384,0.5137175465923326,-1.5072305825061478,-0.4400582396285588,-0.3541154910857761,-0.5630229125491467,-0.21223817998900443,-1.348906546866925,-0.6626927270331782,-0.8670925503059649,-0.12031235261242981,0.5395520263106153,-0.003730015933529211,-0.7922835637825653,-0.21506967970867816,-1.2749649943450396,-0.1607014752016741,-0.5762295315190196,-0.40953260421351284,-0.31311214554257477,-0.6137616233057619,-0.27272727272727276,-0.4391572290321264,-0.3322097853043735,-0.6366223444426692,0.5872202195147035,1.1656084130343043,-0.36174054197616334
344,2026,12,1955862,2026-04-19,Red Bull Bragantino 4 x 2 Remo,5438,Red Bull Bragantino,49.86,50.14,Casa,0.7298579519203557,0.19452391288300325,1.0695584893275556,0.797507774458524,0.22512211700226575,-0.1728817010234775,1.0037295452206318,-0.30664607465294186,0.4809832952393867,0.7048904671505717,0.32524119796641543,1.5245825797963077,0.6939151069472299,0.14085211365460834,0.30237748999140696,-0.267604206879844,0.8479262074336487,0.8051406870021232,0.21223817998900443,0.12262786789699329,-0.5564271436929842,1.2524873854628547,0.5352230996156786,0.03934616567619693,-0.3233407725757546,1.2026830199376919,2.32992949004287,0.6078839001326006,1.0576817752300416,0.08823559818579783,-0.2531305057603697,0.08264783685806851,0.31363286429401904,1.5096823801472234,1.278480255207056,0.6428059008066961,0.8006272284719159,0.6360825554805627,-0.31311214554257477,0.10117266791597358,0.6363636363636362,-0.38032333145263203,-0.11613838022835787,0.040955118655800954,1.174440439029407,-0.4421273290819775,2.049863071198259
345,2026,12,1955862,2026-04-19,Red Bull Bragantino 4 x 2 Remo,4617,Remo,50.14,49.86,Fora,-0.6352499632781123,-1.2535512598228453,-0.16624360194601917,-0.7306125835912077,-0.4874926846204717,-0.8783296667673183,0.590672119203911,0.6524214456584526,-0.37425787702963986,-0.08264783685806851,-0.31363286429401904,-1.5096823801472234,-0.8704318517224876,-0.6274321426432543,-0.8541603866675652,-0.492110119076674,1.107327518487406,0.49266965759196674,-1.2026830199376919,-2.32992949004287,-0.6078839001326006,0.19105739778246908,-0.39742674412333423,-0.026230777117465243,-0.18445519146714032,-0.21223817998900443,-0.12262786789699329,0.5564271436929842,-0.42999544033178694,-0.08823559818579745,0.9766498756624936,-0.7048904671505717,-0.32524119796641543,-1.5245825797963077,-0.9843909584163101,-1.2320446432128345,1.1104199994698767,-0.9323401840605506,-0.31311214554257477,-0.6762167566077592,0.6363636363636362,-0.20698218283910885,-0.09813242980535708,-0.6958140649963547,-1.174440439029407,-2.049863071198259,0.4421273290819775
346,2026,12,1955865,2026-04-19,Cruzeiro 2 x 0 Gremio,1244,Gremio,62.3,37.7,Fora,-0.8517216945410369,-0.8206606539314922,-0.5055856568525774,-0.07122715059892153,-0.435366583158706,0.1112570629566806,-0.3180542180328745,-0.46358439615844327,-0.9747956029813254,0.5669102844009034,-1.3604719110849965,-0.9534480671373402,-1.3205668757789104,0.14085211365460834,-0.551192418399269,1.1173166389843516,-0.8203571133120602,-0.42849279823712605,-1.7686514999083702,-1.1036508110729384,-1.7638924997335865,-0.021228599753608014,-1.0901905479378309,0.3016539368508456,0.48059621043368145,-1.6271593799157007,-0.12262786789699329,-0.7408396673194123,-0.4739614824621768,-0.4372564087873966,0.01899506570832745,-0.9578279957919115,-0.5495410162347947,0.4225659302986558,0.2793228923278493,0.017855719466852608,-1.4524111060587055,-0.5838017974958588,-0.31311214554257477,-0.41768913205426433,-1.1818181818181817,-0.20775379100970562,0.9462126947287173,-0.45079505536613756,-1.174440439029407,-0.4421273290819775,-1.1656084130343043
347,2026,12,1955865,2026-04-19,Cruzeiro 2 x 0 Gremio,1230,Cruzeiro,37.7,62.3,Casa,0.0960151430294756,1.1338806421142824,1.1560675402924634,1.1943985109237885,0.6474423409984563,0.4102506900147778,-0.1528312476261862,0.18026512796668917,0.17700018697616293,0.9578279957919115,0.5495410162347947,-0.4225659302986558,0.3488631218646925,1.5493732502006898,1.2363620704437466,1.9510424548300058,0.833474231813211,1.7059281088060183,1.6271593799157007,0.12262786789699329,0.7408396673194123,0.6156293928546233,0.247122327824944,-0.5508463194667627,-0.2623475427113526,1.7686514999083702,1.1036508110729384,1.7638924997335865,3.7521975295606667,0.4372564087873962,-0.10708470069548433,-0.5669102844009034,1.3604719110849965,0.9534480671373402,2.026417656685421,0.7320844981409595,0.8006272284719159,0.9846209420452545,0.31311214554257477,1.162589033728444,0.6363636363636362,-0.04455575240736612,-0.7592080381926893,1.0469102354671662,1.174440439029407,1.1656084130343043,0.4421273290819775
348,2026,12,1955868,2026-04-19,Internacional 1 x 2 Mirassol,1219,Internacional,69.01,30.99,Casa,0.33080369946549343,1.2121307565929407,1.2888533615091644,1.17828258188426,0.5387038407479099,0.9810918231871262,0.3428376635938786,0.6229116758027174,2.0465805407399187,2.8446264106489205,1.5241400235391283,-1.919465481996783,-1.6872441992072513,1.933515378349621,2.297157360150805,-0.060160744009972955,0.5711723243332719,1.0606836239473572,0.4952224199743437,0.12262786789699329,-0.6345740839792183,1.0402013879267775,1.6576343294889628,2.5312699918353596,1.680775160250723,1.2026830199376919,1.1036508110729384,-0.2814945294595414,0.19768062879325593,1.9712119839185887,-1.0660816892329603,-0.06464614577748762,2.1395643686561137,0.1042108507013801,0.4981431242609575,2.964049431497544,-0.36205181329820707,2.03023610173933,-0.9393364366277243,-0.14146757342249203,-0.27272727272727276,-0.701642232671095,1.720468562917772,-0.18900665711909664,-0.5872202195147035,-0.4421273290819775,-0.36174054197616334
349,2026,12,1955868,2026-04-19,Internacional 1 x 2 Mirassol,6332,Mirassol,30.99,69.01,Fora,-1.0225900997217603,-1.729610514277084,-0.3472533520698527,-0.4586471484819692,0.23972993631044065,-1.0441939206178044,0.590672119203911,0.21875613212634382,-2.167409702944947,0.06464614577748762,-2.1395643686561137,-0.1042108507013801,0.23246407339326977,-2.420095407338267,-2.192012818759438,0.49628426398734515,-0.20503900224570037,-1.2037244425863778,-1.2026830199376919,-1.1036508110729384,0.2814945294595414,0.6156293928546233,-1.899279907586644,-0.3541154910857761,-0.731275233030039,-0.4952224199743437,-0.12262786789699329,0.6345740839792183,0.17209618127001783,-1.9712119839185887,1.2000021890369108,-2.8446264106489205,-1.5241400235391283,1.919465481996783,-0.258702068466943,-0.6070944618729909,1.5441298788670215,-0.40953260421351284,0.9393364366277243,0.5620988585099268,0.6363636363636362,0.3962263384796296,-1.0858874244385697,0.4777969413701481,0.5872202195147035,0.36174054197616334,0.4421273290819775
350,2026,12,1955872,2026-04-19,Coritiba 2 x 0 Atletico MG,1236,Coritiba,16.55,83.45,Casa,-0.23038355959353393,-0.38765704063885864,-0.9789928388043575,-1.2287891575905816,-0.09086395197682329,-0.09057943835336267,1.086341030423976,0.12493430948718579,-0.8408863576109048,0.2790906852636521,-1.2851296366258296,0.44835100044306814,0.8164906600394501,-0.37133739054396675,-1.2783434394264137,-1.0962351191699622,0.8397647787501907,-0.5521105540096689,-0.6367145399670133,0.7357672073819591,0.5988984088345599,-0.23351459728968513,-1.383308499361459,-2.4525776604829654,-2.581280137004669,-1.0611908999450221,-0.7357672073819591,-0.7408396673194123,-0.007598168365053888,-2.127491266284896,2.4206680158400182,-0.36076218432621815,-1.7680863735191212,0.46616494636753286,-1.4857439369258418,-1.0534874485443078,-1.3472693171139432,-1.80368615047228,-0.31311214554257477,-0.4329612907418937,0.6363636363636362,2.961664891642107,-2.2639910378292245,-0.4652692114762293,1.174440439029407,1.1656084130343043,0.4421273290819775
351,2026,12,1955872,2026-04-19,Coritiba 2 x 0 Atletico MG,1235,Atletico MG,83.45,16.55,Fora,0.5858627253664287,1.041040238804425,0.2843129938433255,0.6279234261868984,-0.013390949844242328,1.0028649085495904,-0.9789460996596276,0.18026512796668917,1.4407284202671786,0.36076218432621815,1.7680863735191212,-0.46616494636753286,0.7302060402424168,1.1652311220517584,1.201971725838961,-0.47209392931454686,-1.0886518524644768,0.8232692446026038,1.0611908999450221,0.7357672073819591,0.7408396673194123,-0.021228599753608014,0.8425838007376633,1.4820389071367648,1.1555833200255525,0.6367145399670133,-0.7357672073819591,-0.5988984088345599,-0.4984634776459212,2.127491266284896,-0.8513828173631579,-0.2790906852636521,1.2851296366258296,-0.44835100044306814,-0.4525761977200633,0.9106416928094863,1.0301033551370724,1.855966908456984,-0.9393364366277243,-0.2710165899345489,-1.1818181818181817,-0.7230863209649969,2.219490617498093,-0.31178646364528373,-1.174440439029407,-0.4421273290819775,-1.1656084130343043
352,2026,12,1955875,2026-04-19,Vitoria 0 x 0 Corinthians,1237,Corinthians,39.55,60.45,Fora,0.19709439031577114,0.12460810292641639,-0.7719568334845466,-0.548240639692939,-0.9942937584666613,-0.01313352037496278,-0.8963346144562835,1.803302470032128,-0.1464116487238786,0.6948976682351353,0.05774078559789287,1.0685204192569553,0.9222373658004563,0.01280473760496456,-0.13222261377063596,-1.1843366816835668,-0.5459212367875431,-1.1501185843329507,0.4952224199743437,0.12262786789699329,0.15787284358252335,-1.2949445849700707,0.26479739811855646,-1.468923518578033,-1.4254989379707623,-0.778206659959683,-0.7357672073819591,-0.6801550307875511,-0.6186964281360905,0.3940561761435145,0.7273129026088411,0.5550708068333015,-0.3574756077005577,-0.7546075035610372,-1.4749356236536757,-0.6963730592072542,-0.5762295315190196,-0.9323401840605506,-0.9393364366277243,-1.3430922763963926,-1.1818181818181817,-0.8838079256189854,-0.8518100689395532,-1.3278439290677542,0.0,1.1656084130343043,-1.1656084130343043
353,2026,12,1955875,2026-04-19,Vitoria 0 x 0 Corinthians,1238,Vitoria,60.45,39.55,Casa,0.41029551359559013,0.05014775515818787,-0.2577089470741064,-0.6045706992314657,-0.7001099352756117,0.8323816501614955,-1.22678055526966,-0.518650473879672,0.9694282567365018,-0.5550708068333015,0.3574756077005577,0.7546075035610372,0.9972354006702542,-0.6274321426432543,-0.6859507040656363,-0.215219494033917,-0.93045742269844,-0.4885350103940334,0.778206659959683,0.7357672073819591,0.6801550307875511,-1.9318025775783019,1.0950294978544126,-0.3541154910857761,0.26294302435704847,-0.4952224199743437,-0.12262786789699329,-0.15787284358252335,0.2624851762363641,-0.3940561761435149,-0.001328331149299006,-0.6948976682351353,-0.05774078559789287,-1.0685204192569553,-0.8979654159274999,-0.6070944618729909,1.35136993246829,-0.06099421764882101,-0.9393364366277243,-0.8071420244468595,-1.1818181818181817,-0.6685863893234351,0.4806302623625411,-0.8198982108082827,0.0,1.1656084130343043,-1.1656084130343043
354,2026,12,1955854,2026-04-18,Vasco da Gama 2 x 1 Sao Paulo,1224,Sao Paulo,37.48,62.52,Fora,0.0034463544264263513,-0.6175676354918112,-1.0530705623888328,-0.20204703127656964,1.115831208091765,0.675012488572485,1.3341754860340083,-1.2109097366608295,-0.8361667760671719,-0.2933397739325187,-0.3675683655338348,-0.14228654128444237,-0.5688828418406916,-0.6274321426432543,-0.1024730482840387,-0.5854440376304123,0.44999973761414674,-0.9748251758608069,-0.6367145399670133,-1.1036508110729384,0.7408396673194123,-0.6580865923618393,-0.8034230459024764,-0.682000205054087,-1.1447245327483277,-1.91014361990104,-1.348906546866925,-0.7408396673194123,-0.9158633642466303,-0.9238734311541895,0.7009249491826851,-1.0949238638121905,-1.133156077360286,0.18713124352671678,1.06171013988148,0.3749701088039061,-0.27967576782866366,-0.40953260421351284,2.1917850187980235,2.7691253787564873,-0.27272727272727276,1.964196107503318,-1.3276816158331581,2.569501660169129,-0.5872202195147035,-0.4421273290819775,-0.36174054197616334
355,2026,12,1955854,2026-04-18,Vasco da Gama 2 x 1 Sao Paulo,1226,Vasco da Gama,62.52,37.48,Casa,0.6218192182773179,1.2245898301508333,0.550340563025389,0.5753283754499325,0.22215591178336283,0.9416281059676597,1.5820099416440407,1.5292831785145862,0.01145021334265347,1.0949238638121905,1.133156077360286,-0.18713124352671678,-2.7393539951853048,0.7810889939028272,0.8582201599325417,1.1301431899973617,0.9024978426047651,1.4075497998521935,1.91014361990104,1.348906546866925,0.7408396673194123,1.2524873854628547,-0.11849543111202117,0.5639617080254943,0.005492822970497553,0.6367145399670133,1.1036508110729384,-0.7408396673194123,-0.13627563526394532,0.9238734311541899,-0.8730636307282013,0.2933397739325187,0.3675683655338348,0.14228654128444237,0.8675851638272629,0.5535273034724327,0.708836777805854,1.1588901353276004,-0.31311214554257477,0.4268368170335069,-0.27272727272727276,-0.37673244405643425,0.03819833768308163,1.4482238970610368,0.5872202195147035,0.36174054197616334,0.4421273290819775
356,2026,12,1955878,2026-04-18,Chapecoense AF 1 x 4 Botafogo RJ,1227,Botafogo RJ,48.86,51.14,Fora,-0.360556971597419,-0.6792278423763579,-0.04272576759554723,-0.0047258189062810985,0.7194194492806241,-3.435578542588741,-0.5658886736429068,-1.0174843544131527,-0.9800097653659354,-0.10515860647992203,-0.8563588455196686,1.8684920431271979,0.9770325423032593,-1.5237637749907607,-0.9620451624299903,-2.1534538693332164,-1.4224154190091094,-0.36999746988109006,-0.35373029998167405,0.12262786789699329,0.6231157494768669,0.8279153903907004,-0.9247513410067626,0.03934616567619693,0.05672503878510446,0.6367145399670133,-0.7357672073819591,0.5564271436929842,-0.09981215321847235,-0.14675559331074414,0.25004400459456605,1.5763642078848743,-0.4312784918580462,0.21702771168823323,0.3421030978554327,-0.3392586698702008,1.176133617560353,0.11327497563352491,1.5655607277128738,0.6080172225162859,2.4545454545454546,0.06939090866747512,0.3777391170882484,0.5213159737834516,1.7616606585441106,0.36174054197616334,2.049863071198259
357,2026,12,1955878,2026-04-18,Chapecoense AF 1 x 4 Botafogo RJ,8865,Chapecoense AF,51.14,48.86,Casa,-0.01971957780085004,0.11552797802556157,0.16896814414209924,-0.360538050783698,-0.8524197399888773,-0.8027459561519065,-1.0615575848629717,-0.11483257059066347,1.234342452126424,-1.5763642078848743,0.4312784918580462,-0.21702771168823323,-0.3818939256721527,0.01280473760496456,0.35025450708233596,1.054658200127693,-1.842194719179172,-0.7991464280007534,-0.6367145399670133,0.7357672073819591,-0.5564271436929842,-0.23351459728968513,1.1754953336268754,0.8918464219938051,1.805969759821808,0.35373029998167405,-0.12262786789699329,-0.6231157494768669,-1.0511207255630808,0.14675559331074414,1.2081441846036731,0.10515860647992203,0.8563588455196686,-1.8684920431271979,-0.5767745988380069,-1.0534874485443078,-1.780979196511088,-0.5838017974958588,-0.9393364366277243,-1.2913633434374274,-0.27272727272727276,-0.8974171300757051,0.5526540640545464,-1.2788179422134525,-1.7616606585441106,-2.049863071198259,-0.36174054197616334
358,2026,11,1955821,2026-04-12,Fluminense 1 x 2 Flamengo,1232,Fluminense,59.78,40.22,Casa,-0.5083583320782087,-0.12263368066240549,0.049068394995518315,0.5762672472968513,-0.07779559010495954,0.11302015472708218,-1.9110586822368127,-0.899755566144266,0.40748676239155507,-0.5368450022402095,0.1352278230460115,-1.2117325899208515,-1.5587980326882338,0.6104974328372784,0.4657771446501521,1.4168496820029877,-0.07555001009336634,-0.1689950039935229,-1.3719886811400706,-0.1948206189969819,-0.8460400560698716,-0.56692693701625,0.5378027121481351,2.1502643860946415,2.824608087289282,0.0,-0.9184400609857715,-0.7409021866796694,-0.9082897302676455,0.8070764419578259,-1.8077092472003427,1.673928917604589,0.5585042103267296,0.059807905308799036,0.8796804315940507,0.8373829364292306,0.8436090240972154,1.142628929284597,-1.163660107886512,-0.4979499754672361,0.12038585308576917,-1.0104918665389253,2.2193212943503062,-0.5573876906493879,-0.9128709291752769,-1.1952286093343936,0.0
359,2026,11,1955821,2026-04-12,Fluminense 1 x 2 Flamengo,1239,Flamengo,40.22,59.78,Fora,-0.19666973565950485,0.03502759084885296,0.5974594622759024,0.4703296262106824,1.3543738239694614,-0.29735312427315563,-0.3555458013463836,1.6956989889046492,0.5690781683531925,-1.673928917604589,-0.5585042103267296,-0.059807905308799036,-0.41782313171228097,-0.241359450191482,-0.5369702473988777,0.42701884784216454,0.006791156648601292,0.6048084473072524,-0.0,0.9184400609857715,0.7409021866796694,0.6732257377067957,1.7148474000182974,-1.1108000857076594,-0.5770569173545602,1.3719886811400706,0.1948206189969819,0.8460400560698716,0.7406744215009283,-0.8070764419578259,-0.8726470581024964,0.5368450022402095,-0.1352278230460115,1.2117325899208515,1.6118901799257155,0.601500419125222,0.4146915160266096,0.6762497744745574,1.3523617470032436,2.1609438701556196,1.3242443839434612,2.1153493299678643,0.1413181376264466,2.114076156902201,0.9128709291752769,-0.0,1.1952286093343936
360,2026,11,1955824,2026-04-12,Botafogo RJ 2 x 2 Coritiba,1227,Botafogo RJ,64.74,35.26,Casa,0.5610220710162384,0.08032477826607687,1.7374705620465456,1.9117209810924773,1.4518405768934612,1.0307181878584897,0.5333187020195759,0.29814653618600223,0.9547773211686058,-0.053667579654617485,0.94955905856878,-0.19895847120206187,-0.2820972780606907,1.3203781686945788,2.108257263902252,-0.3169008884568293,1.0275530797388002,0.6417510584481315,-0.6859943405700353,-2.4213419789624884,-1.947056865013961,1.2047197411595296,0.8947280604973453,1.9464478566069978,1.0429439412926556,2.4009801919951235,1.8647116389711118,0.10247906763889246,2.1132358830491658,1.3663399875445574,0.06924042723452979,-0.07380538726376679,2.9179137709051335,1.1658304677636349,2.196799698156583,2.1347367816012777,-0.6576022541499031,1.6090080840946364,1.3523617470032436,1.4851588682489614,1.3242443839434612,0.676549734240144,1.2969245832417258,1.4350963607425264,0.0,-1.1952286093343936,1.1952286093343936
361,2026,11,1955824,2026-04-12,Botafogo RJ 2 x 2 Coritiba,1236,Coritiba,35.26,64.74,Fora,-1.8684970606424418,-1.9235942238898511,0.35781332853504383,-0.650558535277771,0.38932811961618696,-2.468796561223369,-0.05925763355773042,0.4460356846218383,-2.2972492230324857,0.07380538726376679,-2.9179137709051335,-1.1658304677636349,-0.6976223786791472,-1.9450732162490028,-1.483611848344167,1.7320770584502272,-0.09632479142523695,-0.25954655858812503,-2.4009801919951235,-1.8647116389711118,-0.10247906763889246,-0.035432933563516095,-1.2572264845365697,-0.8050752914761936,-1.1847495471415026,0.6859943405700353,2.4213419789624884,1.947056865013961,1.137278361254019,-1.3663399875445568,1.1865440170046295,0.053667579654617485,-0.94955905856878,0.19895847120206187,-0.4852935661998094,-0.5779121673948208,0.2167295892247921,-0.023318957740501894,0.7233562832808047,0.4073995927871354,1.3242443839434612,0.6534975374097316,-1.1744024540680575,0.3522419453624344,0.0,-1.1952286093343936,1.1952286093343936
362,2026,11,1955827,2026-04-12,Santos FC 1 x 0 Atletico MG,1235,Atletico MG,56.03,43.97,Fora,-0.7055509862484299,-1.2416878798128432,-0.5773220680817234,-0.6639092463785786,-0.6256696482358362,0.34597025306322776,-0.4296178432935469,1.4073151494547695,-0.32090500558870855,-1.1060016633247611,-0.12869949527072105,-2.0433359718600332,-0.21470454287578838,-1.2351924803917025,-0.49485871874848847,-1.5031512787714407,-3.288592310262243,-2.0475202464399582,-1.3719886811400706,-1.8647116389711118,-0.7160518825466585,0.4960610698892178,-0.7782733441201231,0.01019082647438161,0.4557149682951393,-1.3719886811400706,-0.9184400609857715,-0.9101905277065865,-0.9014822186079741,-0.3894478048330596,-0.47146445738050224,0.8385643548256516,-0.29256910896560245,-1.2719895108041723,-0.70163056091148,-0.5779121673948208,-0.44314350011460074,-0.7228876899555612,-0.5346546441640732,-0.5775111092228593,-1.0834726777719228,-0.2725317646067845,0.8479088257586803,-0.6373249520967604,-0.9128709291752769,-0.0,-1.1952286093343936
363,2026,11,1955827,2026-04-12,Santos FC 1 x 0 Atletico MG,1241,Santos FC,43.97,56.03,Casa,0.8603922715546806,0.8538492774262831,1.3946536019940179,1.0259056063158756,0.5852739910431853,0.5234544376338164,1.1999670795440456,-0.45662917869688996,1.2092636250002493,-0.8385643548256516,0.29256910896560245,1.2719895108041723,0.7807664907557854,0.4685212856658183,0.6564470819134721,0.8368494911642312,0.946272083280214,1.5226270974295424,1.3719886811400706,0.9184400609857715,0.9101905277065865,1.5590490767946856,1.4942926023713015,-0.1936257030132622,-1.0139271754336063,1.3719886811400706,1.8647116389711118,0.7160518825466585,2.2715053157001996,0.3894478048330596,-0.849210884655256,1.1060016633247611,0.12869949527072105,2.0433359718600332,1.542139153299688,2.0167955229492733,-0.44314350011460074,0.9094393518795771,0.09435081955836579,0.3023339352265099,0.12038585308576917,-0.09529881401388056,-0.22415980451091572,0.24667958669418305,0.9128709291752769,1.1952286093343936,0.0
364,2026,11,1955830,2026-04-12,Corinthians 0 x 0 Palmeiras,1237,Corinthians,31.65,68.35,Casa,-0.8406701230072888,-0.16219492139639902,-0.9613099972238922,-1.241218156113348,-0.855226390271713,-0.30213766065965586,-0.20740171745205702,-1.0787524320097086,-0.929870014245314,0.7310379438655461,-1.0807300759053893,-1.0817661597380062,-0.09672995634136804,-0.6672878917058622,-1.9289233657205582,0.1965507730226295,1.3735564396872322,0.5961099702452549,1.028991510855053,0.9184400609857715,0.6577309361125743,-1.8070796117392958,-0.40424970695111495,-2.1298827331458785,-1.7004151770004394,-1.028991510855053,0.1948206189969819,0.7379289843521744,-0.5924770396489936,-1.3870256128539966,1.0864939252281767,-2.2789905556782464,-1.8890406048911075,-0.4035258708547129,-1.2852805358535755,-0.9317359433508337,-0.44314350011460074,-1.88883557698066,-0.5346546441640732,-0.8940770364804265,-1.0834726777719228,0.3394838104324935,-1.6930330576725052,-0.9553874544518064,0.0,1.1952286093343936,-1.1952286093343936
365,2026,11,1955830,2026-04-12,Corinthians 0 x 0 Palmeiras,1234,Palmeiras,68.35,31.65,Fora,0.9455312446548991,0.6507924066991679,-0.7527984478516321,0.9866823370077762,-0.5749442353433873,1.5668037420732013,-0.7259060110822001,0.162021297284835,1.0923120334926466,2.2789905556782464,1.8890406048911075,0.4035258708547129,0.6852286597465148,1.1784020215231186,0.5905967134154825,-0.6779336159438848,-0.5467814142502194,-0.9393694152232189,1.028991510855053,-0.1948206189969819,-0.7379289843521744,-1.6299149439217178,-0.28660696534576396,-0.09171743826944029,0.9690977483058877,-1.028991510855053,-0.9184400609857715,-0.6577309361125743,-0.5611197677320463,1.3870256128539966,-0.766623411900578,-0.7310379438655461,1.0807300759053893,1.0817661597380062,0.39720749953371287,0.011794125865200596,-1.6822385234296822,0.44306019706953764,-1.163660107886512,-0.7340314733199431,-1.0834726777719228,-1.0661787565336565,1.13332969485643,-0.7945852709994207,0.0,1.1952286093343936,-1.1952286093343936
366,2026,11,1955836,2026-04-12,Cruzeiro 2 x 1 Red Bull Bragantino,5438,Red Bull Bragantino,53.57,46.43,Fora,0.3655022314341329,-0.0739471426993461,-0.21703667080432912,0.048518162722948885,-0.45440389625738453,0.37900633763668345,1.1258950375968824,2.034236539563203,-0.9457660090334022,-0.06910414602293824,0.05228823046824267,0.9175479337787943,-1.8277167132162528,-0.6672878917058622,-0.46267157094959327,-0.7439510289700892,-0.2335585999139935,0.5774812561414099,1.028991510855053,-0.1948206189969819,-2.6401552570201607,0.31889640207163983,-1.3962157743562238,0.21400735596202541,0.17383105460223652,0.34299717028501764,-0.3618097209943948,-0.9101905277065865,-0.42009545779403906,0.09331102353962824,1.5765104054397798,-1.4271839241974213,-0.3233275558371021,0.11861871051651796,0.30547047267275146,0.011794125865200596,1.4869852862031228,0.44306019706953764,-1.163660107886512,-0.903693662434569,0.12038585308576917,-1.2684958061842666,-0.3459857852233696,-0.9650495432990953,-0.9128709291752769,-1.1952286093343936,0.0
367,2026,11,1955836,2026-04-12,Cruzeiro 2 x 1 Red Bull Bragantino,1230,Cruzeiro,46.43,53.57,Casa,0.2891230410815875,0.015419447250553081,0.13491337834332953,-0.33319002678190685,1.5086722648726556,0.9015771299804359,0.23703053423092274,0.5833613224551142,0.5692202419292332,1.4271839241974213,0.3233275558371021,-0.11861871051651796,-0.8928904488963395,0.32654513849435823,-0.28367990020152306,-1.5031512787714407,-0.9831747798440149,-0.9770456053236708,-0.34299717028501764,0.3618097209943948,0.9101905277065865,-1.4527502761041398,1.5765547329224936,-0.1936257030132622,-0.5808794771909148,-1.028991510855053,0.1948206189969819,2.6401552570201607,1.7134724081129566,-0.09331102353962824,0.1539989070886793,0.06910414602293824,-0.05228823046824267,-0.9175479337787943,-0.26961291934096215,0.12973538451720487,1.653786539341692,0.44306019706953764,2.6103726744481217,2.2087499634774654,1.3242443839434612,2.4429994591098585,-0.8506934196035368,2.162108254991499,0.9128709291752769,-0.0,1.1952286093343936
368,2026,11,1955839,2026-04-12,Internacional 0 x 0 Gremio,1219,Internacional,53.0,47.0,Casa,1.7190343121832568,0.49863333480557814,0.4039707288157588,-0.1262993491075769,-0.4529034097447294,1.6373808318437657,2.607335876540148,1.2631232297298303,1.85840161793227,1.3264043330242772,1.2962980019009243,1.7213193381249619,1.998419637184693,-0.241359450191482,0.9744555581430054,0.394849345731938,0.7086469730323872,1.5349168039020717,0.34299717028501764,0.9184400609857715,0.9101905277065865,1.7362137446122636,0.3590243811943652,-0.09171743826944029,-0.7208439758143712,0.6859943405700353,-0.3618097209943948,0.25707989243419405,0.09611906578172374,1.1383944871834648,0.2659697580351731,-1.0250155385123885,0.2534186011485336,-1.4592230823665129,-0.437787402395793,-0.5779121673948208,0.3193765142331421,-0.7228876899555612,0.09435081955836579,-0.43345355320023504,-1.0834726777719228,-0.022663697701980425,-0.7741170888699941,-0.49258635957467833,0.0,1.1952286093343936,-1.1952286093343936
369,2026,11,1955839,2026-04-12,Internacional 0 x 0 Gremio,1244,Gremio,47.0,53.0,Fora,0.15519049564218312,-0.8679360806318166,-0.7936560681544361,-1.4228177776600734,-1.4926573798959606,-0.4324800307040173,0.23703053423092274,-0.3435867329194977,-1.3536818689509853,1.0250155385123885,-0.2534186011485336,1.4592230823665129,-0.010627408743085638,-2.087049363420463,-1.060510339531163,-0.8410580376656109,1.1462162452624194,-0.8015658660501539,-0.6859943405700353,0.3618097209943948,-0.25707989243419405,-1.2755856082865618,-1.0577575626471187,-0.6012587619885498,-0.9693648175967632,-0.34299717028501764,-0.9184400609857715,-0.9101905277065865,-0.5658972447335973,-1.1383944871834655,2.6523638545040074,-1.3264043330242772,-1.2962980019009243,-1.7213193381249619,-1.535259283430942,-1.521442236610855,-1.5154372702911134,-2.3552147317906997,-1.163660107886512,-1.4938887948254163,-1.0834726777719228,-1.244336338568751,-1.153518000231637,-1.5580348412186251,0.0,1.1952286093343936,-1.1952286093343936
370,2026,11,1955842,2026-04-12,Athletico Paranaense 2 x 0 Chapecoense AF,1243,Athletico Paranaense,57.46,42.54,Casa,0.7961038241326088,0.1386271820926465,-0.3317879084724777,0.3397697155393377,0.5815754899300074,0.8655377649912117,-0.7259060110822001,-0.1837681026824965,0.1989913180835097,0.15823280734862127,1.2366168244831484,1.266563446184427,1.233205759615302,-0.8092640388773222,-0.027028464601539556,-0.13110263455213078,0.3861413103503438,-0.6173234961113976,1.028991510855053,0.3618097209943948,0.7833565620729186,0.14173173425406188,-0.6238853951880796,0.5197321501934912,0.560561551621028,-1.3719886811400706,0.1948206189969819,-0.7409984293958322,-0.851137877951251,1.011769114743738,0.1400512752978891,0.2736138351902997,0.38085159477024694,0.33631354592250823,-0.36985539327914224,0.24767664316920915,-0.6147105033428426,-0.023318957740501894,0.7233562832808047,0.5332993858409374,1.3242443839434612,0.8250766352810642,0.3362397067663732,0.4787369335362366,1.8257418583505538,1.1952286093343936,1.1952286093343936
371,2026,11,1955842,2026-04-12,Athletico Paranaense 2 x 0 Chapecoense AF,8865,Chapecoense AF,42.54,57.46,Fora,-0.1603190359084089,0.49906362676672184,-0.20504441130970688,-1.229022717324049,-1.3104102854691106,0.3008009156100666,-0.2814737593992203,-1.4765232450440242,0.3919016410347858,-0.2736138351902997,-0.38085159477024694,-0.33631354592250823,0.7812333485455064,1.0364258743516586,-0.21733942942785991,-1.5031512787714407,0.3023567772626381,0.9478469793297031,1.3719886811400706,-0.1948206189969819,0.7409984293958322,-0.035432933563516095,1.204822455339202,-0.397442232500906,0.2404557909098561,-1.028991510855053,-0.3618097209943948,-0.7833565620729186,-0.6114125252835734,-1.011769114743738,0.07624783803227912,-0.15823280734862127,-1.2366168244831484,-1.266563446184427,-1.4011414838848832,-1.6393834952628592,-1.0150335108754078,-1.4224564221706204,-1.163660107886512,-1.2828123866759977,-1.0834726777719228,-1.2262314113601616,-0.8228474811549756,-1.3459605628977753,-1.8257418583505538,-1.1952286093343936,-1.1952286093343936
372,2026,11,1955833,2026-04-11,Mirassol 1 x 2 Bahia,6332,Mirassol,41.25,58.75,Casa,0.28509014273107963,1.225890504359381,0.156756278422461,0.1517163867065442,0.06985406255610428,0.14249800489489892,-0.3555458013463836,-0.4899469521891744,0.9803911420782306,-1.2884128821802419,0.2589389104484384,0.35032007837660667,0.6225880551709105,1.6043304630374988,1.6947971528442185,-0.7731510385778336,0.21102905615100417,-1.9024195602607825,0.6859943405700353,0.9184400609857715,0.9101905277065865,0.14173173425406188,0.5524759576765788,-0.09171743826944029,0.23125951939249162,0.34299717028501764,0.1948206189969819,0.8592496198379597,-0.19977037240843365,-0.09462990726456962,-1.1168231211990347,0.9093501379274369,1.085158789590815,-0.1628330001204213,-0.22083033537964727,0.011794125865200596,-0.24518157331278279,0.44306019706953764,0.09435081955836579,0.46597363555289056,-1.0834726777719228,0.36479118709229114,-0.4886962197722444,0.4110928987057786,-0.9128709291752769,-1.1952286093343936,0.0
373,2026,11,1955833,2026-04-11,Mirassol 1 x 2 Bahia,1221,Bahia,58.75,41.25,Fora,-0.5604445666251383,-0.31766954610775205,-0.42299021723961655,0.012358793649387884,-0.40538371639328913,-0.48293514168893115,-0.4296178432935469,-0.03460404779462805,-1.215548238397674,-0.9093501379274369,-1.085158789590815,0.1628330001204213,0.9384516381612564,-0.3833355973629421,-0.3495247977860667,1.3087014982706016,-0.6694710066437469,0.8915615780886508,-0.34299717028501764,-0.1948206189969819,-0.8592496198379597,0.8503904055243737,-1.7358404557674134,0.21400735596202541,-0.06234092547668212,-0.6859943405700353,-0.9184400609857715,-0.9101905277065865,-0.2620642076008783,0.09462990726456962,-0.5210141452440075,1.2884128821802419,-0.2589389104484384,-0.35032007837660667,0.564064256158027,-0.4599709087428165,-0.2871734971798351,-0.25650853514552163,-0.5346546441640732,-0.6223657089667106,0.12038585308576917,-0.637194199185388,1.0567533641228872,0.4592812257171318,0.9128709291752769,-0.0,1.1952286093343936
374,2026,11,1955845,2026-04-11,Vitoria 2 x 0 Sao Paulo,1238,Vitoria,41.84,58.16,Casa,-0.6429491028197414,-0.3853477175000607,-0.5649417851836247,-0.7644043758731176,0.2753129949947149,-1.4870907818788874,-0.5036898852407102,-0.7869097159247471,-0.6275220512705245,-0.9787421835353591,-0.697024768265509,-0.28244881073801886,1.0516359584932395,0.042592844151438124,-1.2597990945760402,-0.6404237221789959,-0.05380420041586368,-0.8420489180252841,-0.6859943405700353,0.3618097209943948,0.028113425858781585,0.31889640207163983,-0.4595201813536289,-1.0088918209638373,-0.4022366808098968,-0.34299717028501764,-0.9184400609857715,-0.6027407983421295,-0.9786978795851327,-1.527498037357505,0.20500293879828774,-0.1746409910881139,-0.2833137392056271,-0.7194352636934717,-0.5273704632358668,-1.049677202002838,2.237590925326682,0.20987061966451787,0.7233562832808047,0.2882616395739008,1.3242443839434612,0.31072901875218856,-0.3007361352444584,0.23254076383373284,1.8257418583505538,1.1952286093343936,1.1952286093343936
375,2026,11,1955845,2026-04-11,Vitoria 2 x 0 Sao Paulo,1224,Sao Paulo,58.16,41.84,Fora,-0.08921813430665515,0.7355249884227698,-0.15327411511260386,0.47961863884091704,-0.17821606159806658,-1.4920373613872124,-1.466626430553833,-1.8157983502791766,0.03334252811816002,0.1746409910881139,0.2833137392056271,0.7194352636934717,-1.6648232975502233,0.7524735800087384,0.9281891424115516,0.05684923451900735,0.9219440556228586,0.7488846307566818,0.34299717028501764,0.9184400609857715,0.6027407983421295,-1.098420940468984,-0.2421984600281896,0.21400735596202541,0.639427243900675,0.6859943405700353,-0.3618097209943948,-0.028113425858781585,-0.11721726571611549,1.5274980373575042,-0.6700913055381608,0.9787421835353591,0.697024768265509,0.28244881073801886,-0.588497060997364,0.011794125865200596,0.586258519254852,0.44306019706953764,0.09435081955836579,-0.23504591021686394,-1.0834726777719228,-0.4711535038708013,1.1925023140596223,-0.29324073839444087,-1.8257418583505538,-1.1952286093343936,-1.1952286093343936
376,2026,11,1955848,2026-04-11,Remo 1 x 1 Vasco da Gama,1226,Vasco da Gama,56.75,43.25,Fora,-0.28356022619823545,-0.09031800459932995,-0.022425095122436383,0.6428417261865231,0.3562038045497672,-0.6343004746436737,0.014814408389432869,-0.03460404779462805,-0.2594595029364813,0.8486487044670171,0.23865496204210643,-0.793213240840348,0.0981336656468112,0.32654513849435823,0.4066309723816981,1.0559506868510924,-0.6493047509230954,0.1819549841125335,-0.34299717028501764,-0.7514509589883586,0.0012466479190363607,-0.035432933563516095,-0.35356084463261767,1.7426313271193539,0.8435592202283835,0.0,-0.9184400609857715,-0.9101905277065865,-0.569748058672067,0.8577308676258358,-0.4325634319889054,0.31572948293927217,-0.14646648632598275,0.9807316504933007,0.8793708729529385,1.427089229689252,0.4598407274024633,1.142628929284597,-0.5346546441640732,0.17989403821159597,0.12038585308576917,-0.3298109679455886,0.3327589644603033,0.12366085132355022,0.0,-0.0,0.0
377,2026,11,1955848,2026-04-11,Remo 1 x 1 Vasco da Gama,4617,Remo,43.25,56.75,Casa,-0.12075233093661672,0.45217606036177066,0.17048104912789874,-0.21430903705289986,-0.1448245151111065,-0.20963662385398044,1.4962552473326987,-0.2890603767209913,-0.3151644861268782,-0.31572948293927217,0.14646648632598275,-0.9807316504933007,-0.525830024556606,0.6104974328372784,0.2797667476240327,1.2082781848048143,-0.4339453132647115,0.3078918642548941,-0.0,0.9184400609857715,0.9101905277065865,0.4960610698892178,0.2607868727591283,-0.29553396775708407,-0.7696444320189135,0.34299717028501764,0.7514509589883586,-0.0012466479190363607,-0.532875809397246,-0.8577308676258358,0.09572371654585048,-0.8486487044670171,-0.23865496204210643,0.793213240840348,-0.5540635593840052,-0.10614713278680368,-0.8720610081852057,-0.4896981125505414,0.09435081955836579,-0.35718531826476374,0.12038585308576917,-0.08408958577544572,-0.7288674388910822,-0.415957564227283,0.0,-0.0,0.0
378,2026,10,1955804,2026-04-06,Mirassol 0 x 1 Red Bull Bragantino,5438,Red Bull Bragantino,51.85,48.15,Fora,-0.555877817713952,-1.076428418620475,-0.8522824421430104,-0.37899189979813785,0.8654039004263361,-0.1763033317755172,-0.5983322480745754,1.1127218755380013,-0.5451681952406221,0.2751978693522862,-1.1488094486891784,-0.11753715476145478,0.5940079256680819,-1.2848791333978982,-1.3792776964365718,0.18334490992440136,0.5165237436967682,0.792513747013491,-0.45973866282924825,-1.1818181818181817,-0.10135553793107273,-0.5130483523074822,0.10618166492783557,-0.561015128574098,-0.65578099624888,-1.125567071064711,-1.5454545454545452,0.122315940898803,-1.4747912203850622,-0.3764976353376115,0.8402349173866498,-2.553247267434998,-0.7158518104736288,0.41150960098243844,-0.8351277543637494,-0.06712120478771344,-0.22383617996358798,0.3366861971677134,1.7383577954199767,1.588754548095737,0.0,1.5732357776305748,-0.0019268930841468256,1.0576859670344483,0.7453559924999299,1.2247448713915892,-0.20412414523193148
379,2026,10,1955804,2026-04-06,Mirassol 0 x 1 Red Bull Bragantino,6332,Mirassol,48.15,51.85,Casa,0.20774751946027298,0.7131460181149798,0.44891897142530657,0.36342853161834493,-0.435321916342033,0.5643597681142577,-0.03186384753059888,-1.952044640095349,0.34084050401320876,2.553247267434998,0.7158518104736288,-0.41150960098243783,0.5729954780826761,-0.3943688429241075,0.5759312988647702,0.056428107956275314,-0.12720745985881765,-0.013950464903774969,1.125567071064711,1.5454545454545452,-0.12231594089880314,0.18026023189181756,-0.8640439222124486,0.14025378214352466,0.0858783442773684,0.45973866282924825,1.1818181818181817,0.10135553793107259,1.595486892081516,0.37649763533761094,-0.15329472340107622,-0.2751978693522862,1.1488094486891784,0.11753715476145538,-0.18913011231486507,0.3803534937970435,0.6616069306945553,0.10448881981066957,-0.48082236894595093,-0.6495469038662769,-1.2909944487358056,-0.8580368744724806,-0.24691758521138524,-0.7567704052017932,-0.7453559924999299,0.20412414523193148,-1.2247448713915892
380,2026,10,1955809,2026-04-06,Gremio 0 x 0 Remo,1244,Gremio,65.42,34.58,Casa,0.8036893041861313,0.6032221385171297,0.9094944846985884,0.3291882783754888,-0.6655529948961257,0.7301043401172633,0.7470302032173688,0.34353897981295556,0.8215242400756726,0.7763454065614221,0.7378033491688087,0.9195348721581598,0.39020282267009393,1.5138674938054442,1.3565183802862701,-0.7167201318811997,0.01504436343277026,0.7473131921957326,-1.093860956386832,0.6363636363636362,-0.004255058613693397,1.4282156834505573,1.5496539259404454,0.9291813067008501,0.514495804404453,0.45973866282924825,1.1818181818181817,-0.7690216243688003,-0.09164085254775263,0.9405538098088354,-1.1731756822056596,-0.1876561732424006,1.3624984797373054,-1.1335831022885998,0.1472839262444142,-0.663754136234056,-0.8510250500131054,1.2654757065958888,-1.2205490904012601,-0.8220391527667846,-1.2909944487358056,-1.4650143989644524,1.4267266935904221,-0.8965994974380241,0.0,1.2247448713915892,-1.2247448713915892
381,2026,10,1955809,2026-04-06,Gremio 0 x 0 Remo,4617,Remo,34.58,65.42,Fora,-0.6056519497895552,-1.1776981148063874,0.11922996243277399,-0.7992643150658667,-0.3251599069400564,-2.5394400187138295,0.25137035274138936,0.7067642361275603,-1.739260358189637,0.1876561732424006,-1.3624984797373054,1.1335831022886003,0.8247591857421629,-1.7937421565257787,-1.275493458052341,-1.530031916645297,-0.1635904293111969,-0.6578927659167099,-0.45973866282924825,-1.1818181818181817,0.7690216243688003,0.7349070992512574,-1.1907638309230804,-0.2980392870549895,-0.7634975816444284,1.093860956386832,-0.6363636363636362,0.004255058613693254,1.0117784733002606,-0.9405538098088354,0.5411311210583556,-0.7763454065614221,-0.7378033491688087,-0.9195348721581592,-0.5991652291276638,-0.663754136234056,-1.0600880066962786,-1.0564980669745496,-0.48082236894595093,0.15671229853708146,-1.2909944487358056,1.5083510550224837,-0.8607706677324429,1.0479244154296685,0.0,1.2247448713915892,-1.2247448713915892
382,2026,10,1955791,2026-04-05,Flamengo 3 x 1 Santos FC,1241,Santos FC,33.38,66.62,Fora,-0.372114649652987,-0.06983403148600209,-0.1167622417842757,-0.5410228554354347,-0.5377260117861472,-0.506274423537952,0.8178387532853658,-1.1652428541092508,-0.432984185380073,-1.1462056949300499,-0.81811691539503,-0.3683008698337447,-0.2798357262550078,-0.7760161102700178,-0.3140672827659624,0.820637510050935,-0.5127288976875527,0.18842284347178276,0.17438363072833546,0.6363636363636362,-1.3876153950164527,0.041598515051957594,-1.0978872580181922,-1.612918494650532,-1.771952787334545,0.45973866282924825,0.27272727272727276,1.8458134285207586,1.2361678513545913,-1.0838994340354324,0.14519329151021526,1.402513639680097,-0.3932836249572977,-0.5882479746699494,-0.09866038807905944,-0.9620706019572273,1.6007132601804637,0.5688835745247572,-1.2205490904012601,-0.5934148666959557,0.0,-1.0098305966230146,-0.9323409822864676,-0.7112675385342969,-1.4907119849998598,-1.8371173070873836,-0.20412414523193148
383,2026,10,1955791,2026-04-05,Flamengo 3 x 1 Santos FC,1239,Flamengo,66.62,33.38,Casa,-0.2816932047987027,0.23411238487043423,-0.030056114703202408,0.9784656876227902,1.0767954737460053,-2.1216936469169765,-1.5896519490265342,0.34353897981295556,-0.6097995392080668,-1.402513639680097,0.3932836249572977,0.5882479746699499,0.4803320344092124,0.8777887148955935,0.7911267601426643,0.9732783819143269,-3.0238379274198364,-0.037057243076635056,-0.45973866282924825,-0.27272727272727276,-1.8458134285207586,-0.5130483523074822,0.5100217777735867,0.8415226928611473,0.771645734090293,-0.17438363072833546,-0.6363636363636362,1.3876153950164525,-0.2080855394544946,1.0838994340354324,-1.5838119629875052,1.1462056949300499,0.81811691539503,0.3683008698337453,1.6435455312269527,0.3803534937970435,1.1781154119118051,0.8010809518818012,1.7383577954199767,1.3703882504205847,1.2909944487358056,0.8824314694649229,1.5505983918570032,2.0317785172954266,1.4907119849998598,0.20412414523193148,1.8371173070873836
384,2026,10,1955794,2026-04-05,Vasco da Gama 1 x 2 Botafogo RJ,1227,Botafogo RJ,39.11,60.89,Fora,-0.2985993318127032,-0.7758611516820791,0.6377437670880387,-0.06057546909498465,0.5117057933126099,-0.314264683471567,1.3134986037613452,0.774868971686549,-0.6279541553291599,-0.7305432313895643,-1.2660899401481502,0.10574560523442045,-1.947322698592909,-1.2848791333978982,-1.3610681533072224,-0.625079367400738,1.1856298321852343,1.5839536817121838,-1.093860956386832,0.6363636363636362,0.583625559120013,1.7055391171302772,-1.6991489421874468,-0.561015128574098,-0.6182989083493257,0.45973866282924825,2.0909090909090904,1.6146368730865928,1.830439802421161,-1.2631093659344617,0.5290735662027896,-0.9777609081003109,-1.5185947868074297,2.2908226853879676,0.2485795909739853,0.3803534937970435,1.6946238931290545,0.8010809518818012,0.2589043525093583,0.43270011911951256,1.2909944487358056,-0.06483456351074025,-0.6295434976348248,0.12054216834319047,0.7453559924999299,0.20412414523193148,0.8164965809277261
385,2026,10,1955794,2026-04-05,Vasco da Gama 1 x 2 Botafogo RJ,1226,Vasco da Gama,60.89,39.11,Casa,0.01770473820519297,-0.028313805023220007,0.48549578703993373,1.3040586683877142,1.188017429352408,0.5514833752892929,0.3929874528773835,-0.14076136193985178,0.9258274801784802,0.9777609081003109,1.5185947868074297,-2.290822685387967,-2.3728014957822245,1.0050044706775636,1.432388062967895,0.11744580121018187,0.978200705750621,0.4810294611324888,-0.45973866282924825,-2.0909090909090904,-1.6146368730865928,1.2895539666106972,0.4157657153933552,1.5427916035787699,1.1997056511208406,1.093860956386832,-0.6363636363636362,-0.5836255591200132,-0.7926338833664154,1.2631093659344617,-1.080792230598616,0.7305432313895643,1.2660899401481502,-0.10574560523441986,2.7927809727026647,0.9769864252433861,1.1781154119118051,0.5688835745247572,1.7383577954199767,1.9959743057759138,0.0,1.7598804112246802,0.9284871961181737,1.387794533767324,-0.7453559924999299,-0.8164965809277261,-0.20412414523193148
386,2026,10,1955800,2026-04-05,Corinthians 0 x 1 Internacional,1237,Corinthians,69.5,30.5,Casa,0.5839178284767629,0.4708553528340601,0.03234664558304668,0.12495724780825082,-0.44247319333007296,0.9400474646544036,-1.235609198686549,2.5228905177005863,0.5805227205481569,0.36789912935182273,1.30806648777184,0.5116769464769199,1.1941775383832902,0.6233572033316533,0.44931694091261526,-1.530031916645297,-0.7988266698828665,-1.190402655545652,0.17438363072833546,0.6363636363636362,0.7690216243688003,-1.206356936506782,0.857053431316436,0.8415226928611473,0.6811649879306436,-0.8085059242859192,0.27272727272727276,-0.8875951157546365,0.23763933738612528,0.8535053514385291,1.1525866048810756,-0.8448723625491871,0.3419196674514555,-0.3393921330426028,-0.3562038946143785,-0.8129123690956417,-1.4782139200626234,-0.8243006896175058,0.2589043525093583,-0.3267234614942716,-1.2909944487358056,0.33037735551638997,0.969777762207034,-0.49507685556589504,-0.7453559924999299,0.20412414523193148,-1.2247448713915892
387,2026,10,1955800,2026-04-05,Corinthians 0 x 1 Internacional,1219,Internacional,30.5,69.5,Fora,0.013630243603800659,-0.30811942876876547,-0.5691124599151833,-0.9604371640501563,-1.2314661907946183,0.41620550713995824,0.038944702537398186,-1.0730395198140044,-0.3472364302289341,0.8448723625491871,-0.3419196674514555,0.33939213304260335,0.44840742545055123,-0.9032318660519879,-0.8650245005817203,0.18334490992440136,-0.48058952726665566,0.0064026399577422856,0.8085059242859192,-0.27272727272727276,0.8875951157546363,-0.23572491862776232,-0.4541101624930292,-1.4376012669711262,-1.509410551094681,-0.17438363072833546,-0.6363636363636362,-0.7690216243688003,-0.47649114430721035,-0.8535053514385291,1.7671911775875482,-0.36789912935182273,-1.30806648777184,-0.5116769464769192,-1.1684998705133371,-1.4095453005419842,-1.3527761460527197,-1.5208928216886375,-1.2205490904012601,-1.6166907432058704,0.0,-1.4808169901534116,-1.4966453855008928,-1.5407757502461434,0.7453559924999299,1.2247448713915892,-0.20412414523193148
388,2026,10,1955806,2026-04-05,Atletico MG 2 x 1 Athletico Paranaense,1243,Athletico Paranaense,50.44,49.56,Fora,0.3153454511667126,0.3029373393820569,0.3853460245208431,-0.2343260318519521,-1.0813782324431158,0.4610240105693731,0.32217890280938644,-1.1093620454454656,1.5628488937483762,-1.175328542694033,0.4615798205877912,-0.45311800875525426,-0.2514573863981635,0.8777887148955935,0.7493654314103633,-0.6846157193247222,0.6692885219999052,0.8564733074440112,-0.1426775160504564,-0.27272727272727276,-1.4031916649255423,0.8735688160911174,0.6754223769607512,1.016839920540553,1.3612451168358557,1.4109221031656238,-1.5454545454545452,-0.6228787192203254,-0.11922252417844194,0.3160565433770582,-0.08555974349068915,1.0788619842278533,0.4673147010221825,-1.158407630753432,-0.5622677410536172,-1.55870353340357,0.0042325000544186095,-0.8243006896175058,-1.2205490904012601,-1.3744220793451212,0.0,-1.40155025805874,0.5348504660710381,-1.3443831148618564,-0.7453559924999299,-0.8164965809277261,-0.20412414523193148
389,2026,10,1955806,2026-04-05,Atletico MG 2 x 1 Athletico Paranaense,1235,Atletico MG,49.56,50.44,Casa,-0.10181997119116906,-0.38385606156607394,0.2907099092384012,-0.05720660724003802,-0.19944527125177142,-1.1631327650837344,-1.235609198686549,0.525151607970258,0.08013308794120276,-1.0788619842278533,-0.4673147010221825,1.1584076307534326,1.2125563428873392,-0.5215845987060777,-1.1483720898471397,1.2635172571096454,1.1791996915331135,1.6592292846260883,-1.4109221031656238,1.5454545454545452,0.6228787192203252,0.45758366557153746,0.0973779783177742,-0.47335651473439516,-0.19506891246969815,0.1426775160504564,0.27272727272727276,1.4031916649255418,1.2472495374977612,-0.3160565433770582,-0.7175703152511299,1.175328542694033,-0.4615798205877912,0.4531180087552549,0.09569192624944242,-0.21627943764929908,-0.3283676583051736,0.10448881981066957,-1.2205490904012601,-0.4185145759135541,1.2909944487358056,-0.5779662589019308,0.46603285592293725,-0.5694863915677327,0.7453559924999299,0.20412414523193148,0.8164965809277261
390,2026,10,1955812,2026-04-05,Coritiba 1 x 1 Fluminense,1236,Coritiba,30.62,69.38,Casa,-1.1390877728658035,0.027616464368395502,-1.3792833938198827,-0.7937979651234164,-0.35893074941559644,-0.8764496773981295,-1.0231835484825578,-0.5081616212006014,-1.0984161783304334,-1.398439173021496,-1.5741278574741244,-0.8903649835402782,0.86659633335553,-0.1399373313601673,-0.6024366095036889,-0.4591714000392355,-0.7358160614295106,-1.4801756326764661,1.125567071064711,-0.27272727272727276,-1.9407533978708624,-1.483680370186502,-1.1724656502717274,-1.612918494650532,-0.863688700759759,-1.7596893646222946,-0.6363636363636362,-0.8875951157546365,-1.6105828468246042,-1.0496768411427846,0.06998989427895615,0.2429325527284563,-1.2913814219894217,-0.019434622378872,-0.8146989749825875,0.08203702807387221,0.40335269008593,-1.0564980669745496,-0.48082236894595093,-0.6426783492438173,0.0,0.054750387168210186,-1.41956966213502,-0.7512024810547351,0.0,0.20412414523193148,-0.20412414523193148
391,2026,10,1955812,2026-04-05,Coritiba 1 x 1 Fluminense,1232,Fluminense,69.38,30.62,Fora,0.4044632043868358,0.997762318585318,-0.4011626180001297,0.6905526802421885,0.5052378965069075,0.9064678519932211,-1.8020775992305254,0.3031806180002214,0.9797476803099109,-0.2429325527284563,1.2913814219894217,0.019434622378872588,-0.24937737142739044,0.8777887148955935,0.7172075584597479,-1.530031916645297,-0.8870607815509456,-0.1547171482367036,1.7596893646222946,0.6363636363636362,0.8875951157546363,-1.761003803866222,2.195017482003138,-0.12272205937558384,1.2900431484766195,-1.125567071064711,0.27272727272727276,1.9407533978708624,-1.865427528424672,1.0496768411427846,-1.1366314272131481,1.398439173021496,1.5741278574741244,0.8903649835402788,-0.7519589611884339,1.2753028909665574,-1.4044269941744445,0.10448881981066957,0.9986310739646675,0.2791367069167749,0.0,0.2677665697776032,1.1211765045328557,-0.003942454391319879,0.0,0.20412414523193148,-0.20412414523193148
392,2026,10,1955815,2026-04-05,Bahia 1 x 2 Palmeiras,1221,Bahia,62.02,37.98,Casa,1.196252435299017,0.7627855280727464,1.090683737705804,0.757816561453646,0.1918299613801835,1.1322131471944474,0.95945585342136,0.09086054063757773,2.3454898935841615,-0.7433669522021715,1.065217390072869,0.95022010794609,0.9241599103994214,1.2594359822415038,1.2980200097363022,1.6041939856163459,1.5236829687990903,0.8322441416975781,-0.1426775160504564,0.6363636363636362,0.7690216243688003,1.4282156834505573,1.0198582774044844,1.1921571482199587,0.49547804568348724,2.3621055435019995,0.27272727272727276,-0.8875951157546365,0.26903850093055115,1.2772472296024184,-1.2739349727999807,0.21552006336055607,1.0258079576468426,-0.398274284469521,1.1264853430348438,1.1261446581049717,0.6616069306945553,1.033278329238845,-0.48082236894595093,-0.030153425108173513,0.0,-0.6443219829700841,0.8569168815641489,-0.25466536324282163,-0.7453559924999299,-0.8164965809277261,-0.20412414523193148
393,2026,10,1955815,2026-04-05,Bahia 1 x 2 Palmeiras,1234,Palmeiras,37.98,62.02,Fora,-0.4075638235372294,-1.0032928870715425,-0.4845931364138316,-1.0390336190085283,-0.974161175023099,-0.44659301111912797,-0.3859065978705842,-0.4211457703230557,-0.812278302890536,-0.21552006336055607,-1.0258079576468426,0.3982742844695216,-0.6775786532828121,-0.2671530871421374,-1.1111856449147608,-0.5415452859320095,0.09072506187271867,0.3119544131389382,-2.3621055435019995,-0.27272727272727276,0.8875951157546363,-0.23572491862776232,-0.8871186455807396,-1.2622840392917207,-1.3080828258952,0.1426775160504564,-0.6363636363636362,-0.7690216243688003,-0.028745094669587152,-1.2772472296024184,-0.19621550445804423,0.7433669522021715,-1.065217390072869,-0.9502201079460895,-0.8634497484127364,-1.55870353340357,0.40335269008593,-1.5208928216886375,-0.48082236894595093,-1.318296867495748,0.0,-0.8025729766977684,-0.8029638752080385,-1.2988857810715675,0.7453559924999299,0.20412414523193148,0.8164965809277261
394,2026,10,1955818,2026-04-05,Chapecoense AF 1 x 1 Vitoria,1238,Vitoria,41.97,58.03,Fora,-0.35506083049125864,0.00045838592237910925,-0.790160652587304,-1.065046207146484,-0.2948252839127763,0.4128727937029085,1.101072953557354,-1.4725873017600704,-1.2535738648726995,0.6279508873163079,-0.14889215512949908,-1.1503647831247246,-1.6516041861860802,0.11449418020377292,-0.33137814129411103,0.18334490992440136,0.2053607787799666,-2.405920836471706,0.49144477750712734,-0.27272727272727276,0.32289546684121,-1.345018653346642,-0.44881573562558036,-0.21038067321528667,-0.4937379887101179,-1.4426282178435028,-0.6363636363636362,-0.7690216243688003,-0.6577569991291757,-1.5005815015989021,2.0516967216242894,-1.1296080634324888,-0.7760230447214226,-1.2008162002141873,-0.7827640820514239,-0.663754136234056,-0.6942278325007261,-0.12770855754637428,0.2589043525093583,-0.06790817191702382,-1.2909944487358056,0.02603682137007543,-1.1167721774833774,0.8658381090508305,0.0,0.20412414523193148,-0.20412414523193148
395,2026,10,1955818,2026-04-05,Chapecoense AF 1 x 1 Vitoria,8865,Chapecoense AF,58.03,41.97,Casa,0.8349233347101906,1.0362122613876987,-0.046868242324831666,1.067880439608606,1.1789462152686832,0.6454498544168036,1.4551157038973395,0.525151607970258,-0.2865288490928373,1.1296080634324888,0.7760230447214226,1.200816200214188,-0.7188318954581624,1.0050044706775636,1.0608527206660923,-0.6846157193247222,-0.18113079655737538,-0.26827775481793875,1.4426282178435028,0.6363636363636362,0.7690216243688003,-0.3743866354676223,-0.6291601318942401,0.7538640790214445,0.41459874727394846,-0.49144477750712734,0.27272727272727276,-0.3228954668412102,0.18719073917128268,1.5005815015989021,0.2951270719041096,-0.6279508873163079,0.14889215512949908,1.1503647831247252,1.471683318581297,1.5736193566897287,1.0305415601354473,2.426462593381108,0.9986310739646675,1.654487311157278,0.0,0.09757437739964188,-0.2331540631817653,1.1109715647796319,0.0,0.20412414523193148,-0.20412414523193148
396,2026,10,1955797,2026-04-04,Sao Paulo 4 x 1 Cruzeiro,1224,Sao Paulo,31.86,68.14,Casa,-0.00787713775120448,-0.3457852334531316,0.24436604217886015,0.0143445775294819,0.7072455241646443,0.3248209898263119,1.2426900536933483,0.4680733534065345,-0.7104801571558608,0.5436496099989875,-1.0087244172242962,0.6015646752252592,0.41606894455852733,-1.5393106449618386,-0.9716387027214518,1.9430292182932802,1.0892259738538095,0.09956853706045558,0.49144477750712734,0.6363636363636362,0.7690216243688003,0.18026023189181756,0.08640101247639806,-0.561015128574098,-0.5027719250972742,-0.49144477750712734,2.0909090909090904,-0.38264408257431853,0.16108582387708031,-0.624527729713067,0.8396305885274843,0.15047584310592277,-0.8944998033675577,2.24488006847215,-0.6684742252735975,1.7227775895513142,-0.5722744411022084,-1.0564980669745496,0.2589043525093583,-0.05687924922803115,2.581988897471611,1.1199592001249108,-1.2791817374328946,0.8747785933785346,2.23606797749979,0.20412414523193148,2.857738033247041
397,2026,10,1955797,2026-04-04,Sao Paulo 4 x 1 Cruzeiro,1230,Cruzeiro,68.14,31.86,Fora,-0.2523275698903501,0.02008094042247588,0.025945969780056626,0.2990094611684887,0.3212587319776342,1.0591024549985957,-0.7399493482105695,0.12560382602419193,0.8267457155196787,-0.15047584310592277,0.8944998033675577,-2.244880068472149,0.22454547177586462,0.7505729591136234,0.9292151159782434,0.9732783819143269,-0.5420930909392426,-1.3507107478049138,0.49144477750712734,-2.0909090909090904,0.38264408257431837,-0.6517100691473422,0.9307606366922904,1.455132989739067,1.8680355975104117,-0.49144477750712734,-0.6363636363636362,-0.7690216243688003,-0.45069932473291185,0.6245277297130665,-0.8308683925556346,-0.5436496099989875,1.0087244172242962,-0.6015646752252586,0.16435037296185082,0.6786699595202148,-0.8510250500131054,-0.12770855754637428,0.2589043525093583,0.439114306257743,0.0,0.6845814756531294,1.1652197750276398,0.12574176409713875,-2.23606797749979,-2.857738033247041,-0.20412414523193148
398,2026,9,1955771,2026-04-03,Palmeiras 2 x 1 Gremio,1244,Gremio,44.96,55.04,Fora,-0.4751718443523395,-2.2955012698027657,-0.04731700236290831,-0.715613770688579,-0.880528325375292,-0.7098433703618906,1.1089271248351087,-1.3482767670929479,-1.257596509369398,-1.0020248809481425,-1.2707168573841259,0.0683719339412963,0.16873836847220752,-2.363023096541836,-1.4751736359173548,0.9630786511132384,0.35726612746821834,0.5354806865424195,-3.0254693155170185,-2.3183390312348537,0.004186478837737789,0.6289499881495317,-1.4474952043783573,-0.3069867060579905,-1.128366943075259,0.2863612932382364,0.3452845365668932,-0.20701284842473183,0.20998407830423663,-1.5240351901414728,2.4598102454156994,-1.8482619760273447,-0.8707523196692559,0.22532996581093798,-0.6929975387545253,-0.9736455831413331,-0.8544119181062816,-0.5297087402672651,-1.3397876906064712,-1.0257984672473865,-0.36174054197616334,-0.9946843990529185,-0.6766835301676968,-1.0158267826873975,-0.4343722427630694,-0.3617405419761633,-0.44212732908197744
399,2026,9,1955771,2026-04-03,Palmeiras 2 x 1 Gremio,1234,Palmeiras,55.04,44.96,Casa,0.7467515411201463,0.5562524376201039,2.0088291013969717,0.8240416259136469,-0.0930146046072765,1.097307692351245,1.3329528066199794,-0.30799734087947317,1.718175763248658,1.8482619760273447,0.8707523196692559,-0.22532996581093798,0.3958792500200549,1.1422285556174092,1.7144270246681357,1.0402348149697356,0.4337625764128944,1.4061617746885318,-0.2863612932382364,-0.3452845365668932,0.2070128484247317,3.0023461698458793,0.9586696190350835,1.330275726251292,0.28314426716447705,3.0254693155170185,2.3183390312348537,-0.0041864788377379775,1.417874746497701,1.5240351901414726,-0.5853842650417517,1.0020248809481425,1.2707168573841259,-0.0683719339412963,0.5697863900702858,1.34131594320869,-0.8264520071316729,0.6696318037340898,-1.3397876906064712,-0.6967377857455305,0.4421273290819775,-1.0323840088197287,0.11270133285294757,-0.7059636124352237,0.4343722427630694,0.44212732908197744,0.3617405419761633
400,2026,9,1955774,2026-04-03,Red Bull Bragantino 3 x 0 Flamengo,1239,Flamengo,40.42,59.58,Fora,-0.2904586141630892,0.2838287514133896,-0.40730608703152954,-0.7435851029666752,-0.8999532414526887,-0.9229135829961905,-1.5793810565833377,0.31456370569615816,0.8303213528439666,-0.3072354824166617,0.6642555102128026,-0.8893516522072947,-0.9563545704925641,0.17526258260796218,0.10715136510242136,-0.396855137562107,-0.7365273665095314,-0.7400341555396204,0.21165834717608764,0.641242710767087,0.39844622192357515,-1.1510971481227288,1.061570989977013,-0.40931560807732065,0.17768747207272248,-0.46066816738324967,-0.641242710767087,-0.7101947766062865,-0.8430838778158042,-0.5776983108694456,-0.6680753090573458,0.7724358471233989,0.27800039576935437,-1.659934402559138,-1.0147080942074718,-0.7012971682766245,0.35984707279103184,-1.1293790122679426,-0.5516772843673705,-1.10013347818055,-1.1656084130343043,-0.7711784297090523,-1.0412588685105642,-1.0858250639872256,-1.3031167282892082,-1.165608413034304,-1.2459952001401182
401,2026,9,1955774,2026-04-03,Red Bull Bragantino 3 x 0 Flamengo,5438,Red Bull Bragantino,59.58,40.42,Casa,0.2902027187053875,0.17489328544115318,-0.5226935392858256,0.43621521603603386,1.0057085372077854,-0.22451677491709654,-0.16055173861249097,0.540651664715729,-0.5477626114570192,-0.7724358471233989,-0.27800039576935437,1.659934402559138,1.0253605682594997,0.17526258260796218,-0.5776003189936861,-1.3001688220106937,0.3905865776621955,0.637681925729703,0.46066816738324967,0.641242710767087,0.7101947766062865,0.15427075181026226,-1.203112476808534,-0.613973412115981,0.33912968776292846,-0.21165834717608764,-0.641242710767087,-0.39844622192357526,-0.6204450406575265,0.5776983108694456,-0.017774404719196262,0.3072354824166617,-0.6642555102128026,0.8893516522072947,0.9420664112801977,0.9327933209116273,1.4033508930934113,1.0694119850678747,1.024543528110831,1.290882057027462,1.2459952001401184,0.4214923416076907,0.45508512886190106,1.1656978176900676,1.3031167282892082,1.2459952001401182,1.165608413034304
402,2026,9,1955762,2026-04-02,Fluminense 3 x 1 Corinthians,1232,Fluminense,63.68,36.32,Casa,0.37517481747013676,0.35592775115245506,-0.2678434229426033,0.9824089538798328,1.3382060939638434,0.53964244446888,-1.3553553747984672,0.5054824266460177,-0.29288949332408676,-0.7180462171215725,0.9908347034292587,0.7524602097617188,0.3160040011518821,-0.3082204038967613,-0.6150285706795653,-0.2755144933824461,0.46076187398165547,-0.0022573752515071886,1.7057172684190598,0.641242710767087,-2.020011247772139,-1.2697669572075463,0.2350488737800802,0.40931560807732065,1.7847233838124852,-0.21165834717608764,-0.641242710767087,-0.7101947766062865,-0.12875700436229987,0.818447912086181,-0.9534351562504599,1.0812839825514815,0.37210035224677174,0.9729348015438993,1.7661527496424794,1.6136643580733987,0.30767188177591315,1.4691921664016596,1.8126539343499315,1.432780158916663,1.2459952001401184,0.2923730389202416,0.6928516538681191,1.2993175364102632,0.8687444855261388,0.44212732908197744,1.165608413034304
403,2026,9,1955762,2026-04-02,Fluminense 3 x 1 Corinthians,1237,Corinthians,36.32,63.68,Fora,-0.6439802401223484,0.26315530817676397,-0.8109050252848603,-0.834082797589662,-0.5089028482751818,-1.1438752849873166,-0.6086031021822321,-1.2068198518730409,-0.05104431771905487,-1.0812839825514815,-0.37210035224677174,-0.9729348015438993,-0.7071692948219459,0.05439183598178131,0.14532833878209986,-0.30521461884993145,-0.3491759588981736,-0.13038121914961476,0.21165834717608764,0.641242710767087,0.7101947766062865,-0.20173867544418989,-0.521503543922109,-1.125617922212632,-1.1426038506878673,-1.7057172684190598,-0.641242710767087,2.020011247772138,-0.6696100309440841,-0.8184479120861805,0.45298860476980163,0.7180462171215725,-0.9908347034292587,-0.7524602097617188,-0.7745883650814899,-0.7012971682766245,0.9163824436189671,-0.12992855893348018,-0.5516772843673705,-0.6321302125228172,-0.36174054197616334,-0.6800730184080412,-1.4090044271868485,-0.6451252668458358,-0.8687444855261388,-1.165608413034304,-0.44212732908197744
404,2026,9,1955768,2026-04-02,Santos FC 2 x 0 Remo,1241,Santos FC,61.54,38.46,Casa,0.9224092332930792,0.077497253486773,0.4266637577056451,0.03466971106701572,0.03898998820498839,0.9875130578214933,0.8849014430502382,1.674859592463912,-0.2547689144861314,0.2934820935206245,0.2569979137847978,2.098745936576311,1.6958901653794425,-0.6708326437753039,0.12792059977922124,1.8929400160401253,1.246236607284555,0.5745510825489674,0.21165834717608764,0.641242710767087,0.6319695503637828,0.6289499881495317,0.8718204949467325,0.9209601181739715,0.08787173583050444,1.2824005740668845,-0.641242710767087,-0.7101947766062865,-0.502905918336163,0.2702330976000526,-1.2847998569861572,-0.37039500327500136,-0.3720768648881336,0.4534222957534535,-0.21289968419730965,0.11574807631750136,-1.4210661138583616,-1.1293790122679426,0.23643312187173024,-0.22258234873701918,0.4421273290819775,0.9842161155696303,0.8386817892052667,-0.2594705636966324,0.8687444855261388,1.2459952001401182,0.3617405419761633
405,2026,9,1955768,2026-04-02,Santos FC 2 x 0 Remo,4617,Remo,38.46,61.54,Fora,0.2011035102072721,-0.37026342337388496,-0.04368208094934053,-1.1484632456116888,-0.8312272663550633,0.008282161109268016,1.4823032611432263,-0.30799734087947317,0.20071812374901585,0.37039500327500136,0.3720768648881336,-0.4534222957534535,0.8184108962879052,-0.549961897149123,-0.2899339330466193,0.24256915592397157,0.6681901197841656,1.304065420915824,-1.2824005740668845,0.641242710767087,0.7101947766062865,1.4596386517432534,0.29589303682893864,-0.20465780403866032,-0.9707192343892922,-0.21165834717608764,-0.641242710767087,-0.6319695503637829,-0.9600653122864002,-0.2702330976000526,0.5745372778671914,-0.2934820935206245,-0.2569979137847978,-2.098745936576311,-1.9678760344855937,-1.2459939980060417,-0.05755445532991956,-0.32981864960037266,-0.5516772843673705,-0.8714432723846433,-1.1656084130343043,-0.8771512909146186,-1.0507695295108128,-0.8704767220032501,-0.8687444855261388,-0.3617405419761633,-1.2459952001401182
406,2026,9,1955776,2026-04-02,Cruzeiro 3 x 0 Vitoria,1230,Cruzeiro,59.34,40.66,Casa,0.40326163355895417,0.7768352596906039,-0.3259581744660626,0.22480802892945254,0.236105844948734,0.935970576611693,0.36217485221887363,0.1713746649837624,0.5336534616705191,0.25565423106007246,0.5880386760138165,-0.057966071040007276,0.22743516977181522,0.9004870623650474,0.36742567112021307,-1.3001688220106937,0.7472907655282409,0.793105384627632,0.21165834717608764,1.6277699581010674,0.7101947766062865,0.035600942725444874,1.307091832379049,-1.739591334328613,-1.1426038506878673,-0.7096779875904117,0.3452845365668932,-0.47649411407091735,-1.1944570365487381,0.7331541430540554,-1.1064708210454977,0.7184026619093561,0.9705108979841185,-0.9806442312557181,0.17621130593535447,-0.8374713757089788,0.5268076840394128,-0.32981864960037266,0.23643312187173024,0.48446368151284697,1.2459952001401184,0.8488358584303446,1.1208313988793117,0.40632616244976444,1.3031167282892082,1.2459952001401182,1.165608413034304
407,2026,9,1955776,2026-04-02,Cruzeiro 3 x 0 Vitoria,1238,Vitoria,40.66,59.34,Fora,-0.34817765258144595,0.07556676873187174,-0.679195108630445,-0.545667227971413,-1.2751153833120872,-1.9835297525535944,-0.5339278749206086,0.8652907853592169,-0.11667476674774024,-0.7184026619093561,-0.9705108979841185,0.9806442312557181,0.25565604759521027,-0.3082204038967613,0.24609402780072973,-0.46295126081444254,-1.4685032295720766,0.1340883832206715,0.7096779875904117,-0.3452845365668932,0.47649411407091724,-0.4390782936138246,-0.942756727865348,-0.10232890201933016,-0.06329234113735412,-0.21165834717608764,-1.6277699581010674,-0.7101947766062865,-0.751578423007012,-0.7331541430540559,-0.0392232565839193,-0.25565423106007246,-0.5880386760138165,0.057966071040007276,-0.9194421638577867,-0.8374713757089788,-1.9168885351414315,-1.72904928426862,-1.3397876906064712,-1.4305452882641922,-1.1656084130343043,-1.1088315637233037,-0.553044937164463,-1.3969605375235834,-1.3031167282892082,-1.165608413034304,-1.2459952001401182
408,2026,9,1955782,2026-04-02,Coritiba 1 x 1 Vasco da Gama,1226,Vasco da Gama,32.53,67.47,Fora,-0.795250294887506,0.12651354520742658,-0.5700391034737975,-0.9122468132324679,-0.8389482928043741,-1.5468054474417219,-0.9073040112287262,-0.16273309667849298,-0.6712232869298046,0.5350954415673813,-1.3673348673059669,0.10553732683661503,-0.6301534784153205,-0.3082204038967613,-1.0346657540453552,-0.1928810797833938,-1.5180534492863735,-2.415945831493818,1.2076976280047358,0.641242710767087,0.08496507135107943,-0.6764179117834593,0.039501272530619344,-1.0232890201933016,-0.4184483619713142,-0.21165834717608764,-0.641242710767087,-0.5139052002904962,-0.9071279034534683,-1.117782358254763,0.7481396599692139,-0.07131262914388631,-1.1109170871892615,0.005299111147056638,-1.4255869186329038,-0.9736455831413331,1.565673709584893,-0.32981864960037266,-1.3397876906064712,-0.9754023004152416,-0.36174054197616334,-1.0094848156623433,-1.1712379021806303,-0.9683707452419825,0.0,0.44212732908197744,-0.44212732908197744
409,2026,9,1955782,2026-04-02,Coritiba 1 x 1 Vasco da Gama,1236,Coritiba,67.47,32.53,Casa,0.5177587862184496,0.518364468825653,-0.33696729410924675,0.8545287506656695,-0.06492026907406767,0.847936628675546,-0.309902193135738,-1.8332719049897699,0.8575160150036027,0.07131262914388631,1.1109170871892615,-0.005299111147056638,0.22958104466869636,0.5378748224865048,0.6826819948729325,-0.38481095510279234,-0.030135273804258268,-2.270382829584052,0.21165834717608764,0.641242710767087,0.5139052002904961,-0.5577481026986421,0.04232756254329456,0.9209601181739715,1.5350299272221064,-1.2076976280047358,-0.641242710767087,-0.08496507135107961,-0.5784030039022818,1.1177823582547626,-1.1162167135423506,-0.5350954415673813,1.3673348673059669,-0.10553732683661503,1.0385351039385635,0.6604449060469186,0.13723292445985802,1.0694119850678747,-0.5516772843673705,-0.030362442102235234,-1.1656084130343043,-0.6063134062121991,2.081408159904433,-0.07846483130834928,0.0,0.44212732908197744,-0.44212732908197744
410,2026,9,1955785,2026-04-02,Bahia 3 x 0 Athletico Paranaense,1243,Athletico Paranaense,45.55,54.45,Fora,0.2539616620277284,0.7493884735519424,0.246537829134459,-0.07218612287318069,-0.8233778546875077,0.3043708417773768,-0.7579535567054791,-1.3776704118139673,1.0061769631247905,0.7390684030206899,1.3625966038369386,-0.7616551740541496,-0.7502739061855828,0.9004870623650474,0.49713631327806157,-1.3001688220106937,0.870491006396854,0.6761834445180185,0.9586878077975737,0.641242710767087,0.7101947766062865,-0.0830688663593725,0.6498711313451728,0.0,0.4124273962950183,0.03735147303107439,0.3452845365668932,1.677462213956661,0.5297887002229862,0.7571185924139402,-0.5982914434386969,0.8233955055389065,0.8183403841284683,-1.2110352470703059,-0.6531682209648254,-1.3821682054383961,-1.0314913542788071,-0.12992855893348018,-0.5516772843673705,-0.8456621300852767,-1.1656084130343043,-0.9292350762538029,-0.3406401748255748,-0.8461996602493405,-1.3031167282892082,-1.165608413034304,-1.2459952001401182
411,2026,9,1955785,2026-04-02,Bahia 3 x 0 Athletico Paranaense,1221,Bahia,54.45,45.55,Casa,0.12496156006241393,-0.12873570947495333,-0.3873790611211613,-0.31035793277261375,0.42148723078911154,0.5070242884606665,-0.08587651135086746,-0.3297869775096201,-0.36749951826082894,-0.8233955055389065,-0.8183403841284683,1.2110352470703059,1.0594681531503467,0.17526258260796218,-0.30756941090980794,-1.3001688220106937,1.101175891382379,0.18978560770869565,-0.03735147303107439,-0.3452845365668932,-1.6774622139566615,0.035600942725444874,-0.5789975087540792,0.613973412115981,0.09759881556582793,-0.9586878077975737,-0.641242710767087,-0.7101947766062865,-0.7949206942496538,-0.7571185924139402,-0.4865726437584716,-0.7390684030206899,-1.3625966038369386,0.7616551740541496,0.11662829110627441,-0.4289487534119159,-0.05755445532991956,-1.1293790122679426,1.024543528110831,0.23909474680654863,1.2459952001401184,1.9077240776768503,0.41387226452749026,0.17527213423076735,1.3031167282892082,1.2459952001401182,1.165608413034304
412,2026,9,1955788,2026-04-02,Chapecoense AF 0 x 4 Atletico MG,1235,Atletico MG,51.72,48.28,Fora,-1.0491076794908358,-1.283714164767157,-0.1769808653111664,0.6366057424849474,1.3112428772150428,-1.08317152070404,-1.5793810565833377,-0.40138149786581745,-1.941926388060222,0.643640000626279,-0.8844705607105964,-0.5661199418821454,-3.1006154059586635,-0.7917033904014849,-1.240433303779729,-0.38481095510279234,-2.1795969803253996,-0.9975084908382852,-0.7843809336525605,-2.3183390312348537,-2.4728811713576486,-1.1510971481227288,-1.8259433248610653,0.20465780403866032,-0.013820461402418374,-0.21165834717608764,0.3452845365668932,1.5083756211353454,1.57687128768733,0.10809323904002063,1.1191043009038937,1.3349375147506566,-0.8918354862836075,2.3706307987837834,0.9595344183995933,1.4774901506410445,1.4892865018241954,1.4691921664016596,1.024543528110831,1.4835141690590812,2.049863071198259,0.32789276032064074,-0.05849056515152983,1.3470917072731743,1.7374889710522776,1.2459952001401182,1.969476284092445
413,2026,9,1955788,2026-04-02,Chapecoense AF 0 x 4 Atletico MG,8865,Chapecoense AF,48.28,51.72,Casa,-0.14545331348083562,0.2209484672796709,1.0857524352485217,0.8096242580077649,1.1530599924641847,0.8305244392559689,-0.38457742039736154,0.23033485821827895,1.790442583160521,-1.3349375147506566,0.8918354862836075,-2.3706307987837834,-0.2721754813713396,0.29613332923414304,0.7212867292753461,-0.40858648411338727,0.6578603584482435,0.5352632150637557,0.21165834717608764,-0.3452845365668932,-1.5083756211353458,-0.5577481026986421,1.2403084281754335,0.10232890201933016,0.6695511040028259,0.7843809336525605,2.3183390312348537,2.472881171357648,2.6269054191075947,-0.10809323904002113,0.017755372797177354,-0.643640000626279,0.8844705607105964,0.5661199418821454,1.895999768478339,1.2051417357763359,0.4580591970547857,1.2693020757347673,1.8126539343499315,2.3645058574604563,-1.1656084130343043,1.0924708255871307,-0.33429973415874265,2.1766860431504784,-1.7374889710522776,-1.969476284092445,-1.2459952001401182
414,2026,9,1955765,2026-04-01,Botafogo RJ 3 x 2 Mirassol,6332,Mirassol,66.39,33.61,Fora,0.7875186419433813,0.920770885627182,1.0602129606213635,1.042022306670539,0.34768473577774706,1.4990562414260193,1.9303546247129675,-1.073936083030098,1.3663230527951242,0.3084473361936519,1.102667152427124,-0.6090423099199028,-0.8232185213592367,2.350936021879218,1.9637933504346394,1.5603245120764977,0.8000933162662559,0.4132688224444371,-0.2863612932382364,-0.3452845365668932,0.014885916768822774,0.5102801790647143,1.6236457045017327,1.330275726251292,1.2671075765173203,1.2824005740668845,1.3318117839008734,-0.550139944060949,0.28286379594268396,1.7909566076238772,-1.3411638743020506,0.7327092257975762,2.2688375258166267,-0.024524348069433217,0.13281944131108472,1.34131594320869,-1.1340110278523738,1.2693020757347673,-0.5516772843673705,0.06501267929518435,0.4421273290819775,-0.6021747400801467,1.3617681442189464,0.011346073308110298,-0.4343722427630694,-1.165608413034304,0.3617405419761633
415,2026,9,1955765,2026-04-01,Botafogo RJ 3 x 2 Mirassol,1227,Botafogo RJ,33.61,66.39,Casa,-0.7944466787346932,-1.6371182355974647,-0.33690827174131394,-0.6797008789762838,0.3908882655858831,-0.5441220938685463,0.8849014430502382,1.5746272639652354,-1.2494247897607063,-0.7327092257975762,-2.2688375258166267,0.024524348069433217,0.7644207412883451,-1.8795401100371127,-2.0547204743849883,1.4459047787130104,0.8148244626678038,0.06191560005407099,-1.2824005740668845,-1.3318117839008734,0.5501399440609489,0.15427075181026226,-1.1076523017501465,-1.944249138367273,-2.426772917345224,0.2863612932382364,0.3452845365668932,-0.01488591676882296,0.2445352280541442,-1.7909566076238779,1.2726665192875202,-0.3084473361936519,-1.102667152427124,0.6090423099199028,-0.4342220657740362,-0.5651229608442702,1.270541315964018,-0.5297087402672651,1.024543528110831,0.7028418792963623,0.4421273290819775,1.4258151174789753,-1.3836426645195181,1.6094389890244611,0.4343722427630694,-0.3617405419761633,1.165608413034304
416,2026,9,1955779,2026-04-01,Internacional 1 x 1 Sao Paulo,1224,Sao Paulo,60.93,39.07,Fora,0.5601073643003764,0.8019849884226552,0.5692623857714038,0.7597424316850817,0.06681339454802589,1.2895730694084584,0.43685007948049714,1.298988360593875,-0.6318255526854611,2.8117341423700624,0.6896444621951537,0.690892264937881,-0.33842619685746367,0.5378748224865048,1.3191444328466173,-0.473038219383072,-0.5816584563071896,0.3174097115024463,0.7096779875904117,0.641242710767087,0.53555624849198,0.7476197972343491,-1.0195550513586251,2.046578040386603,0.9904776519599695,0.03735147303107439,0.3452845365668932,-0.7101947766062865,1.258295518768128,1.010597748559101,0.24577348782953132,0.3866199386472223,0.670304938584112,0.6803937788657837,0.6776732607313304,0.5242706986145643,-0.753223668864839,0.46974171306719725,0.23643312187173024,-0.14368178965892106,-0.36174054197616334,-0.46072786224732987,1.4917471778890123,-0.18517308987197398,0.0,0.44212732908197744,-0.44212732908197744
417,2026,9,1955779,2026-04-01,Internacional 1 x 1 Sao Paulo,1219,Internacional,39.07,60.93,Casa,-0.6411651510942283,-0.18659484161141882,-0.484083433168103,-0.642763132657423,-0.0941988747618066,-0.6884236135362205,-0.16055173861249097,1.1736979499705296,-0.9206911667957358,-0.3866199386472223,-0.670304938584112,-0.6803937788657837,0.621542449416709,-0.06647891064439956,-0.29726444620330805,1.3402865633005603,-1.6848889685804558,-1.0224511577082933,-0.03735147303107439,-0.3452845365668932,0.7101947766062865,-1.2697669572075463,0.3212671936551202,-0.40931560807732065,-0.3381210575096041,-0.7096779875904117,-0.641242710767087,-0.53555624849198,-0.19576452902137273,-1.010597748559101,1.3066322758858644,-2.8117341423700624,-0.6896444621951537,-0.690892264937881,-0.17991805493755653,-0.5651229608442702,-0.38220008831288205,-1.3292691029348351,0.23643312187173024,-0.0886157140307947,-0.36174054197616334,1.771418475491984,-0.5498747168310469,-0.13331958768629593,0.0,0.44212732908197744,-0.44212732908197744
418,2026,8,1955996,2026-03-29,Athletico Paranaense 4 x 1 Botafogo RJ,1243,Athletico Paranaense,46.73,53.27,Casa,-0.26022982008115264,-0.2953958848400127,-0.11335904601879875,-0.07592305099257456,0.8720156573684051,-0.5289946225712335,-0.9164278243552112,-0.3294066682840104,-0.05962345595529945,-1.2166973947954847,0.0017626117970792978,-0.20028605523125742,-0.048404351499651714,0.024569950407447805,-0.9752961960727392,0.3680178375441183,-0.7002412513608947,0.4459288269398977,0.14377703093791802,-0.3746343246326775,0.4385768520733553,-0.2569434582097546,0.2691010032068873,-0.5633073991237357,-0.09276598071764285,0.21566554640687668,0.3746343246326775,2.063046947919134,-0.7193042930257435,-0.18169470708749474,-0.01751772356983383,0.9001929028795186,0.11728315711650136,0.012058079684616432,-0.2513387336839213,-0.6836190067738015,0.14022223656665272,0.2822369031849319,1.3734707356389884,0.9305092117287033,2.553307628344309,1.0404326030364337,-0.49033144873734713,0.6661539393671464,1.7320508075688774,0.17149858514250882,2.400980191995124
419,2026,8,1955996,2026-03-29,Athletico Paranaense 4 x 1 Botafogo RJ,1227,Botafogo RJ,53.27,46.73,Fora,-0.1305583749491872,-0.07655398295247257,0.13708536372308808,0.025973461128493136,0.13468144883698918,-0.21066475609601504,-1.1206457239329741,1.0922143009500431,0.6431404507126002,-0.9001929028795186,-0.11728315711650136,-0.012058079684616432,-0.03187803990604068,0.14741970244468727,0.13666423678497663,-1.8025627943155969,0.15837240505537248,-0.4691701640495029,-0.21566554640687668,-0.3746343246326775,-2.063046947919134,-0.5505931247351885,0.14703796500366725,0.6884868211512325,1.2124826237351456,-0.14377703093791802,0.3746343246326775,-0.4385768520733553,0.3067232272240577,0.18169470708749474,-0.8228518014979991,1.2166973947954847,-0.0017626117970792978,0.20028605523125742,-0.2763243060077003,-0.026293038722069197,-1.0862496364375769,0.5388159060803246,-0.37989616092142225,0.46385786424204867,-0.08804509063256245,0.2900227504204616,-0.015357491290772778,0.2502443583889491,-1.7320508075688774,-2.400980191995124,-0.17149858514250882
420,2026,8,1955748,2026-03-22,Cruzeiro 0 x 0 Santos FC,1230,Cruzeiro,64.02,35.98,Casa,1.5443134038059882,1.0147964339830466,0.0016011281938651905,0.9082743322823316,-0.26648169374083586,1.29881065741951,-0.20166517583304103,0.8789711555649359,1.485218428783072,-0.13677907466551226,1.5361303000165658,2.4638637525058216,1.4108696955163504,1.130217718742603,0.9272111103761609,-0.9657124302251041,0.3773516944149352,-0.6820284830613386,0.5032196082827127,1.4985372985307104,0.7585769640602851,-1.2847172910487732,0.9862316137916427,0.9388456652062261,1.4185391171588342,-0.5032196082827127,0.3746343246326775,-0.7585769640602851,-0.5021679351358692,1.2618835054731892,-0.20660402638037856,-0.3944231035533011,1.3981839755313836,0.3543693463503796,0.6186605017743739,0.10517215488827725,-0.3516440875027519,-0.48750010550124623,-0.37989616092142225,-0.18865338243029145,-0.9684959969581861,0.30130844831140985,1.115080527432074,-0.3313154734827788,0.0,1.0289915108550531,-1.0289915108550531
421,2026,8,1955748,2026-03-22,Cruzeiro 0 x 0 Santos FC,1241,Santos FC,35.98,64.02,Fora,-0.6012423076327823,-0.650153659428772,-0.5795944705883443,-1.7240550708016869,-1.2929300486319817,-0.27525887793791354,0.15571614842804407,-0.7160875719156723,-0.4465296035020308,0.3944231035533011,-1.3981839755313836,-0.3543693463503796,-0.24590811798496992,-1.3267773220021863,-1.4024225993629367,-0.9005033109453255,-0.06567573325365803,0.008277113795100795,0.5032196082827127,-0.3746343246326775,0.7585769640602851,-0.5505931247351885,-0.4281666585895938,0.020863237004582803,0.11505277878429801,-0.5032196082827127,-1.4985372985307104,-0.7585769640602851,-0.5179133703964437,-1.2618835054731898,0.8445931396052351,0.13677907466551226,-1.5361303000165658,-2.4638637525058216,-1.6343427252111706,-1.8668057492669194,-2.108309530607768,-1.2572371141874243,-0.9643517931082258,-1.3159341298876805,-0.9684959969581861,-1.3459874097297333,-1.0761326629214554,-1.3360203047126937,0.0,1.0289915108550531,-1.0289915108550531
422,2026,8,1955750,2026-03-22,Internacional 2 x 0 Chapecoense AF,1219,Internacional,46.92,53.08,Casa,0.7664598306336499,0.28800978980011044,0.2261635609004935,0.4181025995686116,1.0138660581414438,0.7127904502425273,0.921533271844655,0.20765014231552184,0.8590743020635186,0.5964580875358185,0.2673262501427595,1.1793629523468727,0.47183098768902515,0.3931192065191662,0.2708920916864456,0.7699772138144356,0.7609166559769294,0.5991596839129084,0.8626621856275074,-0.3746343246326775,0.18244879236928302,0.9176552078919809,0.8214577776399977,-0.14604265903207964,-0.5760949928684325,-0.14377703093791802,0.3746343246326775,1.5123573809921322,-0.46694625479169766,0.2921198133869576,0.13928336306627917,0.43651156299724503,-0.017106288679273836,0.5967369194778468,0.800659954088916,1.156893703771049,0.3510220897392547,0.7953949089757173,1.3734707356389884,1.5234887187675168,-0.08804509063256245,1.1896960665633716,-0.002691519092197507,2.282491879341013,1.1547005383792517,1.0289915108550531,0.6859943405700355
423,2026,8,1955750,2026-03-22,Internacional 2 x 0 Chapecoense AF,8865,Chapecoense AF,53.08,46.92,Fora,-0.43367470047083395,-0.4198653675428159,-0.09979179329536862,-0.5193158992108753,-0.664056813213774,-1.2752762244339406,-0.3548286005163632,1.0515965589719276,-0.31828650928416163,-0.43651156299724503,0.017106288679273836,-0.5967369194778468,-2.037441247053378,-1.0810778179277074,-0.36752635854879656,-0.2058138237521283,-0.2614951601162309,-0.525319742865601,0.14377703093791802,-0.3746343246326775,-1.5123573809921322,0.03670620831567924,-0.7646121733813883,0.18776913304124523,-0.05611904808401747,-0.8626621856275074,0.3746343246326775,-0.18244879236928302,0.42941393324708205,-0.292119813386958,-0.15700996207557213,-0.5964580875358185,-0.2673262501427595,-1.1793629523468727,-0.3384545809669107,-0.8150842003841479,2.1076875328442712,0.025657900289539178,-0.9643517931082258,-0.6173342555255591,-0.9684959969581861,-0.6922516842838484,0.507113861900459,-0.7133833347729884,-1.1547005383792517,-0.6859943405700355,-1.0289915108550531
424,2026,8,1955753,2026-03-22,Athletico Paranaense 2 x 0 Coritiba,1243,Athletico Paranaense,53.19,46.81,Casa,0.5751211817597103,1.5364254653504021,0.0734349510576278,0.4919596099190655,0.299067093952729,-0.9782686894405139,-1.4269725732996186,1.1578275764531547,1.2690817759713622,0.64891681553285,1.3272436097886653,1.094786767974267,1.9245207612239998,1.375917222817082,1.3302574223919252,-0.8639333318897741,-0.15925552994288103,0.3788047717292615,1.9409899176618914,1.4985372985307104,0.7585769640602851,-1.2847172910487732,1.5580526807755313,-0.6467603471420669,0.4260218722028095,0.5751081237516714,0.3746343246326775,-0.4363610838114108,-0.1357077846232732,1.6788434554286722,-0.3378051655989686,-0.5798320227745065,1.4495594025754759,-1.0651851034438549,-0.09537931488403127,-0.552153813163455,0.39005909958603274,-1.0006581112920316,0.2045594712653813,0.40057493355715806,0.7924058156930612,2.3069985835635705,-0.002691519092197507,0.1938425557883944,1.1547005383792517,1.0289915108550531,0.6859943405700355
425,2026,8,1955753,2026-03-22,Athletico Paranaense 2 x 0 Coritiba,1236,Coritiba,46.81,53.19,Fora,-0.8522590440227822,-0.6513512353971167,-1.405745127968775,-1.4243913320357542,-1.2219225902583895,-1.8637725733313895,-1.8354083724551444,0.637295590795146,-1.8279197113381855,0.5798320227745065,-1.4495594025754759,1.0651851034438549,-0.5572360444611901,-0.5896788097787495,-1.0659836834253684,-0.795916704177758,-0.6820017606972573,-1.9721648176122253,-0.5751081237516714,-0.3746343246326775,0.4363610838114108,-1.872016624099641,-1.785832174912098,-0.8136662431787294,0.8051723879671204,-1.9409899176618914,-1.4985372985307104,-0.7585769640602851,-0.5234285094295807,-1.6788434554286722,-0.46232628164805484,-0.64891681553285,-1.3272436097886653,-1.094786767974267,-1.5966914949514122,-1.735340555656573,-0.7029771761237551,-1.513816117082817,-0.9643517931082258,-1.2055164977976156,-0.9684959969581861,-0.855458813844974,-0.46816599738984027,-1.237609036123146,-1.1547005383792517,-0.6859943405700355,-1.0289915108550531
426,2026,8,1955756,2026-03-22,Vitoria 1 x 0 Mirassol,6332,Mirassol,64.06,35.94,Fora,0.34935984195244746,-0.3936537940008334,0.0561148904991415,0.5816886959006813,0.28576869742296296,0.9352680320965293,1.0746966965279772,0.600114734676717,-0.09512935105653614,-0.4766528642840283,0.29829821111609367,0.015196649806299832,0.44005017492147885,0.5159689585564057,0.5146292800958929,0.5127232130014328,0.9418683027367049,1.3167918410582191,-1.2939932784412609,-1.3112201362143714,-1.0537499331466698,0.624005541366547,-0.4467897419786982,1.8568280934078696,0.8498820219055143,0.21566554640687668,-1.4985372985307104,-0.7585769640602851,-0.41448279767703555,0.6139690506161954,-0.6391242363349146,-1.5723335274937333,-0.3012795920317053,1.209588963162421,0.8044763618558141,1.2883588973813953,-0.03729342926290708,1.05197391187111,0.2045594712653813,0.1692473360842578,-0.9684959969581861,-0.2928755729245621,0.8522616043116363,-0.012331421104276048,-0.5773502691896258,0.17149858514250882,-1.0289915108550531
427,2026,8,1955756,2026-03-22,Vitoria 1 x 0 Mirassol,1238,Vitoria,35.94,64.06,Casa,0.0451449921544852,-0.16502483607980128,0.4379679218844054,-0.5234202316609425,-0.2612833489794129,0.7728440023136023,2.1468406693112327,-1.9405771000826038,-0.537401145422086,1.5723335274937333,0.3012795920317053,-1.209588963162421,-0.5478057309571237,-1.2039275699649468,-0.7390435264780919,-0.12886206613461149,0.603888253856322,0.8430924103900013,-0.21566554640687668,1.4985372985307104,0.7585769640602851,1.2113048744174146,-0.3854872990301069,-1.5647427753437102,-2.1905207858231357,1.2939932784412609,1.3112201362143714,1.0537499331466698,0.7615193166072024,-0.613969050616195,0.9123764663759781,0.4766528642840283,-0.29829821111609367,-0.015196649806299832,-1.1662170151051816,-0.15775823233241565,-0.06418974226738537,0.7953949089757173,-0.9643517931082258,-0.42840045372665736,-0.08804509063256245,-0.772875737340012,-1.228124329304359,-0.5449934249141163,0.5773502691896258,1.0289915108550531,-0.17149858514250882
428,2026,8,1955759,2026-03-22,Remo 4 x 1 Bahia,4617,Remo,29.89,70.11,Casa,-0.24165727076956223,-0.1957914765163405,0.8009257200881086,-0.21891334563918474,1.562307434861423,-0.5766791093396041,0.05360719863916262,-0.9960978814420486,-0.94406543117007,0.2480581640759404,-0.006889837572579474,-0.14657335749462277,-0.628996727747814,-0.8353783138532285,-0.8712167669911727,0.07469613053604866,1.1310737631553744,0.544714075666339,-0.5751081237516714,1.4985372985307104,0.3086368616368517,0.03670620831567924,-0.7756533843178395,-1.1474780352520542,-1.475303717629486,0.5751081237516714,2.2478059477960652,2.5897901506540704,3.8690654602351287,-0.3968891684937872,1.5749259080406033,2.278656686803163,-0.5914636262993445,-0.33543972132456795,0.4481391335609606,0.10517215488827725,1.6392434146829329,1.5651319176618954,1.9579263678257919,2.1459695206748415,2.553307628344309,1.125508649505905,-1.772761133843098,1.7494500457903164,1.7320508075688774,0.17149858514250882,2.400980191995124
429,2026,8,1955759,2026-03-22,Remo 4 x 1 Bahia,1221,Bahia,70.11,29.89,Fora,0.3926784217757278,-0.2137967179759851,0.054752543986916834,0.49649777704807846,-0.0349400850790122,1.1725274296757375,-0.6101009749885669,0.042401892900280916,0.29712917647698533,-2.278656686803163,0.5914636262993445,0.33543972132456795,-1.0608637504656018,1.0073679667053634,0.960359232938433,0.04966601153802698,-0.9150109951985483,0.5544917753385267,-0.5751081237516714,-2.2478059477960652,-2.5897901506540704,-0.2569434582097546,1.6534668812672293,0.4381279770962389,-0.11975123025719538,0.5751081237516714,-1.4985372985307104,-0.3086368616368517,-0.5827069614531737,0.3968891684937872,-1.627309113097669,-0.2480581640759404,0.006889837572579474,0.14657335749462277,1.4356387446313243,1.0254285101607024,0.702355178360258,0.025657900289539178,-0.37989616092142225,-0.42146777503873245,-0.08804509063256245,-0.4362316967992869,1.0739161177867047,0.5490220314200988,-1.7320508075688774,-2.400980191995124,-0.17149858514250882
430,2026,8,1956043,2026-03-22,Vasco da Gama 2 x 1 Gremio,1244,Gremio,65.93,34.07,Fora,0.00836630547369846,-0.8281479347994596,0.6850347116202936,0.4569040712937139,-0.023221619197454503,1.0177882240650213,0.30887957311136627,-1.7104098955399483,0.49948667429259325,-0.43285499316176335,0.4318505244040568,-1.215587049033498,0.25043280311342964,0.27026945448192674,0.10067995301025097,1.1531214703444408,-0.9049907618436437,0.2464995878618126,-2.3723210104756447,-1.3112201362143714,0.6590131847482589,1.0644800411546977,-0.24820369667257333,2.1906398854811946,1.7557236127417317,0.9345507010964661,-0.5619514869490164,0.18471223950835988,0.7306928256109924,-0.2502459834816599,-1.0016882346733054,-0.8381545215941354,0.4883826219397009,1.413828870196241,0.17565077652057373,0.893963316550356,-0.8591252155108677,-0.23092110260585352,-0.37989616092142225,-0.27938784277712403,-0.08804509063256245,-0.07115028263741646,2.122025317218812,-0.4121838382402881,-0.5773502691896258,-0.6859943405700355,-0.17149858514250882
431,2026,8,1956043,2026-03-22,Vasco da Gama 2 x 1 Gremio,1226,Vasco da Gama,34.07,65.93,Casa,-0.6369404751111715,-0.23538378318497707,0.8685617918516604,0.3375592119541078,0.9434371107894759,-0.8829453251689743,0.7173153722668921,-0.5710822330537987,-0.33144775312583447,0.8381545215941354,-0.4883826219397009,-1.413828870196241,0.6299489559168047,-0.22112955366703113,-0.3478063649254276,-0.0875361222289084,0.6661084040817336,1.111961342979434,-0.9345507010964661,0.5619514869490164,-0.18471223950835988,1.9454290407309993,0.45859626679273074,-1.064025087233723,-1.150369310648034,2.3723210104756447,1.3112201362143714,-0.6590131847482589,0.18782938412993946,0.25024598348166033,-0.08672570513833955,0.43285499316176335,-0.4318505244040568,1.215587049033498,0.31625433970532985,0.7624981229400095,0.23391106019892052,0.025657900289539178,1.3734707356389884,1.1563680582242208,0.7924058156930612,1.6261809696285607,-0.781648809304579,0.8674538149854336,0.5773502691896258,0.17149858514250882,0.6859943405700355
432,2026,8,1956046,2026-03-22,Sao Paulo 0 x 1 Palmeiras,1234,Palmeiras,37.72,62.28,Fora,-0.17137992509547229,-0.7758036065290878,-0.6335283569083328,-0.8246072784289311,-0.9340560639804534,-0.33041882242341797,1.0746966965279772,-1.0730237906525912,-1.303219615510494,-1.1199331560395,-1.3972196921677467,1.07437182691881,1.2150470290537279,-0.9582280658904679,-0.8358013344967395,-1.8025627943155969,0.8898548219007105,0.7420266481878208,-0.9345507010964661,-0.3746343246326775,0.5325301455272227,0.3303558748411131,-1.6320587765976942,-0.4798544511054045,-0.9114722784995122,-0.8626621856275074,-0.5619514869490164,-0.6037640281652489,-0.594999116011487,-1.2909743387877086,0.8065085959845317,0.08875104399429162,-0.6276231162023965,-0.5183333008030863,-0.8614983579225329,-1.0780145876048408,0.3008316485076826,-1.0006581112920316,-0.9643517931082258,-1.2026624908338008,-0.08804509063256245,-1.1856938559250774,-0.6201576637727442,-1.2350653622500882,0.5773502691896258,1.0289915108550531,-0.17149858514250882
433,2026,8,1956046,2026-03-22,Sao Paulo 0 x 1 Palmeiras,1224,Sao Paulo,62.28,37.72,Casa,0.9170419254017135,1.3389407036249352,0.6928538525462956,0.03769270686634685,-1.102054982677314,1.4331929320406405,1.6362959203668253,-0.5906775491162137,1.22992364984305,-0.08875104399429162,0.6276231162023965,0.5183333008030863,1.4997250374396396,1.7444664789288002,2.186682662994416,-0.29259365910883856,1.1315033915767871,0.9119727639818378,0.8626621856275074,0.5619514869490164,0.6037640281652489,1.6517793742055655,0.6992479299230066,1.1892045092612198,0.22218617205752622,0.9345507010964661,0.3746343246326775,-0.5325301455272227,-0.6922937238411628,1.2909743387877088,-1.3743608649711703,1.1199331560395,1.3972196921677467,-1.07437182691881,-1.4630513765712578,-0.15775823233241565,-1.675899575381918,-1.7703951199782098,-0.9643517931082258,-1.4007665221724184,-0.9684959969581861,-1.3697202753674265,1.5077256655879088,-1.4116283682456776,-0.5773502691896258,0.17149858514250882,-1.0289915108550531
434,2026,8,1956048,2026-03-22,Corinthians 1 x 1 Flamengo,1239,Flamengo,47.47,52.53,Fora,-0.8944466678141928,-0.2538003117148747,-0.6501222833323115,-0.523955595608721,-0.48027809295153745,0.17464231632789004,-0.7632643996718891,-0.9335955802084827,-0.6392649799817303,-0.8585884231538625,-2.244990074524312,-0.19077123448933975,-0.8066519342681238,-0.8353783138532285,-1.2449940282379997,1.2173754760979196,-3.1388287752950115,-2.7550661199984017,0.5032196082827127,0.5619514869490164,0.7585769640602851,-0.9910676245233393,-0.7967236951882377,-0.6467603471420669,-0.021181300237146015,-1.9409899176618914,0.3746343246326775,0.6932647182158735,0.10017355988898922,-1.3109188212294034,-1.1889247342519835,-0.1560851834718927,-0.5187778110884281,0.045960304173317514,-0.3120860542903698,-0.8150842003841479,-0.8591252155108677,0.025657900289539178,-0.37989616092142225,-0.7536132026802009,-0.08804509063256245,-0.8703839213987499,-0.21168006036868983,-0.8348438643793193,0.0,0.17149858514250882,-0.17149858514250882
435,2026,8,1956048,2026-03-22,Corinthians 1 x 1 Flamengo,1237,Corinthians,52.53,47.47,Casa,0.5561008872686979,0.9045690038374645,-0.16364259464207695,1.3103965569645553,0.1492383575206538,1.256813351768467,-0.1506107009386003,1.503994167900598,2.0007146131263687,0.1560851834718927,0.5187778110884281,-0.045960304173317514,0.1639165846238926,1.130217718742603,0.9217027035780414,2.3442181143119183,1.0099506101395526,-0.8734365586916799,1.9409899176618914,-0.3746343246326775,-0.6932647182158735,-0.9910676245233393,1.7076989754725769,0.020863237004582803,0.7687688291823378,-0.5032196082827127,-0.5619514869490164,-0.7585769640602851,-0.654179060574553,1.3109188212294038,1.5388686041473478,0.8585884231538625,2.244990074524312,0.19077123448933975,1.4949060976151647,0.631032929329663,0.702355178360258,0.7953949089757173,-0.37989616092142225,0.0939831434796296,-0.08804509063256245,-0.24763315023726437,0.18096507778714493,-0.07941169201198721,0.0,0.17149858514250882,-0.17149858514250882
436,2026,8,1956049,2026-03-21,Red Bull Bragantino 1 x 2 Botafogo RJ,1227,Botafogo RJ,34.99,65.01,Fora,-0.8396544425113455,-0.6962170116659866,-0.5723806779415512,-0.3437471185280501,-0.3375140766313261,-1.583536216713557,-0.4569375503052447,0.637295590795146,-1.410660815548016,2.2062282957487356,-0.5096932842760833,-0.7553172651764827,-1.5669054851561826,-1.6953265781139046,-0.8586841748552821,0.6781007849526489,-0.0550255209445861,0.15769771609969307,0.14377703093791802,-0.3746343246326775,0.5530476439847436,0.03670620831567924,-1.100264985849541,-1.1474780352520542,-1.284308141599007,-0.14377703093791802,-0.5619514869490164,-0.5896579578184383,-0.5175187369764573,-1.2200667031475676,2.1197071885623058,-0.7051283809933843,-1.693340104137415,1.6054626306535587,-0.06704429748077648,-0.15775823233241565,0.9185601559731831,-0.7440791083966389,-0.37989616092142225,-0.5371574882072078,-0.08804509063256245,-0.04000926540897991,-1.4086144331340573,0.445911946371508,0.5773502691896258,0.17149858514250882,0.6859943405700355
437,2026,8,1956049,2026-03-21,Red Bull Bragantino 1 x 2 Botafogo RJ,5438,Red Bull Bragantino,65.01,34.99,Casa,-0.09254376176764119,0.7681982060325766,0.18366791434366211,1.113279899980734,1.358357556447409,-0.26886217849337596,-0.25271965072748176,1.0515965589719276,-0.3702206993751279,0.7051283809933843,1.693340104137415,-1.6054626306535587,-0.474250599998271,1.0073679667053634,1.3596963395380088,0.6781007849526489,-0.7883628142417182,-0.5842326716621019,0.14377703093791802,0.5619514869490164,0.5896579578184383,0.18353104157839617,0.06290149264449968,0.6884868211512325,0.30405737062827587,-0.14377703093791802,0.3746343246326775,-0.5530476439847436,-0.06376916300691528,1.2200667031475672,-0.014015416544091467,-2.2062282957487356,0.5096932842760833,0.7553172651764827,1.968042347322803,2.077150059043474,0.25856601378635885,2.078289923452681,1.9579263678257919,1.4668952543189115,-0.08804509063256245,0.3001235948676218,0.7192688962265956,1.1442155487845005,-0.5773502691896258,-0.6859943405700355,-0.17149858514250882
438,2026,7,1956041,2026-03-21,Fluminense 1 x 0 Atletico MG,1232,Fluminense,54.39,45.61,Casa,0.47304756740595844,0.23513615023659135,0.11760773455291335,-0.49246014585620596,-0.42351495705224534,0.8388140040362728,0.7262562412913914,-0.8785260522634891,0.816012769547904,0.6654391605072024,0.326302741040879,0.19226336592317408,-0.9849236886641614,0.48422724225363944,0.21416943203320066,1.182917180690163,1.6179652248595047,0.44572859932118714,0.5544954504367371,-0.31234752377721203,-0.9789559474767388,-0.4976254417002971,1.76506632545202,-0.22530619751977815,-0.49378358686056184,0.6777166616449012,-0.46852128566581824,-0.5297093675127106,-0.5456836548935479,0.49016203266807495,-1.2099340078682788,1.1100741699337628,-0.40911348406020176,-0.8947905409852025,-1.1560985910474946,-0.25604100394721735,0.6239016519780268,0.180087187566733,-0.654653670707977,-0.8324946189482494,0.1005037815259212,-1.1003177048313946,0.1506370007070329,-0.94923806810007,0.6593804733957871,1.0259171343666662,-0.04885319687460319
439,2026,7,1956041,2026-03-21,Fluminense 1 x 0 Atletico MG,1235,Atletico MG,45.61,54.39,Fora,0.39706721766406333,-0.6418810923062616,-0.03887599583745536,-0.1024147457530146,0.8623456518169083,-0.08144748375048003,0.026250225588845235,-0.0260519088710301,0.0994173342899484,-1.1100741699337628,0.40911348406020265,0.8947905409852025,0.09568755277277306,-1.2889992786751807,-1.0693297145707825,-0.10095933269000229,-0.3677069170323078,0.047107794247157435,-0.6777166616449012,0.46852128566581824,0.5297093675127106,-0.31990206966447654,-0.7934095098906311,0.36244910035790473,0.1964854876685024,-0.5544954504367371,0.31234752377721203,0.9789559474767388,0.7597544308319958,-0.49016203266807495,1.0325877218400608,-0.6654391605072024,-0.32630274104087803,-0.19226336592317408,0.5990691566200687,-0.25604100394721735,2.33404271454416,0.180087187566733,2.254918199105254,1.7721984725223328,-0.904534033733291,2.043815048057727,-0.4479394051156396,1.7999005333203941,-0.6593804733957871,0.04885319687460319,-1.0259171343666662
440,2026,7,1956039,2026-03-20,Chapecoense AF 0 x 0 Corinthians,1237,Corinthians,65.32,34.68,Fora,-0.06373932912544136,0.6295228200041876,0.1344158542941049,0.439163076940383,-0.22997267145176287,0.26873622975995276,-0.7612565420765193,0.4754034695951234,0.3641690579322694,0.3264201431182773,0.2512581431365171,-0.40667757160607854,1.2978633099365204,1.166237442610878,0.7801804039419247,0.09499002388312314,-0.5110057066373462,0.4348760890500297,-0.6777166616449012,1.2493900951088486,0.2777671452788728,0.03554467440716462,0.4978442601054178,1.0481636145485347,1.0117373244154872,-0.14375807974285765,-0.46852128566581824,-0.051359578162178954,-0.16277805788781166,1.0385393879835618,-0.36271531688430425,0.8141908482462528,0.5355840154429522,-0.029517600504592918,0.2120465048396108,-0.09085325946514171,-0.9437276553742613,-0.09697002407439455,0.07273929674533085,-0.23894547192305593,-0.904534033733291,-0.21558274077498993,0.9477932568026288,-0.3227731393641161,0.0,1.0259171343666662,-1.0259171343666662
441,2026,7,1956039,2026-03-20,Chapecoense AF 0 x 0 Corinthians,8865,Chapecoense AF,34.68,65.32,Casa,-0.16258344401060287,-0.19043731290936455,-0.3041610190286376,-0.5838954170117487,-0.36969879636589675,-0.3506239689281054,-0.2362520302996096,-0.23917044471914414,0.5061496027594996,-0.8141908482462528,-0.5355840154429513,0.029517600504592918,0.6341759015044484,-0.33418499817504677,-1.0398436188710876,-0.8518652598434436,-1.7241081196496586,-1.2592975058236215,0.14375807974285765,0.46852128566581824,0.051359578162178954,-1.741689045951041,1.2782129029977691,-0.42122463014567246,0.4799364055070328,0.6777166616449012,-1.2493900951088486,-0.2777671452788728,-0.36859190760893407,-1.0385393879835618,1.4252199912824977,-0.3264201431182773,-0.25125814313651623,0.40667757160607854,-1.4524617085329956,-0.7516042373934443,-0.15991300169811723,0.180087187566733,0.07273929674533085,-0.3719005569247102,-0.904534033733291,-0.5443332470322486,-1.165663721102066,-0.4631013636873981,0.0,1.0259171343666662,-1.0259171343666662
442,2026,7,1956022,2026-03-19,Flamengo 3 x 0 Remo,1239,Flamengo,66.69,33.31,Casa,0.26345258698685337,1.2270272985107171,0.8634075099041477,1.2183672226735964,0.1649941744182687,0.9892891932554582,0.2887524814773001,1.1674118918784133,2.274018119155803,-0.370915207214574,1.291161856954104,-1.9916798087261753,0.745643103196694,2.2574537631824594,2.408507504200884,-0.8813548604308873,0.11473243912820805,0.37725915609549177,0.5544954504367371,-0.31234752377721203,0.2873756325618942,0.9241615345862675,1.5303924767645456,0.7542859656096933,1.5799828722001585,0.6777166616449012,1.0932163332202423,-0.7178524900962455,0.2006720875992359,1.6231365596065677,-1.7533514124213436,1.2106658985628478,2.6179226971292833,0.06308998988198046,0.5693196440765542,1.5610241853556146,-1.4662707578250243,-0.6510844473566496,-0.654653670707977,-0.6985855756713969,2.1105794120443457,-0.49343548947874405,2.4229578588300673,-0.8079029829197144,1.978141420187361,1.0259171343666662,1.9052746781095227
443,2026,7,1956022,2026-03-19,Flamengo 3 x 0 Remo,4617,Remo,33.31,66.69,Fora,-1.5121806768471058,-0.9529663087765907,-0.22141373202479128,-0.33724318012444393,-1.10679329974854,-2.9728382890312433,-0.673755790113701,0.19828339202172302,-1.6624824514330072,-1.2106658985628478,-2.6179226971292824,-0.06308998988198046,0.1776069814135855,-0.8797931584608376,-1.1611390817803822,-0.8364793812760818,0.5823681568560103,0.9335667782143448,-0.6777166616449012,-1.0932163332202423,0.7178524900962455,0.7464381625504469,-1.597739216077468,-1.0089799280233553,-0.6015555838021879,-0.5544954504367371,0.31234752377721203,-0.2873756325618942,0.7739465160611536,-1.6231365596065674,-0.46820891305280404,0.370915207214574,-1.291161856954103,1.9916798087261753,-0.42635411266328066,-0.9167919818755199,-0.15991300169811723,-1.7593132939211598,-1.3820466381612848,-1.1505515680395895,-0.904534033733291,-0.3972672355931629,-0.5699241702832929,-1.284933140606044,-1.978141420187361,-1.9052746781095227,-1.0259171343666662
444,2026,7,1956024,2026-03-19,Vasco da Gama 3 x 2 Fluminense,1232,Fluminense,45.82,54.18,Fora,-0.2109892048594326,-0.6963425740770666,-0.9332263863859386,-1.0495941614720157,0.11382798359710504,-0.1431050034321925,-0.49875428618806444,0.344589023038735,-1.1688906011504345,0.33033815508608283,-0.8548179008528967,0.9562982805528731,0.6215125885469789,-0.6069890783179421,-1.1883170325682106,0.20976036130452527,-1.6553132202642287,-2.4273085167401374,-0.6777166616449012,-0.31234752377721203,0.5354327307321299,-1.3862423018794,-1.1385532849477975,-1.1069391443363024,-0.5791493101733306,-1.375970191824496,-0.46852128566581824,1.0909783866744909,-0.12313210966181737,-1.1288367194396425,-0.6983537413236598,0.33062774237788295,-1.0885414426123257,-0.9828310309546128,-0.9981674528814812,-0.9167919818755199,1.1464447544287888,0.180087187566733,0.07273929674533085,0.22047169880749035,1.1055415967851334,0.1707210590775267,-0.38269174002596457,0.16212140823021998,-0.6593804733957871,-1.9052746781095227,0.9282107406174598
445,2026,7,1956024,2026-03-19,Vasco da Gama 3 x 2 Fluminense,1226,Vasco da Gama,54.18,45.82,Casa,0.9345212848940774,0.9949601795157668,0.30338388435159536,0.4058907475330027,0.24888125010161888,0.47909036175677233,1.4262622569939376,-0.36704156622801315,0.4429689524292568,-0.33062774237788295,1.0885414426123265,0.9828310309546128,0.49633618149849684,0.8934333624679826,1.2419158781047706,0.17985541422993473,0.5432778646620455,1.1004178093003785,1.375970191824496,0.46852128566581824,-1.0909783866744909,0.7464381625504469,-0.16752908382358248,0.6563267492967462,0.5287209597805104,0.6777166616449012,0.31234752377721203,-0.5354327307321299,-0.4049967073361518,1.128836719439642,-0.10713653098475877,-0.33033815508608283,0.8548179008528975,-0.9562982805528731,0.5962066503923443,-0.5864164929113685,0.14155417279270746,0.734201610848988,0.07273929674533085,-0.13665236921947896,2.1105794120443457,-0.5492217977409366,0.19602668076941546,-0.21480728410755734,0.6593804733957871,-0.9282107406174598,1.9052746781095227
446,2026,7,1956026,2026-03-19,Santos FC 1 x 2 Internacional,1219,Internacional,34.59,65.41,Fora,0.176535536030089,0.07599996375084456,-0.9622199338985379,-0.603839784790823,0.3614688269026179,-0.09249062160392127,0.9887584971798463,-0.21137237482591192,-0.5713130344935439,0.2643714618512789,0.4472498696553533,-0.0032224567027815607,1.0837345057485068,-0.6069890783179421,-0.07142187083650642,-0.3489899656154585,-1.0513469788917604,-1.7134885297434264,-0.26697929095102174,1.2493900951088486,0.7178524900962455,-0.8530721857719382,-0.11808535704414505,-1.498776009588091,-2.204896305543668,-2.1974449332122545,-0.46852128566581824,-0.607279382931764,-0.6374198321089817,-0.7861002364291751,1.1315800528229705,-1.0662126466271864,-0.414275189844731,-1.0584908270220748,-0.15649288586731117,-0.421228748429293,-0.5161923897327283,1.0112588224901156,0.8001322641986387,0.5645033080564944,0.1005037815259212,0.02884514378958341,-1.4777177715309473,0.525231588155969,0.6593804733957871,0.04885319687460319,0.9282107406174598
447,2026,7,1956026,2026-03-19,Santos FC 1 x 2 Internacional,1241,Santos FC,65.41,34.59,Casa,0.4844823118743536,0.5400743756474924,-0.08257382119416214,-0.06788839663785345,-1.0505760344524302,0.6363564767231872,0.7262562412913914,0.6843432106226862,-1.0427189169072417,1.0662126466271864,0.4142751898447319,1.0584908270220748,-0.7678780505115611,-0.33418499817504677,-0.1714837181130565,2.3574167902935197,0.3573043685954086,-0.27141416358293086,2.1974449332122545,0.46852128566581824,0.607279382931764,0.7464381625504469,-0.604269195780238,0.7542859656096933,-0.05239952438624042,0.26697929095102174,-1.2493900951088486,-0.7178524900962455,-0.4094870553870483,0.7861002364291751,-0.16170985364669965,-0.2643714618512789,-0.4472498696553524,0.0032224567027815607,-0.6136264100280181,-0.25604100394721735,0.14155417279270746,-0.9281416589977771,-1.3820466381612848,-1.4003608299259858,-0.904534033733291,-1.4716177097452674,0.37474854601504753,-0.13706100194215645,-0.6593804733957871,-0.9282107406174598,-0.04885319687460319
448,2026,7,1956034,2026-03-19,Gremio 2 x 0 Vitoria,1238,Vitoria,56.06,43.94,Fora,0.4776288871782203,-0.21594129915294652,-0.1638057121562236,-0.24522742005066983,-1.0254671695091477,0.5673368651391807,-0.4112535342252462,0.9005504209033819,0.6657508333438309,0.12265680707444203,0.6923599781468888,0.534476683888172,0.2558454738284047,-0.47058703824649445,-0.22458871433093724,0.1225034609361989,1.1873057989160385,0.4180247858708995,0.14375807974285765,-0.31234752377721203,0.41822620016338524,0.5687147905146264,0.4476855825648941,0.6563267492967462,0.7183054888776856,-0.5544954504367371,-1.2493900951088486,-0.7178524900962455,-0.8516758497680226,0.03241179836612741,-0.5729654220397358,0.5512371545092045,0.01828980035670269,-0.534476683888172,-0.49713459503733737,-1.0819797263575954,-0.5161923897327283,-1.4822560822800321,-0.654653670707977,-1.2009376419810205,-0.904534033733291,-0.7754487881132989,0.35205370598385566,-1.3381134178909229,-1.3187609467915742,-0.9282107406174598,-1.0259171343666662
449,2026,7,1956034,2026-03-19,Gremio 2 x 0 Vitoria,1244,Gremio,43.94,56.06,Casa,0.11126791460574244,0.2611061477245493,0.03308726426873415,-0.4213013826546264,-0.516072575082708,-0.07004424357573126,-0.14875127833679133,-0.4747225106565349,-0.10811560649021718,-0.5512371545092045,-0.018289800356701785,0.534476683888172,-0.046055076511274426,-0.33418499817504677,-0.4252759564723418,0.1225034609361989,-0.24772449553414194,-0.8309106652306734,0.5544954504367371,1.2493900951088486,0.7178524900962455,0.9241615345862675,0.5747572949560242,-0.9110207117104082,-1.2825904076006556,-0.14375807974285765,0.31234752377721203,-0.41822620016338524,-0.557963976253833,-0.03241179836612741,0.42169247297337026,-0.12265680707444203,-0.6923599781468879,-0.534476683888172,-0.4259570702173184,-0.09085325946514171,1.621483938474938,0.180087187566733,-1.3820466381612848,-0.8161260100980061,0.1005037815259212,-1.080559108559991,-0.49332908517802215,-0.9319617238777455,1.3187609467915742,1.0259171343666662,0.9282107406174598
450,2026,7,1956028,2026-03-18,Palmeiras 2 x 1 Botafogo RJ,1227,Botafogo RJ,49.78,50.22,Fora,-0.10883148520646693,-0.05387952604322793,0.02987896886114298,-0.6560785591864907,-0.4207313022512963,0.6458466733159881,-0.2362520302996096,-0.713531056768174,1.283744200205532,-0.8124193610530474,0.16150821947339897,-1.276874878260249,-2.3712750137858802,0.21142316211074402,0.5225169871937287,1.8974728872320652,0.8053832853985017,-0.5116569509414465,0.14375807974285765,-1.0932163332202423,-1.3058755767269763,-0.6753488137361177,1.4609380729369414,1.146122830861482,1.425568321171715,0.6777166616449012,-1.2493900951088486,-0.7178524900962455,-1.1807648434315006,-0.29409721960084495,0.7788646237857879,-0.48410879172996885,0.22660348277374381,-1.617329734527259,-0.9394907653916028,-1.2471674708396712,-2.1194496358884773,-2.0363705055622874,0.07273929674533085,-0.5937676593443928,0.1005037815259212,1.5332815989666269,-0.2805649598856032,-0.6972722983148207,-0.6593804733957871,-0.9282107406174598,-0.04885319687460319
451,2026,7,1956028,2026-03-18,Palmeiras 2 x 1 Botafogo RJ,1234,Palmeiras,50.22,49.78,Casa,0.34624286624660433,-0.1791146637156779,0.09616448658696893,0.5749445753160933,1.2249899812613045,0.12768193934905953,0.026250225588845235,-0.15925099377610138,-0.6862447345337834,0.48410879172996885,-0.22660348277374293,1.617329734527259,0.908488593320517,-0.8797931584608376,-0.4083389298658212,-0.866817733380739,-0.44700953758506473,0.7376018929955382,-0.6777166616449012,1.2493900951088486,0.7178524900962455,0.7464381625504469,-1.0904837735444808,-0.5191838464586196,-0.21158413078436256,-0.14375807974285765,1.0932163332202423,1.3058755767269763,0.49075812349708237,0.29409721960084495,-0.6198076099851262,0.8124193610530474,-0.16150821947339805,1.276874878260249,0.8903144228766773,2.0565874188018416,0.3299711568494728,1.5653732457723708,0.8001322641986387,1.2883012719584737,1.1055415967851334,0.3989317107703516,-0.2521964098466138,1.2891683946489885,0.6593804733957871,0.04885319687460319,0.9282107406174598
452,2026,7,1956030,2026-03-18,Mirassol 0 x 1 Coritiba,6332,Mirassol,69.61,30.39,Casa,0.06071266945849413,0.7151957815638401,-0.20007394338985895,1.535005728114532,0.6324067027900984,0.4655329380527712,-1.3737618058162473,-0.8785260522634891,-0.21480569885462147,1.4752444968567584,0.8377634582373583,-0.13626141932322336,0.40162391011203324,1.7118456028966686,1.6876584061421973,-0.8206409768685036,0.08139071931570875,-0.19205845437805663,0.5544954504367371,-1.0932163332202423,-0.666365926179096,-0.4976254417002971,-0.5463083936625918,1.244082047174429,0.9583397764469415,0.26697929095102174,-1.2493900951088486,-0.555501059973652,-0.41818106799286703,1.3504915985886425,-0.9368530289808462,0.18968330871832367,2.1569399309673694,-0.014385641291100846,2.646977024193217,1.3958364408735389,0.23199432513995535,2.119487669054626,0.07273929674533085,0.9410492990764264,-0.904534033733291,-0.16338610437429468,2.147782923451872,0.9226592630374533,-0.6593804733957871,0.04885319687460319,-1.0259171343666662
453,2026,7,1956030,2026-03-18,Mirassol 0 x 1 Coritiba,1236,Coritiba,30.39,69.61,Fora,-1.251147877882731,-0.21176912893317207,-0.3457715812359005,-0.816390720127388,0.6147484992283431,-2.2866240738594867,-0.49875428618806444,0.9005504209033819,-1.7774835723013311,-0.18968330871832367,-2.156939930967368,0.014385641291100846,0.11111854814386256,-0.8797931584608376,-0.9496941614296774,0.3384422547770063,-0.4612646868751711,-0.07953043590114013,-0.26697929095102174,1.2493900951088486,0.555501059973652,-0.6753488137361177,-0.8320971653672744,-1.3028575769621968,-0.9957832555934455,-0.5544954504367371,1.0932163332202423,0.666365926179096,0.19695318586668095,-1.3504915985886425,1.2407538760963848,-1.4752444968567584,-0.8377634582373573,0.13626141932322336,-1.2135692430067757,0.7350854629452365,-0.5161923897327283,0.180087187566733,0.8001322641986387,0.8813161285879011,0.1005037815259212,0.9684283294814386,-1.066373795965604,0.8596135378758294,0.6593804733957871,1.0259171343666662,-0.04885319687460319
454,2026,7,1956032,2026-03-18,Atletico MG 1 x 0 Sao Paulo,1235,Atletico MG,33.55,66.45,Casa,-0.5071318344317922,-1.3048923742570961,-1.385164235723236,-0.17362792035489047,-0.1687698483426404,-0.8820749781249552,-1.8987663175931568,-0.0260519088710301,-1.018582775864918,-2.064927899794285,-1.026743879646736,1.024937352244331,0.6540996468331203,-1.4254013187466283,-1.2423663739735826,-1.9134908809914126,-1.813721975774058,-0.8502958705164791,-0.6777166616449012,-1.8740851426632725,0.7178524900962455,-1.741689045951041,-1.6000849881631727,-2.086531307465774,-1.7911852250426572,-1.7867075625183753,-0.46852128566581824,-0.5889918906864885,-0.6274512245752365,-1.4400451099171065,2.183618713457685,-1.8347768357125702,-1.0698118244798922,1.7335401839552393,0.08180506902219772,-0.421228748429293,-0.15991300169811723,-0.09697002407439455,-0.654653670707977,0.019320190236068624,0.1005037815259212,0.12015152466133781,-1.3330381663321025,-0.05018513136114533,0.6593804733957871,1.0259171343666662,-0.04885319687460319
455,2026,7,1956032,2026-03-18,Atletico MG 1 x 0 Sao Paulo,1224,Sao Paulo,66.45,33.55,Fora,-0.2048690444059966,1.1730783597770278,0.5483332558400555,0.44770405319830126,-0.7926988698449101,0.6363564767231872,-1.1987603018906108,2.40958850082171,0.5192748009419776,1.8347768357125702,1.0698118244798933,-1.7335401839552393,-2.5405267501235733,1.4390415227537734,0.9980430681701448,0.04213526322852995,0.4663689864766218,1.2445407525197993,1.7867075625183753,0.46852128566581824,0.5889918906864885,-0.31990206966447654,0.13000011744688644,0.9502043982355876,0.7221504695425277,0.6777166616449012,1.8740851426632725,-0.7178524900962455,-0.022104715285837618,1.4400451099171074,-1.2263513465983908,2.064927899794285,1.026743879646737,-1.024937352244331,0.3489645754736917,-1.0819797263575954,-0.8130918797615703,-0.3740272357155221,-0.654653670707977,-0.8679427057253303,-0.904534033733291,-0.9050878703086145,0.8485033316661669,-0.986651959212422,-0.6593804733957871,0.04885319687460319,-1.0259171343666662
456,2026,7,1956037,2026-03-18,Bahia 2 x 0 Red Bull Bragantino,1221,Bahia,52.38,47.62,Casa,0.5136533022673169,-0.5471131229163698,1.7349166709933808,1.0177417849234542,1.6842691295231993,1.1003216434823417,2.126268272696484,-2.7759685004596077,0.39506760179738093,1.6834170824081178,0.6468849634249503,-0.5443328527455413,-0.18729336704825555,-0.33418499817504677,-0.04272856668056028,0.9818517221394117,0.975413805923328,1.3386251530761843,-1.49919140303266,-0.31234752377721203,-0.053010835923357306,1.8127783947653704,0.2797095885166442,0.7542859656096933,0.10451528274616897,1.9099287737265394,1.8740851426632725,3.345718765503644,3.7787121606787633,0.4114337536369272,-0.14025867772806186,0.798243990561724,0.19932946389692366,1.6841185805802905,1.7760853415796762,1.7262119298376901,-0.15991300169811723,0.45714439920786054,2.254918199105254,2.2698322483329325,1.1055415967851334,2.2967946941385033,0.18467926075381982,2.3251310209089118,1.3187609467915742,1.0259171343666662,0.9282107406174598
457,2026,7,1956037,2026-03-18,Bahia 2 x 0 Red Bull Bragantino,5438,Red Bull Bragantino,47.62,52.38,Fora,-0.2171392478422044,-0.8577636736432359,0.7760907312217098,-0.08885535467918948,0.1963633244621125,0.12388586071193913,1.6012637609195743,-0.3305069600826216,0.8840641196256832,-0.798243990561724,-0.19932946389692274,-1.6841185805802905,-0.5857843502112362,0.21142316211074402,0.14153605970612387,-0.9092504285541447,1.5476909881123793,1.0582122821668989,-1.9099287737265394,-1.8740851426632725,-3.345718765503644,1.4573316506937293,0.5239533465602861,0.7542859656096933,0.48718494143036467,1.49919140303266,0.31234752377721203,0.053010835923357306,0.10943449765667769,-0.4114337536369272,0.04332840925524999,-1.6834170824081178,-0.6468849634249494,0.5443328527455413,0.15856444559957739,0.9002732074273121,0.9598222178392319,0.45714439920786054,0.07273929674533085,0.3512723902230917,-0.904534033733291,0.1352886876098466,-0.15574333971405055,0.30017576520634104,-1.3187609467915742,-0.9282107406174598,-1.0259171343666662
458,2026,6,1956036,2026-03-18,Athletico Paranaense 2 x 1 Cruzeiro,1230,Cruzeiro,53.78,46.22,Fora,-0.2547437578715331,0.2890727286680105,-0.5891151995166723,-0.23802634081979085,-0.09506896962966936,-0.0545111692559074,-0.6868722097309672,1.0101794448923973,-0.4344170722146747,-0.1375592477735386,-0.2823019710390637,-0.044265910220913536,0.8711190198151213,0.8476703122499379,0.1956003280214686,-0.751203216635328,-0.7177559585024259,-1.168400621433248,1.0932163332202423,-0.9801960588196069,0.2806226111375454,-2.141226334675733,-0.5059000467753805,1.3171926861418888,1.5668990591661078,-0.5726371269248887,-0.8868440532177395,-0.5882387307652505,-0.7452763216481809,0.09222004317421778,-0.4375097381051839,-0.740092815945801,0.17216830260690152,-0.7830051482005171,-0.4334885608597656,-0.8147365086482016,-0.36598392037409916,-0.09649567402316268,0.2948839123097942,0.1396771043175533,-0.20412414523193148,0.12644737475215537,0.5708861853484876,0.00040844248462151725,-1.0,-0.7337993857053429,-0.31448545101657555
459,2026,6,1956036,2026-03-18,Athletico Paranaense 2 x 1 Cruzeiro,1243,Athletico Paranaense,46.22,53.78,Casa,0.39672564526288034,0.6692031875312326,0.03570148001291961,-0.1558815023486885,-0.9636128329739262,0.348043435478463,0.653366248280676,-0.1890460244351053,0.5996497531268282,0.7400928159458001,-0.17216830260690152,0.7830051482005171,0.884738878749455,0.7027694041730255,0.5145621658092769,-0.8466596181328804,-1.0698689432784518,-0.28028529991842766,0.5726371269248888,0.8868440532177395,0.5882387307652505,-0.15359007463918783,0.49980376282577005,0.13217504463015517,-0.06664327209538802,-1.0932163332202423,0.9801960588196069,-0.2806226111375454,-0.15115957833858432,-0.09222004317421778,0.33425971008039673,0.1375592477735375,0.2823019710390637,0.044265910220913536,-0.8578738474805134,-0.6949223161999366,-0.46638418851009356,-0.954234998673499,-1.179535649239177,-1.3748457918781416,-0.20412414523193148,-1.3158328592716964,0.02944438648460734,-0.13166140913321503,1.0,0.31448545101657555,0.7337993857053429
460,2026,6,1956020,2026-03-16,Chapecoense AF 1 x 1 Gremio,8865,Chapecoense AF,34.24,65.76,Casa,-0.40185699927283736,-0.5931588310437054,-0.4697808074803686,-0.4578656963691623,-0.7867350307140333,-0.3289569415378727,-0.35181259522805636,-0.2665821539174865,-0.011943154296494105,-0.6481190628760036,-1.6369460927546648,0.6052950689840617,0.6008686420596925,-0.7462396765960988,-0.0700399465212633,0.714645249498653,-0.384436278873989,-0.645062626447155,-1.5096796982565255,-0.0466760028009337,0.36504825999065427,0.20779833627654765,-0.012014016204372221,-0.5970665809155271,-0.3866510318988653,-0.5726371269248887,-0.8868440532177395,-0.5882387307652505,-0.9579214038962316,-1.0420864878686602,0.7771532497327484,-0.81192079681857,0.03939032851578901,0.036884535457220535,-0.8656511615809984,-0.8147365086482016,0.2286945908929442,-0.3109305051857468,-0.44232586846469146,-0.9809688654501634,-1.2247448713915892,-1.0463666276616959,-0.6375895822188334,0.29644655886409105,0.0,0.31448545101657555,-0.31448545101657555
461,2026,6,1956020,2026-03-16,Chapecoense AF 1 x 1 Gremio,1244,Gremio,65.76,34.24,Fora,-0.36353791788906553,0.7471806641256894,0.9051123333095373,0.7632306601645005,-0.11719033947319697,-1.1645054162161137,-1.5580272074385353,-1.5215187681323297,0.1676166834259291,0.8119207968185692,-0.03939032851578901,-0.036884535457220535,0.9577066713450084,0.41296758801920064,1.1162738883409287,0.3770384177315746,-1.1283334920967958,0.8305801432515464,0.5726371269248888,0.8868440532177395,0.5882387307652505,0.9305751581080186,1.760657045073648,1.3171926861418888,1.1271355941578727,1.5096796982565255,0.0466760028009337,-0.36504825999065427,-0.1341065905237902,1.0420864878686609,-0.14949237270580273,0.6481190628760024,1.6369460927546648,-0.6052950689840617,0.979185129018738,0.26359122338618274,-1.0687857973260595,0.3323739883020055,-0.44232586846469146,-0.19582284149062518,-0.20412414523193148,-0.5279307032777318,1.7988985126686297,-0.36424912038840684,0.0,0.31448545101657555,-0.31448545101657555
462,2026,6,1956002,2026-03-15,Fluminense 3 x 2 Athletico Paranaense,1243,Athletico Paranaense,22.66,77.34,Fora,-1.712246548269708,-0.7584525184467885,-1.1723676198543715,-1.3914641046088636,-0.07805254666972522,-2.1190484105079745,-1.491015284537953,-0.47863172015339367,-0.06999376977463344,-3.204224119290692,-0.711036608864269,-3.3608707898922865,0.5821193405793992,-0.16663604428844908,-1.5260950415853136,1.014740211069389,-2.181480676185176,-2.1686890165542043,0.5726371269248888,-1.91371611483828,-1.5453816695232574,-1.5991437183021298,0.15753062545784244,-2.237860238393312,-1.6036847043900215,-1.6137955395155958,-0.8868440532177395,-0.5882387307652505,-0.8540927951552943,-2.1459945602355925,1.601437918684447,-1.1509472725036403,-1.6878669864696232,-0.5229643504659482,-1.2090305212642898,-1.413807470889526,-0.6471046711548831,-1.5975394921612514,0.2948839123097942,-0.38968370406074443,0.8164965809277261,2.2869909885427875,-1.7930375447427849,-0.5749580357385788,-1.0,-1.7820842224272613,0.7337993857053429
463,2026,6,1956002,2026-03-15,Fluminense 3 x 2 Athletico Paranaense,1232,Fluminense,77.34,22.66,Casa,0.6948391965421916,0.5336885499573876,0.3327102090301626,2.0370773002261195,2.205850168531303,0.7207447136251277,-1.3569914387367887,0.5354860299502604,0.873170191073062,1.1509472725036396,1.6878669864696232,0.5229643504659482,-2.3160900398142212,0.2680666799422882,-0.6339520728460734,1.6524420044072037,0.3116066093771212,0.08636620790814883,1.6137955395155958,0.8868440532177395,0.5882387307652505,0.3884925417344154,-0.11132147050650715,-0.0501353617562654,1.5073414119184116,-0.5726371269248887,1.91371611483828,1.5453816695232574,0.42814655679594116,2.145994560235593,-2.1606481662607377,3.2042241192906897,0.711036608864269,3.3608707898922865,1.9304072419123288,3.019317649696276,1.3408206379378043,2.6911571310904305,2.5065132546332514,2.6163519716493826,1.8371173070873836,0.22965380820707418,1.804480386883721,2.6923260789377537,1.0,-0.7337993857053429,1.7820842224272613
464,2026,6,1956006,2026-03-15,Santos FC 1 x 1 Corinthians,1237,Corinthians,55.91,44.09,Fora,0.46800059150746476,-0.4956848896737948,0.3408054453155718,-0.2778333870294232,-0.5443352234812173,0.6778060557473514,-0.01675298072514554,0.9508427680246296,-0.208159146592603,0.35021922941981465,0.8357514308124442,0.5229643504659482,0.15812211170986407,-0.8911405846730113,-0.5764016855554157,-0.11895186597561457,-0.5202430932330333,1.1971819459403459,-0.4685212856658184,-0.0466760028009337,-1.312056394461099,-0.15359007463918783,-0.18899157405317138,0.4967958574029963,-0.012575638992796227,0.46852128566581835,0.0466760028009337,0.2633064848062436,1.3754211747160414,0.12556746950060918,-0.9229976133308245,0.22407956702677945,-0.6939228659436253,0.036884535457220535,-0.5798626871318969,0.0239628384896529,-0.744415700271308,-0.3109305051857468,-1.179535649239177,-0.7828155029381152,-0.20412414523193148,-0.8005720559572331,-0.15475746261341414,-1.0022561186672614,0.0,0.31448545101657555,-0.31448545101657555
465,2026,6,1956006,2026-03-15,Santos FC 1 x 1 Corinthians,1241,Santos FC,44.09,55.91,Casa,0.546542779395679,-0.2460824028260783,0.26256275540930785,-0.4072888584548718,-0.30316700493169896,0.6293530601871581,0.4523304795789296,0.9508427680246296,1.5390510621070932,-0.22407956702678056,0.6939228659436253,-0.036884535457220535,0.07401914875450026,-0.3115369523653615,-0.1575953704721996,-1.536066962281869,0.8229091308929608,0.033388286083400644,-0.4685212856658184,-0.0466760028009337,-0.2633064848062436,0.3884925417344154,2.3575040533907026,-1.0528425968815784,-1.347407878180477,0.46852128566581835,0.0466760028009337,1.312056394461099,-0.6329747542544448,-0.1255674695006088,-0.43236293254134694,-0.3502192294198156,-0.8357514308124442,-0.5229643504659482,-0.144872183040486,-0.3354797388551419,-0.014582981898118973,-0.09649567402316268,-0.44232586846469146,-0.3338278659459937,-0.20412414523193148,-0.4075052158089071,-0.8162095571017633,-0.5142478804803097,0.0,0.31448545101657555,-0.31448545101657555
466,2026,6,1956008,2026-03-15,Palmeiras 1 x 0 Mirassol,1234,Palmeiras,40.35,59.65,Casa,-0.8300283580955139,-0.7863420493234391,-0.15817255495825672,-0.5304780545654222,-0.4837658947324335,-0.1706559318203757,-0.0837649036257277,-0.1549771190564829,-0.9580743913024911,-0.06027682138258958,-1.5949154886795331,-0.6329589375283601,0.7772128076731842,-1.6156451250575734,-1.5351049900647844,-0.7858295583550284,0.9953999802620153,-0.6119625320417331,0.052057920629535175,-0.0466760028009337,0.5882387307652505,0.20779833627654765,-0.4050228388015663,0.4967958574029963,0.7008545593114646,0.46852128566581835,-0.8868440532177395,-0.41105880636606995,-0.8302839170755968,-0.8261759313413006,0.23323387293737477,0.2796679389582493,-0.6231412210712568,-0.05770005744498384,-0.6148950084041478,-0.6949223161999366,1.2504603966154093,-0.09649567402316268,-0.44232586846469146,-0.6758205533804396,-0.20412414523193148,-0.7931566722380231,-0.2496493242699705,-0.8859624559322689,1.0,1.362770287738494,-0.31448545101657555
467,2026,6,1956008,2026-03-15,Palmeiras 1 x 0 Mirassol,6332,Mirassol,59.65,40.35,Fora,0.39687389016804836,0.8849839444502937,0.10399114635624389,0.7716063632758507,-0.25490659096432666,0.6428069987601827,-0.6868722097309672,-1.8379810447604201,1.4887265105696057,-0.27966793895825043,0.6231412210712568,0.05770005744498384,0.343587597159645,1.5721748526345,1.5494381576147536,-0.05733816613621214,0.6940626682383761,-0.6402589920740638,-0.4685212856658184,0.8868440532177395,0.41105880636606995,-0.5149784855549233,0.7709939054873308,0.5879510605962066,1.5771629620931482,-0.05205792062953517,0.0466760028009337,-0.5882387307652505,-0.21463768456254922,0.8261759313413002,-0.8852400630875135,0.06027682138258852,1.5949154886795331,0.6329589375283601,0.032375095554209504,0.38340541583444765,-1.8455668192203312,0.11793915713942141,-0.44232586846469146,-0.1565650734599781,-1.2247448713915892,-0.3608283045946547,1.2016379716538335,-0.3215795396842854,-1.0,0.31448545101657555,-1.362770287738494
468,2026,6,1956010,2026-03-15,Red Bull Bragantino 1 x 2 Sao Paulo,1224,Sao Paulo,45.78,54.22,Fora,-0.32678284701273647,0.09888198406708612,-0.8097085822982941,-0.15324798124493644,-0.12682696065601273,0.21575710166236065,0.18428278797660094,-2.550021167173625,-1.1574225939835294,1.2819513028939296,-0.6561210571597699,-0.09654056428509937,-1.4240840347894181,-0.45643786044227397,-0.08693617713665629,-1.536066962281869,0.685959169371005,-2.0943034658696935,0.052057920629535175,0.8868440532177395,0.5882387307652505,-1.5991437183021298,-0.6676819696990709,-1.0528425968815784,-0.6411331602801573,-0.05205792062953517,-0.8868440532177395,-0.5882387307652505,-0.5996812350597108,-0.545430711625459,-0.3132511466353991,0.075195574134964,-0.07910754284511998,-0.7060291245826942,0.7175754540735273,-0.5751081237516718,-0.36598392037409916,-1.5975394921612514,-0.44232586846469146,-0.49361883945722257,0.8164965809277261,1.964681392506165,-0.6013073998207386,-0.6879259620947507,1.0,0.31448545101657555,0.7337993857053429
469,2026,6,1956010,2026-03-15,Red Bull Bragantino 1 x 2 Sao Paulo,5438,Red Bull Bragantino,54.22,45.78,Casa,0.5005831353191577,0.45513469737231194,-0.5962109907877283,0.25577751954693395,-0.29795088487204613,0.48093636019452735,0.9884258627835869,0.5767637182060983,0.5184537902029863,-0.07519557413496508,0.07910754284511998,0.7060291245826942,-0.8622444330645185,0.2680666799422882,0.6135701356996847,-0.11895186597561457,-0.12315387979826165,0.12202916315439732,0.052057920629535175,0.8868440532177395,0.5882387307652505,-0.15359007463918783,-1.6597261626844537,-0.23244576814268597,-0.0314396771598402,-0.05205792062953517,-0.8868440532177395,-0.5882387307652505,-0.5926019654127677,0.545430711625459,1.8894182440341245,-1.2819513028939302,0.6561210571597699,0.09654056428509937,-0.27498225488259254,1.222104762972302,0.19625758118746922,0.3323739883020055,-1.179535649239177,-0.885765362991799,-0.20412414523193148,-1.1862557827989297,-0.10731153178513626,-1.1141531414070502,-1.0,-0.7337993857053429,-0.31448545101657555
470,2026,6,1956012,2026-03-15,Cruzeiro 3 x 3 Vasco da Gama,1230,Cruzeiro,64.87,35.13,Casa,0.37126636506993355,0.623553310308764,0.24065310857503167,1.3639654987680827,1.2526351823822433,0.8703008691767794,0.2512947108771831,-0.5325741536695454,0.6450687761615725,-0.8522269185537885,0.3014064716513977,0.15096392026369854,-0.26443371509385594,1.1374721284037628,0.8307799887073384,0.13659347925993964,0.450215340869752,0.6816421749941503,0.5726371269248888,-0.0466760028009337,0.36504825999065427,0.027104130818679902,0.976841073839902,-0.0501353617562654,0.6750305493129083,0.46852128566581835,0.0466760028009337,-0.5882387307652505,-0.025088479918878408,0.6328600462830696,-1.5624084291513634,-0.5951157684631676,1.9909777201128103,0.6329589375283601,2.19906529114809,0.7428479931792424,0.15187009422208192,1.8334178064400941,1.7693034738587656,1.3329519855484893,1.8371173070873836,-0.11115756007011741,1.330021078600939,1.2973884136112463,0.0,-1.7820842224272613,1.7820842224272613
471,2026,6,1956012,2026-03-15,Cruzeiro 3 x 3 Vasco da Gama,1226,Vasco da Gama,35.13,64.87,Fora,-1.6525995282807238,-0.3513055438094525,-0.5758837651650907,-0.2612893114769642,0.8679843422486042,-3.1234804114701418,-1.2899795158362066,0.39985933996679335,-2.0771790551064457,0.5951157684631667,-1.9909777201128103,-0.6329589375283601,-0.1746515876750024,-0.45643786044227397,-0.4335870263287841,-0.09899249842200517,-1.619092320643741,0.9057245906388124,-0.4685212856658184,-0.0466760028009337,0.5882387307652505,-0.5149784855549233,-2.0741544265378864,-0.5970665809155271,-0.4328513611189653,-0.5726371269248887,0.0466760028009337,-0.36504825999065427,0.25685802614174713,-0.6328600462830691,0.7190509978828152,0.8522269185537872,-0.3014064716513977,-0.15096392026369854,0.04007319229030868,0.14377703093791783,1.997986029373404,0.7612436506271737,1.03209369308428,1.1325686510139348,1.8371173070873836,0.36814811129612174,-0.7855092489187597,1.0795901715408294,0.0,-1.7820842224272613,1.7820842224272613
472,2026,6,1956014,2026-03-15,Internacional 0 x 1 Bahia,1221,Bahia,42.63,57.37,Fora,-0.3869483100231759,-2.445522825575855,-0.5332991085299906,-0.9007173073503116,-0.3058508386998376,0.4456456443991321,1.1894616314853332,0.8264271552373763,-1.1527228381789847,0.7241921759245492,-0.6722567377840551,-0.8319640457178561,0.32439229185180735,-2.485050573519048,-1.8989664470801857,0.4012549415292132,1.1125893733898073,0.22316339647776687,-2.550838110847233,-2.847236170856953,-1.6342221453225179,-0.15359007463918783,0.28377249807737515,-0.32360097133589627,-1.0806069203729827,-1.6137955395155958,-0.8868440532177395,-0.5882387307652505,-0.5057365105488995,-1.132087127514204,-0.00800051250366908,0.9995490895822607,-1.6423788276305917,-0.2173115579674536,-0.6110917162889975,-0.6949223161999366,-0.46638418851009356,-0.954234998673499,-0.44232586846469146,-0.17533668545019443,-0.20412414523193148,0.8097417341527227,-0.73248144387539,-0.3419825542453194,1.0,1.362770287738494,-0.31448545101657555
473,2026,6,1956014,2026-03-15,Internacional 0 x 1 Bahia,1219,Internacional,57.37,42.63,Casa,1.1687520421810929,1.155332669015333,1.9671271308758012,0.7338997004936317,0.7204201173414347,0.8625233009574085,1.6585450917894085,1.0991844601940475,2.060268556015777,-0.999549089582262,1.6423788276305917,0.2173115579674536,0.2023692826002537,0.9925712203268503,1.1281198630011458,2.4318553073756437,0.8167213431578239,1.7132602187199106,1.6137955395155958,0.8868440532177395,0.5882387307652505,1.8340461853973573,0.5904995898239017,2.046434311687571,0.4676350556800612,2.5508381108472324,2.847236170856953,1.6342221453225179,1.9337084166417915,1.1320871275142035,0.7503729860284536,-0.7241921759245501,0.6722567377840551,0.8319640457178561,0.29929089095841244,0.8626621856275073,-1.2309708458534345,0.5468088194645896,1.03209369308428,1.7742267853908367,-1.2247448713915892,1.1091222561727387,0.14945468210907545,1.7770135076784632,-1.0,0.31448545101657555,-1.362770287738494
474,2026,6,1956016,2026-03-15,Coritiba 1 x 0 Remo,1236,Coritiba,41.95,58.05,Casa,0.39485382735324953,-0.028669472570055796,0.34432383054106924,-0.14344340642907316,0.1315362131705191,0.3521203865611977,0.05025894217543662,-0.6173408349092131,-0.8693643865562559,-0.9467039738321812,-0.03224437959882614,1.5559727186961565,0.8314044465787835,-0.02173513621153666,-0.6189038781926416,0.16447115328563647,0.3041539082235834,0.31031885052282243,0.5726371269248888,-0.0466760028009337,0.4468242141671246,-0.3342842800970556,-0.7500019578500899,-0.7793769873019477,-0.180715164415238,-0.05205792062953517,0.9801960588196069,2.996022765191436,3.001468070305437,-0.953261994401276,0.45739107930701833,-0.2591841217605242,-1.0404033868312093,1.0175774197590242,0.40231433575716835,0.38340541583444765,-0.014582981898118973,-0.7398001675109149,0.2948839123097942,0.1575814369759375,-0.20412414523193148,0.968949869157917,-0.9920385948771471,0.019868804233255783,1.0,1.362770287738494,-0.31448545101657555
475,2026,6,1956016,2026-03-15,Coritiba 1 x 0 Remo,4617,Remo,58.05,41.95,Fora,-0.10839609885211601,0.27351857088209586,0.1299579885596804,-0.35636532970989093,-0.4719010718224308,0.12146687905548154,-0.5528483639298029,0.6541593836857947,-0.43294768242896525,0.2591841217605232,1.0404033868312093,-1.0175774197590242,-2.3827212661074113,0.9925712203268503,1.0296412013916048,0.6503391863049236,-0.837527801964418,0.013273877401654952,0.052057920629535175,-0.9801960588196069,-2.996022765191436,0.5691867471922831,-0.02743775867611166,0.405640654209786,-0.3160429815813552,-0.5726371269248887,0.0466760028009337,-0.4468242141671246,0.35831941275608,0.9532619944012756,-0.6881668508634075,0.9467039738321799,0.03224437959882614,-1.5559727186961565,-0.8549949741435089,-0.9345507010964664,-0.46638418851009356,0.5468088194645896,-0.44232586846469146,-0.23869921463305294,-1.2247448713915892,-0.674367481906725,-0.1128934060002275,-0.4108517918055035,-1.0,0.31448545101657555,-1.362770287738494
476,2026,6,1956018,2026-03-14,Vitoria 2 x 0 Atletico MG,1238,Vitoria,31.49,68.51,Casa,0.35384210526469284,-0.25329315376962963,0.2567624642787348,-1.1716066224000872,-0.6891779266775018,0.13094579032283987,2.0606166291929013,0.2585815379006811,-0.016058392816968862,0.4876648368239915,-0.11794865045568308,0.33053165613853813,-0.3003564347633068,-1.0360414927499237,-0.9160330961758695,-0.1572522739838917,1.8195595478826212,1.3118174933749918,0.052057920629535175,0.8868440532177395,0.5882387307652505,2.014740390855225,-0.3240111145209194,-1.0528425968815784,-1.9336620557840103,1.5096796982565255,0.0466760028009337,-0.5882387307652505,-0.6536675948377778,-0.8447416826073968,1.3397119979960397,-1.0263139928570695,-1.0023286043160897,-1.2381677226363401,-1.6011884800405225,-0.9345507010964664,2.093822648957762,-0.5253653363483308,-1.179535649239177,-1.0799573836785685,0.8164965809277261,-1.0717055100214377,-1.1846132552978057,-1.3252219951514073,2.0,1.362770287738494,0.7337993857053429
477,2026,6,1956018,2026-03-14,Vitoria 2 x 0 Atletico MG,1235,Atletico MG,68.51,31.49,Fora,0.7448607875030102,0.22796138066060223,-0.015169263673279485,0.5199508603323724,0.3401160926239517,0.4627076846803768,0.5863543253800939,0.8863463801248833,-0.5037228394308619,1.0263139928570688,1.0023286043160897,1.2381677226363401,1.1169212724310313,0.9925712203268503,1.4756300033730176,-1.536066962281869,0.5687153729112318,0.18021620587057524,-1.5096796982565255,-0.0466760028009337,0.5882387307652505,0.7498809526501509,-0.6713392176668994,1.2260374829486786,0.4113546546301226,-0.05205792062953517,-0.8868440532177395,-0.5882387307652505,-0.45669282612433254,0.8447416826073968,-0.541952231498174,-0.48766483682399236,0.11794865045568308,-0.33053165613853813,1.447644764404948,0.8626621856275073,0.4372182247138552,0.11793915713942141,1.03209369308428,0.6103697499189039,-1.2247448713915892,0.4319432388194697,1.2825751477726606,0.5120080273780938,-2.0,-0.7337993857053429,-1.362770287738494
478,2026,5,1956004,2026-03-14,Botafogo RJ 0 x 3 Flamengo,1239,Flamengo,56.76,43.24,Fora,0.7665962518992285,0.8886754928559518,0.611439984750996,0.3317406247199667,0.7824638254762433,0.43030733194282433,-0.13997458128881451,0.4063405814198074,0.8539336770057462,-0.6024744847789891,0.7924785515264728,1.2542794313999526,0.7470318957179495,1.191366794362541,0.8161055277546835,0.39087230962557207,0.1497609584613415,0.13765316252064277,0.21389631597324935,1.3333333333333335,0.7368068822598122,0.5946508434942721,0.9354621616398375,0.2732141168046322,0.5729980155329701,1.0083683467310323,0.33333333333333326,0.18083204128850502,0.5236111065028686,0.8400466509707336,-1.1391241151538674,1.3326915439308418,0.7881437663057356,-0.8361842205385523,0.53495630214195,0.05520433604151677,1.6985233287339918,1.0631037796636849,0.43967877187142823,1.0341812700483586,2.1376670117594454,0.054562307519689934,0.9932942120271018,0.7779347535641195,1.8257418583505536,1.2641943328374192,2.033703926738457
479,2026,5,1956004,2026-03-14,Botafogo RJ 0 x 3 Flamengo,1227,Botafogo RJ,43.24,56.76,Casa,-0.19486780530460446,-0.9110990898734506,-0.6384485091318646,-1.0281799686328303,-1.4687649882884395,-0.8851657053854396,-0.5306013197692261,-2.2937995433767493,-0.15383253665370555,-1.3326915439308418,-0.7881437663057356,0.8361842205385523,0.691187562273206,-1.0650097101119687,-1.2376849693174685,0.08221113415775232,0.3139951706426119,0.5527651601223859,-1.0083683467310323,-0.33333333333333326,-0.18083204128850502,-0.05170876899950173,-0.9456719064663194,-0.07372444421712235,0.7510622227831826,-0.21389631597324935,-1.3333333333333335,-0.7368068822598122,-1.212356285801661,-0.8400466509707336,-0.33676279491878996,0.6024744847789891,-0.7924785515264728,-1.2542794313999526,-1.2259152406341622,-1.4169112917322662,0.268796986724474,-1.164351758679274,-1.5144491031126974,-1.7460837997828713,-1.2375966910186265,-1.7387412853793436,-0.11995473107885876,-1.6970503019775136,-1.8257418583505536,-2.033703926738457,-1.264194332837419
480,2026,5,1955995,2026-03-13,Gremio 1 x 1 Red Bull Bragantino,5438,Red Bull Bragantino,62.07,37.93,Fora,0.18690425843170658,0.8347222987125449,1.262611982883459,0.6691278646547951,0.5611140239328571,0.9728753684078207,0.9668011777390183,0.2943532029720244,1.111146984308156,1.1321756057752868,1.22650041589947,-1.9594077902182236,-3.0222218139639874,1.3718769147205019,1.2531159641564282,0.5705990700245556,0.5506284881937328,1.1908608705807313,0.21389631597324935,0.5000000000000001,0.2123420364079135,1.88737006848182,0.6000106824701855,1.1405605193590187,0.6860524147145016,1.619500678083173,2.0,0.4191129605502446,0.3282299489065563,1.1650064693715647,-0.30498418271836136,-0.7602936385753308,0.3642489071548957,0.3473373297934238,0.7999187522992962,0.17788063835599868,0.4874610155024006,1.4680956957260411,0.43967877187142823,1.2616150971332174,-0.11250879009260249,-0.05187962062281634,0.5531725368456754,0.9803957812077299,0.0,0.16489491297879372,-0.16489491297879372
481,2026,5,1955995,2026-03-13,Gremio 1 x 1 Red Bull Bragantino,1244,Gremio,37.93,62.07,Casa,-0.2617322585890418,-1.6201962715769693,-0.22441453468345282,0.06933204226997824,0.8807381200125316,0.12341755816677596,0.5110699828452048,-0.6105953097373373,-0.9964104472960754,0.7602936385753308,-0.3642489071548957,-0.3473373297934238,-0.2379153918396899,-1.4260299508278902,-1.4352544573968142,-0.9776495285931946,0.10004618625547285,0.23105732193798686,-1.619500678083173,-2.0,-0.4191129605502446,0.46537892099551736,-1.2496228297385383,-0.7676015662606315,-1.1377976201629532,-0.21389631597324935,-0.5000000000000001,-0.2123420364079135,0.919254582876185,-1.1650064693715645,1.5902919452495157,-1.1321756057752868,-1.22650041589947,1.9594077902182236,0.7094272641327237,0.05520433604151677,0.020977754109490657,0.05062398950779452,2.393806646855554,1.3289153017423982,-0.11250879009260249,1.5174542703376728,-1.0922496736365197,1.040306256093755,0.0,0.16489491297879372,-0.16489491297879372
482,2026,5,1955983,2026-03-12,Flamengo 2 x 0 Cruzeiro,1239,Flamengo,37.4,62.6,Casa,-0.21801595101270121,0.8374214548626534,-0.2948035258356023,-0.2176414797526217,0.07741836119042336,0.058216215876531745,0.5110699828452048,-0.669655107408896,0.2558993636602537,0.7350889489003376,0.19449366443595728,-1.2879626399814015,0.8011910245843137,0.6498364332886588,-0.06964492584890995,-0.8032922380859925,0.031322824676771416,0.4831639433633299,1.4361609786775311,1.3333333333333335,0.3097461345960588,0.07756315349925305,0.015573775947951226,-0.24719372472799964,0.2185645011015588,-1.1305948130014607,-0.5000000000000001,-0.20255470812389664,0.01583045326864249,-0.2769604577243165,-0.693871005431104,1.2170775743733395,-0.16623939610989805,0.30752912528985993,-0.7348951904661323,0.4232332429849625,1.126632791930185,0.4556159055701507,-0.5373851656206345,-0.19302597002078883,1.0125791108334214,-0.6696343846299038,-0.6550046107111812,-0.31452208164260687,1.217161238900369,1.2641943328374192,0.9344045068798317
483,2026,5,1955983,2026-03-12,Flamengo 2 x 0 Cruzeiro,1230,Cruzeiro,62.6,37.4,Fora,-0.15378315197256873,0.34086009804300177,-0.7351839279346318,0.06099592438680279,-0.4780307590274754,0.08116070997051725,-1.1816458839032453,-0.019997333021753935,0.265013424793377,-1.2170775743733395,0.16623939610989805,-0.30752912528985993,0.25027682190458134,-0.07220404814318437,-0.19495037268626933,-0.939978472911001,0.5601240698839366,-1.1486343450033798,1.1305948130014607,0.5000000000000001,0.20255470812389664,-1.2151560714882947,0.17828558060935676,0.5334180375709481,1.1528781641438561,-1.4361609786775311,-1.3333333333333335,-0.3097461345960588,-1.1381568022889363,0.2769604577243165,-0.7197011046969685,-0.7350889489003376,-0.19449366443595728,1.2879626399814015,-1.1264457357225495,0.30055694067048055,0.4874610155024006,0.05062398950779452,-0.5373851656206345,-0.6819675262516086,-1.2375966910186265,-0.9364079805215804,1.3816368665989485,-0.7497766398628437,-1.217161238900369,-0.9344045068798318,-1.264194332837419
484,2026,5,1955985,2026-03-12,Vasco da Gama 2 x 1 Palmeiras,1226,Vasco da Gama,49.25,50.75,Casa,0.2725975435055925,0.3650424695871859,0.9795145570243338,0.2528119822058841,0.6325747167033932,-0.02995378108413954,0.4459655264318028,1.1945802451802932,0.39992018301090826,0.10338197581895506,0.7046089292899983,-0.15858686354183282,0.6878747705456894,0.10830607221477641,0.6379674901607177,0.899255422160804,-0.15678479956931052,1.4748879854381844,0.21389631597324935,0.5000000000000001,0.802151844126426,1.6288262234843103,1.2414746055915755,0.5334180375709481,-0.4489339883673708,1.619500678083173,0.33333333333333326,1.5887189366383307,0.5205344640826625,0.37622070970444177,-0.6204430003849178,-0.21246939806728535,0.8962107890398701,-0.2971764574071303,0.03599288748635497,1.036614754557372,-0.9702991763504422,0.8606078216325068,0.43967877187142823,0.5809847809865578,1.0125791108334214,-0.19961481669997602,0.2942774337977775,0.37450036530272174,0.6085806194501845,0.16489491297879372,0.9344045068798317
485,2026,5,1955985,2026-03-12,Vasco da Gama 2 x 1 Palmeiras,1234,Palmeiras,50.75,49.25,Fora,0.06068587964445729,-0.7435205016811604,-0.09691766335914183,-0.27579037920408916,-0.3804535702436335,0.778996679475716,1.6178457418730376,-0.3448262202153243,-0.5938710778416596,0.21246939806728535,-0.8962107890398701,0.2971764574071303,0.43712704798923896,-0.7942445295750276,-0.22700346573310745,1.0467773074946884,1.5412808506315718,1.4102260967209852,-1.619500678083173,-0.33333333333333326,-1.5887189366383307,0.9824666109905364,-0.37176707467658404,0.2732141168046322,0.3830794117735954,-0.21389631597324935,-0.5000000000000001,-0.802151844126426,-0.7515233173001863,-0.37622070970444144,-0.6836713747237985,-0.10338197581895506,-0.7046089292899983,0.15858686354183282,-0.18091874136374994,-0.31282457090192894,-2.209395339425358,-0.961855800648096,-0.5373851656206345,-0.6029516707698674,-0.11250879009260249,0.39367173106566006,0.415095148553463,-0.6794369216862535,-0.6085806194501845,-0.9344045068798318,-0.16489491297879372
486,2026,5,1955987,2026-03-12,Sao Paulo 2 x 0 Chapecoense AF,1224,Sao Paulo,65.08,34.92,Casa,0.5298291570782666,0.7330415758180954,1.1950986091000706,0.35756098555387505,0.7678488278221346,0.7577414123512685,0.5761744392586067,0.5863499230729106,-0.14615822391828295,0.06385667006059019,1.4727523283201744,-0.23454741703332688,-0.021278811842591845,0.3790712527517176,0.6169340718431329,-0.5169546770444857,-0.1341145685461201,0.8593741118426219,1.4361609786775311,0.5000000000000001,0.802151844126426,0.8531946884917817,-0.4136835145228019,1.05382587910358,0.3824791788282777,1.619500678083173,2.0,0.5748706476510661,2.0577539234446904,0.7726197896726472,-0.41738815875807084,0.5222151195272411,0.4252122807155682,-0.6606332829740243,0.8930451548013092,1.036614754557372,0.020977754109490657,1.0631037796636849,0.43967877187142823,0.9768937073980938,1.0125791108334214,0.0040735589084673115,0.38057580148041015,0.7269375076661169,1.217161238900369,1.2641943328374192,0.9344045068798317
487,2026,5,1955987,2026-03-12,Sao Paulo 2 x 0 Chapecoense AF,8865,Chapecoense AF,34.92,65.08,Fora,-0.3408679993381073,-1.516904658692441,-0.9486599033007285,-0.6931139877420947,-0.8760124124004514,-1.2290009088691491,-0.9212280582496376,-0.2365499244841351,-0.935978282998544,-0.5222151195272411,-0.4252122807155682,0.6606332829740243,0.1886039657689535,-1.6967951313648315,-0.7513228253217599,-1.4610947431813457,-1.0805453700355188,-1.772210756559632,-1.619500678083173,-2.0,-0.5748706476510661,-1.4736999164858042,-0.7639885069202782,-0.7676015662606315,-1.36798088277466,-1.4361609786775311,-0.5000000000000001,-0.802151844126426,-0.7505084514601249,-0.7726197896726472,1.047463557900615,-0.06385667006059019,-1.4727523283201744,0.23454741703332688,-0.7616312500088844,-0.5581771755308927,-0.7450089648822751,-1.164351758679274,-0.5373851656206345,-1.2188595420820028,-1.2375966910186265,-0.5439168094194453,-1.5007286140009806,-1.2277165780502877,-1.217161238900369,-0.9344045068798318,-1.264194332837419
488,2026,5,1955989,2026-03-12,Corinthians 0 x 2 Coritiba,1236,Coritiba,37.29,62.71,Fora,-1.0113515776232922,-0.4718478427405654,-1.3056767531712101,-1.2035454568086659,-0.520066221540002,-0.555083910041078,-1.637377078797059,1.6996850109442079,-1.476045940081943,-0.49203266394727924,-2.537593174592848,0.7968687731463545,1.0429851814838995,-0.7039894693960471,-0.7583987185300602,-0.8959404782402677,-0.34721474016410964,-1.7042878720340162,-0.09166984970282108,-0.33333333333333326,0.802151844126426,-1.2151560714882947,-1.4220677824090797,-1.9818865298367725,-1.7021298402609353,-1.1305948130014607,-1.3333333333333335,-0.802151844126426,-0.7510219889583186,-1.4779932820385522,2.071592233224439,-3.2731381768108654,-1.2308661515151602,-1.360624206288044,-0.7446981873929073,-1.4169112917322662,-0.9702991763504422,-1.7718396327728083,-0.5373851656206345,-1.193346091626829,1.0125791108334214,1.2597086242778595,-0.652127998455093,-1.2050045678621044,1.217161238900369,1.2641943328374192,0.9344045068798317
489,2026,5,1955989,2026-03-12,Corinthians 0 x 2 Coritiba,1237,Corinthians,62.71,37.29,Casa,0.7348009599198868,1.4894010786161127,-0.10354443394785749,0.8602844642581197,-0.976546216880058,1.3117917513087343,-2.418630555757882,2.114592497107424,0.7869926987910902,3.2731381768108654,1.2308661515151602,1.360624206288044,0.06022063442903213,1.5523870350784628,1.9412891330511934,-0.9037898430311159,-3.468609853391901,-0.8330517086811062,1.1305948130014607,1.3333333333333335,0.802151844126426,-1.602971838984559,0.6135091580874574,0.7068873180818254,1.5431310568322805,0.09166984970282108,0.33333333333333326,-0.802151844126426,-0.763694423908023,1.4779932820385524,-0.41013338383392667,0.49203266394727924,2.537593174592848,-0.7968687731463545,0.22242017354743293,-0.19014826858744704,0.020977754109490657,-0.3543679265545617,-1.5144491031126974,-1.2492333056042106,-1.2375966910186265,-1.4131463836796914,1.4104029891598262,-1.254755226851707,-1.217161238900369,-0.9344045068798318,-1.264194332837419
490,2026,5,1956000,2026-03-12,Remo 0 x 2 Fluminense,4617,Remo,31.3,68.7,Casa,-0.7850993932747805,0.7636018400547655,0.6579027534709924,-0.6558403721223405,-0.5895100865846236,-2.7976984607630633,-0.13997458128881451,-1.0594497720411806,0.22141828009031014,-0.7429150444948882,-0.5334905113681041,-0.8762831275649122,0.28429363526566354,0.9206016138255999,0.5865760970868791,-0.3766095320781958,-1.1644155944907373,-0.16244417200636263,0.21389631597324935,1.3333333333333335,-0.06161206757991136,-0.31025261399701126,1.0553873817836956,-0.5941322857497542,-0.6824841244020804,0.702802181054962,1.1666666666666667,0.32844692961084887,1.9269451910673958,-0.962815263943442,0.23265616257003,-0.18152454186002373,0.002024862581904287,-1.2542794313999526,-0.4082916557278718,-1.0488823847888205,-1.7963632850670523,-0.5568638845857398,-0.5373851656206345,-0.3272121980945939,-1.2375966910186265,0.18959701905922277,-1.1037561226608708,-0.4339743283891117,-1.217161238900369,-0.9344045068798318,-1.264194332837419
491,2026,5,1956000,2026-03-12,Remo 0 x 2 Fluminense,1232,Fluminense,68.7,31.3,Fora,0.3908073584003637,-0.5822796562886892,-0.11063609627593118,0.9123417501849409,0.6919412685897742,0.6964762306396256,0.1204432443647932,-0.5657098635069527,-0.7034370668422995,0.18152454186002373,-0.002024862581904287,1.2542794313999526,-1.261454561687601,0.018051012035796014,-0.47770078946892364,2.551500537900309,0.9799558771798517,1.2793886570064952,-0.702802181054962,-1.1666666666666667,-0.32844692961084887,0.723922765993027,-0.7596795177279363,1.1405605193590187,1.1528781641438561,-0.21389631597324935,-1.3333333333333335,0.06161206757991136,-0.22139069597311364,0.9628152639434414,-0.7564318739630108,0.7429150444948882,0.5334905113681041,0.8762831275649122,1.2767780978633056,1.159291056871854,0.050132957946547395,0.4556159055701507,0.43967877187142823,0.7502921148815122,1.0125791108334214,0.3280051890376373,1.9713423790969382,0.5252173331668851,1.217161238900369,1.2641943328374192,0.9344045068798317
492,2026,5,1955991,2026-03-11,Mirassol 2 x 2 Santos FC,1241,Santos FC,43.68,56.32,Fora,-0.7454298993657538,-0.15531488307963473,-0.2275249633224032,-0.2617184891498027,0.26486236159082405,-0.10580591082236376,-0.20507903770221644,-0.2365499244841351,0.8074974982179084,-0.9056937808830388,-0.5083911209127554,-2.1970918990590143,-0.4232475295007436,-0.25271416850114514,-0.2491083464573098,-0.4824129673077714,0.6274614313924406,0.39545905324973174,0.21389631597324935,-0.33333333333333326,0.802151844126426,-0.6980683814932755,1.4799653632501841,-1.114540127282386,-1.1509699938507434,0.09166984970282108,-0.5000000000000001,-0.6069314323089589,-0.6241764841117627,-0.15807414781160967,0.7675260825288714,0.7674479160144864,-0.4886988238134423,-0.03131452018690144,-0.3687864647872575,0.05520433604151677,0.5547422551263776,0.4556159055701507,0.43967877187142823,0.5551687222844383,-0.11250879009260249,0.12164550896930676,-0.7758223254668667,1.7784274024621214,0.0,-0.9344045068798318,0.9344045068798317
493,2026,5,1955991,2026-03-11,Mirassol 2 x 2 Santos FC,6332,Mirassol,56.32,43.68,Casa,-0.24928793430169893,0.18611469477336592,-0.2030031619523842,0.9779221120620671,0.7029030476660596,-1.20678386495174,-0.5306013197692261,-1.0594497720411806,-1.3023043465425488,-0.7674479160144864,0.4886988238134423,0.03131452018690144,-0.1628711107224524,0.28881619257273716,0.04731243622354748,0.28351190076719973,-0.17294004373429891,-0.8948207017644614,-0.09166984970282108,0.5000000000000001,0.6069314323089589,-0.05170876899950173,-0.9833283682081538,-0.160459084472561,0.37794742009112714,-0.21389631597324935,0.33333333333333326,-0.802151844126426,-0.1419597673941721,0.15807414781160967,-0.5345527737829907,0.9056937808830388,0.5083911209127554,2.1970918990590143,1.0481312804648892,1.036614754557372,0.44581072430660523,1.4680956957260411,0.43967877187142823,0.6586706381740441,1.0125791108334214,-0.5301286301100574,0.06414845331075743,0.4436561223031295,0.0,-0.9344045068798318,0.9344045068798317
494,2026,5,1955993,2026-03-11,Atletico MG 1 x 0 Internacional,1219,Internacional,65.12,34.88,Fora,0.81830250632126,0.6644209936089509,1.001749895611848,1.502130734846909,1.0169888672194358,1.1477599352119947,1.8131591111132432,1.1349498214442753,1.9257618253148225,0.6741852178701289,0.6995821480263649,-0.14376529212885866,-0.8099355492821024,0.7400914934676391,1.1203310013000374,-0.5792056704161468,0.4265504432765638,0.5792921980881665,1.1305948130014607,-0.33333333333333326,-3.4890617095081455,1.241010455988046,0.8161377175537826,1.8344376414025276,0.9767575404955091,1.3139345124071027,1.1666666666666667,0.2075673511681096,-0.3616876203470381,1.3782766449601325,-0.7341776169368442,0.40124638580974586,1.3776545517069343,0.6195888433522782,2.6330028993682912,2.386054080016673,-0.04097705404425531,1.2655997376948631,1.416742709363491,1.5309104726007068,-1.2375966910186265,0.3183309728598441,0.52152980202871,1.2201218551856214,-0.6085806194501845,0.16489491297879372,-1.264194332837419
495,2026,5,1955993,2026-03-11,Atletico MG 1 x 0 Internacional,1235,Atletico MG,34.88,65.12,Casa,-0.8092362216006609,-1.537202092534011,-0.2596821721187902,-0.5402899006388473,0.3240589115331464,-0.822511290528408,0.6412788956720086,0.27776248023901945,-1.3942416282653292,-0.40124638580974586,-1.3776545517069343,-0.6195888433522782,-1.4863138495854702,-1.7870501915438117,-1.8811569995184625,-0.5386590463809654,0.2223667109729554,-0.9375810085756587,-1.3139345124071027,-1.1666666666666667,-0.2075673511681096,-0.6980683814932755,-1.389737588248766,-0.5941322857497542,-1.0475424671169795,-1.1305948130014607,0.33333333333333326,3.4890617095081455,1.9211067024471824,-1.3782766449601327,2.0867183192255205,-0.6741852178701289,-0.6995821480263649,0.14376529212885866,-0.22706610169774985,-1.0488823847888205,1.0122546845694236,-1.164351758679274,1.416742709363491,0.2865816050103256,-0.11250879009260249,2.8677963342569024,-1.4288133075987868,0.11242338971082291,0.6085806194501845,1.2641943328374192,-0.16489491297879372
496,2026,5,1955998,2026-03-11,Bahia 1 x 1 Vitoria,1221,Bahia,64.36,35.64,Casa,1.1234095651839122,0.9638266603168315,0.3648995801097025,0.1851955419249731,-0.2668879400650216,1.2507014072820162,0.5110699828452048,-0.0014356823249786032,1.8703851059387164,0.11099335449869702,1.270228567769063,0.8601782068146725,0.9789235981654392,1.191366794362541,1.338911199579395,1.3254297575698035,0.6130630700303951,-0.0590354231541446,0.8250286473253902,0.5000000000000001,0.36319657968341484,-0.43952453649576606,1.920525018336771,0.793621958337264,0.8509570950324034,0.09166984970282108,0.33333333333333326,-0.4078856499829777,-0.5102281425562083,1.4442228959151624,-1.1947372918800654,0.26331301447763855,0.8134790123273884,-0.7805617978075452,-0.7363579427351133,-0.06747196627296513,-0.9702991763504422,-0.15187196852338355,-0.5373851656206345,-0.3638467681444822,-0.11250879009260249,-0.3594056303524988,0.6337176800161327,0.9603220968550871,0.0,0.16489491297879372,-0.16489491297879372
497,2026,5,1955998,2026-03-11,Bahia 1 x 1 Vitoria,1238,Vitoria,35.64,64.36,Fora,-0.11426128800146698,-0.5287636607825383,-0.9247217179174014,-1.3033239930170184,-1.1466401367071182,0.02255923181155444,-0.009765668462010659,-0.6105953097373373,-0.7956894906908989,-0.26331301447763855,-0.8134790123273884,0.7805617978075452,1.255522480296672,-0.6137344092170667,-1.0763170508769324,1.3254297575698035,0.40806888833435634,-1.0820625730924869,-0.09166984970282108,-0.33333333333333326,0.4078856499829777,-0.6980683814932755,-0.5567843563523317,-1.9818865298367725,-1.5109462685374,-0.8250286473253902,-0.5000000000000001,-0.36319657968341484,-0.9865623924966387,-1.4442228959151628,0.7497303764837293,-0.11099335449869702,-1.270228567769063,-0.8601782068146725,-1.6386663015691754,-1.66226389636123,1.507893149799389,-1.366847716710452,-1.5144491031126974,-1.3876868378823979,-0.11250879009260249,-0.6119699748769464,-1.2907359193065744,-1.3780062171956835,0.0,0.16489491297879372,-0.16489491297879372
498,2026,4,1955957,2026-09-02,Flamengo 2 x 0 Mirassol,6332,Mirassol,43.83,56.17,Fora,-0.2722293278361775,0.03221183782798958,-0.16780519094595722,0.178698089682571,-0.34621951134648743,-0.9410088412540085,-0.4549559996691123,2.0400792326291826,0.43181210386520796,-1.3721387603314892,0.3344352008404503,-0.8133539660464141,-0.9605009198970794,0.5284796025489752,0.8361096742812791,0.40455477284668,-1.2366067028364778,-1.3679778238714555,-1.0186695439305695,-0.2170723815877265,-2.5602350252629806,0.08334529259536451,0.8096047864103189,0.14266317516027532,0.48650964522437123,0.3038137236284154,-1.2300768289971167,-0.6553329359715181,-1.1161812944730005,0.02413070122266602,-0.8354205801268131,1.3781968092893573,1.100959922707574,0.2457639282256323,-0.6560621934255881,-0.1451258060400355,-1.0530590010508374,-0.902584814715987,0.29294088272308116,-0.482285159800809,-1.3000224919331833,0.43512313042930917,0.6732104865715138,-0.6857594953021973,-1.8257418583505538,-1.414213562373095,-1.414213562373095
499,2026,4,1955957,2026-09-02,Flamengo 2 x 0 Mirassol,1239,Flamengo,56.17,43.83,Casa,-0.4702953363184158,-0.05971956956790836,0.644355076595985,0.6538789003737837,1.713663269126294,0.1038224027022439,0.2778590333549609,-1.4092543839946978,-0.8787677938456095,-1.3781968092893573,-1.100959922707574,-0.2457639282256323,0.95896979029646,-0.8136908166230258,-0.3514505670173091,-0.5895053483466761,0.5426414268717307,1.0888487889133303,-0.3038137236284154,1.2300768289971167,0.6553329359715181,0.8410297707350457,-1.1022809806799958,1.3790773598826616,0.9598060797184991,1.0186695439305695,0.2170723815877265,2.5602350252629806,1.5125623841199025,-0.02413070122266602,-1.2081535686123528,1.3721387603314892,-0.3344352008404503,0.8133539660464141,2.1607275375118373,0.4353774181201065,0.9862571019165941,0.34235975730606416,2.8038627346352047,2.574486900838319,1.7588539596743067,2.4834665551180106,1.8769934318875565,2.2073315963265645,1.8257418583505538,1.414213562373095,1.414213562373095
500,2026,4,1955960,2026-07-23,Botafogo RJ 0.0 x 0.0 Vitoria,1238,Vitoria,48.44,51.56,Fora,-0.39019267514708644,-1.5628888249592732,-0.6969499465833201,-1.089713413959023,-0.7144499776680467,0.8066606799184418,1.9877607770777985,-1.4092543839946978,-1.342250563850559,-0.11365562080379144,-0.49202818450295677,-1.4540233518298564,-0.39279577965487394,-1.149233421416026,-0.9897191017136189,0.40455477284668,1.1145302702718256,0.8688088397690547,-2.448381184534878,-1.6642215921725694,-0.2507161514987501,0.6894928751071094,-1.8257912514561876,-0.7133158758013767,-1.320424521994404,-0.7684700068248159,-1.2300768289971167,-0.7587568131241715,-0.33353859152753296,-1.7124652483713934,1.1985365171621238,-2.4185419058234423,-1.864895837489032,0.053797477746457045,-0.8352900477221233,-0.7256290302001775,0.023246719959751343,-1.5250571007270126,-0.5440330679142934,-0.9419815948521653,-1.3000224919331833,0.8965069001221283,-0.5540037569501932,-1.1208405660257061,0.0,1.414213562373095,-1.414213562373095
501,2026,4,1955960,2026-07-23,Botafogo RJ 0.0 x 0.0 Vitoria,1227,Botafogo RJ,51.56,48.44,Casa,0.9952303280325097,1.1137358130975992,1.3348308023577173,1.1499013275876087,0.6924448269164399,0.7111470620689888,1.80455701882178,1.3399401991608564,0.8735520699322582,2.4185419058234423,1.864895837489032,-0.053797477746457045,-2.6970961697164193,1.1995648121349756,1.2568316044334882,-1.4031358546872328,0.36420843472880193,2.1206177586901567,0.7684700068248159,1.2300768289971167,0.7587568131241715,1.7502511445026632,0.5953917040716272,0.5230983089210096,-0.1514137369289184,2.448381184534878,1.6642215921725694,0.2507161514987501,1.0276408799435564,1.7124652483713936,0.10739703406659769,0.11365562080379144,0.49202818450295677,1.4540233518298564,0.9410885256462272,1.4802832216083621,-0.1510538016613966,1.37981356732444,1.1299148333604558,1.1365991627792962,-1.3000224919331833,-0.064724577875196,-0.3577666344777489,0.8464384308508882,0.0,1.414213562373095,-1.414213562373095
502,2026,4,1955979,2026-07-17,Bahia 2.0 x 0.0 Chapecoense AF,8865,Chapecoense AF,33.12,66.88,Fora,-0.7553314113841844,0.34623623484365396,-1.3075083752085537,-0.9287966646309138,-0.8125391081429132,-0.22451760378226465,-0.33282016083176674,-0.6681508748526968,-1.306367138233597,0.6411553840037877,-1.5925029565757158,-0.09695512455039705,0.1310764482955752,0.360708300152475,-0.6168822864487147,0.38801914994094927,-0.36898174575678117,-1.2648598514494436,0.4110420966737388,1.2300768289971167,0.5244533713463287,-1.5835605593119342,-0.7973892723048955,-2.330165194284497,-1.7239675681246684,-0.7684700068248159,-1.2300768289971167,-0.6979046557943775,-1.1353883895280634,-1.3314252552475587,-0.09030040223792819,-1.1236826764110872,-1.1060732098802009,-0.21846866443642654,-1.059219528959469,-0.841729675032206,1.4960861276584518,-0.4876032907086366,-0.5440330679142934,-0.912736912596026,-1.3000224919331833,-0.8664514583932166,-0.8820419318295045,-1.0931618487270864,-1.8257418583505538,-1.414213562373095,-1.414213562373095
503,2026,4,1955979,2026-07-17,Bahia 2.0 x 0.0 Chapecoense AF,1221,Bahia,66.88,33.12,Casa,0.5216004592332649,1.2378477128934868,-0.3766118387709012,1.1715212331950358,0.12268400294248605,0.841440538082079,-0.6992276773438034,0.8104232830923729,0.7895713662987996,1.1236826764110872,1.1060732098802009,0.21846866443642654,0.2380889669193761,1.3673361145314757,1.5855079012205386,0.9185969631770097,-1.499241135958498,-0.3247546495894116,0.7684700068248159,1.2300768289971167,0.6979046557943775,-0.825876081172253,0.38751403067193757,0.23777195860045888,0.603202946837778,-0.4110420966737388,-1.2300768289971167,-0.5244533713463287,-0.4179620150546953,1.3314252552475585,-1.3821877884947285,-0.6411553840037877,1.5925029565757158,0.09695512455039705,1.6652015964064715,0.8997799974482201,-0.8831159924702184,0.5498505193097393,0.29294088272308116,-0.411696930560499,0.2294157338705618,-0.9642092613279534,1.891637993266097,0.909710667731297,1.8257418583505538,1.414213562373095,1.414213562373095
504,2026,4,1955963,2026-02-26,Santos FC 2 x 1 Vasco da Gama,1241,Santos FC,37.0,63.0,Casa,0.43017137868386496,-0.5525177563989496,-0.06274704600026497,-0.3126870365290324,0.3541196812628483,0.5725833820860802,1.9877607770777985,-0.31387658753675307,0.42787913037607833,0.24559047101811507,0.4063639507178453,-0.3005585949004986,0.12840573222460688,-1.149233421416026,-0.522513928983096,0.43823844913613175,1.021250032337618,1.1237895894860779,1.125897916975893,-1.6642215921725694,-1.964731065187047,1.4471773532467906,0.042949065040442665,-1.0937510095621108,-1.999955319922832,-0.4110420966737388,0.940646986880148,-0.6060612601175515,-1.3024625749331216,-0.6657126276237793,-0.17903436783507629,-0.0670470111887788,-0.686169387127848,0.39039023593958166,-0.28925636730408394,-0.1451258060400355,-0.10623366753024442,-0.902584814715987,0.29294088272308116,0.034818028737195174,1.7588539596743067,1.4418875762563863,-1.0431321069934516,-0.19634563043609082,0.9128709291752769,-0.0,1.414213562373095
505,2026,4,1955963,2026-02-26,Santos FC 2 x 1 Vasco da Gama,1226,Vasco da Gama,63.0,37.0,Fora,0.45811838971610264,0.005191600084268444,0.5454908979715517,0.2959234286668266,0.41531661038394996,0.7883450733260744,0.8885382275416887,1.7257310951536071,1.0935015318294068,0.0670470111887788,0.686169387127848,-0.39039023593958166,0.12735606078947315,0.6962509049454753,-0.14587961440199232,-0.45943152397775827,-0.12815529998854638,1.2743363923929554,0.4110420966737388,-0.940646986880148,0.6060612601175515,1.2956404576188545,-0.4456421910569614,1.9497300605237629,0.7759354045932161,-1.125897916975893,1.6642215921725694,1.964731065187047,-0.06510661445302254,0.6657126276237797,-0.8139848121298984,-0.24559047101811507,-0.4063639507178453,0.3005585949004986,0.6237864428608734,0.6675787077841633,-0.5432299753089794,0.7573412813134145,0.29294088272308116,0.5646360264512552,0.2294157338705618,-0.12355137929479451,0.7552200302913419,0.30510220373792535,-0.9128709291752769,-1.414213562373095,0.0
506,2026,4,1955966,2026-02-26,Palmeiras 2 x 1 Fluminense,1232,Fluminense,64.14,35.86,Fora,-0.18743067500517155,0.0034585163008746533,-0.06447656268520933,0.7705622674641117,0.622541770396456,0.33973619676400135,-0.271752241413094,-0.32539050187452145,-0.27969228743526964,-0.09675174316217364,0.3578711934189957,-0.8885475180654065,0.32826038882055647,0.1929369977559749,0.35050195765393294,-0.1622096934149652,-0.16211079846812027,-0.9593882453581537,0.4110420966737388,-0.940646986880148,0.26103980291105866,-0.37126539428844424,-0.007553670937699792,0.7133158758013767,0.7891342740751399,-0.4110420966737388,0.2170723815877265,-0.231595983325742,-0.5273864716004762,0.6069445898005815,-1.5824083546876553,1.9599454548417055,0.4832990592395194,0.872477928319412,1.1195274924969343,0.8997799974482201,1.120422635006557,1.1723228053207648,0.29294088272308116,1.0149406986564116,0.2294157338705618,-0.02245237940074545,1.2794953276430978,0.7312944123264702,-0.9128709291752769,-1.414213562373095,0.0
507,2026,4,1955966,2026-02-26,Palmeiras 2 x 1 Fluminense,1234,Palmeiras,35.86,64.14,Casa,-0.4390338294211182,-0.2019063521442883,0.11654076157157174,-0.10600208119117492,-0.24085797597101483,-0.49388499600284413,-0.271752241413094,0.3897515108824121,0.5233817387651474,-1.9599454548417055,-0.4832990592395194,-0.872477928319412,0.1039650710561402,-0.31037690943352547,-0.69121821422964,2.64788761372417,0.6740359095622116,0.19419641437292604,0.4110420966737388,-0.2170723815877265,0.231595983325742,-0.37126539428844424,1.8281889645655875,-1.1888597930022944,-0.8288641148738085,-0.4110420966737388,0.940646986880148,-0.26103980291105866,-0.09842409805182765,-0.6069445898005815,0.2915667882797834,0.09675174316217364,-0.3578711934189957,0.8885475180654065,-0.34774005961052906,0.31927677328807813,-1.0530590010508374,0.13486899530238894,-1.381007018551668,-0.23386848981789846,0.2294157338705618,-0.480950877268378,-0.8732551950023799,1.0780169292204451,0.9128709291752769,-0.0,1.414213562373095
508,2026,4,1955975,2026-02-26,Gremio 2 x 1 Atletico MG,1235,Atletico MG,32.87,67.13,Fora,-0.814438721562704,-1.2918785396656998,-1.287919310246216,-1.4416373963397888,-0.6539782727898921,-2.6787538440142096,-0.8213635161811489,0.763825794478347,-2.5795728623059877,-0.41313270891906734,-2.0148791734224423,2.0021679782140276,1.1680841988895136,-1.9880899333985267,-1.9611198697265113,-0.3082646470084754,-0.751942026615576,-0.8485470776875913,-2.448381184534878,1.2300768289971167,0.47825082078832937,-0.9774129768001892,-2.1593224636385537,-1.283968576442478,-1.4688916250543347,-1.48332582712697,-1.2300768289971167,-0.32815999887734393,-0.5934091884719891,-1.2325555160661772,0.9806656150412301,-0.12563391397225104,-1.6579756681729896,-1.7333329141757767,-1.142685486944212,-1.6544341888564047,-1.5628880267926952,-0.902584814715987,-0.5440330679142934,-0.7533008430133472,0.2294157338705618,-0.09252581888647116,-1.3243076854614324,-0.9422631021265604,-0.9128709291752769,-1.414213562373095,0.0
509,2026,4,1955975,2026-02-26,Gremio 2 x 1 Atletico MG,1244,Gremio,67.13,32.87,Casa,1.4216847667548476,1.5856461690264292,0.37507076791406674,0.3818099651145604,-0.037159418858208615,1.0265442845310926,0.3389269527736337,0.09353884287658146,1.6667202030719075,0.12563391397225104,1.6579756681729896,1.7333329141757767,1.577691898826995,1.870650021720976,1.7585319982606542,0.7834961311030125,1.305970597621707,-0.19206158675683593,1.48332582712697,1.2300768289971167,0.32815999887734393,0.08334529259536451,1.586135306844624,0.23777195860045888,0.77324175776017,2.448381184534878,-1.2300768289971167,-0.47825082078832937,-0.8751323060938085,1.2325555160661772,-0.8212586611410783,0.41313270891906734,2.0148791734224423,-2.0021679782140276,0.2819731491836499,-1.1900316095282912,1.8359721448196897,1.1723228053207648,-0.5440330679142934,-0.22172302988987208,1.7588539596743067,-1.0925410330487235,1.0510401701378633,-0.43914968537625454,0.9128709291752769,-0.0,1.414213562373095
510,2026,4,1955969,2026-02-25,Red Bull Bragantino 1 x 1 Athletico Paranaense,1243,Athletico Paranaense,61.09,38.91,Fora,0.46513265332585674,0.6825988791223847,0.4132973387218006,0.5580974220854218,0.4854773568761857,0.20198076723365252,-1.06563519385584,-0.3545139322582879,0.2907223187083675,1.7836592693213482,1.118058970338075,0.687019699820923,-0.3366851671497151,0.8640222073419754,0.5914010786180522,-0.2522769147976298,-2.2638390664279675,-0.5449684364744084,0.7684700068248159,0.5065022237046951,0.7587568131241715,-0.06819160303257174,-0.7366437065634451,0.6182070923611931,0.5724941832553018,0.3038137236284154,1.6642215921725694,-0.022573238637169264,0.6983769337646426,1.5246215772502645,0.09825421686043338,0.15603699689783368,0.9888292701481565,-0.17793004366875342,-0.1031311153879803,-0.1451258060400355,0.9862571019165941,1.1723228053207648,1.1299148333604558,0.6846327937675041,0.2294157338705618,-0.3082687521727934,-0.09416452966401698,0.4186735043321549,0.0,-0.0,0.0
511,2026,4,1955969,2026-02-25,Red Bull Bragantino 1 x 1 Athletico Paranaense,5438,Red Bull Bragantino,38.91,61.09,Casa,-0.316394433007601,-0.9588838875890566,-0.6993233187330063,-1.1300754772417891,-0.5593005897905734,0.2916036218058082,-0.5770918385064578,-0.3038644881126072,-0.2629467712777012,-0.15603699689783368,-0.9888292701481565,0.17793004366875342,0.7724674927297698,-0.8136908166230258,-1.0538094179322164,0.8722766778944965,1.5348307349799528,0.641923078451453,-0.3038137236284154,-1.6642215921725694,0.022573238637169264,-0.5228022899163804,-0.9462797840159402,-0.6182070923611931,-0.2995030935002174,-0.7684700068248159,-0.5065022237046951,-0.7587568131241715,-0.8336785155750137,-1.5246215772502643,1.3866658225163375,-1.7836592693213482,-1.118058970338075,-0.687019699820923,-1.190601661557894,-0.7256290302001775,-0.5432299753089794,-1.1100755767196622,-0.5440330679142934,-0.9260076833589316,0.2294157338705618,-0.1013834145824764,-1.3682413695970543,-1.1057220095475768,0.0,-0.0,0.0
512,2026,4,1955972,2026-02-25,Cruzeiro 1 x 1 Corinthians,1230,Cruzeiro,49.04,50.96,Casa,0.3876613109392232,0.10604867946383598,-0.024978251277109342,0.5770654518986738,-0.5265396859683864,0.11497082387351291,-1.3709747909492038,0.09353884287658146,0.3471236409797349,-0.36492475935353763,0.1536911626869947,1.5424600187086186,0.8455459970732029,-0.14260560703702535,0.3728306098063569,-0.3613056564713818,-0.05883924791989835,-1.0916945694781328,0.4110420966737388,-0.2170723815877265,0.39689279687633744,-1.8866343505678067,0.4755101087447852,0.6182070923611931,1.5678675735086065,-0.05361418652266169,0.2170723815877265,-0.09336115390663483,0.4795894467341075,0.3626126994541167,0.3167441853752849,-0.16324560730377047,0.4276798540211567,1.2206523728159557,0.29731688130346623,0.4353774181201065,-0.7231696314531644,-0.28011252870496145,-1.381007018551668,-0.9939668844506132,0.2294157338705618,-1.1500197911414793,-0.4632074764032413,-1.1700421993989074,0.0,-0.0,0.0
513,2026,4,1955972,2026-02-25,Cruzeiro 1 x 1 Corinthians,1237,Corinthians,50.96,49.04,Fora,-0.6061759956727197,-0.42049507793362817,-0.014279258039821422,-0.897910627386862,-1.1853896833834294,0.1525967453265463,-0.8213635161811489,0.9398607514646693,-0.16880568630729217,0.16324560730377047,-0.4276798540211567,-1.2206523728159557,-0.025507434570676082,-0.981462119019526,-0.537059997649922,1.1856197842173801,0.12996158865659027,-0.701654186777987,0.05361418652266169,-0.2170723815877265,0.09336115390663483,-0.6743391855443167,0.32330669022084263,-0.33288074204064244,0.3317829712332613,-0.4110420966737388,0.2170723815877265,-0.39689279687633744,0.7922074042112003,-0.3626126994541167,1.0345533340141029,0.36492475935353763,-0.1536911626869947,-1.5424600187086186,-1.5328786286977178,-1.1900316095282912,-0.8831159924702184,-1.7325478627306878,-1.381007018551668,-1.69544923465365,0.2294157338705618,-1.1331386100517442,-0.3401931608234999,-1.8339622752330484,0.0,-0.0,0.0
514,2026,4,1955977,2026-02-25,Coritiba 0 x 1 Sao Paulo,1224,Sao Paulo,58.57,41.43,Fora,0.17588543997761225,0.2173238147536087,-0.011368047747240628,-0.16022113243193087,-0.7131744657975055,0.4970186417043126,0.3389269527736337,-1.3981035210099229,1.057553894476304,0.24236409331702669,0.5637666711305072,-0.8190371996292444,-0.7534048741152791,0.360708300152475,0.3058984587856801,-0.3867928947847262,0.5224406784114689,-1.0725927034784135,-0.3038137236284154,0.5065022237046951,0.2408950011834685,-0.21972849866050798,0.7056237494618106,-0.04755439172009178,1.1419978003809288,-0.4110420966737388,0.2170723815877265,-0.7587568131241715,-0.3125794304786423,0.3864248237270254,0.4557867635884358,0.7287312240938512,0.4496295760805455,-0.9380291830626181,-0.5389097464726763,-0.841729675032206,0.929609432389721,-0.902584814715987,-0.5440330679142934,-0.6933567951034751,-1.3000224919331833,0.024181131510101074,0.8694476090439588,0.6431328435384553,0.9128709291752769,1.414213562373095,0.0
515,2026,4,1955977,2026-02-25,Coritiba 0 x 1 Sao Paulo,1236,Coritiba,41.43,58.57,Casa,-0.5204689015738172,-0.20356005285870368,0.011410257768186792,-0.02227472304805552,0.1881528869924114,-2.612908481471401,-1.3709747909492038,-1.3155871349225836,-1.0185326050926873,-0.7287312240938512,-0.4496295760805455,0.9380291830626181,0.9608207182653847,0.02516569535947478,-1.0333756218803019,-1.210753464735538,-1.465299412529017,-0.5901662490619791,0.4110420966737388,-0.2170723815877265,0.7587568131241715,-0.37126539428844424,0.6602625766358045,-0.04755439172009178,0.3607126108609822,0.3038137236284154,-0.5065022237046951,-0.2408950011834685,0.02970725605813208,-0.3864248237270254,0.6894691777922491,-0.24236409331702669,-0.5637666711305072,0.8190371996292444,0.042055403036066065,0.2031761284560497,1.4176508929289355,1.1723228053207648,0.29294088272308116,0.742405533083155,-1.3000224919331833,-0.2582778359642999,-0.4397761781975763,0.47335268686111104,-0.9128709291752769,-0.0,-1.414213562373095
516,2026,4,1955981,2026-02-25,Remo 1 x 1 Internacional,1219,Internacional,60.47,39.53,Fora,0.45972795286317586,0.4226585506107641,1.1129809072926298,0.9165651538341562,0.5395233623079764,0.63058530304471,-0.027480563738402918,-0.32539050187452145,0.6517031394197353,0.4333481344285086,-0.040390833916412086,1.0151249529154238,-0.2599298593952967,1.0317935097384756,1.5371547080717998,-1.4143637467837167,-0.09715627163521065,1.0849383411279756,-0.6612416337794925,-0.2170723815877265,-2.3373157633543133,1.7502511445026632,0.4577952633386816,1.3790773598826616,0.21026956965365193,-0.05361418652266169,0.2170723815877265,-0.30020654619471876,2.927303480966708,0.5984614158003113,-1.5127378621330017,0.6607543890953105,0.6591024211884691,1.158975756933711,1.2497210214141337,2.6412896699286463,-0.4102310990284948,1.1723228053207648,-0.5440330679142934,0.2232222633602639,0.2294157338705618,-0.707528600961998,0.35688796079503604,-0.01802987708575147,0.0,-0.0,0.0
517,2026,4,1955981,2026-02-25,Remo 1 x 1 Internacional,4617,Remo,39.53,60.47,Casa,-0.5432213725974618,-0.5011077469073818,0.1599903360440937,-0.5647046871441767,0.65568492251141,-0.12796175594281065,0.46106279161097924,-0.3733032421832991,-0.3165854293742275,-0.6607543890953105,-0.6591024211884691,-1.158975756933711,-1.914812559687713,-1.149233421416026,-0.6917393711484363,-1.495204569878401,0.8223020346941913,0.5612061767799131,0.05361418652266169,-0.2170723815877265,0.30020654619471876,-0.06819160303257174,0.14862107464724608,-0.14266317516027532,-0.779934836702723,0.6612416337794925,0.2170723815877265,2.3373157633543133,0.1438617044429443,-0.5984614158003113,1.8658469427019408,-0.4333481344285086,0.040390833916412086,-1.0151249529154238,-0.6856232137773834,-0.3773270957040923,-0.8831159924702184,-0.28011252870496145,1.1299148333604558,1.2906321504238862,0.2294157338705618,2.0848584969343356,-1.0138429842363705,0.9922234143338736,0.0,-0.0,0.0
518,2026,3,1955971,2026-02-19,Athletico Paranaense 0 x 1 Corinthians,1237,Corinthians,41.87,58.13,Fora,-1.0446212073044712,-0.44264636576640864,-0.7957221025671374,-1.6413005415152508,-1.0862428481355908,-0.6569567791782579,-1.4372539222848466,0.6661759342388198,-1.2758678893870858,0.06500173563090156,-1.0377698537033757,-0.9464881302669993,1.1426474051417386,-1.9088479020544165,-1.5319538743349526,-1.0587507150374975,-2.512022550068902,-1.3663019108091818,1.0063025833998531,0.6639137299238815,-1.1637306157554892,-1.3102230841308489,-0.5688851816738266,-0.7851981852270038,-0.4415430600245724,-0.6816888468192552,-0.6639137299238815,-0.8623532081170608,-0.7644235876280084,-1.356110511619917,0.9832395256993975,-0.8416534560737344,-1.1010193054645185,-2.5739528964170137,-1.534119452559554,-1.3648005079105268,-2.9279779892685567,-1.2954471069881381,-0.9990829892615097,-1.2865784650429573,-0.20412414523193148,-1.267267594935021,-0.7059463080120099,-1.303754198334609,0.7669649888473704,1.3318117839008734,-0.3452845365668931
519,2026,3,1955971,2026-02-19,Athletico Paranaense 0 x 1 Corinthians,1243,Athletico Paranaense,58.13,41.87,Casa,1.331163152024872,0.9608681499757721,0.11496341029480706,0.8839664788905718,0.38451234607227064,0.28076327924707123,0.11188204185450876,0.392332906916536,1.3223908648515117,0.8416534560737318,1.1010193054645185,2.5739528964170137,1.6032705969697931,1.284134043200244,1.213735979959708,0.8689991577944645,0.4735092336794289,-0.09192237094606548,0.6816888468192552,0.6639137299238815,0.8623532081170611,0.5494483901193882,1.0177489864195646,0.8555144406204661,1.5948938024274648,-1.0063025833998531,-0.6639137299238815,1.1637306157554892,-0.06271504206684184,1.356110511619917,-0.6090869295125976,-0.06500173563090428,1.0377698537033757,0.9464881302669993,0.1954974199719951,1.026692829213659,-0.39347354224795206,0.8508557921638069,0.8174315366685081,0.5438423581114623,-1.2247448713915892,0.009534243023051722,1.1546509497101562,0.9212897565189968,-0.7669649888473704,0.3452845365668932,-1.3318117839008732
520,2026,3,1955947,2026-02-13,Internacional 1 x 3 Palmeiras,1219,Internacional,60.9,39.1,Casa,0.7410987260615107,0.6032764870831754,0.30444490091932097,1.2242486152654077,0.6270181434514749,0.6712779189629848,1.2307024603995989,-0.06675687418258783,1.595672404022601,1.14871558780776,1.619515832644474,-0.7036990939439645,-0.800527628317011,1.5617846471354317,1.5526593132445528,-0.16913754448996404,0.16130358695347857,0.5525250858092287,0.032461373658059664,-0.7337993857053428,-1.917546565202428,0.7185094332330462,0.8906812626377195,1.0899019585986762,0.9597561176131402,-0.032461373658059664,-0.6639137299238815,-0.5532814907301609,-0.17604814537157476,1.7581544272395766,-1.481384412445906,0.055731631735888625,1.3217204487106764,1.0448330563725328,0.7722865287388446,2.01627627905815,1.296196089099117,2.077314591679204,-0.39357814728483714,0.550343252405379,-0.20412414523193148,-0.5745035369257808,1.793643947311709,0.18922738938459033,-1.5339299776947408,-1.6277699581010674,-0.3452845365668931
521,2026,3,1955947,2026-02-13,Internacional 1 x 3 Palmeiras,1234,Palmeiras,39.1,60.9,Fora,-0.8865901530510211,-0.32064939573801804,-0.004362886859287716,-0.7250027992662054,-0.0028936523951837434,0.3123211658286928,-0.31843350373975665,-0.34142597398548297,-1.3185684235343733,-0.05573163173589135,-1.3217204487106764,-1.0448330563725328,-0.2294327752121908,-0.5205948823784773,-1.458377804155536,0.12094644995874418,-0.032592340720920786,-0.06436703535910196,0.032461373658059664,0.6639137299238815,0.553281490730161,-0.4649178685625593,0.025423004832124414,-0.5508106672487938,-0.5024805807388644,-0.032461373658059664,0.7337993857053428,1.9175465652024282,0.2627901977762192,-1.7581544272395764,1.7651642027502563,-1.1487155878077626,-1.619515832644474,0.7036990939439645,-0.22604003112473564,-0.5401476330401179,1.5074047930175014,-0.22229565741216564,-0.39357814728483714,-0.3174918067438826,1.8371173070873836,-0.13730953782743785,-0.8140113002534487,-0.5161166392585305,1.5339299776947408,0.3452845365668932,1.627769958101067
522,2026,3,1955930,2026-02-12,Fluminense 1 x 0 Botafogo RJ,1232,Fluminense,43.16,56.84,Casa,0.7441513344760585,0.7691356878018782,-0.31559441899336904,0.16131543714536134,0.503627203450645,0.5126171398467405,1.0585762421618927,1.1018352958879092,-0.017445548510514455,1.8363635150656894,0.3085476226243432,1.4814022329633543,0.8644671296445636,0.03470632549189848,0.6727635545772676,1.5004722228505925,0.11285499737742397,-1.5870896740911316,1.0063025833998531,1.3627702877384937,0.8623532081170611,-0.12679578233524344,-0.6844916313039224,-0.43361690825968885,0.5495832310841948,-0.032461373658059664,-0.6639137299238815,-0.8623532081170608,0.04771291152058167,0.06047098081158993,-0.11649170745325138,0.26415519953066696,-0.26272387143006165,0.4609100576209291,0.386604581578988,0.284505241830291,-0.21243751031790908,-0.3756030073515903,0.8174315366685081,0.7296600783346078,-0.20412414523193148,1.8629793438407791,-1.0630306302011128,0.3349694299612961,0.7669649888473704,1.3318117839008734,-0.3452845365668931
523,2026,3,1955930,2026-02-12,Fluminense 1 x 0 Botafogo RJ,1227,Botafogo RJ,56.84,43.16,Fora,-0.2544120660600814,0.17959940564913032,-0.809641795728576,-0.6315590830500999,-1.070944819190758,0.12005673077259452,-0.7487490493340221,-1.9201193238049779,-0.8334792579597309,-0.2641551995306697,0.26272387143006165,-0.4609100576209291,0.279735778177957,0.1735316274594924,-0.15150910844491228,-0.14628244189703518,0.33125659444643135,-0.5727283718783163,0.032461373658059664,0.6639137299238815,0.8623532081170611,-1.141162041017191,-0.38488605626199973,-0.08203563129237383,0.3918500804108677,-1.0063025833998531,-1.3627702877384937,-0.8623532081170608,-0.8806941746615448,-0.06047098081158993,-0.38711870312853636,-1.836363515065692,-0.3085476226243432,-1.4814022329633543,-0.6758154958011121,-1.0349393579623634,0.2401525695071991,-1.1421397570487135,-0.9990829892615097,-1.1390476976954431,-1.2247448713915892,-0.8804758209174294,0.3418142689375936,-1.1838466828538257,-0.7669649888473704,0.3452845365668932,-1.3318117839008732
524,2026,3,1955933,2026-02-12,Vasco da Gama 0 x 1 Bahia,1226,Vasco da Gama,60.92,39.08,Casa,0.9902742569359346,0.5955311707277735,1.2038378314374576,1.1770925160905334,0.32092334624176605,0.5976302220666192,1.316765569518452,-1.1379663634138777,1.0117199815858344,1.1563132367041202,0.651446441084954,1.348971849514426,1.4200556276222764,0.5900075333622742,1.0957420459668783,-0.38586696562980327,0.46898083001369784,0.5918270654579199,0.032461373658059664,0.6639137299238815,0.5588339254038446,1.5638146488013358,1.0971707095893206,2.144645789500621,0.6433036774588872,-0.032461373658059664,2.131512501334567,0.46438103736640973,0.31834471305696077,1.299523322045598,-1.0808688587088295,0.03715585202205396,1.1515847616195247,1.214393273795867,1.0428687069011444,2.428602716493354,-0.27083623029534204,2.077314591679204,-0.9990829892615097,0.11765783355155414,-1.2247448713915892,-0.8643403315363398,1.4506550588932283,-0.16244321121164812,-0.7669649888473704,0.3452845365668932,-1.3318117839008732
525,2026,3,1955933,2026-02-12,Vasco da Gama 0 x 1 Bahia,1221,Bahia,39.08,60.92,Fora,-0.5298345216188938,-0.865073908710017,-0.22054374642207888,-1.0935226289900148,-0.8638609923492031,0.28816972201622726,2.4355859880635418,-0.9951384315163729,-1.3740640425368418,-0.03715585202205668,-1.1515847616195247,-1.214393273795867,-1.2179003825756445,-0.6594201843460712,-0.7018243228174896,-0.9527410619617983,0.48592219603206815,-1.177206174776806,0.032461373658059664,-2.131512501334567,-0.46438103736640957,0.887570476346704,-0.43366318627089917,-0.31642314927058385,-1.311512867945664,-0.032461373658059664,-0.6639137299238815,-0.5588339254038444,-0.7643715157557534,-1.2995233220455986,0.192959551959715,-1.156313236704123,-0.651446441084954,-1.348971849514426,-1.0741489033150804,-1.0349393579623634,0.2401525695071991,-0.6822177072304396,-0.9990829892615097,-1.0772263468867807,-0.20412414523193148,-1.1292383355314803,-1.0395382405834084,-1.1336005903782718,0.7669649888473704,1.3318117839008734,-0.3452845365668931
526,2026,3,1955936,2026-02-12,Sao Paulo 2 x 0 Gremio,1244,Gremio,45.22,54.78,Fora,-1.2527623425340997,-0.9681646889253707,-1.0054956795881582,-0.398772248846583,-0.9713083089997706,-0.27204906288861086,-0.7487490493340221,0.16611475391117006,-1.0755895974020109,-2.4585922057512857,-2.5196370213977266,-0.724509582771653,-1.2948943224341949,0.1735316274594924,-0.42332874188831177,-0.9785890946561818,0.10363650411766961,-0.16350851843930156,-2.8890622555673207,-0.7337993857053428,-2.9629192855930384,-0.4649178685625593,-2.5560439105476607,-1.7227482571398438,-0.595918112500776,-1.0063025833998531,0.03494282789073064,-0.6792468313254799,-0.31790428576976293,-1.3454176179754185,1.136946599288014,0.22851904301939174,0.15856502971288047,0.05857394028561288,-0.46681034740940686,-0.5401476330401179,-0.8158909500847198,-1.1421397570487135,-0.9990829892615097,-1.1203406107247944,-1.2247448713915892,-0.815314366852557,0.12568428445471594,-1.1686422589843988,-1.5339299776947408,-0.641242710767087,-1.3318117839008732
527,2026,3,1955936,2026-02-12,Sao Paulo 2 x 0 Gremio,1224,Sao Paulo,54.78,45.22,Casa,0.1105802199192481,0.7584249030787348,1.8253132799396734,1.9636032813065145,0.9101049500001919,0.26917058621708784,-0.0602441763831974,-0.6117581932651747,1.1089879220570802,-0.22851904301939446,-0.15856502971288047,-0.05857394028561288,1.1578990174014039,1.14530874123265,0.9170311155731667,2.9062181720585043,1.0109129013543785,1.5538234742658734,1.0063025833998531,-0.03494282789073064,0.6792468313254801,2.0709977781423095,0.3850973867110799,1.0899019585986762,1.2354575100327048,2.8890622555673207,0.7337993857053428,2.9629192855930393,3.78302091491331,1.345417617975419,-1.6718906258666557,2.458592205751283,2.5196370213977266,0.724509582771653,3.2648489030812597,0.8617622542395773,-0.04785929947241515,0.5442410922849577,0.8174315366685081,1.782958077928055,-0.20412414523193148,1.5973653572585962,1.3143991991105441,2.665742936261032,1.5339299776947408,1.3318117839008734,0.6412427107670869
528,2026,3,1955938,2026-02-12,Corinthians 2 x 0 Red Bull Bragantino,5438,Red Bull Bragantino,40.68,59.32,Fora,0.03107010440992597,0.12277808719727279,-0.7626131848046622,-0.7611015392019069,-0.9767435642203565,0.24324284266615695,-0.4044966128586097,0.6661759342388198,1.0239988231988746,-0.5498224271279694,0.2781504410692645,-0.5580256721501432,0.13378178431166887,0.31235692942708637,-0.46799059956651984,-1.0147763404283185,0.11814209486303122,0.03270032892972965,0.6816888468192552,-0.03494282789073064,0.29644938496222367,-1.4792841272445068,0.5061330504255194,-0.5508106672487938,-0.44040669600192855,-1.0063025833998531,-1.3627702877384937,-0.8623532081170608,-0.6826444936218458,-0.40947492720991013,1.5290670714225487,-1.1041724080192317,-0.6024488272127801,-1.2326915128275622,-0.7997908895573752,-0.8700087829882815,-0.8158909500847198,-0.6822177072304396,-0.9990829892615097,-1.054601322205745,-1.2247448713915892,-1.0799829547771491,-1.2274773575250417,-0.3778657605896542,-1.5339299776947408,-0.641242710767087,-1.3318117839008732
529,2026,3,1955938,2026-02-12,Corinthians 2 x 0 Red Bull Bragantino,1237,Corinthians,59.32,40.68,Casa,0.6316737138681001,0.11041080818537596,0.01917461205396422,0.21643559004516982,0.061416946245315726,0.26938526571764293,-0.49055972197746284,0.392332906916536,0.8296615451798007,1.104172408019229,0.6024488272127801,1.2326915128275622,0.2180555015182441,-1.2147213922164468,-0.7127082461803962,0.7574206687368676,1.0020106758287481,0.903674429870217,1.0063025833998531,1.3627702877384937,0.8623532081170611,0.04226526077841448,-0.21570302572532754,1.3242894765768862,0.9818751453522744,-0.6816888468192552,0.03494282789073064,-0.2964493849622235,-0.38905802037766335,0.40947492720990974,-0.059600493518643625,0.5498224271279666,-0.2781504410692645,0.5580256721501432,0.1763922018898909,-0.21028648309195433,0.028943865588815225,0.08431904246668366,0.21192669469183548,-0.20897448062303228,0.8164965809277261,-0.2635325083097426,0.7270894586679414,-0.42791779642923283,1.5339299776947408,1.3318117839008734,0.6412427107670869
530,2026,3,1955950,2026-02-12,Athletico Paranaense 2 x 1 Santos FC,1243,Athletico Paranaense,57.95,42.05,Casa,0.16952681757779225,-0.6031692092532775,0.7996723425000348,0.567678650831829,0.5406394136161106,0.6039274874162399,-0.1463072855020505,0.392332906916536,-0.19825635821167076,-0.21425188682600244,0.22188331776518186,0.22793325473745069,-0.030383709162085402,-0.5205948823784773,0.15734008838845776,-0.4357804080741297,0.20191382306526612,0.1141660991863868,-0.6167660995031359,-1.4326559435199548,-0.20755090483682595,1.2256925625740198,-1.8024388963927027,1.3242894765768862,0.6028170510788797,1.5906073092449293,1.4326559435199548,0.6339642708879536,1.0272276594771215,0.3582905613086712,0.18049506052806774,-0.12823796765560672,-0.17668071271274133,1.459551754194924,0.6295530005364622,0.5319011042914137,-0.0766604863703765,-0.06898830747274098,1.4229363786451807,0.5469266807359069,-0.20412414523193148,0.9701484037729485,0.05520711560160355,0.9237965791261562,0.7669649888473704,0.3452845365668932,0.6412427107670869
531,2026,3,1955950,2026-02-12,Athletico Paranaense 2 x 1 Santos FC,1241,Santos FC,42.05,57.95,Fora,-0.38088248670567315,-1.0056840216648448,-0.05044694707713456,-0.23936923432617563,-0.3101634978174018,-0.016598497522028348,0.6282606965676273,0.6939571109236893,-0.5818210060032368,0.128237967655604,0.17668071271274133,-1.459551754194924,-2.1489436868726433,-0.6594201843460712,-0.3400526495484241,-0.27494820464241077,0.22638923936508432,-0.05380427018144317,-1.5906073092449293,-1.4326559435199548,-0.6339642708879535,-0.12679578233524344,-0.6971490627471998,-1.4883607391616338,-2.380158368693215,0.6167660995031359,1.4326559435199548,0.2075509048368261,-0.039798141241821156,-0.3582905613086712,0.9609639855558967,0.21425188682599972,-0.22188331776518186,-0.22793325473745069,-0.14936980349339884,-0.21028648309195433,-0.39347354224795206,-0.3756030073515903,-0.39357814728483714,-0.4515040898408678,-0.20412414523193148,-0.1941654913866229,-1.4670997316256238,-0.6250368340014723,-0.7669649888473704,-0.641242710767087,-0.3452845365668931
532,2026,3,1955941,2026-02-11,Mirassol 2 x 2 Cruzeiro,6332,Mirassol,57.72,42.28,Casa,0.5592910158766917,1.2140446742184212,0.18644510249941615,0.647723936667053,1.4101102551302984,0.4432289917107526,-0.23237039462090356,-0.001835086956450154,0.7528336042536398,-0.7943072062476557,1.161601860256682,0.27439388095740674,-0.188194493488216,1.284134043200244,1.9018283403497058,0.9487750823380606,0.7386537604030893,-0.03610251633615557,1.0063025833998531,0.6639137299238815,0.14579096332947444,0.887570476346704,0.6687970208456678,-0.19922939028147882,0.16351033713859614,-0.35707511023865746,0.7337993857053428,0.006601447593827433,-0.6151917673810814,0.9270268798172311,-1.3107054016944766,0.5050284813918715,1.08204172066688,0.5406318307419254,0.04119531544217569,1.026692829213659,-0.39347354224795206,1.1574704920426562,2.028441220621853,2.122628485609063,0.8164965809277261,1.193133254539162,0.24784471046677745,1.4671222944960864,0.0,-0.641242710767087,0.6412427107670869
533,2026,3,1955941,2026-02-11,Mirassol 2 x 2 Cruzeiro,1230,Cruzeiro,42.28,57.72,Fora,-0.8391112046074312,-0.8504097833973507,-0.5811022444382167,-0.6147700453339274,-0.620878605570294,0.027870827592987427,-1.8675694678791122,0.9704459645969138,-0.8026199035997972,-0.5050284813918743,-1.08204172066688,-0.5406318307419254,-0.4630465169308531,-1.7700226000868227,-1.2548922580358948,0.5902883328067113,-2.954649786795424,-2.425853181634412,0.35707511023865746,-0.7337993857053428,-0.006601447593827296,-1.8174062134718225,1.012483606612114,-1.1367794621943188,-0.867364372655821,-1.0063025833998531,-0.6639137299238815,-0.1457909633294743,0.1253049157484616,-0.9270268798172311,-0.5237007650084065,0.794307206247653,-1.161601860256682,-0.27439388095740674,-0.0960575603043894,-0.6226129205271588,-0.5518800701867399,-0.6822177072304396,-0.9990829892615097,-0.7366348305592328,-0.20412414523193148,-0.38776003639529794,-1.2885575705310726,-0.11943443331494426,0.0,-0.641242710767087,0.6412427107670869
534,2026,3,1955952,2026-02-11,Vitoria 1 x 2 Flamengo,1238,Vitoria,45.01,54.99,Casa,0.5289837371767694,0.504339058295515,0.34509439502277006,-0.535403373784682,-0.13064689985523584,0.24791731566211808,0.02581893273565568,2.343464476587813,1.252184515550612,-1.37673810177129,0.7955633358002836,0.2895287819229987,1.3527528878615922,0.5900075333622742,0.4063598596572467,-1.1595253235168657,-0.7669639941605972,0.48393494270923476,0.35707511023865746,0.6639137299238815,0.7463361592253706,-0.4649178685625593,1.1042755539242304,-0.19922939028147882,-1.1244420651663156,0.9413798360837338,0.7337993857053428,-0.2097658107819189,-0.04474114673264839,-0.1981330292951178,0.41758838727282815,-1.339385519380335,-0.7511188948426188,-0.39547308868214154,-0.7968884823188496,-0.5401476330401179,0.7681743293031585,-0.5289103572910149,0.21192669469183548,-0.1728889792806899,-0.20412414523193148,0.5348351336036776,-1.001950417195082,0.33875720768819106,-0.7669649888473704,-0.641242710767087,-0.3452845365668931
535,2026,3,1955952,2026-02-11,Vitoria 1 x 2 Flamengo,1239,Flamengo,54.99,45.01,Fora,0.45483118067694006,-0.39440068737587564,-0.17228874435192773,-0.39202431384567976,-0.47357717281876555,0.6360060334762198,0.5421975874487742,0.027208870486823276,-0.3468017287786547,1.3393855193803323,0.7511188948426188,0.39547308868214154,-0.44393076135531057,0.4511822313946803,-0.3536057591091064,-0.16913754448996404,0.51979877316744,0.8543689548256437,-0.9413798360837338,-0.7337993857053428,0.20976581078191903,0.04226526077841448,0.40210017567263223,0.26954564567494116,-0.2954987065827279,-0.35707511023865746,-0.6639137299238815,-0.7463361592253704,-0.7266547080750151,0.1981330292951178,-0.8174707272093025,1.3767381017712874,-0.7955633358002836,-0.2895287819229987,-0.6811381669545545,-0.7875434955012406,0.2401525695071991,-0.9888324071092889,-0.39357814728483714,-0.9086246582089469,0.8164965809277261,-0.3820025735977976,-0.0058730974044277,-0.9965674144604472,0.7669649888473704,0.3452845365668932,0.6412427107670869
536,2026,3,1955955,2026-02-11,Chapecoense AF 3 x 3 Coritiba,1236,Coritiba,47.36,52.64,Fora,-0.41021398876103554,-1.1167949390556386,-0.6854554542906236,-0.3407810700123154,1.1864244444637448,-0.4947395815711976,0.370071369211068,-0.9951384315163729,-1.1511867431689073,-0.1912883671435172,-0.8761148119912983,0.07578149635630739,-1.000023873666016,-1.2147213922164468,-1.2526654056364332,-0.9253725567559806,0.6726265358528881,1.451370442252855,-1.2659935726643314,-0.7337993857053428,-0.14477647910780458,-0.29585682544890135,-0.9411940774592711,-0.7851981852270038,-0.569221674854515,-0.032461373658059664,-1.3627702877384937,-0.8623532081170608,-0.6952519762120125,-0.6104209563036619,1.2720599906369203,0.9442530237697354,-0.21673318489445326,0.18851260223410907,-0.7244827410852555,-0.21028648309195433,0.5281644384868129,0.08431904246668366,2.028441220621853,1.5306522617016853,1.8371173070873836,2.0670652740229367,0.3747036144023795,0.9859860575698057,0.0,-1.6277699581010674,1.627769958101067
537,2026,3,1955955,2026-02-11,Chapecoense AF 3 x 3 Coritiba,8865,Chapecoense AF,52.64,47.36,Casa,-0.6942162883611444,0.7485845676737544,0.6043213304537244,0.5315423719303998,0.5624833126807407,-4.083241608040038,-1.2651277040471405,-1.7422383829802468,0.07825083839282032,-0.9442530237697382,0.21673318489445326,-0.18851260223410907,-0.35538757863506204,0.8676581372974621,0.7314484720010019,-0.022211884963994878,-0.3616830747742775,1.0004932011448167,0.032461373658059664,1.3627702877384937,0.8623532081170611,-0.29585682544890135,1.1745442707128206,0.15235188668583616,1.40549955256736,1.2659935726643314,0.7337993857053428,0.14477647910780472,0.5950956924029169,0.6104209563036623,-0.38016575056704077,0.1912883671435145,0.8761148119912983,-0.07578149635630739,0.7154152157829462,-0.21028648309195433,2.050512888807631,1.3107778419820808,0.21192669469183548,0.5492442594346539,1.8371173070873836,-0.25916792106849706,1.027792045774554,0.18833416881087722,0.0,-1.6277699581010674,1.627769958101067
538,2026,2,1955944,2026-02-11,Atletico MG 3 x 3 Remo,1235,Atletico MG,60.56,39.44,Casa,-0.48107267318726793,-0.04831780389181635,-0.0021818899083356665,0.7885248309972035,1.4167799606811224,-0.6950833686576187,-1.2584144649364315,1.9887068672274806,-0.739395644038004,-0.5711862589365152,-0.27843522178662716,-0.1282988098900196,0.9952773507103996,-0.3226420837350854,0.031140934325760174,-1.2051121285453597,-1.3791441249115586,-0.046805043970719995,0.025490637096728996,0.07273929674533086,-2.9674324244593526,-0.033806170189140665,-0.9507408166242194,1.0307815422468012,0.5407619435398419,-0.025490637096728996,-0.07273929674533086,-0.8855139875702903,0.03890403895860473,0.5686089497615601,-0.13212964363598292,0.22985673204098891,0.7348099185320348,0.23544121962025225,1.6152392360749668,1.1488606082444806,0.21700831273496698,0.6747453316968571,2.2101556184762257,1.8832449141158476,1.024543528110831,1.517481991807673,0.5575573185958065,1.7327181026520242,0.0,-0.9045340337332908,0.9045340337332908
539,2026,2,1955944,2026-02-11,Atletico MG 3 x 3 Remo,4617,Remo,39.44,60.56,Fora,-0.3115901939494052,0.506456887724438,-0.06273825818487933,-0.151225110019431,0.47438906554685606,-0.4452446690695226,-0.23274750291927745,0.9705119115590772,0.524130778210908,-0.22985673204098891,-0.7348099185320353,-0.23544121962025225,-0.5643462267397489,1.1490586490916193,0.7785389679640731,-0.3829653879574029,-0.8260683562666267,-0.5313508251303803,0.025490637096728996,0.07273929674533086,0.8855139875702903,-0.5747048932153913,0.51776848931973,-0.8098997831939148,-0.5516628108105696,-0.025490637096728996,-0.07273929674533086,2.9674324244593526,0.5886365718223601,-0.5686089497615605,-0.25359249723452165,0.5711862589365152,0.2784352217866267,0.1282988098900196,-0.44302552199280987,-0.29928301559310017,0.7622676246006691,0.6747453316968571,0.7243367152989312,0.5752277094297971,1.024543528110831,0.18385237789697656,-0.8621555510872274,0.48386650621576677,0.0,-0.9045340337332908,0.9045340337332908
540,2026,2,1955965,2026-02-06,Cruzeiro 1 x 2 Coritiba,1236,Coritiba,28.94,71.06,Fora,-1.1834614819305647,-0.9045230841268479,-0.263851112618057,0.04899592968978386,-0.1108357918031429,-1.219290778563265,-0.7061322546195024,-1.061908428800464,-1.0571284004340318,1.1030213927101518,-2.3507510648030356,-0.26854212669138056,0.8569758919490233,-1.5679273192038354,-1.675908354659599,0.30022697393963166,-1.7522461405452847,-2.472378586126676,0.28039700806401985,-0.6546536707079771,0.40719329245496105,-0.033806170189140665,-0.7674333871770986,-1.6382063796422368,-1.3979073388284955,-0.5353033790313108,0.6546536707079771,-0.24342194236910228,0.7369889696234674,-1.3043168951435995,1.4380290619126657,-1.6904647782700357,-0.7380940344434013,1.7198100210911802,0.5185846272549558,-0.29928301559310017,-0.8735103109964387,-0.7647113759231048,-0.39002746208403977,-0.03464638435601264,0.23643312187173024,0.7614412103896175,-1.2229022638755394,-0.09842112189867622,0.674199862463242,0.6030226891555273,0.15075567228888176
541,2026,2,1955965,2026-02-06,Cruzeiro 1 x 2 Coritiba,1230,Cruzeiro,71.06,28.94,Casa,-0.5148570785500357,0.8487523118846165,0.1375693934647902,1.1518325010049935,-0.34498243391696637,-0.08561526066589642,-1.9684915924867687,0.3195022712876621,0.40153973398490034,1.6904647782700357,0.7380940344434008,-1.7198100210911802,-2.554643603460392,1.6018896438075283,1.9124698954076036,0.1477875711563414,-1.420896748475709,-1.0100817041159917,0.5353033790313108,-0.6546536707079771,0.24342194236910228,-0.9803789354850793,0.06621324115378159,0.9387474759747654,1.296258913636735,-0.28039700806401985,0.6546536707079771,-0.40719329245496105,0.4265779165013162,1.3043168951435995,-2.0425016289686457,-1.1030213927101518,2.350751064803035,0.26854212669138056,0.6837199173819586,0.7626889752211258,-0.44941973510089256,0.8546774201493524,-1.132936913672687,-0.8580977941267082,-0.5516772843673705,-1.3122592439120022,2.108186334048793,-0.8846253124824295,-0.674199862463242,-0.15075567228888176,-0.6030226891555273
542,2026,2,1955926,2026-02-05,Bahia 1 x 1 Fluminense,1221,Bahia,43.6,56.4,Casa,-0.3578517094689311,-0.43984510757111295,1.1225003900832673,-0.019647241652503936,-0.19448043312964633,-0.4334954128290632,0.3984321660143557,-1.7446746368899972,0.27773704799269106,-0.8409237876619653,0.3304393890320949,-1.631133443340969,0.25246395486104994,0.4698121570177555,0.40189526859880326,-0.452442577302864,0.5920201761700615,0.03513410308220692,-1.2490412177397254,-1.382046638161285,-0.7802458376626769,1.3184406373764859,0.48838044396237035,0.3865430783425506,0.3941398969741696,1.7588539596743071,1.382046638161285,0.26640863154133193,1.4007375829826034,-0.357144605711251,0.4154876005731735,-1.2348448957544071,0.4860342379753276,0.08406822536035989,-0.2915468242344522,0.18343152568609342,0.6612936779588725,0.8546774201493524,-0.7614821878783634,-0.27393217675094356,-0.5516772843673705,-0.7480026145707671,-0.1232066394079432,-0.32688328796678223,0.0,0.6030226891555273,-0.6030226891555273
543,2026,2,1955926,2026-02-05,Bahia 1 x 1 Fluminense,1232,Fluminense,56.4,43.6,Fora,-0.09441132598960868,-1.0563255110549334,0.8907780526532824,0.6217602193304228,0.2764378942451009,1.0023501491320927,-0.15385004430257332,0.05384636742456095,-0.2738545072462868,1.2348448957544071,-0.486034237975328,-0.08406822536035989,1.2466963889964007,-0.6622653297720172,-0.42213611661212436,-1.2051121285453597,1.3856634071061433,1.3168037834958872,-1.7588539596743071,-1.382046638161285,-0.26640863154133193,0.23664319132398465,-0.6958499694211371,0.8467134097027296,1.5760377167773552,1.2490412177397254,1.382046638161285,0.7802458376626769,2.3260738284131066,0.357144605711251,-1.1279154420568565,0.8409237876619653,-0.33043938903209535,1.631133443340969,0.8292022173015663,0.27997443394193217,-0.5503936817426891,-0.22491511056561905,0.7243367152989312,0.5033041906639806,-0.5516772843673705,0.8981129784389473,0.8717560684436911,0.4151963076050672,0.0,0.6030226891555273,-0.6030226891555273
544,2026,2,1955953,2026-02-05,Vasco da Gama 1 x 1 Chapecoense AF,1226,Vasco da Gama,68.72,31.28,Casa,1.531482058890585,1.3407343224060226,1.516159522202246,1.628146636512318,1.9017478776968448,1.1885889363503996,1.5029965866482138,0.16601219350009214,1.972583951789304,0.17308465595565783,2.0028120961197295,1.029163889165369,0.10496316979743166,0.6962276543757101,1.329349169728668,1.370287299802457,0.8765524918897196,1.1982310315174152,1.809835233867765,1.5275252316519468,0.627990895354169,1.724114679646174,1.839957967446185,1.0307815422468012,-0.043916093999815484,2.013760330641598,1.382046638161285,1.5242845779104492,1.1062959750714325,2.2085590009916194,-0.533021942820553,1.243651818640843,0.9649274230469888,0.789737077711057,2.5493630442996067,2.8866329568495774,0.9816248190294002,2.8339303931268,2.2101556184762257,2.8080967606913125,-0.5516772843673705,0.701378118345102,1.2994154779588674,2.6157360789637445,0.0,0.6030226891555273,-0.6030226891555273
545,2026,2,1955953,2026-02-05,Vasco da Gama 1 x 1 Chapecoense AF,8865,Chapecoense AF,31.28,68.72,Fora,-1.2082620081263147,-1.8921901377965327,-1.4761227709357605,-1.644997317530586,-1.2335869023287165,-2.8418375235093127,-0.39054242015268575,-0.7453351433636016,-1.8815899905797573,-1.243651818640843,-0.9649274230469892,-0.789737077711057,-0.3374501584704185,-2.133966062598722,-2.038987519784526,-1.2051121285453597,-1.071989824591193,-1.1244177077329551,-2.013760330641598,-1.382046638161285,-1.5242845779104492,-0.8451542547285166,-1.652713724849552,-1.9143085784583442,-1.8531285332105507,-1.809835233867765,-1.5275252316519468,-0.627990895354169,-1.1071996020584383,-2.2085590009916194,0.8886160090420688,-0.17308465595565783,-2.00281209611973,-1.029163889165369,-1.3394542838456251,-1.6508837311748423,1.67103314437684,-1.3045076412805905,-1.132936913672687,-1.296405887360989,-0.5516772843673705,-1.3900455287534461,-1.3218166851239475,-1.303107393609142,0.0,0.6030226891555273,-0.6030226891555273
546,2026,2,1955959,2026-02-05,Palmeiras 5 x 1 Vitoria,1238,Vitoria,37.51,62.49,Fora,-0.8941759428915779,0.010941429682921833,-0.7844249102906211,-0.5441080005205297,-0.5017532302894258,-0.24295312684248274,0.16173979016424328,-1.0348219444850102,-0.6350292212756461,-0.32828752652994103,-0.572451053326605,-2.089805397221372,-1.375890065523039,-0.20943433505610812,-0.5724228475075724,-0.452442577302864,1.010772352015989,-0.23391182696878732,0.025490637096728996,0.8001322641986388,0.7953958057876674,-0.7099295739719539,-0.8423307364786946,-1.6382063796422368,-1.172242131357048,-0.025490637096728996,-0.8001322641986388,-0.7401133994739408,-0.6904598703554732,-0.46885299366304106,-0.36057408872637414,0.47272437305565723,-0.6233708239667453,-0.1688124114186388,-0.9153957730336937,-1.0716262816398099,-0.1464978951755019,-0.9446434643756001,-0.018572736289716115,-0.48390087674288357,-0.5516772843673705,0.14518966799387592,-1.237448502294423,-0.5273544631525228,-2.696799449852968,-2.412090756622109,-0.6030226891555273
547,2026,2,1955959,2026-02-05,Palmeiras 5 x 1 Vitoria,1234,Palmeiras,62.49,37.51,Casa,0.2797666468009847,0.7044838900671238,-0.29518066629260414,1.1248479688389952,0.850408114439928,0.5999282991035161,-0.548337337386094,-0.8060916324878477,0.26424660967284974,-0.47272437305565723,0.6233708239667448,0.1688124114186388,0.3567892983388771,1.1490586490916193,0.8432540098815081,2.7829131056499525,0.9144335878841265,0.4487531413062049,0.025490637096728996,0.8001322641986388,0.7401133994739408,-1.1156036162416418,0.6865996922941652,0.29450901207051483,0.8707482043684942,-0.025490637096728996,-0.8001322641986388,-0.7953958057876674,-0.8109661845832951,0.46885299366304106,-0.8745479649573109,0.32828752652994103,0.5724510533266045,2.089805397221372,1.3682824311449633,1.0523176999886419,-1.2649785349000202,0.49481324324436193,0.35288198950460753,0.5183415553997054,2.6007643405890324,0.24720951951695144,0.27826954095324213,0.4295534864625974,2.696799449852968,0.6030226891555273,2.412090756622109
548,2026,2,1955968,2026-02-05,Gremio 5 x 3 Botafogo RJ,1244,Gremio,45.48,54.52,Casa,0.3465742166347444,1.0467671525819773,0.3095145425080919,0.03443062120048404,0.8868040427128243,0.2120090773233115,0.16173979016424328,-0.06729272473701312,1.3038972044767196,-1.598572907406339,0.178552222940447,0.23107468941346793,-0.031784789849494136,1.1490586490916193,0.2104622376511597,-1.2051121285453597,0.16635700591753105,0.7019187359585468,1.3000224919331833,1.5275252316519468,0.7694638540777196,0.3718678720805473,0.6572562261394049,-0.717865716921879,0.10225341538509859,0.48432210483785276,-0.07273929674533086,0.4673962899444592,1.1342460656579565,0.2884562227679282,0.5032614226517056,-0.2882024565522033,0.06502924011013086,0.055820120954862835,-0.2715830990309857,-0.4923688321047776,-0.1464978951755019,-0.22491511056561905,1.4672461668875785,1.177799888683489,1.8126539343499315,1.850317218684782,-0.30357999580209943,1.7126014996190184,1.348399724926484,-0.9045340337332908,2.412090756622109
549,2026,2,1955968,2026-02-05,Gremio 5 x 3 Botafogo RJ,1227,Botafogo RJ,54.52,45.48,Fora,-0.4515823540906829,-0.4434311419944056,-1.0553394793669233,-0.21986633497223818,-0.28092884155494713,-0.9577165760446897,-1.4951068407865438,0.3195022712876621,-0.662133176452652,0.2882024565522033,-0.06502924011013134,-0.055820120954862835,-0.27699534377808865,-0.3226420837350854,-1.039499676150015,0.30022697393963166,-0.28667873972309893,0.16068954269727295,-0.48432210483785276,0.07273929674533086,-0.4673962899444592,-0.8451542547285166,-1.5544276396994978,0.11044087952644321,1.5035024715186762,-1.3000224919331833,-1.5275252316519468,-0.7694638540777196,-1.2153481377148396,-0.2884562227679282,-1.2047079640029483,1.598572907406339,-0.17855222294044745,-0.23107468941346793,-0.18138220476710923,-0.7819975568722938,0.5805145206454349,-0.9446434643756001,-0.39002746208403977,-0.48658179123780687,1.024543528110831,0.1397228485208857,0.3335452469450002,-0.5299141117067615,-1.348399724926484,-2.412090756622109,0.9045340337332908
550,2026,2,1955928,2026-02-04,Remo 2 x 2 Mirassol,4617,Remo,32.64,67.36,Casa,0.5608776602213301,0.6148169172540099,0.6274697739458176,-0.5562748754486486,-0.2307894298733683,0.8752695649125423,1.3452016694148055,0.06544972874271911,0.494468940607196,0.8329240877121297,0.2925285256824236,0.37042359730665736,-0.9235805879009898,0.35660440833877827,0.0025085045454392475,0.20119150667088198,-0.37373719925117344,-0.5853403333157188,1.3000224919331833,0.8001322641986388,0.8855139875702903,0.6423172335936727,1.3865887882857062,-0.5337975843778073,-0.5627976072318583,0.9941348467724345,2.1094396056145928,-0.5832784158128891,-0.8338642462136928,-0.17037554141307187,1.6829704881187213,0.15875617614912865,-0.005613971396063453,-1.4016055157162566,-0.6475044732692028,-0.4923688321047776,0.2573978913916853,0.6747453316968571,-0.7614821878783634,-0.3187045449434963,0.23643312187173024,-0.7275840489261088,-1.3567276573292681,-0.3696304653687201,0.0,-0.15075567228888176,0.15075567228888176
551,2026,2,1955928,2026-02-04,Remo 2 x 2 Mirassol,6332,Mirassol,67.36,32.64,Fora,0.375619187966971,-0.6959500821803888,-0.5350410073952251,-0.13554689067290643,0.23528335414556859,0.6392627656476626,-0.548337337386094,0.8950900629910478,-0.4400253645120049,-0.15875617614912865,0.005613971396062986,1.4016055157162566,0.473365761001746,-0.09622658637713084,0.4160007100426029,0.36663899316691045,-0.9201288961327508,-0.3654726363799624,-0.9941348467724345,-2.1094396056145928,0.5832784158128891,-0.4394802124588286,-0.46913954213612724,1.3989178073349444,0.5685105817680702,-1.3000224919331833,-0.8001322641986388,-0.8855139875702903,-1.6003893409795171,0.17037554141307187,-0.3731195051166325,-0.8329240877121297,-0.29252852568242405,-0.37042359730665736,-0.049610981115616216,0.3765173421977709,-0.8735103109964387,-1.1245755528280952,-0.018572736289716115,0.20543043522241297,0.23643312187173024,1.986856502745959,0.9357595174867789,0.1307962907804015,0.0,-0.15075567228888176,0.15075567228888176
552,2026,2,1955951,2026-02-04,Flamengo 1 x 1 Internacional,1239,Flamengo,68.76,31.24,Casa,1.3200468487391346,1.0908462300960018,0.7086515524146405,0.7978652650310766,-0.2904300521292248,1.5368037749731898,0.8718169177145806,-0.14096796207504692,2.0422662452455516,-1.4758001250891677,1.4208234306994585,1.0011607593495133,1.1311276838985709,1.488681895128551,1.5392673820255067,-0.553410443932955,1.3340583738350715,1.3579946812490844,0.5353033790313108,0.8001322641986388,-1.453162865326953,1.3184406373764859,1.3117496118680412,1.122815608518837,0.590257516153376,0.9941348467724345,-0.07273929674533086,-0.011472869329623438,-0.42249209330262477,1.5463660504520103,-1.1527207687832313,0.9427096217719619,1.7069487317843988,-0.296104179763623,0.2342504576515199,0.3765173421977709,-0.4769580841850187,0.49481324324436193,-0.39002746208403977,-0.3764379006251683,-1.3397876906064712,-0.718755416776773,1.4885165774043532,0.2286666266938903,0.0,0.6030226891555273,-0.6030226891555273
553,2026,2,1955951,2026-02-04,Flamengo 1 x 1 Internacional,1219,Internacional,31.24,68.76,Fora,-0.5493241997360007,-0.9038570663001371,-0.239170339555246,-1.2401714898829461,-0.8713157953229131,-0.8593804096843238,0.7929194590978764,-0.15802241516255416,-0.8790703053868112,-0.9427096217719619,-1.7069487317843992,0.296104179763623,0.7689338234634565,-1.4547195705248581,-1.2393131446485866,1.4668647783654998,0.35210215952638196,0.8157443873758966,-0.9941348467724345,0.07273929674533086,0.011472869329623438,0.6423172335936727,-0.1353375604913734,-1.178036048282058,-1.8702298660943135,-0.5353033790313108,-0.8001322641986388,1.453162865326953,0.5714699810782322,-1.54636605045201,1.0738271591843929,1.4758001250891677,-1.420823430699459,-1.0011607593495133,-0.9923357190308021,-1.2647120981514874,-0.6657924779047427,-0.9446434643756001,-0.7614821878783634,-0.9117951953065542,-0.5516772843673705,-0.7273562477880442,-1.2403577499781995,-0.9358938164040002,0.0,0.6030226891555273,-0.6030226891555273
554,2026,2,1955956,2026-02-04,Santos FC 1 x 1 Sao Paulo,1241,Santos FC,51.42,48.58,Casa,0.29171846961666603,0.036860606003425306,0.22633387939874994,-0.5165196161079262,-0.6851539090708113,0.22088707604173932,0.003944872930834983,-0.04229576921160864,1.027905625233373,-0.4244343791896008,0.98263715385801,-0.5670145103384332,-1.349817796469359,-0.20943433505610812,0.22132067977918482,-0.11450930939807011,0.11549979240103157,0.4805958732114133,0.7902097499986016,-0.6546536707079771,-0.3783106093219637,0.10141851056742199,1.4053193503245998,0.5706112108866221,-0.22392649071114246,0.48432210483785276,-0.8001322641986388,-0.24541933462864424,-0.4035356360253582,0.42420032759989384,-0.14684058950302903,-0.08686500836409912,0.6570675183580637,-2.001321926723241,-1.146024383666421,-1.0716262816398099,1.67103314437684,-0.4048471990181143,-0.7614821878783634,-0.6564145311092954,-0.5516772843673705,-0.639250209851525,-0.19884707918613767,-0.6920647986822888,0.0,0.6030226891555273,-0.6030226891555273
555,2026,2,1955956,2026-02-04,Santos FC 1 x 1 Sao Paulo,1224,Sao Paulo,48.58,51.42,Fora,0.7882751246745932,-0.1479614245964767,0.31435803454957667,-0.24711362223775968,-0.5638102453762108,1.1191432574862512,2.291971172815255,0.4900468021627394,-0.5236234140637065,0.08686500836409912,-0.6570675183580641,2.001321926723241,0.45765995255969216,-0.3226420837350854,-0.5850137740116076,0.824237421007192,1.7626972828981844,1.5707615107973294,-0.48432210483785276,0.8001322641986388,0.24541933462864424,1.994564041159299,-0.041378215673039995,-0.16566131928966418,-0.4398946656006557,-0.7902097499986016,0.6546536707079771,0.3783106093219637,0.23417978039148948,-0.42420032759989423,-0.21381041925967723,0.4244343791896008,-0.9826371538580104,0.5670145103384332,-0.14863151783156736,-0.20274010733726144,-0.1464978951755019,-1.1245755528280952,-0.39002746208403977,-0.7856962548274149,-0.5516772843673705,-0.28684507821775557,-0.3821296832640705,-0.8154987156651748,0.0,0.6030226891555273,-0.6030226891555273
556,2026,2,1955962,2026-02-04,Red Bull Bragantino 1 x 0 Atletico MG,5438,Red Bull Bragantino,45.17,54.83,Casa,0.4467973889145809,0.3326992827595047,-0.3757077615467928,-0.170551397814745,0.12425649727943255,0.4289088793463565,0.003944872930834983,2.161383204738496,-0.25377774392171343,2.0109756385902036,0.827501355364086,0.5822339373043045,1.4606376426764829,-0.09622658637713084,-0.1633182967820907,-0.47306366089854895,-0.08930427383220378,-0.5307101770035333,0.7902097499986016,0.8001322641986388,0.8855139875702903,-1.2508282969982045,-0.022888871098155385,0.11044087952644321,-0.07194457518257472,-0.5353033790313108,-0.07273929674533086,-0.7569494641676012,-0.48292760493419895,0.2586587363413987,1.459366657160409,-0.8665207925632123,-0.41408140622075845,-0.4877700460588165,-0.039012875320803615,0.5696031587094483,1.2516029044801453,0.8546774201493524,0.35288198950460753,-0.09842327457193575,-0.5516772843673705,-0.5784752431931306,-0.169754602348371,-0.15931318881993092,0.674199862463242,1.3568010505999362,-0.6030226891555273
557,2026,2,1955962,2026-02-04,Red Bull Bragantino 1 x 0 Atletico MG,1235,Atletico MG,54.83,45.17,Fora,0.10543136546079951,-0.0009576709473856915,-0.7635769451260144,-0.7503820757450603,-0.8580397419523045,-0.04253465445087886,-0.23274750291927745,-1.6286410237084126,-0.9631483693028902,0.8665207925632123,0.414081406220758,0.4877700460588165,-0.6903823460615939,-0.6622653297720172,0.05039197020583282,-0.5110921527243573,-0.3899623259146501,-1.186157949946537,0.5353033790313108,0.07273929674533086,0.7569494641676012,-1.52127765851133,-1.2275933471450788,0.7546793434306938,0.7451794529052101,-0.7902097499986016,-0.8001322641986388,-0.8855139875702903,-0.9969279943331311,-0.2586587363413987,0.9539240564226213,-2.0109756385902036,-0.8275013553640864,-0.5822339373043045,-1.3331342739704521,-0.009654290825584009,-2.459719218242119,-0.4048471990181143,-1.132936913672687,-1.0904088422473375,-1.3397876906064712,-1.3029888023512153,0.5459203278606997,-1.1064282232360865,-0.674199862463242,0.6030226891555273,-1.3568010505999362
558,2026,1,1955927,2026-01-30,Botafogo RJ 4 x 0 Cruzeiro,1227,Botafogo RJ,46.24,53.76,Casa,-0.9864085863651931,0.05079269351488508,-0.3227184642929671,-0.01586460209258414,0.17489258387569434,-1.2184464966686674,-1.7328059971438472,-1.0934427532175581,-0.9559187739662168,-1.9244013745708344,-0.045342584812269646,-1.5061654729478267,0.32055170549781986,0.14588335893377904,-0.19241069437295527,-1.4286573983580968,-1.537544445823025,-0.5666630581720224,0.07958371636159385,0.1701143931371227,0.6882665864574292,-0.845804509564918,-0.9474242309152544,-0.8948092230163992,-0.1604174094407568,-0.07958371636159385,0.39693358398661993,1.6976950329465041,0.4343773101137433,-0.3371993445340384,-0.3504502231162236,1.278189681274498,-0.1813684761247132,0.4262503494978779,0.028859062790537186,-0.12628406522273133,-0.4804664550008918,-0.7135314915383165,-0.2018018381988936,-0.4161963436742569,2.6866004135669703,0.18013284067755628,-0.5127437964475551,-0.5361277788894582,2.3094010767585034,1.3416407864998738,2.23606797749979
559,2026,1,1955927,2026-01-30,Botafogo RJ 4 x 0 Cruzeiro,1230,Cruzeiro,53.76,46.24,Fora,-0.1866253362009538,0.4905262206197662,-0.35239290546860685,0.5244714886551262,0.3833371486127791,0.32409894095216424,-1.2212765514925268,-1.4317638547425873,0.048471804122829476,-1.278189681274498,0.1813684761247132,-0.4262503494978779,0.4913377024042697,1.4924989798609696,0.7869557702431211,1.0227662366771824,1.053055678875794,0.07299923584643826,0.07958371636159385,-0.39693358398661993,-1.6976950329465041,-0.42024249217376447,0.13818231305694753,-0.31751295010259334,0.7175166630242501,-0.07958371636159385,-0.1701143931371227,-0.6882665864574292,-1.2650861940935143,0.33719934453403877,-0.9689361055389093,1.9244013745708344,0.045342584812269646,1.5061654729478267,0.20917855232636964,0.9718382410618904,0.8373539055438209,0.4900156026226992,1.1435437497937313,0.672731078476356,-1.2935483472729858,0.024645887411057017,-0.004484639619074569,0.5476187894551388,-2.3094010767585034,-2.23606797749979,-1.3416407864998738
560,2026,1,1955929,2026-01-29,Sao Paulo 2 x 1 Flamengo,1239,Flamengo,61.28,38.72,Fora,0.058227949639534884,0.08998692233388145,0.4637961830432816,0.5989732839810891,0.44565141132292063,0.22283514561869888,-0.07033529877705617,1.2748049574576419,1.2165463011904618,-0.7124914422978046,1.5211311364626157,-1.9355029256784348,-0.15126893028867122,-0.07855257788741936,0.1888021577242286,1.648661632856402,0.3798524676057733,1.1176013338630693,0.07958371636159385,0.1701143931371227,0.7482861997449333,1.2820055773908499,0.6622410693114124,1.1669631802471931,0.5757566478117921,-0.07958371636159385,0.39693358398661993,-0.9183695922278304,-0.645782596314792,1.112040391548424,-0.8631450014589642,0.8060831009012109,0.5649690089818576,0.25791063907773903,0.4609730963163356,1.0816504716903526,-1.636449227408535,0.14614500429098043,0.47087095579741883,0.7611152135731428,-0.29851115706299675,0.39977531297192404,1.1585319015943294,0.6355824141731868,-0.5773502691896258,-0.4472135954999579,-0.4472135954999579
561,2026,1,1955929,2026-01-29,Sao Paulo 2 x 1 Flamengo,1224,Sao Paulo,38.72,61.28,Casa,-0.11184449971997015,-1.2677103456646794,-0.20219570556772007,-0.40758783988250574,-0.31493509819052296,0.09696329569510793,1.65607658029615,0.6912010573269679,-0.7403944157569415,-0.8060831009012109,-0.5649690089818576,-0.25791063907773903,0.4636460439651076,-2.4351299145100027,-2.318361600523689,-0.2669385672972015,1.1105596360492416,0.7681644074104005,0.07958371636159385,-0.39693358398661993,0.9183695922278304,1.4947865860864267,-0.5501795188399208,-0.48245474236368074,-0.7305044694829683,-0.07958371636159385,-0.1701143931371227,-0.7482861997449333,-1.4256284487904292,-1.112040391548424,0.7997994094078036,0.7124914422978046,-1.5211311364626157,1.9355029256784348,-0.9326827571974181,-0.3459085264796557,-0.4804664550008918,-0.7135314915383165,-0.2018018381988936,-0.8298486494472107,0.6965260331469922,-0.356487764475723,-0.6054263485751012,-0.9478120268477797,0.5773502691896258,0.4472135954999579,0.4472135954999579
562,2026,1,1955934,2026-01-29,Mirassol 2 x 1 Vasco da Gama,1226,Vasco da Gama,53.13,46.87,Fora,0.5436092702651459,0.566474822751889,0.29471020680854615,0.14868346652644637,-0.6221027509591722,-0.26992619894612974,-0.7097471058412066,-0.19689183417623227,-0.03217241654233158,-0.429604540766852,0.9709254135761324,1.2908146967875396,0.5894766317371248,0.37031929575497746,-0.01877217757091465,2.4593532055957055,-0.24947850630181764,0.5950752635883303,0.610141825438885,1.304210347384608,0.13899816743665797,-0.31385198782597606,0.15723572093665172,0.3422542189417562,1.049540120170889,0.4509743927156972,0.39693358398661993,-0.5763361085194156,0.734715312096528,0.4636490987343029,-0.6088928001051118,0.6478425720563354,0.39820148619691575,0.18576504889767956,-0.45288176772311267,-0.4557207571081179,-0.8183691115508182,-0.19772559404073836,-0.874474632195206,-0.974270496863656,-0.29851115706299675,-0.9296171224224808,0.5994468290830018,-1.09154674997785,-0.5773502691896258,-0.4472135954999579,-0.4472135954999579
563,2026,1,1955934,2026-01-29,Mirassol 2 x 1 Vasco da Gama,6332,Mirassol,46.87,53.13,Casa,0.03635085713918951,-0.11154238006075375,-0.4799707708169221,-1.025397332589365,-0.9985592788587425,0.720340311595417,0.24937060475501902,-1.2626033039800726,0.6168452161563245,-0.6478425720563354,-0.39820148619691575,-0.18576504889767956,0.9861202280902086,0.25810132734437824,0.1436371291149239,-0.08945374588512044,1.0146233510852558,-0.9933134623645714,-0.4509743927156972,-0.39693358398661993,0.5763361085194156,-0.7394140052171296,1.4641303912074066,-0.39998384623313704,-0.017355907209276395,-0.610141825438885,-1.304210347384608,-0.13899816743665797,-1.2902049918351792,-0.4636490987343025,-0.5614350244300877,0.429604540766852,-0.9709254135761324,-1.2908146967875396,-1.3762001212594859,-1.0047819102504287,1.4021340600629837,-0.19772559404073836,-1.5471474261915186,-1.4752262683407367,-0.29851115706299675,-1.4295226367012939,0.10015695149267112,-1.5901190948256545,0.5773502691896258,0.4472135954999579,0.4472135954999579
564,2026,1,1955925,2026-01-28,Fluminense 2 x 1 Gremio,1232,Fluminense,49.72,50.28,Casa,0.10554290064293725,0.21656523389252702,-0.10797081681085581,-0.1442871662933932,0.4213639506930632,0.4091605290322749,1.5281942188833197,-0.7889537618450326,-0.20786761942303622,0.6937367976138417,-0.10669727970291291,-0.310153997483989,0.6503163075049461,0.03366539052317984,0.3176183810095662,-0.3074636427993258,0.9272999937109051,0.8414094588035126,0.34486277090023937,0.1701143931371227,0.2623682995436063,0.6436625513041194,-0.07423120760337529,0.17731242668066882,-0.36889850582523287,-0.07958371636159385,-0.7371623702608653,-0.9183695922278304,-0.5778225846240886,-0.14759472970883594,-0.9770654979692909,0.5494798802345752,0.021048495790601873,-0.6224232563980697,0.171820825142731,0.093340396034193,0.9837783900487882,-0.7135314915383165,0.47087095579741883,0.6358593438636413,0.6965260331469922,1.544937899957003,0.5844980303527519,0.5109224816548239,0.5773502691896258,0.4472135954999579,0.4472135954999579
565,2026,1,1955925,2026-01-28,Fluminense 2 x 1 Gremio,1244,Gremio,50.28,49.72,Fora,0.14396567243453204,-0.009976905247937984,-0.10330315098269392,0.04618618704467231,0.07571060255492085,-0.6539639672389655,0.9527235925255845,0.43635701019996215,-0.5721102933944312,-0.5494798802345752,-0.021048495790601873,0.6224232563980697,0.1737798673337507,-0.6396424199404154,-0.21701128767379577,-0.2669385672972015,0.005807780187292771,0.03105613459666955,0.07958371636159385,0.7371623702608653,0.9183695922278304,0.2181005339129659,-0.6524177318781602,-0.07010026171096226,-0.1618782468604125,-0.34486277090023937,-0.1701143931371227,-0.2623682995436063,0.39957571781735524,0.14759472970883594,0.3911465932484182,-0.6937367976138417,0.10669727970291291,0.310153997483989,-0.3797012587170485,0.31296485729111734,0.06862536189273849,-0.3696608932065978,-0.2018018381988936,0.3888547227263913,-0.29851115706299675,0.6511655173817823,0.6323341862895506,0.2650930488776898,-0.5773502691896258,-0.4472135954999579,-0.4472135954999579
566,2026,1,1955931,2026-01-28,Corinthians 1 x 2 Bahia,1221,Bahia,40.83,59.17,Fora,-0.14890939207263426,-0.3068883857620176,0.23903256484850408,-0.780750231799235,-0.4866042203928216,-0.13408685507613802,0.8248412311127543,-0.49034861571642,0.06708155588752564,-0.6094629329913576,-0.0421942212446649,-0.7909863887415124,-0.518831707717009,0.25810132734437824,0.4233693244644506,-1.4286573983580968,0.117700253810943,0.4765123445936616,-1.5120906108702794,-0.39693358398661993,0.9183695922278304,1.1756150730430615,-0.15896407792660117,-0.23504205397204964,-1.2325414978219864,-0.07958371636159385,-0.1701143931371227,0.26051215092348917,0.9022845574453305,-0.42404408138101213,-0.09272898228168872,-0.3885027675605884,-1.0750250790311453,-0.9432930573100328,-0.6806387094747495,-0.7851574489935044,1.2766273590587252,-0.7135314915383165,-0.874474632195206,-0.3640021533954578,-0.29851115706299675,0.24784303492041845,-0.7848119333380942,0.7349340535120823,0.5773502691896258,0.4472135954999579,0.4472135954999579
567,2026,1,1955931,2026-01-28,Corinthians 1 x 2 Bahia,1237,Corinthians,59.17,40.83,Casa,0.8280630086817654,0.15677515204719894,0.7865273469540139,0.289735199885923,0.3048415281489767,0.4887722837635302,1.7200177610025649,0.44779782039646077,-0.5395332864205054,0.3885027675605884,1.0750250790311453,0.9432930573100328,1.7920209099083555,0.14588335893377904,0.23151913975630017,0.42562458198910136,1.5189543245478487,1.1666538991955802,0.07958371636159385,0.1701143931371227,-0.26051215092348917,2.133129612173157,-0.7119836374253633,0.919550491855562,0.2102722467991146,1.5120906108702794,0.39693358398661993,-0.9183695922278304,0.4694434202638281,0.42404408138101213,-0.31573849362131134,0.6094629329913576,0.0421942212446649,0.7909863887415124,-0.0982838918234975,0.8620260104334282,-0.24926990051936357,0.4900156026226992,0.47087095579741883,0.3589929962374664,-0.29851115706299675,-0.21476848121667322,0.49480523797125553,0.23537339727473738,-0.5773502691896258,-0.4472135954999579,-0.4472135954999579
568,2026,1,1955937,2026-01-28,Atletico MG 2 x 2 Palmeiras,1234,Palmeiras,43.52,56.48,Fora,0.15275175334456206,0.2938634153715138,-0.6257447423517765,-0.04762390895819822,0.03149283774788286,0.8924772811596111,-1.2212765514925268,0.6750539138450913,0.7698561099125063,0.7399660068018481,-0.36128512336678686,0.6744323724799535,1.0252690243576026,0.25810132734437824,0.10060624751921785,0.07794671067400166,-1.3371085399818352,-3.316312678050463,0.07958371636159385,0.7371623702608653,0.28752492525565293,-1.9097095530428019,0.8496311479559672,-0.31751295010259334,1.1163668753169291,-1.140699934516176,-0.7371623702608653,-0.7251017554076152,-0.4990147941441899,-0.08934341607312131,-0.14156908257792336,-0.204156084907151,-0.6339884086159412,0.6458238848284946,-0.11298769597222497,-0.3459085264796557,-0.4804664550008918,-0.19772559404073836,-0.2018018381988936,0.15730175917128694,0.6965260331469922,0.1995827846448943,-0.590477549844852,0.034641758425976936,0.0,-0.4472135954999579,0.4472135954999579
569,2026,1,1955937,2026-01-28,Atletico MG 2 x 2 Palmeiras,1235,Atletico MG,56.48,43.52,Casa,0.08819918307228024,0.8689008838132997,-0.21543348478961266,-0.2143927840905418,-0.6779255487936129,0.6473182463772637,-0.9655118286668667,0.3521110442075642,1.00631727680995,0.204156084907151,0.6339884086159412,-0.6458238848284946,-0.1901247445375876,1.268063043039771,0.32967818743638666,0.3906381295297202,-0.9445177470723884,-0.2109603939012485,1.140699934516176,0.7371623702608653,0.7251017554076152,-0.845804509564918,1.1315246786865796,0.09484153055012513,0.788598177404058,-0.07958371636159385,-0.7371623702608653,-0.28752492525565293,-0.8564165217870036,0.08934341607312168,0.15029861533816224,-0.7399660068018481,0.36128512336678686,-0.6744323724799535,-0.6337673033221223,-1.0047819102504287,-0.4804664550008918,-0.02579029487487897,-0.874474632195206,-0.8979890624350085,-0.29851115706299675,-0.9507839518463135,0.31541965320826254,-1.0156282441997708,0.0,-0.4472135954999579,0.4472135954999579
570,2026,1,1955940,2026-01-28,Internacional 0 x 1 Athletico Paranaense,1243,Athletico Paranaense,28.62,71.38,Fora,-0.8622095064347607,-0.44726918456574066,-0.5844737857667073,-0.9302984819403309,0.04082682284300798,-2.0655793361244013,-0.2621588408963013,0.15834532242504734,-0.919723059899974,-0.6635999605378041,-1.5592210972044611,0.1285055143866709,-0.8008081731547384,-1.4251681988146099,-0.8059059673928117,1.4410647140839952,0.48193778987204416,0.7597022287353534,1.4059789890548215,-0.9639815611103626,0.2708417503861636,0.005319525217389117,-0.04890835880908004,-1.3071637036691177,-1.8298869111396396,-1.140699934516176,-0.7371623702608653,2.4917432505849093,-0.2782278725623943,-1.4960166571809055,1.5776017134671505,-1.6414993736238948,-1.2455950421667072,-0.7111801263138718,-0.2684021020998391,-1.0047819102504287,-1.107999960022184,-1.401272688201754,0.47087095579741883,0.04544985030786086,-0.29851115706299675,2.775379400421104,-1.5472006685808144,-0.07667798605628154,0.5773502691896258,1.3416407864998738,-0.4472135954999579
571,2026,1,1955940,2026-01-28,Internacional 0 x 1 Athletico Paranaense,1219,Internacional,71.38,28.62,Casa,0.9265470072476902,0.885877905539827,0.4442765435647699,1.2653742530967138,0.5613409804912605,1.4312399504118358,-0.1342764794834712,0.06953603327472764,1.249394954348009,1.6414993736238948,1.2455950421667072,0.7111801263138718,-2.1882550076364047,0.37031929575497746,1.2953300216272896,-1.4286573983580968,-0.5684520238056494,0.46165015981269913,1.140699934516176,0.7371623702608653,-2.4917432505849093,0.6436625513041194,0.9062167417767368,1.5793176608999115,0.5624082471326529,-1.4059789890548215,0.9639815611103626,-0.2708417503861636,-0.021540264647689135,1.4960166571809057,-0.8090588346549683,0.6635999605378041,1.5592210972044611,-0.1285055143866709,2.134764772388159,1.96014831671805,-0.27128861999379406,0.833886200954418,0.47087095579741883,1.0258507371394436,-1.2935483472729858,0.02993930483717038,1.5711187465492134,0.8990583900258784,-0.5773502691896258,0.4472135954999579,-1.3416407864998738
572,2026,1,1955943,2026-01-28,Coritiba 0 x 1 Red Bull Bragantino,1236,Coritiba,25.79,74.21,Casa,-0.3573701482178469,-1.1409948238607388,-1.302541433688212,-1.336608564613703,-1.4852411712080031,-0.1277953486232121,0.6330176889935092,-0.00208436120133722,-1.724145562652609,0.5453787057288647,-1.3239225455250823,0.6744323724799535,-0.6870988905210624,-0.7518603883510147,-1.637815657696396,-0.010677060445533659,-1.2808316745390358,-0.8653474005557639,-1.7773696654089248,-0.39693358398661993,-2.0587353238521198,-0.845804509564918,-2.3594326103973415,-1.9669308727134673,-2.032273351748715,-0.34486277090023937,-1.304210347384608,-0.9183695922278304,-0.9940074911686976,-1.7702965588037012,2.533564996952609,-2.6101093855741944,-0.9835865597354562,-1.257146754703512,-1.3354043852121422,-1.5538430633927396,0.3980804520289167,-1.0574020898700354,-1.5471474261915186,-1.8687468303470993,-1.2935483472729858,-1.5763968160120776,-2.0255622279487953,-1.9817673809943956,-0.5773502691896258,0.4472135954999579,-1.3416407864998738
573,2026,1,1955943,2026-01-28,Coritiba 0 x 1 Red Bull Bragantino,5438,Red Bull Bragantino,74.21,25.79,Fora,1.1223862746436701,0.91574804133768,0.9510891097774948,1.0386159521459513,1.2598658692100286,1.561760111553445,-0.07033529877705617,2.289768262032728,1.8848222895634583,2.6101093855741944,0.9835865597354562,1.257146754703512,-0.2613990219972024,0.7069732009867751,1.3069458460790975,-0.2807685533812599,0.6910143829819595,0.36938901100492194,0.34486277090023937,1.304210347384608,0.9183695922278304,-0.31385198782597606,0.7641516033456196,1.8267303492915428,1.2073506705362456,1.7773696654089248,0.39693358398661993,2.0587353238521198,1.2552014444582391,1.7702965588037012,-0.4845670312066298,-0.5453787057288647,1.3239225455250823,-0.6744323724799535,1.7346770767349746,1.3012749329472768,0.3980804520289167,2.7251744917788714,1.8162165437900437,1.9499678097574442,-0.29851115706299675,-0.39378912285605344,0.9940951155615863,1.8187787366954944,0.5773502691896258,1.3416407864998738,-0.4472135954999579
574,2026,1,1955945,2026-01-28,Vitoria 2 x 0 Remo,1238,Vitoria,38.18,61.82,Casa,0.30722474717256204,0.09592067093375575,0.9830230411010588,1.1463826185384614,1.438582775519572,-0.7003224358394726,0.24937060475501902,1.7432495595692208,-0.48364821102093375,0.7484834601164637,0.0032287340436815003,1.4362315530228087,-0.3352410991226232,-0.6396424199404154,-0.5892581465629574,-0.070591722610853,-0.8925315304922048,-0.4363796660471408,0.8754208799775305,0.7371623702608653,-0.29382160305583266,0.5372720469563311,0.20744152195400042,-0.6473965346247681,-1.0413670941386435,0.9815325017929882,2.6651254924815904,0.4693098519147364,2.1541632180462105,0.1918014620285357,0.3942428080014525,-0.12989123280893233,0.12043340542469799,2.1096474536992678,2.163648153001344,1.5208993942042013,0.2516559675239488,1.0058215001202775,2.488889337786356,2.0879257494099526,0.6965260331469922,0.6065671585425689,-1.0837879079430823,1.956080305774372,1.1547005383792517,1.3416407864998738,0.4472135954999579
575,2026,1,1955945,2026-01-28,Vitoria 2 x 0 Remo,4617,Remo,61.82,38.18,Fora,-0.5200539792915878,-0.6588508461656144,-0.693995348906156,-0.4384579830959699,-0.4992546524623209,1.1405723522866575,0.5690765082870942,-1.0934427532175581,-0.5923717722317371,0.12989123280893233,-0.12043340542469799,-2.1096474536992678,-2.4863476043861277,0.7069732009867751,0.3042814086253461,-0.7771529187766488,1.5753062855823126,0.4405355815867715,-0.9815325017929882,-2.6651254924815904,-0.4693098519147364,-0.31385198782597606,-1.7541046816315158,0.42472511507229993,0.5688684060619154,-0.8754208799775305,-0.7371623702608653,0.29382160305583266,-0.9081572888133487,-0.1918014620285357,-0.8333709905679567,-0.7484834601164637,-0.0032287340436815003,-1.4362315530228087,-0.12257018328885369,-1.0047819102504287,2.4480232350984705,-0.02579029487487897,-0.2018018381988936,-0.2285210592388345,-1.2935483472729858,-0.3304383828189453,0.49480523797125553,-0.3493454081523079,-1.1547005383792517,-0.4472135954999579,-1.3416407864998738
576,2026,1,1955948,2026-01-28,Chapecoense AF 4 x 2 Santos FC,8865,Chapecoense AF,30.59,69.41,Casa,-1.387619668771955,-1.9763081008814065,-0.6773111194842949,-0.9209066343250517,-0.1941105569472405,-2.19092550314808,-0.9015706479604517,-1.1081523663273423,-1.6080289659625393,-0.34119093618687,-2.7189145864404383,0.18263796478773087,0.8615105657073294,-1.6496041356358082,-1.5843439235071077,-0.7771529187766488,-0.7965527555463122,-1.004270086222902,-2.5732068290248615,-2.098077515357848,-0.6749502604700923,-1.4841475356516485,-0.6597089335867488,-1.3896345997996613,-0.8221767605450329,-0.8754208799775305,-0.7371623702608653,-0.5755653120848884,1.0822076023706848,-1.6781861947217196,2.0445406419662038,-0.26062260708236973,-0.6473809849342929,-0.24710849218267783,-1.110950865461517,-1.1145941408788909,-1.5786500887881525,-1.2293373890358947,-0.2018018381988936,-0.6602082419685298,1.6915632233569813,0.7546316087573258,-1.3468867655954722,0.440137242003884,1.1547005383792517,-0.4472135954999579,2.23606797749979
577,2026,1,1955948,2026-01-28,Chapecoense AF 4 x 2 Santos FC,1241,Santos FC,69.41,30.59,Fora,0.2481724927910275,1.288109010052664,1.5055967328288509,1.2037530798064975,0.14082676679233103,-0.5744923067809539,-1.0933941900796968,-0.6705413763112723,1.5165788692801727,0.26062260708236973,0.6473809849342929,0.24710849218267783,0.265346192854898,1.6047169482715686,1.9351358417006914,-0.3329453190620251,-1.2690947207470895,0.29249768627671147,0.8754208799775305,0.7371623702608653,0.5755653120848884,-0.10107097913039928,1.6365998007820228,1.496846764769368,1.6006220999548395,2.5732068290248615,2.098077515357848,0.6749502604700923,1.3299204661694046,1.6781861947217196,-0.884236710852738,0.34119093618687,2.7189145864404383,-0.18263796478773087,0.6005495028515629,0.6424015491765038,-0.4804664550008918,1.8654979959495743,-0.874474632195206,-0.3690401549521925,0.6965260331469922,-1.2327964721732447,1.5561699478189641,-0.4891959479297646,-1.1547005383792517,-2.23606797749979,0.4472135954999579
