,Temporada,round,game_id,date,fixture,team_id,team_name,team_possession,opponent_possession,place,defensive_height,high_recoveries_%,PPDA,fouls_in_attacking_half_%,defensive_intensity,avg_time_to_defensive_action,counter_press_Success_Rate_%,transition_vulnerability_index,opposition_final_third_entries_10s,opposition_box_entries_10s,time_to_progression_seconds,first_pass_forward_pct,final_third_entries_10s_pct,box_entries_10s_pct,retained_possessions_5s_pct,long_ball_%,buildup_%,progressive_passes_%,crosses_per_final_third_entry,dribbles_per_final_third_entry,box_entries_from_crosses,box_entries_from_carries,sustained_attacks,direct_attack,shots_per_final_third_pass,shots_outside_box
0,2026,1,1955925,2026-01-28,Fluminense 2 x 1 Gremio,1232,Fluminense,49.72,50.28,Casa,37.03665,10.204081632653061,10.961538461538462,84.61538461538461,130,43.674418604651166,2.3255813953488373,0.13953488372093023,7,2,13.25,75.51020408163265,9.090909090909092,6.25,40.243902439024396,7.0686070686070686,37.5,18.64406779661017,0.20588235294117646,0.4411764705882353,8.333333333333332,16.666666666666664,71.42857142857143,28.57142857142857,0.07633587786259542,30.0
1,2026,1,1955925,2026-01-28,Fluminense 2 x 1 Gremio,1244,Gremio,50.28,49.72,Fora,35.17977272727273,8.88888888888889,15.789473684210526,61.53846153846154,121,57.06172839506173,2.4096385542168677,0.16470588235294117,8,1,13.705882352941176,82.22222222222221,11.428571428571429,10.0,41.72185430463576,14.222222222222221,16.666666666666664,24.0,0.4375,0.375,37.5,0.0,55.55555555555556,44.44444444444444,0.0784313725490196,16.666666666666664
2,2026,1,1955931,2026-01-28,Corinthians 1 x 2 Bahia,1221,Bahia,40.83,59.17,Fora,38.43831683168317,3.7037037037037033,13.428571428571429,57.14285714285714,119,55.43617021276596,0.0,0.16842105263157894,14,3,20.24,74.07407407407408,9.523809523809524,0.0,34.07821229050279,11.692307692307692,11.11111111111111,22.674418604651162,0.3333333333333333,0.4166666666666667,10.0,20.0,37.5,62.5,0.09615384615384616,30.0
3,2026,1,1955931,2026-01-28,Corinthians 1 x 2 Bahia,1237,Corinthians,59.17,40.83,Casa,35.345847457627116,3.1746031746031744,10.6,42.857142857142854,133,35.078947368421055,3.8461538461538463,0.18666666666666668,8,2,16.0,66.66666666666666,16.0,7.6923076923076925,44.37869822485207,10.526315789473683,66.66666666666666,22.393822393822393,0.3333333333333333,0.2222222222222222,31.57894736842105,5.263157894736842,50.0,42.857142857142854,0.11486486486486487,41.17647058823529
4,2026,1,1955937,2026-01-28,Atletico MG 2 x 2 Palmeiras,1234,Palmeiras,43.52,56.48,Fora,42.021,20.0,8.766666666666667,40.0,87,76.57142857142857,3.125,0.16393442622950818,8,1,6.5,80.0,13.333333333333334,10.0,50.847457627118644,11.436950146627565,20.0,16.783216783216783,0.7777777777777778,0.5555555555555556,28.57142857142857,14.285714285714285,20.0,60.0,0.1511627906976744,38.46153846153847
5,2026,1,1955937,2026-01-28,Atletico MG 2 x 2 Palmeiras,1235,Atletico MG,56.48,43.52,Casa,43.22645833333333,8.571428571428571,9.88,71.42857142857143,91,70.86792452830188,3.7735849056603774,0.07142857142857142,4,1,8.75,62.857142857142854,8.695652173913043,0.0,48.507462686567166,12.962962962962962,28.57142857142857,21.182266009852217,0.2903225806451613,0.16129032258064516,20.0,20.0,55.55555555555556,44.44444444444444,0.12844036697247707,50.0
6,2026,1,1955940,2026-01-28,Internacional 0 x 1 Athletico Paranaense,1243,Athletico Paranaense,28.62,71.38,Fora,33.40767326732673,11.627906976744185,22.2,63.63636363636363,102,50.144578313253014,5.952380952380952,0.1875,3,4,27.2,76.74418604651163,3.0303030303030303,10.0,29.81366459627329,20.425531914893615,16.666666666666664,26.72413793103448,0.2608695652173913,0.17391304347826086,0.0,28.57142857142857,33.33333333333333,50.0,0.09375,33.33333333333333
7,2026,1,1955940,2026-01-28,Internacional 0 x 1 Athletico Paranaense,1219,Internacional,71.38,28.62,Casa,44.46564705882352,18.367346938775512,6.32,61.53846153846154,104,65.40449438202248,0.0,0.18421052631578946,4,1,8.235294117647058,69.38775510204081,0.0,22.22222222222222,46.89265536723164,7.9470198675496695,40.0,23.768115942028984,0.4791666666666667,0.1875,23.809523809523807,19.047619047619047,46.15384615384615,46.15384615384615,0.09644670050761421,36.84210526315789
8,2026,1,1955943,2026-01-28,Coritiba 0 x 1 Red Bull Bragantino,1236,Coritiba,25.79,74.21,Casa,29.30679775280899,2.857142857142857,13.4,33.33333333333333,116,75.75384615384615,2.941176470588235,0.2727272727272727,15,3,23.384615384615383,71.42857142857143,12.903225806451612,0.0,28.368794326241137,25.423728813559322,0.0,31.88405797101449,0.13043478260869565,0.17391304347826086,20.0,40.0,33.33333333333333,66.66666666666666,0.17391304347826086,75.0
9,2026,1,1955943,2026-01-28,Coritiba 0 x 1 Red Bull Bragantino,5438,Red Bull Bragantino,74.21,25.79,Fora,47.705,10.0,5.7272727272727275,63.1578947368421,105,47.107142857142854,2.380952380952381,0.24444444444444444,7,0,8.65,67.5,34.48275862068966,9.090909090909092,51.49700598802395,9.643605870020965,0.0,28.04878048780488,0.5555555555555556,0.3111111111111111,20.0,26.666666666666668,37.03703703703704,55.55555555555556,0.15706806282722513,66.66666666666666
10,2026,1,1955945,2026-01-28,Vitoria 2 x 0 Remo,1238,Vitoria,38.18,61.82,Casa,35.63074468085106,8.333333333333332,16.0,69.23076923076923,110,70.11267605633803,2.8169014084507045,0.1323529411764706,5,1,9.421052631578947,79.16666666666666,21.62162162162162,27.27272727272727,35.44303797468354,14.23841059602649,11.11111111111111,25.97402597402597,0.22857142857142856,0.14285714285714285,16.666666666666664,20.833333333333336,46.666666666666664,40.0,0.2,25.0
11,2026,1,1955945,2026-01-28,Vitoria 2 x 0 Remo,4617,Remo,61.82,38.18,Fora,35.07648148148149,0.0,7.64,70.58823529411765,115,34.26027397260274,1.3513513513513513,0.17073170731707318,12,7,26.636363636363637,75.0,5.714285714285714,0.0,46.93877551020408,7.819905213270142,44.44444444444444,19.45525291828794,0.5454545454545454,0.09090909090909091,33.33333333333333,0.0,25.0,58.333333333333336,0.14583333333333334,57.14285714285714
12,2026,1,1955948,2026-01-28,Chapecoense AF 4 x 2 Santos FC,8865,Chapecoense AF,30.59,69.41,Casa,29.89875,6.896551724137931,22.76923076923077,30.0,92,68.71830985915493,1.3513513513513513,0.17,18,6,7.3,62.06896551724138,21.73913043478261,0.0,37.00787401574803,22.866894197952217,11.11111111111111,20.408163265306122,0.21739130434782608,0.13043478260869565,25.0,12.5,25.0,50.0,0.12962962962962962,57.14285714285714
13,2026,1,1955948,2026-01-28,Chapecoense AF 4 x 2 Santos FC,1241,Santos FC,69.41,30.59,Fora,45.82772727272727,11.904761904761903,15.428571428571429,60.0,89,75.58333333333333,2.272727272727273,0.24615384615384617,5,1,10.35,64.28571428571429,37.5,22.22222222222222,54.3046357615894,7.553956834532374,50.0,17.60797342192691,0.6170212765957447,0.2553191489361702,31.818181818181817,13.636363636363635,57.89473684210527,36.84210526315789,0.1111111111111111,60.0
14,2026,1,1955929,2026-01-29,Sao Paulo 2 x 1 Flamengo,1239,Flamengo,61.28,38.72,Fora,44.2981875,14.545454545454545,11.807692307692308,54.54545454545454,105,51.62765957446808,6.382978723404255,0.1346153846153846,8,2,10.11111111111111,70.9090909090909,8.571428571428571,10.0,46.98795180722892,7.664233576642336,100.0,14.754098360655737,0.3684210526315789,0.2894736842105263,10.526315789473683,10.526315789473683,66.66666666666666,25.0,0.09090909090909091,40.0
15,2026,1,1955929,2026-01-29,Sao Paulo 2 x 1 Flamengo,1224,Sao Paulo,38.72,61.28,Casa,34.321875,3.508771929824561,12.379310344827585,35.714285714285715,132,41.01204819277108,2.4096385542168677,0.07339449541284404,8,3,9.142857142857142,66.66666666666666,6.8181818181818175,15.384615384615385,37.66233766233766,16.358839050131927,10.0,17.791411042944784,0.5,0.2,16.666666666666664,33.33333333333333,55.55555555555556,33.33333333333333,0.13513513513513514,50.0
16,2026,1,1955934,2026-01-29,Mirassol 2 x 1 Vasco da Gama,1226,Vasco da Gama,53.13,46.87,Fora,37.93232876712329,5.0,14.045454545454545,70.0,95,60.77049180327869,8.064516129032258,0.2033898305084746,6,0,19.72222222222222,65.0,17.24137931034483,18.181818181818183,50.37037037037037,8.993576017130621,12.5,21.49532710280374,0.5454545454545454,0.3333333333333333,38.46153846153847,15.384615384615385,66.66666666666666,25.0,0.09848484848484848,53.84615384615385
17,2026,1,1955934,2026-01-29,Mirassol 2 x 1 Vasco da Gama,6332,Mirassol,46.87,53.13,Casa,41.24096385542169,11.11111111111111,9.548387096774194,62.5,110,42.405797101449274,2.7777777777777777,0.09090909090909091,10,3,23.636363636363637,69.44444444444444,5.0,0.0,42.7536231884058,9.24170616113744,33.33333333333333,15.343915343915343,0.7894736842105263,0.2631578947368421,57.14285714285714,0.0,40.0,50.0,0.13,53.84615384615385
18,2026,1,1955927,2026-01-30,Botafogo RJ 4 x 0 Cruzeiro,1227,Botafogo RJ,46.24,53.76,Casa,33.22315068493151,2.857142857142857,18.352941176470587,60.0,79,79.48333333333333,0.0,0.09859154929577464,8,2,24.58823529411765,71.42857142857143,13.793103448275861,16.666666666666664,41.732283464566926,10.344827586206897,16.666666666666664,22.435897435897438,0.4230769230769231,0.23076923076923078,25.0,16.666666666666664,50.0,37.5,0.10416666666666667,20.0
19,2026,1,1955927,2026-01-30,Botafogo RJ 4 x 0 Cruzeiro,1230,Cruzeiro,53.76,46.24,Fora,38.343445945945945,10.256410256410255,11.347826086956522,41.66666666666667,87,41.847457627118644,5.084745762711865,0.13846153846153847,8,3,13.176470588235293,52.63157894736842,17.24137931034483,20.0,48.0,7.111111111111111,60.0,15.56420233463035,0.2608695652173913,0.34782608695652173,40.0,15.0,53.84615384615385,30.76923076923077,0.1452991452991453,17.647058823529413
20,2026,2,1955928,2026-02-04,Remo 2 x 2 Mirassol,4617,Remo,32.64,67.36,Casa,39.48276315789474,14.893617021276595,9.5,73.33333333333333,125,63.61842105263158,2.631578947368421,0.11267605633802817,3,1,6.153846153846154,61.702127659574465,17.857142857142858,21.052631578947366,38.81578947368421,18.40277777777778,11.11111111111111,30.612244897959183,0.26666666666666666,0.23333333333333334,11.11111111111111,0.0,20.0,60.0,0.1592920353982301,55.55555555555556
21,2026,2,1955928,2026-02-04,Remo 2 x 2 Mirassol,6332,Mirassol,67.36,32.64,Fora,34.127592592592585,2.564102564102564,10.5,66.66666666666666,101,72.13861386138613,2.941176470588235,0.2839506172839506,12,5,14.7,63.1578947368421,2.857142857142857,0.0,46.24277456647399,10.590631364562118,62.5,20.29520295202952,0.42424242424242425,0.3333333333333333,46.666666666666664,13.333333333333334,66.66666666666666,33.33333333333333,0.06299212598425197,12.5
22,2026,2,1955951,2026-02-04,Flamengo 1 x 1 Internacional,1239,Flamengo,68.76,31.24,Casa,48.3525,13.461538461538462,6.696969696969697,75.0,119,36.98780487804878,1.2195121951219512,0.125,6,1,16.40909090909091,73.07692307692307,6.666666666666667,4.545454545454546,46.3855421686747,7.628524046434494,42.857142857142854,14.285714285714285,0.5333333333333333,0.3333333333333333,31.818181818181817,18.181818181818183,53.84615384615385,46.15384615384615,0.07981220657276995,29.411764705882355
23,2026,2,1955951,2026-02-04,Flamengo 1 x 1 Internacional,1219,Internacional,31.24,68.76,Fora,31.611621621621627,6.382978723404255,16.85,50.0,118,52.3,5.0,0.18,12,2,9.0,74.46808510638297,10.81081081081081,0.0,30.23255813953488,16.08832807570978,8.333333333333332,19.736842105263158,0.17391304347826086,0.13043478260869565,0.0,14.285714285714285,37.5,25.0,0.12162162162162163,77.77777777777779
24,2026,2,1955956,2026-02-04,Santos FC 1 x 1 Sao Paulo,1241,Santos FC,51.42,48.58,Casa,42.5396511627907,13.953488372093023,12.272727272727273,66.66666666666666,108,55.98947368421052,2.0408163265306123,0.14457831325301204,5,3,7.666666666666667,72.09302325581395,25.0,6.666666666666667,41.040462427745666,11.450381679389313,28.57142857142857,23.008849557522122,0.46153846153846156,0.1794871794871795,37.5,12.5,0.0,66.66666666666666,0.10084033613445378,50.0
25,2026,2,1955956,2026-02-04,Santos FC 1 x 1 Sao Paulo,1224,Sao Paulo,48.58,51.42,Fora,33.648529411764706,8.771929824561402,8.466666666666667,47.61904761904761,137,30.303797468354432,3.79746835443038,0.17582417582417584,10,1,21.130434782608695,75.43859649122807,6.666666666666667,16.666666666666664,39.62264150943396,11.195928753180661,0.0,19.072164948453608,0.36,0.12,35.714285714285715,0.0,50.0,50.0,0.07207207207207207,12.5
26,2026,2,1955962,2026-02-04,Red Bull Bragantino 1 x 0 Atletico MG,5438,Red Bull Bragantino,45.17,54.83,Casa,35.19489473684211,15.151515151515152,11.391304347826088,85.71428571428571,108,59.183098591549296,1.36986301369863,0.05454545454545454,5,1,33.13333333333333,51.515151515151516,20.0,12.5,42.038216560509554,17.5531914893617,0.0,29.09090909090909,0.5555555555555556,0.5555555555555556,38.46153846153847,30.76923076923077,30.76923076923077,53.84615384615385,0.13970588235294118,47.368421052631575
27,2026,2,1955962,2026-02-04,Red Bull Bragantino 1 x 0 Atletico MG,1235,Atletico MG,54.83,45.17,Fora,31.12980769230769,6.451612903225806,13.38888888888889,75.0,105,63.871428571428574,1.2987012987012987,0.2,6,2,24.22222222222222,80.64516129032258,12.0,0.0,47.4025974025974,15.632754342431761,16.666666666666664,18.07909604519774,0.5217391304347826,0.30434782608695654,18.181818181818183,18.181818181818183,50.0,50.0,0.09375,50.0
28,2026,2,1955926,2026-02-05,Bahia 1 x 1 Fluminense,1221,Bahia,43.6,56.4,Casa,38.240769230769224,9.615384615384617,15.045454545454545,66.66666666666666,113,48.55882352941177,1.4084507042253522,0.22058823529411764,13,4,10.444444444444445,63.46153846153846,27.027027027027028,20.0,45.09803921568628,13.586956521739129,0.0,26.262626262626267,0.4,0.2571428571428571,27.77777777777778,27.77777777777778,18.75,68.75,0.16666666666666666,26.31578947368421
29,2026,2,1955926,2026-02-05,Bahia 1 x 1 Fluminense,1232,Fluminense,56.4,43.6,Fora,35.07984375,4.545454545454546,8.961538461538462,69.23076923076923,106,36.183098591549296,0.0,0.2916666666666667,15,4,9.214285714285714,77.27272727272727,23.684210526315788,16.666666666666664,52.85714285714286,7.7227722772277225,0.0,19.54022988505747,0.25,0.42857142857142855,11.11111111111111,38.88888888888889,38.46153846153847,46.15384615384615,0.09774436090225563,38.46153846153847
30,2026,2,1955953,2026-02-05,Vasco da Gama 1 x 1 Chapecoense AF,1226,Vasco da Gama,68.72,31.28,Casa,47.95318181818182,14.545454545454545,8.172413793103448,53.333333333333336,127,44.1219512195122,4.819277108433735,0.0851063829787234,1,0,13.157894736842104,52.72727272727272,16.129032258064516,13.043478260869565,42.22222222222222,9.983079526226735,16.666666666666664,16.969696969696972,0.7380952380952381,0.2857142857142857,48.275862068965516,13.793103448275861,55.55555555555556,38.88888888888889,0.1388888888888889,30.0
31,2026,2,1955953,2026-02-05,Vasco da Gama 1 x 1 Chapecoense AF,8865,Chapecoense AF,31.28,68.72,Fora,25.866627906976746,2.7777777777777777,25.25,54.54545454545454,103,74.50666666666666,0.0,0.144,16,4,43.06666666666667,75.0,3.125,0.0,30.344827586206897,15.384615384615385,0.0,23.846153846153847,0.2857142857142857,0.14285714285714285,25.0,0.0,50.0,33.33333333333333,0.14583333333333334,57.14285714285714
32,2026,2,1955959,2026-02-05,Palmeiras 5 x 1 Vitoria,1238,Vitoria,37.51,62.49,Fora,33.01011235955056,8.108108108108109,14.238095238095237,56.25,110,42.028985507246375,1.4084507042253522,0.1111111111111111,8,1,14.071428571428571,83.78378378378379,18.75,20.0,34.81481481481482,10.638297872340425,0.0,23.28767123287671,0.34782608695652173,0.17391304347826086,33.33333333333333,16.666666666666664,33.33333333333333,50.0,0.10588235294117647,33.33333333333333
33,2026,2,1955959,2026-02-05,Palmeiras 5 x 1 Vitoria,1234,Palmeiras,62.49,37.51,Casa,38.16346153846154,5.88235294117647,10.666666666666666,61.53846153846154,101,43.53125,7.462686567164178,0.14285714285714285,8,1,11.071428571428571,73.52941176470588,20.0,0.0,48.226950354609926,8.685446009389672,0.0,18.565400843881857,0.2647058823529412,0.17647058823529413,15.384615384615385,15.384615384615385,54.54545454545454,18.181818181818183,0.15178571428571427,41.17647058823529
34,2026,2,1955968,2026-02-05,Gremio 5 x 3 Botafogo RJ,1244,Gremio,45.48,54.52,Casa,44.12123595505618,6.666666666666667,12.310344827586206,46.15384615384615,110,55.19642857142857,0.0,0.0851063829787234,3,0,9.333333333333334,68.88888888888889,21.21212121212121,8.333333333333332,43.18181818181818,13.920454545454545,0.0,16.431924882629108,0.4074074074074074,0.2962962962962963,28.57142857142857,28.57142857142857,37.5,50.0,0.1625,30.76923076923077
35,2026,2,1955968,2026-02-05,Gremio 5 x 3 Botafogo RJ,1227,Botafogo RJ,54.52,45.48,Fora,32.854791666666664,0.0,17.266666666666666,37.5,89,62.26086956521739,2.8169014084507045,0.18072289156626506,10,2,34.526315789473685,63.888888888888886,8.571428571428571,0.0,52.38095238095239,7.43099787685775,42.857142857142854,16.666666666666664,0.14814814814814814,0.1111111111111111,10.0,20.0,37.5,37.5,0.11842105263157894,22.22222222222222
36,2026,2,1955965,2026-02-06,Cruzeiro 1 x 2 Coritiba,1236,Coritiba,28.94,71.06,Fora,30.591250000000006,2.380952380952381,18.375,35.294117647058826,99,85.11428571428571,2.8169014084507045,0.2222222222222222,7,3,28.8,80.95238095238095,8.571428571428571,14.285714285714285,33.33333333333333,17.472118959107807,7.6923076923076925,24.752475247524753,0.15384615384615385,0.3076923076923077,13.333333333333334,33.33333333333333,25.0,50.0,0.13513513513513514,40.0
37,2026,2,1955965,2026-02-06,Cruzeiro 1 x 2 Coritiba,1230,Cruzeiro,71.06,28.94,Casa,38.95022727272728,8.571428571428571,13.571428571428571,66.66666666666666,83,79.94736842105263,2.5316455696202533,0.3,6,3,12.5,71.42857142857143,12.5,9.090909090909092,51.02040816326531,4.2477876106194685,57.14285714285714,20.32258064516129,0.6122448979591837,0.22448979591836735,16.666666666666664,20.833333333333336,47.05882352941176,29.411764705882355,0.09268292682926829,42.10526315789473
38,2026,3,1955941,2026-02-11,Mirassol 2 x 2 Cruzeiro,6332,Mirassol,57.72,42.28,Casa,42.09017647058824,17.02127659574468,9.478260869565217,66.66666666666666,100,48.6764705882353,4.3478260869565215,0.10526315789473684,4,1,40.2,61.702127659574465,6.666666666666667,17.647058823529413,42.5531914893617,7.823960880195599,0.0,27.878787878787882,0.75,0.21428571428571427,15.0,10.0,22.22222222222222,72.22222222222221,0.13333333333333333,30.0
39,2026,3,1955941,2026-02-11,Mirassol 2 x 2 Cruzeiro,1230,Cruzeiro,42.28,57.72,Fora,34.26791666666667,9.67741935483871,13.777777777777779,60.0,81,101.83783783783784,3.79746835443038,0.1839080459770115,6,3,7.7,80.64516129032258,9.523809523809524,0.0,37.95620437956204,10.625,28.57142857142857,18.39080459770115,0.23529411764705882,0.5294117647058824,0.0,50.0,42.857142857142854,57.14285714285714,0.09876543209876543,37.5
40,2026,2,1955944,2026-02-11,Atletico MG 3 x 3 Remo,1235,Atletico MG,60.56,39.44,Casa,32.41203488372093,4.761904761904762,16.153846153846153,63.63636363636363,92,79.29629629629629,0.0,0.234375,8,2,26.0,78.57142857142857,14.285714285714285,14.285714285714285,46.06060606060606,11.506276150627615,44.44444444444444,26.74897119341564,0.2926829268292683,0.3902439024390244,20.0,30.0,62.5,31.25,0.12080536912751678,27.77777777777778
41,2026,2,1955944,2026-02-11,Atletico MG 3 x 3 Remo,4617,Remo,39.44,60.56,Fora,39.652741935483874,7.894736842105263,15.095238095238095,64.28571428571429,105,70.671875,1.5384615384615385,0.125,8,2,16.4375,68.42105263157895,19.230769230769234,8.333333333333332,38.88888888888889,11.044776119402986,11.11111111111111,24.46808510638298,0.4375,0.0625,12.5,25.0,33.33333333333333,53.333333333333336,0.16981132075471697,38.88888888888889
42,2026,3,1955952,2026-02-11,Vitoria 1 x 2 Flamengo,1238,Vitoria,45.01,54.99,Casa,44.601375,7.6923076923076925,11.5,50.0,103,70.34831460674157,1.1111111111111112,0.10526315789473684,6,1,14.25,74.35897435897436,8.695652173913043,12.5,36.809815950920246,13.975155279503104,20.0,19.662921348314608,0.4782608695652174,0.13043478260869565,25.0,0.0,0.0,80.0,0.08653846153846154,22.22222222222222
43,2026,3,1955952,2026-02-11,Vitoria 1 x 2 Flamengo,1239,Flamengo,54.99,45.01,Fora,36.56019230769231,7.142857142857142,7.482758620689655,61.904761904761905,109,51.82666666666667,2.631578947368421,0.19696969696969696,10,3,40.611111111111114,69.04761904761905,9.67741935483871,9.090909090909092,40.50632911392405,9.579439252336448,25.0,21.31782945736434,0.08333333333333333,0.375,20.0,10.0,75.0,25.0,0.05172413793103448,33.33333333333333
44,2026,3,1955955,2026-02-11,Chapecoense AF 3 x 3 Coritiba,1236,Coritiba,47.36,52.64,Fora,32.515,5.0,19.1875,37.5,107,49.62686567164179,1.4705882352941175,0.20430107526881722,11,3,9.863636363636363,75.0,14.285714285714285,0.0,39.285714285714285,17.016317016317018,10.0,23.943661971830984,0.23076923076923078,0.23076923076923078,27.27272727272727,9.090909090909092,75.0,12.5,0.1625,38.46153846153847
45,2026,3,1955955,2026-02-11,Chapecoense AF 3 x 3 Coritiba,8865,Chapecoense AF,52.64,47.36,Casa,38.697750000000006,15.0,56.333333333333336,25.0,88,64.51470588235294,2.857142857142857,0.14084507042253522,7,0,25.0,72.5,23.076923076923077,15.384615384615385,48.091603053435115,11.1358574610245,12.5,29.01960784313726,0.5172413793103449,0.2413793103448276,50.0,21.428571428571427,43.75,37.5,0.16666666666666666,47.61904761904761
46,2026,3,1955930,2026-02-12,Fluminense 1 x 0 Botafogo RJ,1232,Fluminense,43.16,56.84,Casa,38.216499999999996,7.317073170731707,8.76,61.111111111111114,115,57.68421052631579,5.194805194805195,0.13333333333333333,4,0,29.066666666666666,68.29268292682927,13.333333333333334,0.0,44.274809160305345,12.074303405572756,0.0,26.875,0.3333333333333333,0.7142857142857143,14.285714285714285,28.57142857142857,44.44444444444444,44.44444444444444,0.09090909090909091,20.0
47,2026,3,1955930,2026-02-12,Fluminense 1 x 0 Botafogo RJ,1227,Botafogo RJ,56.84,43.16,Fora,34.11272727272728,14.285714285714285,12.823529411764707,72.72727272727273,94,54.54054054054054,2.666666666666667,0.25,7,1,12.833333333333334,74.28571428571429,12.0,0.0,43.57142857142857,11.11111111111111,16.666666666666664,22.424242424242426,0.25,0.375,16.666666666666664,0.0,100.0,0.0,0.046296296296296294,40.0
48,2026,3,1955933,2026-02-12,Vasco da Gama 0 x 1 Bahia,1226,Vasco da Gama,60.92,39.08,Casa,43.392096774193554,21.568627450980394,7.88,66.66666666666666,118,52.55813953488372,2.2988505747126435,0.13043478260869565,7,1,14.444444444444445,76.47058823529412,9.090909090909092,27.77777777777778,44.6927374301676,8.641975308641975,33.33333333333333,23.902439024390244,1.0,0.5675675675675675,38.70967741935484,9.67741935483871,30.434782608695656,56.52173913043478,0.13402061855670103,38.46153846153847
49,2026,3,1955933,2026-02-12,Vasco da Gama 0 x 1 Bahia,1221,Bahia,39.08,60.92,Fora,31.39416666666667,12.76595744680851,11.083333333333334,78.57142857142857,131,52.31428571428572,1.4285714285714286,0.1619047619047619,7,5,22.384615384615383,53.191489361702125,8.571428571428571,8.333333333333332,35.97560975609756,13.175675675675674,16.666666666666664,20.14388489208633,0.2962962962962963,0.18518518518518517,0.0,16.666666666666664,20.0,40.0,0.09876543209876543,62.5
50,2026,3,1955936,2026-02-12,Sao Paulo 2 x 0 Gremio,1244,Gremio,45.22,54.78,Fora,32.895172413793105,5.128205128205128,16.88235294117647,50.0,94,57.816901408450704,1.3888888888888888,0.1485148514851485,16,3,19.928571428571427,64.1025641025641,3.225806451612903,25.0,39.166666666666664,16.535433070866144,13.333333333333334,15.92039800995025,0.3076923076923077,0.15384615384615385,55.55555555555556,0.0,66.66666666666666,33.33333333333333,0.058823529411764705,20.0
51,2026,3,1955936,2026-02-12,Sao Paulo 2 x 0 Gremio,1224,Sao Paulo,54.78,45.22,Casa,43.88125,7.4074074074074066,11.28,81.81818181818183,102,44.75757575757576,7.352941176470589,0.10294117647058823,4,2,19.85185185185185,64.81481481481481,24.390243902439025,15.384615384615385,47.333333333333336,6.538461538461539,50.0,20.930232558139537,0.27450980392156865,0.27450980392156865,22.727272727272727,13.636363636363635,46.15384615384615,38.46153846153847,0.08695652173913043,37.5
52,2026,3,1955938,2026-02-12,Corinthians 2 x 0 Red Bull Bragantino,5438,Red Bull Bragantino,40.68,59.32,Fora,43.45384615384615,9.090909090909092,11.548387096774194,58.333333333333336,98,57.608108108108105,1.3333333333333335,0.12048192771084337,5,2,17.3,66.66666666666666,9.523809523809524,0.0,39.86013986013986,17.93103448275862,10.0,22.875816993464053,0.2608695652173913,0.21739130434782608,16.666666666666664,33.33333333333333,50.0,33.33333333333333,0.09876543209876543,75.0
53,2026,3,1955938,2026-02-12,Corinthians 2 x 0 Red Bull Bragantino,1237,Corinthians,59.32,40.68,Casa,42.47653846153847,9.523809523809524,11.277777777777779,47.05882352941176,97,44.885714285714286,4.054054054054054,0.15384615384615385,4,0,24.95,57.14285714285714,8.823529411764707,12.5,46.20253164556962,12.276785714285714,28.57142857142857,17.061611374407583,0.25,0.21428571428571427,20.0,33.33333333333333,28.57142857142857,42.857142857142854,0.1511627906976744,30.76923076923077
54,2026,3,1955950,2026-02-12,Athletico Paranaense 2 x 1 Santos FC,1243,Athletico Paranaense,57.95,42.05,Casa,37.30721590909091,2.0408163265306123,7.814814814814815,80.0,101,56.40229885057471,2.2222222222222223,0.140625,9,4,13.636363636363637,69.38775510204081,17.073170731707318,12.5,44.51219512195122,13.131313131313133,16.666666666666664,24.107142857142858,0.4666666666666667,0.36666666666666664,30.0,15.0,30.0,60.0,0.11764705882352941,25.0
55,2026,3,1955950,2026-02-12,Athletico Paranaense 2 x 1 Santos FC,1241,Santos FC,42.05,57.95,Fora,35.378297872340426,2.4390243902439024,14.238095238095237,46.666666666666664,110,56.05,2.4691358024691357,0.16049382716049382,12,4,13.0,75.60975609756098,15.625,22.22222222222222,31.210191082802545,15.909090909090908,33.33333333333333,18.51851851851852,0.16666666666666666,0.13333333333333333,10.0,40.0,44.44444444444444,55.55555555555556,0.12345679012345678,40.0
56,2026,3,1955947,2026-02-13,Internacional 1 x 3 Palmeiras,1219,Internacional,60.9,39.1,Casa,46.32875,13.043478260869565,7.117647058823529,69.23076923076923,117,56.98684210526316,2.631578947368421,0.12280701754385964,7,3,35.8235294117647,60.86956521739131,6.0606060606060606,7.6923076923076925,46.103896103896105,7.216494845360824,66.66666666666666,19.101123595505616,0.6363636363636364,0.24242424242424243,33.33333333333333,11.11111111111111,57.89473684210527,36.84210526315789,0.14772727272727273,30.76923076923077
57,2026,3,1955947,2026-02-13,Internacional 1 x 3 Palmeiras,1234,Palmeiras,39.1,60.9,Fora,31.67325,5.128205128205128,10.833333333333334,50.0,99,59.77777777777778,3.076923076923077,0.08235294117647059,7,1,52.15384615384615,58.97435897435898,11.11111111111111,25.0,39.58333333333333,18.771331058020476,20.0,11.627906976744185,0.0,0.6,20.0,20.0,66.66666666666666,11.11111111111111,0.28205128205128205,36.36363636363637
58,2026,3,1955971,2026-02-19,Athletico Paranaense 0 x 1 Corinthians,1237,Corinthians,41.87,58.13,Fora,31.887987804878048,2.941176470588235,20.866666666666667,50.0,86,95.46666666666667,1.2658227848101267,0.08433734939759036,4,1,33.6,70.58823529411765,0.0,12.5,39.85507246376812,15.988372093023257,23.52941176470588,20.114942528735632,0.10526315789473684,0.10526315789473684,0.0,0.0,33.33333333333333,66.66666666666666,0.06451612903225806,100.0
59,2026,3,1955971,2026-02-19,Athletico Paranaense 0 x 1 Corinthians,1243,Athletico Paranaense,58.13,41.87,Casa,44.9544375,8.88888888888889,11.16,66.66666666666666,104,52.49295774647887,4.225352112676056,0.15254237288135594,5,1,15.75,66.66666666666666,6.666666666666667,7.6923076923076925,48.93617021276596,10.321100917431194,33.33333333333333,15.6,0.3225806451612903,0.2903225806451613,5.0,60.0,46.666666666666664,20.0,0.17307692307692307,44.44444444444444
60,2026,4,1955969,2026-02-25,Red Bull Bragantino 1 x 1 Athletico Paranaense,1243,Athletico Paranaense,61.09,38.91,Fora,38.420869565217394,4.761904761904762,11.625,50.0,90,74.71428571428571,2.7777777777777777,0.17391304347826086,5,1,20.2,78.57142857142857,12.5,20.0,47.368421052631575,12.661498708010335,40.0,30.128205128205128,0.5714285714285714,0.3142857142857143,31.25,6.25,33.33333333333333,41.66666666666667,0.10344827586206896,50.0
61,2026,4,1955969,2026-02-25,Red Bull Bragantino 1 x 1 Athletico Paranaense,5438,Red Bull Bragantino,38.91,61.09,Casa,35.71369565217391,2.564102564102564,10.944444444444445,44.44444444444444,98,39.60294117647059,4.285714285714286,0.1527777777777778,8,4,10.071428571428571,76.92307692307693,10.0,0.0,42.142857142857146,17.28395061728395,0.0,26.515151515151516,0.2608695652173913,0.34782608695652173,37.5,25.0,100.0,0.0,0.11475409836065574,57.14285714285714
62,2026,4,1955972,2026-02-25,Cruzeiro 1 x 1 Corinthians,1230,Cruzeiro,49.04,50.96,Casa,38.6966447368421,6.666666666666667,12.285714285714286,73.33333333333333,85,54.333333333333336,2.631578947368421,0.2608695652173913,6,2,13.375,73.33333333333333,18.181818181818183,0.0,53.333333333333336,13.445378151260504,11.11111111111111,26.47058823529412,0.3548387096774194,0.22580645161290322,11.76470588235294,41.17647058823529,22.22222222222222,44.44444444444444,0.1,54.54545454545454
63,2026,4,1955972,2026-02-25,Cruzeiro 1 x 1 Corinthians,1237,Corinthians,50.96,49.04,Fora,36.174,10.526315789473683,12.0,50.0,94,52.588235294117645,4.705882352941177,0.24,7,2,14.625,52.63157894736842,3.8461538461538463,16.666666666666664,45.925925925925924,16.020671834625322,12.5,26.6304347826087,0.5555555555555556,0.2222222222222222,66.66666666666666,0.0,33.33333333333333,66.66666666666666,0.03669724770642202,50.0
64,2026,4,1955977,2026-02-25,Coritiba 0 x 1 Sao Paulo,1224,Sao Paulo,58.57,41.43,Fora,42.17030487804878,7.317073170731707,9.384615384615385,52.63157894736842,113,48.96052631578947,2.5974025974025974,0.19047619047619047,8,1,9.363636363636363,73.17073170731707,15.625,0.0,50.78125,13.94422310756972,30.76923076923077,24.06015037593985,0.37037037037037035,0.2962962962962963,33.33333333333333,11.11111111111111,80.0,20.0,0.07547169811320754,25.0
65,2026,4,1955977,2026-02-25,Coritiba 0 x 1 Sao Paulo,1236,Coritiba,41.43,58.57,Casa,32.019246575342464,5.0,33.0,40.0,85,67.33333333333333,1.4925373134328357,0.1744186046511628,6,2,8.5625,66.66666666666666,17.24137931034483,9.090909090909092,46.09929078014184,14.782608695652174,40.0,26.519337016574585,0.5185185185185185,0.37037037037037035,53.84615384615385,7.6923076923076925,53.333333333333336,33.33333333333333,0.21428571428571427,50.0
66,2026,4,1955981,2026-02-25,Remo 1 x 1 Internacional,1219,Internacional,60.47,39.53,Fora,40.185891089108914,7.4074074074074066,8.37037037037037,71.42857142857143,107,54.6875,1.2195121951219512,0.2537313432835821,9,2,10.95,74.07407407407408,13.88888888888889,5.555555555555555,45.19774011299435,6.881720430107527,42.857142857142854,20.463320463320464,0.24390243902439024,0.4634146341463415,34.78260869565217,17.391304347826086,50.0,50.0,0.16822429906542055,44.44444444444444
67,2026,4,1955981,2026-02-25,Remo 1 x 1 Internacional,4617,Remo,39.53,60.47,Casa,35.45142857142857,9.523809523809524,14.130434782608695,50.0,115,46.18888888888889,1.1111111111111112,0.125,7,2,16.066666666666666,76.19047619047619,10.0,16.666666666666664,39.263803680981596,19.003115264797508,0.0,28.671328671328673,0.45714285714285713,0.11428571428571428,11.11111111111111,22.22222222222222,20.0,70.0,0.0990990990990991,45.45454545454545
68,2026,4,1955963,2026-02-26,Santos FC 2 x 1 Vasco da Gama,1241,Santos FC,37.0,63.0,Casa,39.091499999999996,9.615384615384617,8.81081081081081,73.68421052631578,140,44.35,3.7037037037037033,0.06521739130434782,4,4,10.2,75.0,11.11111111111111,12.5,31.952662721893493,11.666666666666666,25.0,21.29032258064516,0.15625,0.28125,21.428571428571427,14.285714285714285,62.5,12.5,0.09195402298850575,25.0
69,2026,4,1955963,2026-02-26,Santos FC 2 x 1 Vasco da Gama,1226,Vasco da Gama,63.0,37.0,Fora,42.346071428571435,7.8431372549019605,7.172413793103448,58.82352941176471,122,54.97402597402598,2.5,0.1875,6,3,24.0,62.745098039215684,4.878048780487805,44.44444444444444,48.58757062146893,9.388646288209607,0.0,20.704845814977972,0.35294117647058826,0.5,12.5,12.5,30.76923076923077,61.53846153846154,0.12903225806451613,50.0
70,2026,4,1955966,2026-02-26,Palmeiras 2 x 1 Fluminense,1232,Fluminense,64.14,35.86,Fora,35.63181818181818,12.5,10.578947368421053,50.0,103,55.28787878787879,2.898550724637681,0.18,6,3,20.727272727272727,75.0,11.11111111111111,7.6923076923076925,48.66666666666667,6.631762652705062,40.0,14.590747330960854,0.42424242424242425,0.21212121212121213,42.10526315789473,10.526315789473683,69.23076923076923,23.076923076923077,0.11464968152866242,44.44444444444444
71,2026,4,1955966,2026-02-26,Palmeiras 2 x 1 Fluminense,1234,Palmeiras,35.86,64.14,Casa,39.558461538461536,17.5,16.90909090909091,75.0,103,47.559322033898304,6.666666666666667,0.08974358974358974,6,2,46.15384615384615,67.5,11.538461538461538,23.076923076923077,38.970588235294116,13.355048859934854,0.0,27.559055118110237,0.21739130434782608,0.43478260869565216,18.75,18.75,0.0,88.88888888888889,0.12871287128712872,30.76923076923077
72,2026,4,1955975,2026-02-26,Gremio 2 x 1 Atletico MG,1235,Atletico MG,32.87,67.13,Fora,24.386515151515155,5.555555555555555,33.5,40.0,94,60.73972602739726,2.7027027027027026,0.20930232558139536,14,0,14.363636363636363,61.111111111111114,9.375,0.0,35.13513513513514,15.827338129496402,0.0,19.626168224299064,0.14285714285714285,0.47619047619047616,25.0,0.0,33.33333333333333,66.66666666666666,0.09195402298850575,75.0
73,2026,4,1955975,2026-02-26,Gremio 2 x 1 Atletico MG,1244,Gremio,67.13,32.87,Casa,45.14883333333334,6.976744186046512,5.363636363636363,71.42857142857143,113,41.71830985915493,4.166666666666666,0.11666666666666667,3,0,10.26086956521739,61.904761904761905,21.875,0.0,48.57142857142857,9.362549800796813,50.0,31.868131868131865,0.6216216216216216,0.40540540540540543,16.666666666666664,50.0,60.0,30.0,0.08695652173913043,66.66666666666666
74,2026,5,1955991,2026-03-11,Mirassol 2 x 2 Santos FC,1241,Santos FC,43.68,56.32,Fora,41.775192307692315,13.513513513513514,12.666666666666666,14.285714285714285,107,47.95,2.4390243902439024,0.14285714285714285,6,2,15.2,54.054054054054056,11.11111111111111,0.0,35.13513513513514,15.775401069518717,25.0,23.404255319148938,0.68,0.2,38.46153846153847,15.384615384615385,55.55555555555556,22.22222222222222,0.12096774193548387,40.0
75,2026,5,1955991,2026-03-11,Mirassol 2 x 2 Santos FC,6332,Mirassol,56.32,43.68,Casa,29.835638297872343,7.142857142857142,18.384615384615383,55.55555555555556,102,58.08695652173913,4.3478260869565215,0.23809523809523808,7,1,11.772727272727273,60.97560975609756,15.789473684210526,25.0,45.0,9.777777777777779,25.0,24.63054187192118,0.34285714285714286,0.17142857142857143,33.33333333333333,14.285714285714285,68.75,31.25,0.15625,40.0
76,2026,5,1955993,2026-03-11,Atletico MG 1 x 0 Internacional,1219,Internacional,65.12,34.88,Fora,48.10354838709678,7.6923076923076925,6.15625,65.0,138,50.494505494505496,2.197802197802198,0.12727272727272726,3,2,12.083333333333334,55.769230769230774,16.666666666666664,12.5,48.86363636363637,8.858267716535433,66.66666666666666,19.642857142857142,0.38,0.32,20.833333333333336,20.833333333333336,69.23076923076923,30.76923076923077,0.10270270270270271,47.368421052631575
77,2026,5,1955993,2026-03-11,Atletico MG 1 x 0 Internacional,1235,Atletico MG,34.88,65.12,Casa,29.315357142857142,5.405405405405405,16.38888888888889,43.75,120,53.08045977011494,2.2988505747126435,0.14285714285714285,11,3,20.0,56.75675675675676,9.090909090909092,0.0,35.80246913580247,21.85185185185185,0.0,18.01801801801802,0.06451612903225806,0.22580645161290322,20.0,10.0,0.0,80.0,0.11290322580645161,14.285714285714285
78,2026,5,1955998,2026-03-11,Bahia 1 x 1 Vitoria,1221,Bahia,64.36,35.64,Casa,47.790166666666664,10.256410256410255,5.621621621621622,41.17647058823529,118,48.13235294117647,6.944444444444445,0.1956521739130435,4,1,26.0,73.68421052631578,9.090909090909092,6.25,48.05194805194805,6.7368421052631575,71.42857142857143,20.948616600790515,0.3333333333333333,0.3333333333333333,33.33333333333333,16.666666666666664,40.0,50.0,0.07547169811320754,50.0
79,2026,5,1955998,2026-03-11,Bahia 1 x 1 Vitoria,1238,Vitoria,35.64,64.36,Fora,32.702616279069765,0.0,12.0,52.63157894736842,110,50.72857142857143,6.944444444444445,0.19298245614035087,7,2,39.3,80.55555555555556,6.666666666666667,14.285714285714285,32.8125,15.693430656934307,0.0,15.340909090909092,0.16666666666666666,0.2222222222222222,50.0,16.666666666666664,20.0,80.0,0.125,16.666666666666664
80,2026,5,1955983,2026-03-12,Flamengo 2 x 0 Cruzeiro,1239,Flamengo,37.4,62.6,Casa,38.65365,13.953488372093023,11.814814814814815,52.63157894736842,118,55.5,1.639344262295082,0.16363636363636364,2,0,32.36842105263158,60.46511627906976,5.714285714285714,14.285714285714285,43.97163120567376,9.043927648578812,40.0,22.22222222222222,0.14285714285714285,0.25,15.384615384615385,15.384615384615385,36.36363636363637,63.63636363636363,0.16483516483516483,20.0
81,2026,5,1955983,2026-03-12,Flamengo 2 x 0 Cruzeiro,1230,Cruzeiro,62.6,37.4,Fora,38.70522727272728,12.121212121212121,11.695652173913043,61.53846153846154,92,48.80281690140845,1.2987012987012987,0.15384615384615385,3,1,23.333333333333332,63.63636363636363,4.545454545454546,0.0,50.0,8.924949290060852,44.44444444444444,19.91701244813278,0.32142857142857145,0.21428571428571427,41.17647058823529,0.0,55.55555555555556,33.33333333333333,0.0948905109489051,23.076923076923077
82,2026,5,1955985,2026-03-12,Vasco da Gama 2 x 1 Palmeiras,1226,Vasco da Gama,49.25,50.75,Casa,39.468676470588235,14.545454545454545,12.272727272727273,83.33333333333334,117,57.88235294117647,5.88235294117647,0.1232876712328767,6,1,15.625,79.62962962962963,17.647058823529413,4.761904761904762,39.66480446927375,9.382151029748284,0.0,22.966507177033492,0.5227272727272727,0.22727272727272727,27.77777777777778,11.11111111111111,46.15384615384615,38.46153846153847,0.09340659340659341,64.70588235294117
83,2026,5,1955985,2026-03-12,Vasco da Gama 2 x 1 Palmeiras,1234,Palmeiras,50.75,49.25,Fora,33.844724409448816,8.0,8.071428571428571,61.111111111111114,135,36.37662337662338,6.25,0.1411764705882353,12,2,27.666666666666668,68.0,2.857142857142857,6.666666666666667,45.033112582781456,9.090909090909092,50.0,23.737373737373737,0.56,0.24,16.666666666666664,8.333333333333332,62.5,25.0,0.050955414012738856,62.5
84,2026,5,1955987,2026-03-12,Sao Paulo 2 x 0 Chapecoense AF,1224,Sao Paulo,65.08,34.92,Casa,36.378370786516854,8.16326530612245,8.181818181818182,84.61538461538461,119,57.595238095238095,2.3529411764705883,0.1111111111111111,2,1,18.73913043478261,75.51020408163265,17.94871794871795,44.44444444444444,45.02923976608187,10.317460317460316,0.0,19.09722222222222,0.6944444444444444,0.19444444444444445,46.666666666666664,0.0,54.54545454545454,45.45454545454545,0.09836065573770492,50.0
85,2026,5,1955987,2026-03-12,Sao Paulo 2 x 0 Chapecoense AF,8865,Chapecoense AF,34.92,65.08,Fora,31.908709677419353,6.451612903225806,18.5,75.0,96,69.58163265306122,0.0,0.15,12,4,9.285714285714286,54.83870967741935,7.4074074074074066,0.0,33.734939759036145,17.064846416382252,9.090909090909092,28.799999999999997,0.6190476190476191,0.3333333333333333,9.090909090909092,9.090909090909092,85.71428571428571,14.285714285714285,0.0707070707070707,57.14285714285714
86,2026,5,1955989,2026-03-12,Corinthians 0 x 2 Coritiba,1236,Coritiba,37.29,62.71,Fora,28.85241935483871,6.0606060606060606,15.0,55.55555555555556,85,60.294117647058826,1.4084507042253522,0.06666666666666667,7,2,5.777777777777778,81.81818181818183,10.714285714285714,0.0,31.57894736842105,21.782178217821784,11.11111111111111,33.75,0.2777777777777778,0.16666666666666666,16.666666666666664,33.33333333333333,0.0,0.0,0.05263157894736842,50.0
87,2026,5,1955989,2026-03-12,Corinthians 0 x 2 Coritiba,1237,Corinthians,62.71,37.29,Casa,41.65915384615385,6.666666666666667,5.304347826086956,53.333333333333336,73,99.82608695652173,1.3888888888888888,0.23076923076923078,3,0,24.066666666666666,73.33333333333333,5.263157894736842,18.181818181818183,52.51798561151079,10.350877192982457,25.0,23.411371237458194,0.6888888888888889,0.26666666666666666,46.666666666666664,6.666666666666667,66.66666666666666,33.33333333333333,0.04526748971193416,36.36363636363637
88,2026,5,1956000,2026-03-12,Remo 0 x 2 Fluminense,4617,Remo,31.3,68.7,Casa,38.458518518518524,15.0,26.647058823529413,45.45454545454545,108,70.64383561643835,2.7027027027027026,0.10752688172043011,6,0,5.571428571428571,70.0,22.22222222222222,8.333333333333332,38.15789473684211,13.311688311688311,20.0,28.415300546448087,0.45161290322580644,0.22580645161290322,33.33333333333333,11.11111111111111,14.285714285714285,71.42857142857143,0.10204081632653061,60.0
89,2026,5,1956000,2026-03-12,Remo 0 x 2 Fluminense,1232,Fluminense,68.7,31.3,Fora,33.22468085106383,8.333333333333332,8.5,57.14285714285714,112,43.48571428571429,10.0,0.22972972972972974,9,3,25.96,72.91666666666666,10.256410256410255,0.0,50.0,8.755760368663594,40.0,18.867924528301888,0.2,0.325,5.88235294117647,52.94117647058824,30.76923076923077,53.84615384615385,0.09090909090909091,40.0
90,2026,5,1955995,2026-03-13,Gremio 1 x 1 Red Bull Bragantino,5438,Red Bull Bragantino,62.07,37.93,Fora,43.49357142857142,8.771929824561402,7.064516129032258,61.53846153846154,125,48.92307692307692,5.063291139240507,0.2698412698412698,6,1,21.62857142857143,68.42105263157895,17.073170731707318,18.75,46.98795180722892,10.835214446952596,60.0,28.999999999999996,0.4473684210526316,0.23684210526315788,23.52941176470588,5.88235294117647,41.17647058823529,41.17647058823529,0.10989010989010989,45.0
91,2026,5,1955995,2026-03-13,Gremio 1 x 1 Red Bull Bragantino,1244,Gremio,37.93,62.07,Casa,31.56671875,4.3478260869565215,11.476190476190476,53.84615384615385,118,54.629629629629626,1.2048192771084338,0.19047619047619047,12,4,14.692307692307692,73.91304347826086,12.195121951219512,20.0,35.22012578616352,19.565217391304348,0.0,36.0,0.34782608695652173,0.43478260869565216,46.666666666666664,20.0,30.0,60.0,0.21311475409836064,30.76923076923077
92,2026,5,1956004,2026-03-14,Botafogo RJ 0 x 3 Flamengo,1239,Flamengo,56.76,43.24,Fora,42.03797872340426,12.76595744680851,9.882352941176471,50.0,108,54.0,4.615384615384616,0.1076923076923077,6,0,16.095238095238095,65.95744680851064,10.344827586206897,11.11111111111111,46.25850340136054,6.993006993006993,66.66666666666666,15.942028985507244,0.14705882352941177,0.23529411764705882,7.6923076923076925,30.76923076923077,61.53846153846154,38.46153846153847,0.11464968152866242,44.44444444444444
93,2026,5,1956004,2026-03-14,Botafogo RJ 0 x 3 Flamengo,1227,Botafogo RJ,43.24,56.76,Casa,36.33494117647059,4.761904761904762,16.714285714285715,56.25,102,51.92,3.8461538461538463,0.10638297872340426,10,2,24.666666666666668,64.28571428571429,10.81081081081081,0.0,47.40740740740741,10.688836104513063,33.33333333333333,20.94240837696335,0.30434782608695654,0.2608695652173913,16.666666666666664,33.33333333333333,33.33333333333333,50.0,0.10144927536231885,57.14285714285714
94,2026,6,1956018,2026-03-14,Vitoria 2 x 0 Atletico MG,1238,Vitoria,31.49,68.51,Casa,36.91625,2.083333333333333,10.5,77.77777777777779,133,36.608108108108105,2.7027027027027026,0.14705882352941177,5,0,21.5,63.829787234042556,13.157894736842104,0.0,30.864197530864196,17.768595041322314,0.0,23.52941176470588,0.37037037037037035,0.48148148148148145,0.0,16.666666666666664,57.14285714285714,42.857142857142854,0.1,22.22222222222222
95,2026,6,1956018,2026-03-14,Vitoria 2 x 0 Atletico MG,1235,Atletico MG,68.51,31.49,Fora,34.91833333333333,4.878048780487805,8.75,38.46153846153847,111,52.02298850574713,0.0,0.16071428571428573,8,1,15.714285714285714,73.17073170731707,9.090909090909092,0.0,46.2962962962963,10.975609756097562,75.0,21.88679245283019,0.5555555555555556,0.4166666666666667,50.0,7.142857142857142,50.0,40.0,0.07142857142857142,25.0
96,2026,6,1956002,2026-03-15,Fluminense 3 x 2 Athletico Paranaense,1243,Athletico Paranaense,22.66,77.34,Fora,36.69528169014085,7.142857142857142,22.36842105263158,55.55555555555556,80,85.91525423728814,5.0,0.06329113924050633,4,3,29.0,65.38461538461539,0.0,0.0,33.035714285714285,18.71345029239766,0.0,21.839080459770116,0.14285714285714285,0.21428571428571427,40.0,0.0,50.0,50.0,0.1,25.0
97,2026,6,1956002,2026-03-15,Fluminense 3 x 2 Athletico Paranaense,1232,Fluminense,77.34,22.66,Casa,40.55933823529412,10.256410256410255,7.388888888888889,78.57142857142857,82,55.191489361702125,6.25,0.13793103448275862,2,0,19.818181818181817,56.41025641025641,6.451612903225806,25.0,53.50877192982456,5.131964809384164,75.0,10.86350974930362,0.3333333333333333,0.3333333333333333,21.428571428571427,17.857142857142858,68.42105263157895,26.31578947368421,0.12060301507537688,16.666666666666664
98,2026,6,1956006,2026-03-15,Santos FC 1 x 1 Corinthians,1237,Corinthians,55.91,44.09,Fora,36.129230769230766,5.555555555555555,7.615384615384615,53.333333333333336,102,65.44285714285714,2.7777777777777777,0.16417910447761194,6,1,21.571428571428573,80.55555555555556,17.857142857142858,0.0,43.506493506493506,9.6,12.5,21.818181818181817,0.1111111111111111,0.25925925925925924,30.76923076923077,7.6923076923076925,33.33333333333333,33.33333333333333,0.08849557522123894,40.0
99,2026,6,1956006,2026-03-15,Santos FC 1 x 1 Corinthians,1241,Santos FC,44.09,55.91,Casa,43.28739130434783,15.384615384615385,7.870967741935484,50.0,109,48.89041095890411,0.0,0.22,6,1,14.909090909090908,76.92307692307693,17.391304347826086,6.25,34.72222222222222,11.37123745819398,0.0,32.35294117647059,0.5217391304347826,0.30434782608695654,20.0,20.0,20.0,20.0,0.10891089108910891,27.27272727272727
100,2026,6,1956008,2026-03-15,Palmeiras 1 x 0 Mirassol,1234,Palmeiras,40.35,59.65,Casa,33.05689655172414,2.631578947368421,12.090909090909092,35.714285714285715,101,46.76470588235294,1.4705882352941175,0.14754098360655737,5,1,15.88888888888889,55.26315789473685,7.4074074074074066,0.0,48.201438848920866,13.774104683195592,0.0,23.239436619718308,0.6296296296296297,0.14814814814814814,30.0,0.0,80.0,10.0,0.102803738317757,45.45454545454545
101,2026,6,1956008,2026-03-15,Palmeiras 1 x 0 Mirassol,6332,Mirassol,59.65,40.35,Fora,43.08121621621622,8.823529411764707,7.8,70.58823529411765,92,50.47826086956522,2.898550724637681,0.17647058823529413,6,0,10.466666666666667,67.64705882352942,0.0,9.090909090909092,53.96825396825397,9.73630831643002,71.42857142857143,23.318385650224215,0.5526315789473685,0.23684210526315788,26.31578947368421,15.789473684210526,70.0,30.0,0.06451612903225806,58.333333333333336
102,2026,6,1956010,2026-03-15,Red Bull Bragantino 1 x 2 Sao Paulo,1224,Sao Paulo,45.78,54.22,Fora,32.24018518518519,0.0,10.052631578947368,69.23076923076923,105,50.578125,0.0,0.21818181818181817,5,0,25.181818181818183,71.42857142857143,9.090909090909092,0.0,39.37007874015748,11.801242236024844,0.0,30.88235294117647,0.2962962962962963,0.48148148148148145,11.11111111111111,11.11111111111111,50.0,0.0,0.041666666666666664,0.0
103,2026,6,1956010,2026-03-15,Red Bull Bragantino 1 x 2 Sao Paulo,5438,Red Bull Bragantino,54.22,45.78,Casa,39.106097560975606,8.333333333333332,8.653846153846153,61.111111111111114,117,60.54929577464789,2.7777777777777777,0.1864406779661017,5,0,16.076923076923077,63.888888888888886,7.142857142857142,0.0,43.38235294117647,19.753086419753085,50.0,23.577235772357724,0.5151515151515151,0.42424242424242425,60.0,6.666666666666667,85.71428571428571,0.0,0.10077519379844961,46.15384615384615
104,2026,6,1956012,2026-03-15,Cruzeiro 3 x 3 Vasco da Gama,1230,Cruzeiro,64.87,35.13,Casa,39.62482758620689,8.108108108108109,6.6,77.77777777777779,106,53.483333333333334,3.278688524590164,0.125,4,1,8.0625,59.45945945945946,11.11111111111111,0.0,48.031496062992126,7.291666666666667,45.45454545454545,23.628691983122362,0.6511627906976745,0.06976744186046512,47.368421052631575,0.0,85.71428571428571,7.142857142857142,0.10582010582010581,55.00000000000001
105,2026,6,1956012,2026-03-15,Cruzeiro 3 x 3 Vasco da Gama,1226,Vasco da Gama,35.13,64.87,Fora,28.472027027027025,5.88235294117647,27.666666666666668,36.36363636363637,83,78.98461538461538,2.8169014084507045,0.1076923076923077,6,1,48.72222222222222,61.76470588235294,14.285714285714285,0.0,40.74074074074074,15.527950310559005,9.090909090909092,23.52941176470588,0.4444444444444444,0.07407407407407407,27.27272727272727,18.181818181818183,50.0,41.66666666666667,0.13636363636363635,33.33333333333333
106,2026,6,1956014,2026-03-15,Internacional 0 x 1 Bahia,1221,Bahia,42.63,57.37,Fora,32.259439655172415,11.11111111111111,8.84,40.0,120,45.32051282051282,3.79746835443038,0.14285714285714285,10,4,13.9,68.57142857142857,7.142857142857142,0.0,36.477987421383645,12.903225806451612,30.0,22.085889570552148,0.047619047619047616,0.42857142857142855,14.285714285714285,28.57142857142857,66.66666666666666,33.33333333333333,0.11290322580645161,42.857142857142854
107,2026,6,1956014,2026-03-15,Internacional 0 x 1 Bahia,1219,Internacional,57.37,42.63,Casa,45.42277173913043,8.51063829787234,6.641025641025641,75.0,127,48.96666666666667,7.777777777777778,0.09433962264150944,2,0,16.076923076923077,76.59574468085107,14.285714285714285,16.666666666666664,46.666666666666664,15.64102564102564,0.0,22.171945701357465,0.6046511627906976,0.3023255813953488,26.923076923076923,11.538461538461538,45.45454545454545,36.36363636363637,0.09523809523809523,28.57142857142857
108,2026,6,1956016,2026-03-15,Coritiba 1 x 0 Remo,1236,Coritiba,41.95,58.05,Casa,33.42033333333333,2.857142857142857,9.333333333333334,53.84615384615385,103,55.28333333333333,3.3333333333333335,0.15873015873015872,4,1,57.0,65.71428571428571,6.896551724137931,33.33333333333333,42.4,14.583333333333334,20.0,18.6046511627907,0.47368421052631576,0.47368421052631576,21.428571428571427,7.142857142857142,60.0,40.0,0.10810810810810811,0.0
109,2026,6,1956016,2026-03-15,Coritiba 1 x 0 Remo,4617,Remo,58.05,41.95,Fora,35.20829268292683,7.5,10.55,27.27272727272727,94,69.3529411764706,4.285714285714286,0.21153846153846154,5,2,20.6,62.5,9.67741935483871,0.0,41.509433962264154,10.44776119402985,0.0,21.428571428571427,0.7575757575757576,0.30303030303030304,57.14285714285714,0.0,66.66666666666666,33.33333333333333,0.09210526315789473,78.57142857142857
110,2026,6,1956020,2026-03-16,Chapecoense AF 1 x 1 Gremio,8865,Chapecoense AF,34.24,65.76,Casa,36.933109756097565,10.526315789473683,12.925925925925926,62.5,97,63.76923076923077,4.411764705882353,0.16853932584269662,8,1,25.0,65.78947368421053,3.4482758620689653,0.0,41.04477611940299,15.737704918032788,37.5,30.46875,0.5517241379310345,0.1724137931034483,46.15384615384615,30.76923076923077,33.33333333333333,66.66666666666666,0.1111111111111111,30.0
111,2026,6,1956020,2026-03-16,Chapecoense AF 1 x 1 Gremio,1244,Gremio,65.76,34.24,Fora,37.66875,19.047619047619047,17.333333333333332,50.0,79,72.9367088607595,3.75,0.140625,4,0,18.176470588235293,57.14285714285714,11.538461538461538,6.25,51.006711409395976,12.392426850258175,33.33333333333333,24.100719424460433,0.4883720930232558,0.3023255813953488,20.0,13.333333333333334,80.0,20.0,0.06467661691542288,69.23076923076923
112,2026,7,1956028,2026-03-18,Palmeiras 2 x 1 Botafogo RJ,1227,Botafogo RJ,49.78,50.22,Fora,42.11297468354431,10.526315789473683,8.9375,61.53846153846154,102,47.782051282051285,5.128205128205128,0.1,7,3,14.583333333333334,73.68421052631578,14.285714285714285,0.0,54.166666666666664,16.483516483516482,7.6923076923076925,30.434782608695656,0.25,0.375,0.0,12.5,20.0,80.0,0.06451612903225806,33.33333333333333
113,2026,7,1956028,2026-03-18,Palmeiras 2 x 1 Botafogo RJ,1234,Palmeiras,50.22,49.78,Casa,33.23005813953488,8.695652173913043,12.35,30.76923076923077,105,60.31884057971015,1.4084507042253522,0.2727272727272727,9,0,22.571428571428573,73.91304347826086,17.94871794871795,14.285714285714285,42.95774647887324,9.620253164556962,40.0,21.844660194174757,0.2857142857142857,0.5357142857142857,18.75,25.0,64.28571428571429,35.714285714285715,0.21348314606741572,31.57894736842105
114,2026,7,1956030,2026-03-18,Mirassol 0 x 1 Coritiba,6332,Mirassol,69.61,30.39,Casa,35.35583333333334,5.128205128205128,10.125,87.5,89,55.029411764705884,1.4705882352941175,0.19672131147540983,6,3,18.652173913043477,66.66666666666666,10.0,0.0,50.967741935483865,8.064516129032258,62.5,20.388349514563107,0.6326530612244898,0.24489795918367346,65.0,0.0,69.23076923076923,30.76923076923077,0.08974358974358974,33.33333333333333
115,2026,7,1956030,2026-03-18,Mirassol 0 x 1 Coritiba,1236,Coritiba,30.39,69.61,Fora,28.309531250000006,13.157894736842104,28.25,9.090909090909092,99,60.46153846153846,3.0303030303030303,0.20512820512820512,8,0,13.529411764705882,70.27027027027027,15.625,16.666666666666664,37.5886524822695,18.75,0.0,23.157894736842106,0.4090909090909091,0.22727272727272727,0.0,18.181818181818183,33.33333333333333,66.66666666666666,0.1308411214953271,42.857142857142854
116,2026,7,1956032,2026-03-18,Atletico MG 1 x 0 Sao Paulo,1235,Atletico MG,33.55,66.45,Casa,31.73150602409639,3.125,19.0,43.75,83,74.0,0.0,0.18681318681318682,9,4,7.818181818181818,78.125,3.571428571428571,25.0,32.142857142857146,23.376623376623375,12.5,37.5,0.3333333333333333,0.2857142857142857,28.57142857142857,14.285714285714285,60.0,20.0,0.18309859154929578,38.46153846153847
117,2026,7,1956032,2026-03-18,Atletico MG 1 x 0 Sao Paulo,1224,Sao Paulo,66.45,33.55,Fora,38.6658904109589,2.5,9.0,52.94117647058824,91,51.17567567567568,2.631578947368421,0.21951219512195122,3,1,10.1,72.5,16.666666666666664,30.0,49.35064935064935,6.643952299829642,33.33333333333333,21.406727828746178,0.38636363636363635,0.045454545454545456,8.333333333333332,16.666666666666664,77.77777777777779,0.0,0.061224489795918366,66.66666666666666
118,2026,6,1956036,2026-03-18,Athletico Paranaense 2 x 1 Cruzeiro,1230,Cruzeiro,53.78,46.22,Fora,35.20227272727273,8.0,11.478260869565217,55.00000000000001,92,67.87692307692308,1.5384615384615385,0.2653061224489796,3,2,48.25,60.0,15.0,0.0,53.90070921985816,11.352657004830919,40.0,23.24561403508772,0.38235294117647056,0.3235294117647059,0.0,11.11111111111111,75.0,25.0,0.09482758620689655,54.54545454545454
119,2026,6,1956036,2026-03-18,Athletico Paranaense 2 x 1 Cruzeiro,1243,Athletico Paranaense,46.22,53.78,Casa,39.43875,11.11111111111111,9.35483870967742,65.38461538461539,112,72.21621621621621,1.3513513513513513,0.12195121951219512,4,0,17.6,74.28571428571429,10.344827586206897,28.57142857142857,43.15068493150685,14.138817480719796,11.11111111111111,26.41509433962264,0.37142857142857144,0.14285714285714285,28.57142857142857,14.285714285714285,50.0,25.0,0.061946902654867256,14.285714285714285
120,2026,7,1956037,2026-03-18,Bahia 2 x 0 Red Bull Bragantino,1221,Bahia,52.38,47.62,Casa,38.105825242718446,1.9230769230769231,5.944444444444445,73.33333333333333,129,46.08,3.896103896103896,0.16923076923076924,11,2,16.428571428571427,59.61538461538461,17.142857142857142,11.76470588235294,45.1219512195122,11.973392461197339,25.0,21.370967741935484,0.21621621621621623,0.32432432432432434,9.090909090909092,27.27272727272727,61.53846153846154,30.76923076923077,0.11904761904761904,26.666666666666668
121,2026,7,1956037,2026-03-18,Bahia 2 x 0 Red Bull Bragantino,5438,Red Bull Bragantino,47.62,52.38,Fora,40.31076923076923,8.0,12.375,56.25,123,40.351351351351354,1.3513513513513513,0.13725490196078433,12,4,31.1,61.224489795918366,14.285714285714285,6.666666666666667,47.74193548387097,12.874251497005988,20.0,23.404255319148938,0.38461538461538464,0.5384615384615384,21.428571428571427,21.428571428571427,22.22222222222222,44.44444444444444,0.14423076923076922,26.666666666666668
122,2026,7,1956022,2026-03-19,Flamengo 3 x 0 Remo,1239,Flamengo,66.69,33.31,Casa,46.578238636363636,8.51063829787234,6.675675675675675,57.14285714285714,108,54.69565217391305,1.3888888888888888,0.08,6,2,22.73076923076923,68.08510638297872,19.35483870967742,6.25,55.223880597014926,4.057971014492753,71.42857142857143,16.091954022988507,0.2916666666666667,0.16666666666666666,22.22222222222222,11.11111111111111,66.66666666666666,22.22222222222222,0.05913978494623656,36.36363636363637
123,2026,7,1956022,2026-03-19,Flamengo 3 x 0 Remo,4617,Remo,33.31,66.69,Fora,28.828085106382982,0.0,32.76923076923077,27.27272727272727,97,50.01449275362319,1.4492753623188406,0.09473684210526316,9,3,16.285714285714285,82.6086956521739,11.904761904761903,0.0,40.28776978417266,10.364145658263306,20.0,20.634920634920633,0.23809523809523808,0.19047619047619047,0.0,40.0,57.14285714285714,28.57142857142857,0.08433734939759036,42.857142857142854
124,2026,7,1956024,2026-03-19,Vasco da Gama 3 x 2 Fluminense,1232,Fluminense,45.82,54.18,Fora,31.053750000000004,8.823529411764707,14.133333333333333,50.0,99,72.41428571428571,2.857142857142857,0.2222222222222222,9,2,17.0,70.58823529411765,13.793103448275861,20.0,40.44117647058824,9.234828496042216,30.76923076923077,14.893617021276595,0.19047619047619047,0.38095238095238093,16.666666666666664,16.666666666666664,44.44444444444444,44.44444444444444,0.1891891891891892,64.28571428571429
125,2026,7,1956024,2026-03-19,Vasco da Gama 3 x 2 Fluminense,1226,Vasco da Gama,54.18,45.82,Casa,38.32181818181817,13.043478260869565,10.035714285714286,66.66666666666666,121,50.405797101449274,2.8169014084507045,0.16,4,1,12.1,84.78260869565217,19.444444444444446,10.0,48.026315789473685,12.135922330097088,20.0,24.537037037037038,0.5,0.2631578947368421,38.46153846153847,15.384615384615385,40.0,50.0,0.0975609756097561,62.5
126,2026,7,1956026,2026-03-19,Santos FC 1 x 2 Internacional,1219,Internacional,34.59,65.41,Fora,33.74829896907217,5.405405405405405,13.8,41.66666666666667,116,66.36842105263158,2.1052631578947367,0.18072289156626506,8,0,19.7,91.8918918918919,3.225806451612903,16.666666666666664,29.310344827586203,18.21428571428571,11.11111111111111,30.625000000000004,0.2903225806451613,0.12903225806451613,0.0,18.181818181818183,8.333333333333332,83.33333333333334,0.1440677966101695,52.94117647058824
127,2026,7,1956026,2026-03-19,Santos FC 1 x 2 Internacional,1241,Santos FC,65.41,34.59,Casa,31.622673267326732,2.1739130434782608,9.0,66.66666666666666,113,52.26744186046512,5.747126436781609,0.23076923076923078,2,1,18.61904761904762,62.22222222222222,18.421052631578945,0.0,44.047619047619044,11.868131868131867,20.0,26.785714285714285,0.59375,0.28125,46.15384615384615,7.6923076923076925,50.0,12.5,0.06134969325153374,30.0
128,2026,7,1956034,2026-03-19,Gremio 2 x 0 Vitoria,1238,Vitoria,56.06,43.94,Fora,39.32636842105263,8.88888888888889,9.454545454545455,41.17647058823529,100,43.95890410958904,2.73972602739726,0.13793103448275862,7,2,11.833333333333334,68.88888888888889,9.375,0.0,49.32432432432432,9.850107066381156,20.0,15.217391304347828,0.5454545454545454,0.24242424242424243,54.54545454545454,9.090909090909092,83.33333333333334,16.666666666666664,0.064,37.5
129,2026,7,1956034,2026-03-19,Gremio 2 x 0 Vitoria,1244,Gremio,43.94,56.06,Casa,35.83691176470588,10.638297872340425,13.652173913043478,53.333333333333336,103,58.32394366197183,2.73972602739726,0.1,6,0,84.0,68.08510638297872,3.125,14.285714285714285,35.625,14.730878186968837,16.666666666666664,26.804123711340207,0.5185185185185185,0.2222222222222222,45.45454545454545,9.090909090909092,33.33333333333333,44.44444444444444,0.12173913043478261,35.714285714285715
130,2026,7,1956039,2026-03-20,Chapecoense AF 0 x 0 Corinthians,1237,Corinthians,65.32,34.68,Fora,37.9665,9.523809523809524,11.421052631578947,72.72727272727273,96,60.95945945945946,2.7027027027027026,0.19230769230769232,9,0,12.045454545454545,73.80952380952381,16.666666666666664,0.0,51.33333333333333,10.881801125703564,25.0,22.22222222222222,0.3888888888888889,0.2777777777777778,46.666666666666664,20.0,71.42857142857143,14.285714285714285,0.09558823529411764,46.15384615384615
131,2026,7,1956039,2026-03-20,Chapecoense AF 0 x 0 Corinthians,8865,Chapecoense AF,34.68,65.32,Casa,38.606707317073166,6.25,15.5,38.88888888888889,102,73.1029411764706,1.4285714285714286,0.13580246913580246,7,1,11.5,81.25,14.285714285714285,0.0,47.69230769230769,19.655172413793103,9.090909090909092,29.32330827067669,0.5384615384615384,0.3076923076923077,25.0,16.666666666666664,33.33333333333333,55.55555555555556,0.18421052631578946,57.14285714285714
132,2026,7,1956041,2026-03-21,Fluminense 1 x 0 Atletico MG,1232,Fluminense,54.39,45.61,Casa,40.0039175257732,10.256410256410255,7.666666666666667,44.44444444444444,113,39.647887323943664,4.166666666666666,0.2,6,2,10.8125,71.7948717948718,23.076923076923077,0.0,41.02564102564102,6.724511930585683,14.285714285714285,13.86861313868613,0.13793103448275862,0.1724137931034483,10.0,30.0,41.66666666666667,41.66666666666667,0.11023622047244094,71.42857142857143
133,2026,7,1956041,2026-03-21,Fluminense 1 x 0 Atletico MG,1235,Atletico MG,45.61,54.39,Fora,36.7727027027027,2.5,13.727272727272727,73.33333333333333,105,59.525,2.4390243902439024,0.08333333333333333,9,1,26.2,72.5,3.125,25.0,45.751633986928105,17.72853185595568,22.22222222222222,28.10810810810811,0.3225806451612903,0.22580645161290322,9.090909090909092,18.181818181818183,20.0,30.0,0.14432989690721648,21.428571428571427
134,2026,8,1956049,2026-03-21,Red Bull Bragantino 1 x 2 Botafogo RJ,1227,Botafogo RJ,34.99,65.01,Fora,29.381010638297877,6.976744186046512,19.071428571428573,55.55555555555556,99,59.09756097560975,3.571428571428571,0.175,6,2,15.1,83.72093023255815,8.823529411764707,11.11111111111111,33.11258278145696,20.577617328519857,18.181818181818183,22.641509433962266,0.35714285714285715,0.7142857142857143,23.076923076923077,15.384615384615385,25.0,50.0,0.1044776119402985,14.285714285714285
135,2026,8,1956049,2026-03-21,Red Bull Bragantino 1 x 2 Botafogo RJ,5438,Red Bull Bragantino,65.01,34.99,Casa,34.776,11.363636363636363,13.933333333333334,33.33333333333333,103,68.47619047619048,3.571428571428571,0.15873015873015872,6,1,23.31578947368421,68.18181818181817,9.67741935483871,15.384615384615385,43.63636363636363,12.980769230769232,16.666666666666664,30.76923076923077,0.7419354838709677,0.41935483870967744,47.368421052631575,0.0,33.33333333333333,55.55555555555556,0.11538461538461539,50.0
136,2026,8,1955748,2026-03-22,Cruzeiro 0 x 0 Santos FC,1230,Cruzeiro,64.02,35.98,Casa,44.397000000000006,11.76470588235294,7.806451612903226,77.77777777777779,104,53.5679012345679,1.2048192771084338,0.12727272727272726,5,0,12.214285714285714,61.76470588235294,13.043478260869565,9.090909090909092,51.02040816326531,12.295081967213115,14.285714285714285,21.631205673758867,0.4864864864864865,0.2972972972972973,31.25,0.0,80.0,20.0,0.058823529411764705,37.5
137,2026,8,1955748,2026-03-22,Cruzeiro 0 x 0 Santos FC,1241,Santos FC,35.98,64.02,Fora,34.38031578947368,2.564102564102564,13.958333333333334,62.5,111,59.23376623376623,1.2987012987012987,0.14102564102564102,5,2,7.666666666666667,79.48717948717949,6.451612903225806,0.0,42.384105960264904,16.037735849056602,20.0,18.79194630872483,0.17647058823529413,0.11764705882352941,0.0,0.0,50.0,50.0,0.07462686567164178,100.0
138,2026,8,1955750,2026-03-22,Internacional 2 x 0 Chapecoense AF,1219,Internacional,46.92,53.08,Casa,41.15025773195876,12.244897959183673,10.096774193548388,56.25,126,48.6625,3.7037037037037033,0.07272727272727272,4,2,21.583333333333332,61.224489795918366,10.0,5.263157894736842,37.80487804878049,13.526570048309178,22.22222222222222,20.187793427230048,0.6785714285714286,0.2857142857142857,12.5,18.75,22.22222222222222,66.66666666666666,0.09558823529411764,46.15384615384615
139,2026,8,1955750,2026-03-22,Internacional 2 x 0 Chapecoense AF,8865,Chapecoense AF,53.08,46.92,Fora,35.04529411764706,6.976744186046512,17.866666666666667,77.77777777777779,101,61.73809523809524,2.2988505747126435,0.17045454545454544,6,2,18.125,71.42857142857143,6.25,9.090909090909092,41.25,12.471655328798185,33.33333333333333,20.81447963800905,0.5555555555555556,0.4074074074074074,50.0,0.0,28.57142857142857,71.42857142857143,0.09615384615384616,30.0
140,2026,8,1955753,2026-03-22,Athletico Paranaense 2 x 0 Coritiba,1243,Athletico Paranaense,53.19,46.81,Casa,43.27626760563381,11.76470588235294,16.705882352941178,63.63636363636363,80,60.43055555555556,1.3513513513513513,0.08571428571428572,1,0,8.823529411764707,76.47058823529412,25.0,10.0,44.44444444444444,11.827956989247312,0.0,22.90748898678414,0.3225806451612903,0.16129032258064516,11.11111111111111,22.22222222222222,20.0,40.0,0.049586776859504134,33.33333333333333
141,2026,8,1955753,2026-03-22,Athletico Paranaense 2 x 0 Coritiba,1236,Coritiba,46.81,53.19,Fora,27.217399999999998,6.666666666666667,20.166666666666668,40.0,72,67.1159420289855,1.4492753623188406,0.16883116883116883,8,2,9.181818181818182,82.75862068965517,3.8461538461538463,0.0,46.95652173913044,11.384615384615385,50.0,12.18274111675127,0.42857142857142855,0.35714285714285715,50.0,0.0,100.0,0.0,0.10256410256410256,50.0
142,2026,8,1955756,2026-03-22,Vitoria 1 x 0 Mirassol,6332,Mirassol,64.06,35.94,Fora,36.20242990654206,6.382978723404255,9.227272727272727,50.0,129,46.348314606741575,3.3333333333333335,0.16666666666666666,10,3,32.76190476190476,80.85106382978722,8.571428571428571,0.0,47.25274725274725,10.755148741418765,50.0,24.12280701754386,0.7,0.6333333333333333,31.57894736842105,0.0,30.0,40.0,0.09333333333333334,57.14285714285714
143,2026,8,1955756,2026-03-22,Vitoria 1 x 0 Mirassol,1238,Vitoria,35.94,64.06,Casa,33.90912,3.9215686274509802,9.862068965517242,77.77777777777779,150,50.670731707317074,2.4096385542168677,0.17333333333333334,7,0,19.6875,84.31372549019608,13.513513513513514,7.6923076923076925,27.10843373493976,16.27906976744186,0.0,19.858156028368796,0.3793103448275862,0.2413793103448276,9.090909090909092,9.090909090909092,25.0,50.0,0.14130434782608695,61.53846153846154
144,2026,8,1955759,2026-03-22,Remo 4 x 1 Bahia,4617,Remo,29.89,70.11,Casa,31.800445544554453,2.3255813953488373,15.136363636363637,53.333333333333336,109,43.92857142857143,2.7027027027027026,0.14285714285714285,8,0,11.0,69.76744186046511,11.76470588235294,22.22222222222222,31.84713375796178,18.63799283154122,10.0,28.90625,0.48,0.2,11.11111111111111,33.33333333333333,13.333333333333334,66.66666666666666,0.1702127659574468,50.0
145,2026,8,1955759,2026-03-22,Remo 4 x 1 Bahia,1221,Bahia,70.11,29.89,Fora,38.23640625,9.75609756097561,8.3,60.0,96,70.0958904109589,2.666666666666667,0.2077922077922078,8,4,8.357142857142858,75.60975609756098,15.384615384615385,0.0,40.828402366863905,7.236842105263158,33.33333333333333,18.53146853146853,0.4,0.4666666666666667,28.57142857142857,14.285714285714285,66.66666666666666,16.666666666666664,0.08196721311475409,30.0
146,2026,8,1956043,2026-03-22,Vasco da Gama 2 x 1 Gremio,1244,Gremio,65.93,34.07,Fora,39.28568965517241,4.0,8.904761904761905,75.0,114,69.96774193548387,4.25531914893617,0.17073170731707318,13,3,13.956521739130435,62.0,7.6923076923076925,10.0,53.25443786982249,9.464285714285714,27.27272727272727,19.230769230769234,0.40540540540540543,0.16216216216216217,11.11111111111111,11.11111111111111,37.5,62.5,0.06716417910447761,33.33333333333333
147,2026,8,1956043,2026-03-22,Vasco da Gama 2 x 1 Gremio,1226,Vasco da Gama,34.07,65.93,Casa,34.97704918032787,7.142857142857142,16.333333333333332,54.54545454545454,122,49.875,2.4691358024691357,0.12359550561797752,9,1,17.15,85.71428571428571,20.51282051282051,11.76470588235294,34.0,12.721893491124261,0.0,29.45205479452055,0.2692307692307692,0.5384615384615384,8.333333333333332,33.33333333333333,20.0,50.0,0.06993006993006994,30.0
148,2026,8,1956046,2026-03-22,Sao Paulo 0 x 1 Palmeiras,1234,Palmeiras,37.72,62.28,Fora,29.938125,2.2222222222222223,14.173913043478262,42.857142857142854,129,47.013513513513516,0.0,0.10714285714285714,9,2,17.333333333333332,81.81818181818183,2.5,20.0,35.58282208588957,15.902140672782874,16.666666666666664,21.341463414634145,0.14285714285714285,0.32142857142857145,0.0,14.285714285714285,50.0,33.33333333333333,0.08955223880597014,83.33333333333334
149,2026,8,1956046,2026-03-22,Sao Paulo 0 x 1 Palmeiras,1224,Sao Paulo,62.28,37.72,Casa,43.07322115384616,7.4074074074074066,7.28125,69.23076923076923,140,43.92307692307692,2.1739130434782608,0.11428571428571428,4,1,19.48148148148148,66.66666666666666,5.405405405405405,11.76470588235294,43.0939226519337,8.1374321880651,0.0,16.9811320754717,0.5581395348837209,0.2558139534883721,15.384615384615385,15.384615384615385,0.0,50.0,0.017142857142857144,66.66666666666666
150,2026,8,1956048,2026-03-22,Corinthians 1 x 1 Flamengo,1239,Flamengo,47.47,52.53,Fora,33.38092592592592,8.333333333333332,12.2,61.53846153846154,93,98.53623188405797,4.3478260869565215,0.18181818181818182,5,1,20.916666666666668,72.22222222222221,3.4482758620689653,14.285714285714285,41.48148148148148,8.797653958944283,0.0,16.99346405228758,0.13636363636363635,0.2727272727272727,11.11111111111111,22.22222222222222,62.5,37.5,0.18867924528301888,70.0
151,2026,8,1956048,2026-03-22,Corinthians 1 x 1 Flamengo,1237,Corinthians,52.53,47.47,Casa,47.07,16.666666666666664,7.970588235294118,47.61904761904761,105,45.47761194029851,5.970149253731343,0.0847457627118644,1,2,35.84615384615385,62.857142857142854,9.523809523809524,6.666666666666667,46.715328467153284,18.509615384615387,71.42857142857143,30.87557603686636,0.2564102564102564,0.20512820512820512,18.75,25.0,50.0,40.0,0.09090909090909091,30.76923076923077
152,2026,8,1955996,2026-03-29,Athletico Paranaense 4 x 1 Botafogo RJ,1243,Athletico Paranaense,46.73,53.27,Casa,36.386538461538464,9.75609756097561,14.95,46.666666666666664,90,67.34920634920636,3.125,0.08450704225352113,6,2,19.5,70.73170731707317,10.344827586206897,16.666666666666664,41.007194244604314,12.968299711815561,9.090909090909092,18.784530386740332,0.1111111111111111,0.18518518518518517,20.0,20.0,33.33333333333333,55.55555555555556,0.13253012048192772,45.45454545454545
153,2026,8,1955996,2026-03-29,Athletico Paranaense 4 x 1 Botafogo RJ,1227,Botafogo RJ,53.27,46.73,Fora,40.03057692307692,10.256410256410255,13.705882352941176,38.46153846153847,86,56.36842105263158,0.0,0.16,7,2,21.705882352941178,79.48717948717949,13.793103448275861,10.0,49.6551724137931,10.1010101010101,25.0,16.877637130801688,0.25925925925925924,0.3333333333333333,27.27272727272727,36.36363636363637,33.33333333333333,50.0,0.13793103448275862,50.0
154,2026,9,1955765,2026-04-01,Botafogo RJ 3 x 2 Mirassol,6332,Mirassol,66.39,33.61,Fora,43.947808988764045,12.76595744680851,7.212121212121212,85.71428571428571,127,49.1,4.166666666666666,0.0945945945945946,8,2,12.318181818181818,72.3404255319149,11.11111111111111,15.0,50.32258064516129,5.841924398625429,100.0,22.61904761904762,0.42,0.18,36.84210526315789,5.263157894736842,53.333333333333336,46.666666666666664,0.08878504672897196,52.63157894736842
155,2026,9,1955765,2026-04-01,Botafogo RJ 3 x 2 Mirassol,1227,Botafogo RJ,33.61,66.39,Casa,30.82434782608696,4.545454545454546,18.0,50.0,113,48.916666666666664,4.0,0.15384615384615385,12,3,17.40909090909091,65.9090909090909,15.789473684210526,0.0,30.666666666666664,15.161290322580644,0.0,12.8,0.125,0.2916666666666667,9.090909090909092,27.27272727272727,44.44444444444444,44.44444444444444,0.16666666666666666,10.0
156,2026,9,1955779,2026-04-01,Internacional 1 x 1 Sao Paulo,1224,Sao Paulo,60.93,39.07,Fora,33.92290322580645,6.122448979591836,8.318181818181818,53.333333333333336,107,66.29629629629629,1.2048192771084338,0.15625,4,1,14.9,67.3469387755102,14.634146341463413,0.0,48.85057471264368,11.5,20.0,21.678321678321677,0.6511627906976745,0.16279069767441862,42.857142857142854,9.523809523809524,40.0,50.0,0.08522727272727272,40.0
157,2026,9,1955779,2026-04-01,Internacional 1 x 1 Sao Paulo,1219,Internacional,39.07,60.93,Casa,32.473636363636366,9.375,18.761904761904763,61.111111111111114,99,80.02631578947368,3.8461538461538463,0.12371134020618557,7,2,14.916666666666666,68.75,7.6923076923076925,16.666666666666664,41.78082191780822,15.282392026578073,20.0,21.768707482993197,0.4230769230769231,0.038461538461538464,44.44444444444444,11.11111111111111,40.0,40.0,0.058823529411764705,16.666666666666664
158,2026,9,1955762,2026-04-02,Fluminense 3 x 1 Corinthians,1232,Fluminense,63.68,36.32,Casa,35.623378378378376,15.625,12.277777777777779,50.0,83,53.323076923076925,1.4925373134328357,0.09090909090909091,0,1,11.75,75.0,13.636363636363635,0.0,53.07692307692308,7.224334600760455,50.0,18.69158878504673,0.4482758620689655,0.1724137931034483,18.75,25.0,58.333333333333336,33.33333333333333,0.14184397163120568,45.0
159,2026,9,1955762,2026-04-02,Fluminense 3 x 1 Corinthians,1237,Corinthians,36.32,63.68,Fora,36.83673913043478,14.634146341463413,21.166666666666668,53.84615384615385,93,63.40298507462686,1.4492753623188406,0.12162162162162163,6,1,8.066666666666666,85.36585365853658,0.0,16.666666666666664,37.5,12.238805970149254,33.33333333333333,24.324324324324326,0.4090909090909091,0.22727272727272727,44.44444444444444,11.11111111111111,37.5,62.5,0.11538461538461539,41.66666666666667
160,2026,9,1955768,2026-04-02,Santos FC 2 x 0 Remo,1241,Santos FC,61.54,38.46,Casa,35.814633027522945,8.333333333333332,9.91304347826087,23.52941176470588,113,43.54761904761905,4.651162790697675,0.1,6,1,26.571428571428573,77.08333333333334,10.344827586206897,5.263157894736842,44.047619047619044,6.042884990253411,42.857142857142854,18.39080459770115,0.2647058823529412,0.38235294117647056,13.333333333333334,20.0,25.0,75.0,0.05426356589147287,42.857142857142854
161,2026,9,1955768,2026-04-02,Santos FC 2 x 0 Remo,4617,Remo,38.46,61.54,Fora,38.09985576923077,12.727272727272727,15.083333333333334,64.28571428571429,121,50.741573033707866,2.247191011235955,0.21978021978021978,12,1,29.363636363636363,75.47169811320755,7.894736842105263,0.0,38.41463414634146,12.672176308539946,0.0,14.361702127659576,0.24242424242424243,0.18181818181818182,66.66666666666666,0.0,50.0,50.0,0.1,54.54545454545454
162,2026,9,1955776,2026-04-02,Cruzeiro 3 x 0 Vitoria,1230,Cruzeiro,59.34,40.66,Casa,39.77022471910112,13.953488372093023,10.185185185185185,66.66666666666666,106,49.75714285714286,0.0,0.11764705882352941,6,0,20.8,48.837209302325576,0.0,13.333333333333334,37.5,6.678700361010831,0.0,16.149068322981368,0.29411764705882354,0.14705882352941177,50.0,10.0,60.0,20.0,0.07746478873239436,45.45454545454545
163,2026,9,1955776,2026-04-02,Cruzeiro 3 x 0 Vitoria,1238,Vitoria,40.66,59.34,Fora,36.50746478873239,7.6923076923076925,25.6,50.0,94,77.33333333333333,1.2195121951219512,0.11235955056179775,4,2,19.333333333333332,69.23076923076923,12.903225806451612,0.0,43.24324324324324,10.483870967741936,16.666666666666664,19.48717948717949,0.35714285714285715,0.25,36.36363636363637,9.090909090909092,33.33333333333333,66.66666666666666,0.04938271604938271,75.0
164,2026,9,1955782,2026-04-02,Coritiba 1 x 1 Vasco da Gama,1226,Vasco da Gama,32.53,67.47,Fora,33.72524096385542,8.108108108108109,23.294117647058822,63.63636363636363,89,77.95,1.6129032258064515,0.125,2,1,15.0,51.35135135135135,10.344827586206897,12.5,41.35338345864661,13.291139240506327,0.0,23.56687898089172,0.38095238095238093,0.23809523809523808,33.33333333333333,11.11111111111111,30.0,50.0,0.125,63.63636363636363
165,2026,9,1955782,2026-04-02,Coritiba 1 x 1 Vasco da Gama,1236,Coritiba,67.47,32.53,Casa,41.39507462686567,13.157894736842104,10.65,72.72727272727273,97,59.432432432432435,1.3333333333333335,0.1323529411764706,6,1,14.11111111111111,63.1578947368421,3.4482758620689653,11.11111111111111,51.74825174825175,6.643952299829642,80.0,19.345238095238095,0.4523809523809524,0.16666666666666666,46.666666666666664,6.666666666666667,44.44444444444444,44.44444444444444,0.1125,50.0
166,2026,9,1955785,2026-04-02,Bahia 3 x 0 Athletico Paranaense,1243,Athletico Paranaense,45.55,54.45,Fora,42.14092105263158,11.904761904761903,13.52,68.42105263157895,91,48.223880597014926,0.0,0.13953488372093023,3,1,15.045454545454545,71.42857142857143,6.896551724137931,15.384615384615385,45.774647887323944,8.49056603773585,0.0,21.888412017167383,0.28205128205128205,0.2564102564102564,11.11111111111111,22.22222222222222,27.27272727272727,63.63636363636363,0.0851063829787234,66.66666666666666
167,2026,9,1955785,2026-04-02,Bahia 3 x 0 Athletico Paranaense,1221,Bahia,54.45,45.55,Casa,35.24905263157895,0.0,12.45,60.0,100,45.35294117647059,0.0,0.08695652173913043,7,2,23.294117647058822,81.3953488372093,0.0,14.285714285714285,44.099378881987576,8.88888888888889,27.27272727272727,13.983050847457626,0.20833333333333334,0.25,20.0,40.0,50.0,16.666666666666664,0.07368421052631578,14.285714285714285
168,2026,9,1955788,2026-04-02,Chapecoense AF 0 x 4 Atletico MG,1235,Atletico MG,51.72,48.28,Fora,27.35,6.0606060606060606,20.846153846153847,40.0,80,86.1830985915493,1.3333333333333335,0.15714285714285714,10,4,8.4375,69.6969696969697,17.24137931034483,0.0,43.506493506493506,14.613778705636744,21.428571428571427,20.276497695852534,0.15384615384615385,0.11538461538461539,17.647058823529413,29.411764705882355,47.368421052631575,36.84210526315789,0.16666666666666666,20.0
169,2026,9,1955788,2026-04-02,Chapecoense AF 0 x 4 Atletico MG,8865,Chapecoense AF,48.28,51.72,Casa,46.07565789473684,13.157894736842104,10.741935483870968,68.42105263157895,96,50.87012987012987,1.2987012987012987,0.16176470588235295,6,2,11.3125,65.78947368421053,22.727272727272727,12.5,47.14285714285714,10.687022900763358,62.5,30.493273542600896,0.5142857142857142,0.14285714285714285,29.411764705882355,5.88235294117647,16.666666666666664,66.66666666666666,0.1484375,36.84210526315789
170,2026,9,1955771,2026-04-03,Palmeiras 2 x 1 Gremio,1244,Gremio,44.96,55.04,Fora,30.783349514563106,2.083333333333333,18.875,66.66666666666666,116,54.611111111111114,3.296703296703297,0.15267175572519084,19,4,10.411764705882353,68.75,11.627906976744185,0.0,37.57575757575757,19.393939393939394,9.090909090909092,18.75,0.36666666666666664,0.26666666666666666,9.090909090909092,45.45454545454545,12.5,50.0,0.14285714285714285,70.0
171,2026,9,1955771,2026-04-03,Palmeiras 2 x 1 Gremio,1234,Palmeiras,55.04,44.96,Casa,45.713088235294116,7.352941176470589,9.333333333333334,83.33333333333334,119,53.65909090909091,3.4090909090909087,0.15151515151515152,8,2,10.75,72.05882352941177,23.404255319148938,0.0,45.08670520231214,8.536585365853659,50.0,21.73913043478261,0.30612244897959184,0.30612244897959184,5.263157894736842,15.789473684210526,42.857142857142854,57.14285714285714,0.10062893081761007,56.25
172,2026,9,1955774,2026-04-03,Red Bull Bragantino 3 x 0 Flamengo,1239,Flamengo,40.42,59.58,Fora,41.25863636363637,15.151515151515152,20.0,66.66666666666666,80,68.22368421052632,1.3157894736842104,0.12162162162162163,6,1,14.272727272727273,69.6969696969697,9.090909090909092,9.090909090909092,44.52554744525548,8.241758241758241,28.57142857142857,21.85792349726776,0.15625,0.125,28.57142857142857,0.0,100.0,0.0,0.07446808510638298,42.857142857142854
173,2026,9,1955774,2026-04-03,Red Bull Bragantino 3 x 0 Flamengo,5438,Red Bull Bragantino,59.58,40.42,Casa,34.34465517241379,2.272727272727273,16.3125,50.0,99,54.19642857142857,0.0,0.14084507042253522,5,1,10.133333333333333,69.76744186046511,10.81081081081081,14.285714285714285,45.38461538461539,10.560344827586206,50.0,21.610169491525426,0.4782608695652174,0.2608695652173913,41.66666666666667,16.666666666666664,64.28571428571429,28.57142857142857,0.15789473684210525,44.44444444444444
174,2026,10,1955797,2026-04-04,Sao Paulo 4 x 1 Cruzeiro,1224,Sao Paulo,31.86,68.14,Casa,31.99809917355372,9.75609756097561,12.875,28.57142857142857,123,47.958333333333336,5.405405405405405,0.17647058823529413,6,1,7.833333333333333,75.60975609756098,6.666666666666667,27.27272727272727,39.04109589041096,15.671641791044777,0.0,34.146341463414636,0.30434782608695654,0.391304347826087,22.22222222222222,38.88888888888889,42.857142857142854,28.57142857142857,0.10989010989010989,10.0
175,2026,10,1955797,2026-04-04,Sao Paulo 4 x 1 Cruzeiro,1230,Cruzeiro,68.14,31.86,Fora,38.6565,11.428571428571429,7.7727272727272725,57.14285714285714,95,70.13333333333334,3.896103896103896,0.21212121212121213,6,4,18.714285714285715,71.42857142857143,15.0,0.0,55.172413793103445,9.205020920502092,66.66666666666666,19.133574007220215,0.34285714285714286,0.2,28.57142857142857,7.142857142857142,37.5,37.5,0.10144927536231885,50.0
176,2026,10,1955791,2026-04-05,Flamengo 3 x 1 Santos FC,1241,Santos FC,33.38,66.62,Fora,33.20005617977528,5.0,18.65,66.66666666666666,117,69.73417721518987,3.6585365853658534,0.22857142857142856,7,1,8.9,77.5,20.0,20.0,30.405405405405407,12.98342541436464,33.33333333333333,24.0,0.25,0.10714285714285714,18.181818181818183,27.27272727272727,26.666666666666668,53.333333333333336,0.16346153846153846,58.82352941176471
177,2026,10,1955791,2026-04-05,Flamengo 3 x 1 Santos FC,1239,Flamengo,66.62,33.38,Casa,32.43419117647059,2.7777777777777777,29.875,100.0,83,103.86842105263158,3.896103896103896,0.19736842105263158,9,2,15.047619047619047,63.888888888888886,11.11111111111111,12.5,47.712418300653596,6.290322580645161,83.33333333333334,23.619631901840492,0.42105263157894735,0.3157894736842105,41.17647058823529,11.76470588235294,46.666666666666664,46.666666666666664,0.08955223880597014,44.44444444444444
178,2026,10,1955794,2026-04-05,Vasco da Gama 1 x 2 Botafogo RJ,1227,Botafogo RJ,39.11,60.89,Fora,32.355555555555554,5.769230769230769,17.31578947368421,68.75,124,46.647887323943664,1.4084507042253522,0.1794871794871795,11,1,35.72727272727273,73.46938775510205,16.27906976744186,0.0,38.25503355704698,14.469453376205788,20.0,20.952380952380953,0.5263157894736842,0.3157894736842105,23.52941176470588,23.52941176470588,33.33333333333333,66.66666666666666,0.21686746987951808,33.33333333333333
179,2026,10,1955794,2026-04-05,Vasco da Gama 1 x 2 Botafogo RJ,1226,Vasco da Gama,60.89,39.11,Casa,39.08566666666667,8.16326530612245,11.3,27.27272727272727,111,49.467532467532465,2.564102564102564,0.2222222222222222,9,4,26.681818181818183,61.224489795918366,11.76470588235294,6.666666666666667,50.625,8.237547892720306,50.0,22.06896551724138,0.5,0.5227272727272727,23.52941176470588,5.88235294117647,60.0,20.0,0.10179640718562874,29.411764705882355
180,2026,10,1955800,2026-04-05,Corinthians 0 x 1 Internacional,1237,Corinthians,69.5,30.5,Casa,37.59,3.225806451612903,8.6,43.75,88,73.6231884057971,0.0,0.20689655172413793,7,1,17.714285714285715,64.51612903225806,13.043478260869565,0.0,47.096774193548384,16.883116883116884,33.33333333333333,23.42007434944238,0.45714285714285713,0.2,35.714285714285715,0.0,66.66666666666666,33.33333333333333,0.0859375,54.54545454545454
181,2026,10,1955800,2026-04-05,Corinthians 0 x 1 Internacional,1219,Internacional,30.5,69.5,Fora,33.57146739130435,2.631578947368421,12.24,47.368421052631575,106,69.29729729729729,2.666666666666667,0.10909090909090909,5,2,8.75,71.05263157894737,19.35483870967742,0.0,32.19178082191781,19.262295081967213,0.0,24.285714285714285,0.45,0.15,20.0,0.0,25.0,50.0,0.1095890410958904,50.0
182,2026,10,1955806,2026-04-05,Atletico MG 2 x 1 Athletico Paranaense,1243,Athletico Paranaense,50.44,49.56,Fora,41.84488636363636,6.521739130434782,11.928571428571429,84.61538461538461,110,53.666666666666664,1.3157894736842104,0.171875,8,2,11.0625,58.69565217391305,15.151515151515152,0.0,51.724137931034484,12.09016393442623,66.66666666666666,26.037735849056602,0.46875,0.25,36.36363636363637,9.090909090909092,77.77777777777779,22.22222222222222,0.08088235294117647,63.63636363636363
183,2026,10,1955806,2026-04-05,Atletico MG 2 x 1 Athletico Paranaense,1235,Atletico MG,49.56,50.44,Casa,35.422592592592586,4.651162790697675,23.214285714285715,55.55555555555556,88,46.73529411764706,4.3478260869565215,0.11827956989247312,12,0,17.4375,81.3953488372093,6.0606060606060606,20.0,41.13475177304964,9.643605870020965,21.428571428571427,19.642857142857142,0.25925925925925924,0.4444444444444444,8.333333333333332,41.66666666666667,36.36363636363637,45.45454545454545,0.13761467889908258,46.666666666666664
184,2026,10,1955812,2026-04-05,Coritiba 1 x 1 Fluminense,1236,Coritiba,30.62,69.38,Casa,30.317777777777774,13.793103448275861,21.22222222222222,12.5,91,72.76666666666667,1.6666666666666667,0.16216216216216217,4,2,13.8,75.86206896551724,4.166666666666666,20.0,36.58536585365854,12.692307692307692,50.0,19.444444444444446,0.375,0.25,20.0,0.0,42.857142857142854,28.57142857142857,0.1111111111111111,40.0
185,2026,10,1955812,2026-04-05,Coritiba 1 x 1 Fluminense,1232,Fluminense,69.38,30.62,Fora,39.31921875,18.51851851851852,8.833333333333334,57.14285714285714,80,74.8225806451613,0.0,0.16279069767441862,2,1,10.666666666666666,48.148148148148145,7.142857142857142,16.666666666666664,51.2396694214876,8.02139037433155,28.57142857142857,12.698412698412698,0.4666666666666667,0.43333333333333335,29.411764705882355,35.294117647058826,40.0,60.0,0.11194029850746269,46.666666666666664
186,2026,10,1955815,2026-04-05,Bahia 1 x 2 Palmeiras,1221,Bahia,62.02,37.98,Casa,45.23484848484849,10.0,7.264705882352941,77.77777777777779,119,42.05263157894737,4.878048780487805,0.17307692307692307,8,1,10.26086956521739,68.0,22.22222222222222,7.142857142857142,45.83333333333333,7.489878542510121,100.0,19.494584837545126,0.45,0.2,23.52941176470588,5.88235294117647,45.45454545454545,45.45454545454545,0.11728395061728394,36.84210526315789
187,2026,10,1955815,2026-04-05,Bahia 1 x 2 Palmeiras,1234,Palmeiras,37.98,62.02,Fora,31.557166666666667,5.263157894736842,18.235294117647058,47.05882352941176,100,61.53125,1.5384615384615385,0.1348314606741573,15,2,24.733333333333334,84.21052631578947,18.75,16.666666666666664,33.56164383561644,11.661807580174926,12.5,19.16167664670659,0.391304347826087,0.30434782608695654,25.0,25.0,60.0,20.0,0.09195402298850575,50.0
188,2026,10,1955818,2026-04-05,Chapecoense AF 1 x 1 Vitoria,1238,Vitoria,41.97,58.03,Fora,29.645721649484535,10.0,12.263157894736842,57.14285714285714,121,59.972972972972975,2.666666666666667,0.16666666666666666,6,2,22.363636363636363,63.33333333333333,13.043478260869565,0.0,39.1025641025641,20.363636363636363,7.142857142857142,22.2972972972973,0.3333333333333333,0.14814814814814814,37.5,25.0,36.36363636363637,54.54545454545454,0.2,64.28571428571429
189,2026,10,1955818,2026-04-05,Chapecoense AF 1 x 1 Vitoria,8865,Chapecoense AF,58.03,41.97,Casa,33.83441860465116,8.108108108108109,10.647058823529411,56.25,126,65.22666666666667,1.3157894736842104,0.06349206349206349,3,1,13.166666666666666,78.37837837837837,13.793103448275861,12.5,45.28301886792453,13.563829787234042,50.0,23.52941176470588,0.8387096774193549,0.3225806451612903,47.61904761904761,9.523809523809524,52.63157894736842,31.57894736842105,0.19230769230769232,32.0
190,2026,10,1955804,2026-04-06,Mirassol 0 x 1 Red Bull Bragantino,5438,Red Bull Bragantino,51.85,48.15,Fora,32.714137931034486,16.666666666666664,16.357142857142858,40.0,97,55.74324324324324,2.666666666666667,0.2112676056338028,9,3,23.181818181818183,55.55555555555556,4.0,0.0,38.0,15.673981191222571,22.22222222222222,28.92561983471074,0.28,0.32,21.428571428571427,7.142857142857142,16.666666666666664,50.0,0.1568627450980392,43.75
191,2026,10,1955804,2026-04-06,Mirassol 0 x 1 Red Bull Bragantino,6332,Mirassol,48.15,51.85,Casa,36.55183098591549,12.195121951219512,11.210526315789474,42.857142857142854,105,64.49367088607595,2.4691358024691357,0.12280701754385964,4,0,11.055555555555555,82.92682926829268,22.58064516129032,11.11111111111111,43.04635761589404,11.827956989247312,42.857142857142854,30.857142857142854,0.48717948717948717,0.1794871794871795,23.52941176470588,17.647058823529413,50.0,40.0,0.12,26.666666666666668
192,2026,10,1955809,2026-04-06,Gremio 0 x 0 Remo,1244,Gremio,65.42,34.58,Casa,38.633883495145625,16.0,10.058823529411764,62.5,116,62.56,1.2658227848101267,0.14492753623188406,11,1,14.666666666666666,74.0,6.451612903225806,15.789473684210526,45.962732919254655,7.879924953095685,62.5,23.48993288590604,0.6829268292682927,0.3170731707317073,42.857142857142854,14.285714285714285,50.0,35.714285714285715,0.10810810810810811,70.0
193,2026,10,1955809,2026-04-06,Gremio 0 x 0 Remo,4617,Remo,34.58,65.42,Fora,27.541999999999998,4.444444444444445,32.77777777777778,44.44444444444444,109,64.98823529411764,0.0,0.24285714285714285,9,3,12.5,77.77777777777779,23.076923076923077,0.0,37.267080745341616,14.516129032258066,7.6923076923076925,20.14388489208633,0.3448275862068966,0.27586206896551724,55.55555555555556,11.11111111111111,37.5,50.0,0.08695652173913043,60.0
194,2026,11,1955833,2026-04-11,Mirassol 1 x 2 Bahia,6332,Mirassol,41.25,58.75,Casa,41.78505882352942,4.651162790697675,11.1875,60.0,103,57.11842105263158,1.282051282051282,0.1411764705882353,6,0,14.956521739130435,65.11627906976744,14.285714285714285,25.0,43.91891891891892,8.743169398907105,33.33333333333333,20.952380952380953,0.35135135135135137,0.2972972972972973,30.76923076923077,23.076923076923077,10.0,90.0,0.13793103448275862,50.0
195,2026,11,1955833,2026-04-11,Mirassol 1 x 2 Bahia,1221,Bahia,58.75,41.25,Fora,31.851627906976745,2.127659574468085,13.666666666666666,57.14285714285714,102,66.54545454545455,4.938271604938271,0.19444444444444445,9,2,18.555555555555557,61.702127659574465,11.904761904761903,0.0,42.2360248447205,11.259541984732824,41.66666666666667,27.038626609442062,0.41935483870967744,0.1935483870967742,18.181818181818183,9.090909090909092,60.0,30.0,0.0962962962962963,46.15384615384615
196,2026,11,1955845,2026-04-11,Vitoria 2 x 0 Sao Paulo,1238,Vitoria,41.84,58.16,Casa,34.51159090909091,6.8181818181818175,17.647058823529413,54.54545454545454,101,59.95384615384615,1.5151515151515151,0.2625,10,1,15.285714285714286,79.54545454545455,6.0606060606060606,0.0,40.28776978417266,14.325842696629213,30.0,15.760869565217392,0.17857142857142858,0.21428571428571427,12.5,12.5,33.33333333333333,50.0,0.21739130434782608,53.333333333333336
197,2026,11,1955845,2026-04-11,Vitoria 2 x 0 Sao Paulo,1224,Sao Paulo,58.16,41.84,Fora,37.50104166666667,5.555555555555555,17.666666666666668,45.45454545454545,88,49.50704225352113,2.73972602739726,0.17391304347826086,7,0,8.214285714285714,61.111111111111114,19.230769230769234,0.0,46.25850340136054,10.62992125984252,37.5,18.852459016393443,0.45454545454545453,0.3333333333333333,33.33333333333333,13.333333333333334,46.15384615384615,23.076923076923077,0.0975609756097561,37.5
198,2026,11,1955848,2026-04-11,Remo 1 x 1 Vasco da Gama,1226,Vasco da Gama,56.75,43.25,Fora,36.17653846153846,4.761904761904762,14.266666666666667,50.0,108,66.32954545454545,4.49438202247191,0.21212121212121213,9,3,15.0625,57.14285714285714,18.75,0.0,47.42857142857143,11.6331096196868,0.0,25.44642857142857,0.5,0.35294117647058826,15.789473684210526,36.84210526315789,60.0,33.33333333333333,0.13380281690140844,42.10526315789473
199,2026,11,1955848,2026-04-11,Remo 1 x 1 Vasco da Gama,4617,Remo,43.25,56.75,Casa,35.92455445544554,4.444444444444445,12.583333333333334,58.333333333333336,128,64.02380952380952,4.761904761904762,0.25333333333333335,8,0,16.933333333333334,80.0,17.647058823529413,18.181818181818183,38.18181818181819,13.864306784660767,10.0,30.21978021978022,0.2647058823529412,0.23529411764705882,21.428571428571427,7.142857142857142,30.0,70.0,0.10344827586206896,33.33333333333333
200,2026,11,1955821,2026-04-12,Fluminense 1 x 2 Flamengo,1232,Fluminense,59.78,40.22,Casa,39.1935,12.82051282051282,11.304347826086957,64.28571428571429,82,60.18666666666667,5.128205128205128,0.1728395061728395,12,2,29.875,71.7948717948718,12.0,0.0,58.78378378378378,5.825242718446602,0.0,17.041800643086816,0.41935483870967744,0.2903225806451613,35.714285714285715,0.0,76.92307692307693,7.6923076923076925,0.09743589743589744,42.10526315789473
201,2026,11,1955821,2026-04-12,Fluminense 1 x 2 Flamengo,1239,Flamengo,40.22,59.78,Fora,39.92446601941747,15.217391304347828,12.931034482758621,63.63636363636363,103,59.30508474576271,3.389830508474576,0.11538461538461539,8,0,12.066666666666666,65.21739130434783,21.428571428571427,11.76470588235294,39.285714285714285,9.774436090225564,28.57142857142857,20.2020202020202,0.17857142857142858,0.25,14.285714285714285,42.857142857142854,28.57142857142857,50.0,0.15178571428571427,35.294117647058826
202,2026,11,1955824,2026-04-12,Botafogo RJ 2 x 2 Coritiba,1227,Botafogo RJ,64.74,35.26,Casa,41.66919354838709,4.081632653061225,7.666666666666667,71.42857142857143,115,48.376344086021504,2.083333333333333,0.2608695652173913,10,6,9.434782608695652,67.3469387755102,23.52941176470588,20.0,48.57142857142857,13.7524557956778,30.0,28.90625,0.6111111111111112,0.2222222222222222,28.57142857142857,10.714285714285714,50.0,50.0,0.10344827586206896,42.857142857142854
203,2026,11,1955824,2026-04-12,Botafogo RJ 2 x 2 Coritiba,1236,Coritiba,35.26,64.74,Fora,26.95850467289719,4.761904761904762,21.53846153846154,42.857142857142854,107,60.40909090909091,5.681818181818182,0.1827956989247312,15,5,10.142857142857142,69.04761904761905,17.142857142857142,28.57142857142857,35.80246913580247,18.471337579617835,12.5,34.04255319148936,0.38461538461538464,0.23076923076923078,15.384615384615385,15.384615384615385,30.76923076923077,53.84615384615385,0.15053763440860216,42.857142857142854
204,2026,11,1955827,2026-04-12,Santos FC 1 x 0 Atletico MG,1235,Atletico MG,56.03,43.97,Fora,35.89858695652175,6.666666666666667,10.380952380952381,64.70588235294117,102,94.58695652173913,0.0,0.32608695652173914,12,5,12.4,68.88888888888889,5.128205128205128,0.0,45.20547945205479,11.468812877263582,33.33333333333333,14.545454545454545,0.5555555555555556,0.4074074074074074,14.285714285714285,0.0,22.22222222222222,77.77777777777779,0.07586206896551724,54.54545454545454
205,2026,11,1955827,2026-04-12,Santos FC 1 x 0 Atletico MG,1241,Santos FC,43.97,56.03,Casa,42.820373831775704,19.607843137254903,9.67741935483871,75.0,124,49.24657534246575,4.10958904109589,0.12698412698412698,4,0,6.833333333333333,68.62745098039215,21.875,22.22222222222222,36.7816091954023,9.873417721518987,16.666666666666664,41.17647058823529,0.3125,0.28125,10.714285714285714,28.57142857142857,46.666666666666664,53.333333333333336,0.10344827586206896,33.33333333333333
206,2026,11,1955830,2026-04-12,Corinthians 0 x 0 Palmeiras,1237,Corinthians,31.65,68.35,Casa,33.14390625,6.25,12.95,35.294117647058826,105,44.671875,2.9850746268656714,0.25925925925925924,5,0,30.818181818181817,76.66666666666667,15.384615384615385,16.666666666666664,32.846715328467155,18.048780487804876,0.0,30.434782608695656,0.29411764705882354,0.4117647058823529,28.57142857142857,28.57142857142857,0.0,75.0,0.08955223880597014,33.33333333333333
207,2026,11,1955830,2026-04-12,Corinthians 0 x 0 Palmeiras,1234,Palmeiras,68.35,31.65,Fora,42.29133802816901,6.0606060606060606,5.541666666666667,62.5,98,65.23188405797102,1.4492753623188406,0.25,5,2,17.384615384615383,66.66666666666666,12.5,0.0,48.148148148148145,10.222222222222223,100.0,30.08849557522124,0.625,0.5625,16.666666666666664,0.0,41.66666666666667,41.66666666666667,0.0975609756097561,68.75
208,2026,11,1955836,2026-04-12,Cruzeiro 2 x 1 Red Bull Bragantino,5438,Red Bull Bragantino,53.57,46.43,Fora,33.071999999999996,4.545454545454546,10.25,42.857142857142854,123,61.87837837837838,1.3333333333333335,0.1836734693877551,5,2,16.57894736842105,72.72727272727273,19.444444444444446,0.0,43.58974358974359,20.118343195266274,28.57142857142857,30.0,0.4838709677419355,0.1935483870967742,66.66666666666666,16.666666666666664,50.0,25.0,0.15841584158415842,37.5
209,2026,11,1955836,2026-04-12,Cruzeiro 2 x 1 Red Bull Bragantino,1230,Cruzeiro,46.43,53.57,Casa,39.92510869565217,17.647058823529413,8.178571428571429,75.0,111,69.9041095890411,0.0,0.14864864864864866,9,1,11.461538461538462,57.57575757575758,19.047619047619047,8.333333333333332,39.263803680981596,14.11042944785276,20.0,24.375,0.21875,0.34375,11.11111111111111,11.11111111111111,33.33333333333333,50.0,0.1927710843373494,25.0
210,2026,11,1955839,2026-04-12,Internacional 0 x 0 Gremio,1219,Internacional,53.0,47.0,Casa,45.75677884615385,9.615384615384617,5.261904761904762,78.94736842105263,143,51.7906976744186,3.3333333333333335,0.24242424242424243,7,0,13.5625,71.15384615384616,14.705882352941178,5.88235294117647,38.46153846153847,14.583333333333334,14.285714285714285,28.125,0.5806451612903226,0.25806451612903225,33.33333333333333,11.11111111111111,28.57142857142857,57.14285714285714,0.08527131782945736,54.54545454545454
211,2026,11,1955839,2026-04-12,Internacional 0 x 0 Gremio,1244,Gremio,47.0,53.0,Fora,31.22677419354839,2.857142857142857,13.466666666666667,45.0,111,47.10588235294118,1.1627906976744187,0.22388059701492538,10,1,20.90909090909091,68.57142857142857,7.4074074074074066,0.0,37.03703703703704,24.66216216216216,0.0,33.088235294117645,0.4230769230769231,0.38461538461538464,25.0,25.0,0.0,50.0,0.05714285714285714,50.0
212,2026,11,1955842,2026-04-12,Athletico Paranaense 2 x 0 Chapecoense AF,1243,Athletico Paranaense,57.46,42.54,Casa,38.250361445783135,2.3255813953488373,8.321428571428571,73.33333333333333,98,55.243589743589745,2.4096385542168677,0.10666666666666667,5,1,16.545454545454547,62.7906976744186,3.0303030303030303,10.0,45.806451612903224,14.05152224824356,44.44444444444444,26.344086021505376,0.6470588235294118,0.29411764705882354,40.0,20.0,66.66666666666666,22.22222222222222,0.1044776119402985,42.857142857142854
213,2026,11,1955842,2026-04-12,Athletico Paranaense 2 x 0 Chapecoense AF,8865,Chapecoense AF,42.54,57.46,Fora,39.123,19.047619047619047,10.56,52.94117647058824,104,56.140625,0.0,0.125,4,2,19.4,59.523809523809526,18.51851851851852,6.666666666666667,43.97163120567376,13.782051282051283,12.5,29.936305732484076,0.38095238095238093,0.2857142857142857,0.0,16.666666666666664,28.57142857142857,42.857142857142854,0.1,75.0
214,2026,12,1955854,2026-04-18,Vasco da Gama 2 x 1 Sao Paulo,1224,Sao Paulo,37.48,62.52,Fora,32.48327102803738,7.317073170731707,9.23076923076923,55.00000000000001,121,51.59770114942529,2.247191011235955,0.16666666666666666,10,4,12.3,70.73170731707317,0.0,0.0,33.53658536585366,14.82889733840304,0.0,22.321428571428573,0.36363636363636365,0.4090909090909091,30.76923076923077,23.076923076923077,0.0,75.0,0.13157894736842105,20.0
215,2026,12,1955854,2026-04-18,Vasco da Gama 2 x 1 Sao Paulo,1226,Vasco da Gama,62.52,37.48,Casa,37.77043689320388,6.0,7.416666666666667,78.57142857142857,124,45.855421686746986,4.705882352941177,0.18461538461538463,1,0,14.217391304347826,59.183673469387756,15.789473684210526,25.0,43.27485380116959,8.823529411764707,25.0,22.268907563025213,0.7894736842105263,0.21052631578947367,66.66666666666666,11.11111111111111,64.28571428571429,28.57142857142857,0.10160427807486631,36.84210526315789
216,2026,12,1955878,2026-04-18,Chapecoense AF 1 x 4 Botafogo RJ,1227,Botafogo RJ,48.86,51.14,Fora,31.586024096385543,2.083333333333333,37.2,28.57142857142857,98,75.35897435897436,0.0,0.17777777777777778,9,2,10.444444444444445,75.0,18.181818181818183,25.0,43.70860927152318,13.108614232209737,0.0,14.393939393939394,0.3870967741935484,0.06451612903225806,27.27272727272727,18.181818181818183,81.81818181818183,18.181818181818183,0.11818181818181818,46.15384615384615
217,2026,12,1955878,2026-04-18,Chapecoense AF 1 x 4 Botafogo RJ,8865,Chapecoense AF,51.14,48.86,Casa,45.398450704225354,16.27906976744186,19.285714285714285,100.0,92,80.68604651162791,4.597701149425287,0.07,10,1,11.583333333333334,48.837209302325576,7.6923076923076925,11.76470588235294,58.51851851851851,16.764132553606238,40.0,24.71042471042471,0.5142857142857142,0.22857142857142856,37.5,25.0,22.22222222222222,44.44444444444444,0.06666666666666667,88.88888888888889
218,2026,12,1955851,2026-04-19,Flamengo 2 x 0 Bahia,1239,Flamengo,49.74,50.26,Casa,40.76713483146067,14.634146341463413,13.478260869565217,66.66666666666666,100,48.0,1.3333333333333335,0.0975609756097561,4,1,7.8125,63.41463414634146,24.0,6.25,46.05263157894737,7.282415630550622,16.666666666666664,15.753424657534246,0.23684210526315788,0.2631578947368421,20.833333333333336,20.833333333333336,23.52941176470588,47.05882352941176,0.1,40.0
219,2026,12,1955851,2026-04-19,Flamengo 2 x 0 Bahia,1221,Bahia,50.26,49.74,Fora,31.22451612903226,3.9215686274509802,12.363636363636363,75.0,115,45.375,4.166666666666666,0.11926605504587157,13,4,15.8,66.66666666666666,2.3255813953488373,12.5,46.875,5.598455598455598,50.0,15.040650406504067,0.42857142857142855,0.2857142857142857,40.0,20.0,60.0,20.0,0.08666666666666667,53.84615384615385
220,2026,12,1955857,2026-04-19,Santos FC 2 x 3 Fluminense,1232,Fluminense,54.23,45.77,Fora,39.86387096774194,6.0,9.029411764705882,42.857142857142854,115,50.32911392405063,5.0,0.1506849315068493,7,3,15.8125,74.0,11.11111111111111,0.0,44.5945945945946,8.786610878661087,50.0,16.342412451361866,0.5,0.25,55.55555555555556,0.0,37.5,50.0,0.08064516129032258,60.0
221,2026,12,1955857,2026-04-19,Santos FC 2 x 3 Fluminense,1241,Santos FC,45.77,54.23,Casa,43.47525,7.6923076923076925,11.142857142857142,61.53846153846154,100,59.734177215189874,2.5316455696202533,0.14150943396226415,10,0,16.071428571428573,71.05263157894737,8.0,23.076923076923077,51.162790697674424,8.653846153846153,37.5,16.593886462882097,0.25,0.25,9.090909090909092,0.0,16.666666666666664,66.66666666666666,0.057692307692307696,16.666666666666664
222,2026,12,1955860,2026-04-19,Palmeiras 1 x 0 Athletico Paranaense,1243,Athletico Paranaense,49.81,50.19,Fora,37.47345,15.0,9.222222222222221,54.54545454545454,108,42.27272727272727,2.9850746268656714,0.14035087719298245,7,0,18.266666666666666,65.0,16.666666666666664,20.0,42.42424242424242,11.793611793611793,11.11111111111111,20.72538860103627,0.5,0.13157894736842105,7.6923076923076925,7.6923076923076925,71.42857142857143,28.57142857142857,0.0661764705882353,55.55555555555556
223,2026,12,1955860,2026-04-19,Palmeiras 1 x 0 Athletico Paranaense,1234,Palmeiras,50.19,49.81,Casa,33.13676470588235,8.108108108108109,17.615384615384617,66.66666666666666,75,81.60493827160494,3.614457831325301,0.15492957746478872,6,4,25.857142857142858,72.97297297297297,11.11111111111111,0.0,38.46153846153847,14.213197969543149,12.5,17.77777777777778,0.45454545454545453,0.2727272727272727,13.333333333333334,6.666666666666667,28.57142857142857,71.42857142857143,0.08547008547008547,40.0
224,2026,12,1955862,2026-04-19,Red Bull Bragantino 4 x 2 Remo,5438,Red Bull Bragantino,49.86,50.14,Casa,40.69923529411764,10.0,15.0,63.63636363636363,117,46.54794520547945,2.7027027027027026,0.1686746987951807,7,2,14.4,66.0,21.62162162162162,30.76923076923077,40.49079754601227,11.188811188811188,50.0,26.48401826484018,0.34210526315789475,0.10526315789473684,23.809523809523807,0.0,35.714285714285715,50.0,0.13008130081300814,18.75
225,2026,12,1955862,2026-04-19,Red Bull Bragantino 4 x 2 Remo,4617,Remo,50.14,49.86,Fora,35.364512195121954,15.555555555555555,19.8,66.66666666666666,112,43.25609756097561,2.380952380952381,0.26666666666666666,12,6,9.222222222222221,72.72727272727273,19.444444444444446,11.11111111111111,41.66666666666667,15.88089330024814,11.11111111111111,20.62780269058296,0.41935483870967744,0.12903225806451613,50.0,0.0,50.0,50.0,0.058333333333333334,42.857142857142854
226,2026,12,1955865,2026-04-19,Cruzeiro 2 x 0 Gremio,1244,Gremio,62.3,37.7,Fora,31.618548387096777,4.545454545454546,13.066666666666666,46.15384615384615,101,67.71875,4.6875,0.13924050632911392,14,4,26.05,75.0,2.631578947368421,16.666666666666664,47.2972972972973,12.22707423580786,30.76923076923077,21.658986175115206,0.4642857142857143,0.21428571428571427,36.36363636363637,45.45454545454545,60.0,20.0,0.10843373493975904,55.55555555555556
227,2026,12,1955865,2026-04-19,Cruzeiro 2 x 0 Gremio,1230,Cruzeiro,37.7,62.3,Casa,38.80308510638298,10.638297872340425,11.03225806451613,68.75,103,46.73134328358209,5.88235294117647,0.15254237288135594,2,2,20.137931034482758,65.95744680851064,27.027027027027028,10.0,41.007194244604314,11.746031746031745,20.0,25.949367088607595,0.35,0.225,19.047619047619047,23.809523809523807,61.53846153846154,23.076923076923077,0.16216216216216217,27.77777777777778
228,2026,12,1955868,2026-04-19,Internacional 1 x 2 Mirassol,1219,Internacional,69.01,30.99,Casa,50.46493421052631,22.448979591836736,7.148148148148148,66.66666666666666,109,50.06,3.0,0.10714285714285714,6,2,11.565217391304348,61.224489795918366,25.925925925925924,13.636363636363635,57.4585635359116,8.087091757387247,40.0,20.388349514563107,0.8333333333333334,0.1875,22.22222222222222,14.814814814814813,43.75,50.0,0.08391608391608392,45.83333333333333
229,2026,12,1955868,2026-04-19,Internacional 1 x 2 Mirassol,6332,Mirassol,30.99,69.01,Fora,24.1794,0.0,20.928571428571427,53.333333333333336,112,59.91025641025641,3.79746835443038,0.15873015873015872,12,4,16.0,78.72340425531915,10.869565217391305,0.0,37.03703703703704,16.733067729083665,7.142857142857142,25.53191489361702,0.19047619047619047,0.23809523809523808,10.0,30.0,11.11111111111111,44.44444444444444,0.19607843137254902,10.0
230,2026,12,1955872,2026-04-19,Coritiba 2 x 0 Atletico MG,1236,Coritiba,16.55,83.45,Casa,32.453831775700934,0.0,14.44,47.05882352941176,118,46.65151515151515,1.5151515151515151,0.09876543209876543,10,1,26.285714285714285,69.76744186046511,10.256410256410255,0.0,21.374045801526716,21.390374331550802,0.0,15.730337078651685,0.06666666666666667,0.3333333333333333,20.0,40.0,0.0,100.0,0.058823529411764705,0.0
231,2026,12,1955872,2026-04-19,Coritiba 2 x 0 Atletico MG,1235,Atletico MG,83.45,16.55,Fora,46.68582089552238,9.090909090909092,7.0,80.0,93,71.12345679012346,2.4096385542168677,0.07317073170731707,4,1,10.863636363636363,61.36363636363637,10.344827586206897,6.666666666666667,53.01204819277109,8.90625,0.0,21.390374331550802,0.3409090909090909,0.29545454545454547,22.22222222222222,11.11111111111111,55.00000000000001,35.0,0.10952380952380952,52.17391304347826
232,2026,12,1955875,2026-04-19,Vitoria 0 x 0 Corinthians,1237,Corinthians,39.55,60.45,Fora,36.78574468085107,10.526315789473683,13.91304347826087,35.714285714285715,94,64.23611111111111,1.3888888888888888,0.0967741935483871,6,2,17.333333333333332,68.42105263157895,7.142857142857142,11.11111111111111,31.15942028985507,14.929577464788732,0.0,25.477707006369428,0.48148148148148145,0.14814814814814814,44.44444444444444,0.0,50.0,33.33333333333333,0.05785123966942149,57.14285714285714
233,2026,12,1955875,2026-04-19,Vitoria 0 x 0 Corinthians,1238,Vitoria,60.45,39.55,Casa,43.745999999999995,14.285714285714285,8.16,69.23076923076923,90,69.1159420289855,2.7777777777777777,0.25,5,1,34.714285714285715,62.857142857142854,9.523809523809524,14.285714285714285,45.45454545454545,12.149532710280374,55.55555555555556,16.50943396226415,0.2962962962962963,0.2222222222222222,22.22222222222222,33.33333333333333,44.44444444444444,44.44444444444444,0.13186813186813187,50.0
234,2026,13,1955884,2026-04-25,Botafogo RJ 2 x 2 Internacional,1227,Botafogo RJ,54.64,45.36,Casa,40.043097345132736,5.769230769230769,7.071428571428571,75.0,134,51.72839506172839,2.4390243902439024,0.12,7,1,19.625,78.84615384615384,5.405405405405405,20.0,37.05882352941177,19.62025316455696,0.0,25.142857142857146,0.2727272727272727,0.24242424242424243,58.333333333333336,8.333333333333332,33.33333333333333,66.66666666666666,0.17391304347826086,25.0
235,2026,13,1955884,2026-04-25,Botafogo RJ 2 x 2 Internacional,1219,Internacional,45.36,54.64,Fora,36.93516129032258,6.976744186046512,9.791666666666666,64.28571428571429,120,62.61538461538461,3.1914893617021276,0.2608695652173913,7,3,19.666666666666668,67.44186046511628,11.76470588235294,11.11111111111111,33.91812865497076,16.845878136200717,0.0,31.70731707317073,0.1875,0.21875,33.33333333333333,33.33333333333333,20.0,60.0,0.0963855421686747,75.0
236,2026,13,1955905,2026-04-25,Bahia 2 x 2 Santos FC,1241,Santos FC,28.1,71.9,Fora,33.83971698113207,6.382978723404255,12.08,47.05882352941176,123,44.3,3.75,0.14102564102564102,13,2,8.75,70.2127659574468,11.428571428571429,8.333333333333332,30.67484662576687,15.98639455782313,0.0,20.833333333333336,0.375,0.2916666666666667,29.411764705882355,29.411764705882355,0.0,71.42857142857143,0.1,33.33333333333333
237,2026,13,1955905,2026-04-25,Bahia 2 x 2 Santos FC,1221,Bahia,71.9,28.1,Casa,41.62791262135922,9.30232558139535,5.588235294117647,62.5,127,50.845238095238095,3.5294117647058822,0.14516129032258066,5,2,12.88888888888889,72.09302325581395,20.689655172413794,14.285714285714285,50.0,5.904761904761905,66.66666666666666,16.24548736462094,0.4782608695652174,0.1956521739130435,45.0,5.0,75.0,25.0,0.0962566844919786,44.44444444444444
238,2026,13,1955908,2026-04-25,Remo 0 x 1 Cruzeiro,1230,Cruzeiro,50.45,49.55,Fora,31.51193181818182,1.9607843137254901,7.357142857142857,59.09090909090909,141,45.49411764705882,2.3529411764705883,0.29508196721311475,8,0,10.76923076923077,84.31372549019608,12.76595744680851,0.0,39.411764705882355,13.670886075949367,50.0,25.13089005235602,0.3783783783783784,0.1891891891891892,9.090909090909092,27.27272727272727,33.33333333333333,66.66666666666666,0.04838709677419355,50.0
239,2026,13,1955908,2026-04-25,Remo 0 x 1 Cruzeiro,4617,Remo,49.55,50.45,Casa,36.40381188118811,4.3478260869565215,9.03448275862069,86.66666666666667,127,55.744897959183675,1.0101010101010102,0.15,6,0,16.125,78.26086956521739,12.82051282051282,0.0,40.0,16.516516516516518,0.0,42.5531914893617,0.5555555555555556,0.2,53.84615384615385,0.0,27.27272727272727,63.63636363636363,0.09859154929577464,57.14285714285714
240,2026,13,1955887,2026-04-26,Sao Paulo 1 x 0 Mirassol,6332,Mirassol,47.24,52.76,Fora,32.561,4.444444444444445,12.0,57.14285714285714,118,54.72839506172839,3.7037037037037033,0.2835820895522388,11,6,22.071428571428573,77.77777777777779,8.108108108108109,0.0,40.64516129032258,16.40625,30.0,25.41436464088398,0.34782608695652173,0.2608695652173913,16.666666666666664,8.333333333333332,55.55555555555556,33.33333333333333,0.09009009009009009,40.0
241,2026,13,1955887,2026-04-26,Sao Paulo 1 x 0 Mirassol,1224,Sao Paulo,52.76,47.24,Casa,40.94315217391304,13.157894736842104,9.172413793103448,45.45454545454545,107,72.4090909090909,3.3707865168539324,0.18055555555555555,6,0,8.444444444444445,65.78947368421053,34.61538461538461,16.666666666666664,47.45762711864407,14.964370546318289,12.5,29.891304347826086,0.34210526315789475,0.3684210526315789,5.88235294117647,35.294117647058826,37.5,56.25,0.1118421052631579,58.82352941176471
242,2026,13,1955890,2026-04-26,Corinthians 1 x 0 Vasco da Gama,1226,Vasco da Gama,60.9,39.1,Fora,38.24935483870968,4.25531914893617,5.838709677419355,70.58823529411765,118,50.41975308641975,3.6585365853658534,0.12244897959183673,10,1,10.476190476190476,53.191489361702125,20.0,16.666666666666664,50.0,7.975460122699387,50.0,25.65217391304348,0.5,0.1590909090909091,16.666666666666664,33.33333333333333,64.70588235294117,29.411764705882355,0.105,71.42857142857143
243,2026,13,1955890,2026-04-26,Corinthians 1 x 0 Vasco da Gama,1237,Corinthians,39.1,60.9,Casa,36.72711538461539,8.571428571428571,11.666666666666666,58.333333333333336,98,75.78947368421052,5.263157894736842,0.19480519480519481,12,2,21.928571428571427,73.52941176470588,19.230769230769234,0.0,42.17687074829932,16.25,8.695652173913043,26.174496644295303,0.21875,0.28125,41.66666666666667,16.666666666666664,37.5,50.0,0.10743801652892562,38.46153846153847
244,2026,13,1955893,2026-04-26,Red Bull Bragantino 0 x 1 Palmeiras,5438,Red Bull Bragantino,62.44,37.56,Casa,46.44620689655173,15.517241379310345,13.0,66.66666666666666,106,52.36046511627907,1.1363636363636365,0.13636363636363635,3,1,8.434782608695652,75.86206896551724,23.52941176470588,0.0,45.2513966480447,10.920770877944326,0.0,28.634361233480178,0.5909090909090909,0.29545454545454547,52.38095238095239,14.285714285714285,63.63636363636363,27.27272727272727,0.09844559585492228,36.84210526315789
245,2026,13,1955893,2026-04-26,Red Bull Bragantino 0 x 1 Palmeiras,1234,Palmeiras,37.56,62.44,Fora,30.17152173913043,0.0,18.357142857142858,41.17647058823529,100,63.13157894736842,2.5,0.1650485436893204,14,1,5.444444444444445,60.526315789473685,3.0303030303030303,20.0,37.76223776223776,20.666666666666668,11.76470588235294,27.61904761904762,0.12,0.12,42.857142857142854,28.57142857142857,33.33333333333333,66.66666666666666,0.08571428571428572,16.666666666666664
246,2026,13,1955899,2026-04-26,Gremio 1 x 0 Coritiba,1244,Gremio,57.3,42.7,Casa,36.9215,9.75609756097561,8.36,65.0,106,52.666666666666664,6.666666666666667,0.22448979591836735,4,2,14.117647058823529,78.04878048780488,22.58064516129032,30.0,41.843971631205676,13.963963963963963,27.27272727272727,26.02040816326531,0.41935483870967744,0.3548387096774194,30.0,25.0,80.0,20.0,0.1506849315068493,40.909090909090914
247,2026,13,1955899,2026-04-26,Gremio 1 x 0 Coritiba,1236,Coritiba,42.7,57.3,Fora,37.97810126582279,14.285714285714285,16.41176470588235,45.45454545454545,96,63.486111111111114,1.3888888888888888,0.22077922077922077,9,5,25.083333333333332,57.14285714285714,4.3478260869565215,8.333333333333332,47.2972972972973,12.462908011869436,0.0,31.61764705882353,0.36666666666666664,0.2,27.77777777777778,38.88888888888889,40.0,50.0,0.125,46.666666666666664
248,2026,13,1955902,2026-04-26,Athletico Paranaense 3 x 1 Vitoria,1243,Athletico Paranaense,63.34,36.66,Casa,40.84898734177215,5.88235294117647,7.291666666666667,62.5,91,44.21212121212121,1.5151515151515151,0.13114754098360656,3,0,8.434782608695652,70.58823529411765,19.230769230769234,0.0,46.478873239436616,9.090909090909092,60.0,25.471698113207548,0.36585365853658536,0.14634146341463414,31.25,0.0,25.0,66.66666666666666,0.1476510067114094,36.36363636363637
249,2026,13,1955902,2026-04-26,Athletico Paranaense 3 x 1 Vitoria,1238,Vitoria,36.66,63.34,Fora,31.68439024390244,0.0,13.666666666666666,26.666666666666668,89,72.53521126760563,2.73972602739726,0.16,10,2,42.06666666666667,65.625,6.666666666666667,0.0,31.428571428571427,17.796610169491526,8.333333333333332,20.56737588652482,0.2,0.2,66.66666666666666,33.33333333333333,0.0,100.0,0.14893617021276595,42.857142857142854
250,2026,13,1955881,2026-04-27,Fluminense 2 x 1 Chapecoense AF,1232,Fluminense,73.89,26.11,Casa,43.90657894736842,2.083333333333333,9.826086956521738,50.0,106,44.828125,6.0606060606060606,0.12658227848101267,6,0,20.56,66.66666666666666,15.625,18.75,55.033557046979865,5.172413793103448,66.66666666666666,16.812227074235807,0.5777777777777777,0.2,30.0,33.33333333333333,65.0,35.0,0.1228813559322034,27.586206896551722
251,2026,13,1955881,2026-04-27,Fluminense 2 x 1 Chapecoense AF,8865,Chapecoense AF,26.11,73.89,Fora,30.089433962264152,2.083333333333333,29.066666666666666,37.5,113,43.82857142857143,1.3888888888888888,0.18,13,3,18.266666666666666,50.0,12.195121951219512,0.0,34.04255319148936,16.39344262295082,0.0,25.0,0.25,0.375,33.33333333333333,0.0,28.57142857142857,57.14285714285714,0.11940298507462686,75.0
252,2026,13,1955896,2026-04-27,Atletico MG 0 x 4 Flamengo,1239,Flamengo,48.58,51.42,Fora,33.636971830985914,15.384615384615385,15.722222222222221,38.46153846153847,76,85.63829787234043,2.127659574468085,0.09836065573770492,6,0,31.923076923076923,53.84615384615385,5.88235294117647,0.0,49.532710280373834,6.109979633401222,50.0,16.27906976744186,0.23333333333333334,0.13333333333333333,22.22222222222222,11.11111111111111,85.71428571428571,14.285714285714285,0.08108108108108109,33.33333333333333
253,2026,13,1955896,2026-04-27,Atletico MG 0 x 4 Flamengo,1235,Atletico MG,51.42,48.58,Casa,36.94875,3.225806451612903,18.72222222222222,70.0,72,103.73214285714286,0.0,0.14035087719298245,3,0,15.294117647058824,67.74193548387096,15.384615384615385,0.0,56.91056910569105,6.97211155378486,25.0,16.92913385826772,0.5428571428571428,0.17142857142857143,35.0,15.0,66.66666666666666,20.0,0.11392405063291139,50.0
254,2026,14,1955752,2026-05-02,Botafogo RJ 1 x 2 Remo,1227,Botafogo RJ,58.92,41.08,Casa,33.9198275862069,4.651162790697675,12.0625,71.42857142857143,93,67.76829268292683,1.2195121951219512,0.15625,8,2,12.727272727272727,83.72093023255815,16.666666666666664,71.42857142857143,42.94871794871795,14.782608695652174,40.0,29.004329004329005,0.5,0.3125,29.166666666666668,33.33333333333333,11.11111111111111,77.77777777777779,0.12403100775193798,43.75
255,2026,14,1955752,2026-05-02,Botafogo RJ 1 x 2 Remo,4617,Remo,41.08,58.92,Fora,32.52877659574468,12.82051282051282,19.58823529411765,50.0,90,71.54545454545455,1.2345679012345678,0.23255813953488372,11,7,14.666666666666666,74.35897435897436,22.58064516129032,12.5,43.037974683544306,14.634146341463413,14.285714285714285,26.035502958579883,0.35135135135135137,0.2702702702702703,16.666666666666664,41.66666666666667,20.0,40.0,0.15,55.55555555555556
256,2026,14,1955758,2026-05-02,Palmeiras 1 x 1 Santos FC,1241,Santos FC,41.57,58.43,Fora,34.75185,7.142857142857142,10.666666666666666,60.0,94,65.90243902439025,3.614457831325301,0.0410958904109589,7,1,9.7,69.04761904761905,25.0,10.0,44.0,12.40506329113924,14.285714285714285,27.81456953642384,0.3793103448275862,0.2413793103448276,18.181818181818183,18.181818181818183,18.181818181818183,54.54545454545454,0.09395973154362416,42.857142857142854
257,2026,14,1955758,2026-05-02,Palmeiras 1 x 1 Santos FC,1234,Palmeiras,58.43,41.57,Casa,39.91625,11.363636363636363,11.3,55.55555555555556,102,54.467532467532465,0.0,0.26506024096385544,13,3,9.9375,68.18181818181817,10.714285714285714,6.25,37.64705882352941,9.615384615384617,20.0,19.158878504672895,0.8333333333333334,0.23333333333333334,25.0,10.0,47.05882352941176,35.294117647058826,0.13333333333333333,40.909090909090914
258,2026,14,1955773,2026-05-02,Vitoria 4 x 1 Coritiba,1238,Vitoria,61.53,38.47,Casa,36.34594936708861,2.7777777777777777,11.1,69.23076923076923,88,46.40425531914894,8.16326530612245,0.14583333333333334,6,1,18.25,66.66666666666666,9.67741935483871,20.0,49.107142857142854,8.380952380952381,100.0,14.801444043321299,0.4444444444444444,0.2962962962962963,18.181818181818183,36.36363636363637,62.5,12.5,0.07874015748031496,40.0
259,2026,14,1955773,2026-05-02,Vitoria 4 x 1 Coritiba,1236,Coritiba,38.47,61.53,Fora,36.65333333333333,3.571428571428571,18.68421052631579,63.63636363636363,74,71.01587301587301,1.5873015873015872,0.14035087719298245,4,1,14.857142857142858,71.42857142857143,9.523809523809524,14.285714285714285,52.04081632653062,13.4375,25.0,21.965317919075144,0.4444444444444444,0.2222222222222222,14.285714285714285,14.285714285714285,33.33333333333333,66.66666666666666,0.056179775280898875,40.0
260,2026,14,1955755,2026-05-03,Sao Paulo 2 x 2 Bahia,1224,Sao Paulo,37.8,62.2,Casa,33.580217391304345,2.941176470588235,19.928571428571427,50.0,85,58.06849315068493,1.3333333333333335,0.14545454545454545,7,2,13.625,67.64705882352942,11.538461538461538,37.5,37.83783783783784,13.375796178343949,12.5,18.97810218978102,0.3548387096774194,0.3225806451612903,33.33333333333333,28.57142857142857,36.36363636363637,36.36363636363637,0.1836734693877551,27.77777777777778
261,2026,14,1955755,2026-05-03,Sao Paulo 2 x 2 Bahia,1221,Bahia,62.2,37.8,Fora,36.099807692307685,7.317073170731707,13.928571428571429,50.0,97,64.0,4.477611940298507,0.1746031746031746,8,3,27.22222222222222,65.85365853658537,6.666666666666667,18.181818181818183,45.27027027027027,7.156673114119923,25.0,19.615384615384617,0.4166666666666667,0.2777777777777778,36.84210526315789,15.789473684210526,75.0,25.0,0.11049723756906077,40.0
262,2026,14,1955764,2026-05-03,Cruzeiro 1 x 3 Atletico MG,1230,Cruzeiro,71.36,28.64,Casa,40.82506329113924,5.128205128205128,6.708333333333333,53.333333333333336,97,67.09210526315789,2.5974025974025974,0.16666666666666666,6,1,10.695652173913043,56.41025641025641,22.58064516129032,0.0,48.05194805194805,13.111545988258316,0.0,30.739299610894943,0.6341463414634146,0.17073170731707318,30.76923076923077,23.076923076923077,55.55555555555556,33.33333333333333,0.06190476190476191,61.53846153846154
263,2026,14,1955764,2026-05-03,Cruzeiro 1 x 3 Atletico MG,1235,Atletico MG,28.64,71.36,Fora,30.3296875,6.25,16.166666666666668,52.94117647058824,95,52.67164179104478,1.4705882352941175,0.18518518518518517,8,2,41.2,84.375,11.11111111111111,20.0,33.60655737704918,18.666666666666668,0.0,19.801980198019802,0.35294117647058826,0.4117647058823529,10.0,20.0,100.0,0.0,0.09090909090909091,0.0
264,2026,14,1955767,2026-05-03,Internacional 2 x 0 Fluminense,1219,Internacional,31.17,68.83,Casa,47.067925531914895,18.6046511627907,13.085714285714285,68.0,109,50.77358490566038,3.6363636363636362,0.09523809523809523,2,0,6.0588235294117645,74.4186046511628,17.391304347826086,5.0,41.04477611940299,9.602649006622517,25.0,20.238095238095237,0.1935483870967742,0.3870967741935484,10.0,20.0,20.0,66.66666666666666,0.14634146341463414,61.111111111111114
265,2026,14,1955767,2026-05-03,Internacional 2 x 0 Fluminense,1232,Fluminense,68.83,31.17,Fora,36.13796052631579,3.4482758620689653,7.045454545454546,50.0,80,55.92307692307692,0.0,0.08955223880597014,10,2,27.3,58.620689655172406,0.0,0.0,54.421768707483,7.290015847860539,55.55555555555556,12.103746397694524,0.5416666666666666,0.25,20.0,10.0,63.63636363636363,27.27272727272727,0.08396946564885496,72.72727272727273
266,2026,14,1955770,2026-05-03,Athletico Paranaense 0 x 0 Gremio,1243,Athletico Paranaense,46.73,53.27,Casa,36.39875,0.0,13.08695652173913,63.63636363636363,103,50.90243902439025,7.142857142857142,0.11267605633802817,7,0,18.9,92.3076923076923,15.151515151515152,16.666666666666664,47.97297297297297,13.774104683195592,25.0,20.603015075376884,0.16666666666666666,0.3333333333333333,8.333333333333332,33.33333333333333,33.33333333333333,66.66666666666666,0.11702127659574468,27.27272727272727
267,2026,14,1955770,2026-05-03,Athletico Paranaense 0 x 0 Gremio,1244,Gremio,53.27,46.73,Fora,40.04747191011236,9.523809523809524,10.91304347826087,53.84615384615385,106,58.68115942028985,1.3888888888888888,0.2698412698412698,8,2,13.2,66.66666666666666,12.903225806451612,0.0,42.028985507246375,10.176991150442479,0.0,17.27941176470588,0.6451612903225806,0.22580645161290322,44.44444444444444,22.22222222222222,60.0,40.0,0.05511811023622047,28.57142857142857
268,2026,14,1955777,2026-05-03,Chapecoense AF 1 x 2 Red Bull Bragantino,8865,Chapecoense AF,59.69,40.31,Casa,39.358666666666664,11.76470588235294,11.958333333333334,50.0,103,58.20454545454545,1.1235955056179776,0.08860759493670886,2,0,9.11111111111111,58.82352941176471,15.384615384615385,0.0,46.666666666666664,17.634408602150536,16.666666666666664,27.631578947368425,0.5,0.20588235294117646,37.5,18.75,43.75,43.75,0.13768115942028986,47.368421052631575
269,2026,14,1955777,2026-05-03,Chapecoense AF 1 x 2 Red Bull Bragantino,5438,Red Bull Bragantino,40.31,59.69,Fora,36.20824468085106,4.25531914893617,13.166666666666666,80.0,104,64.63953488372093,1.1235955056179776,0.08080808080808081,10,1,10.538461538461538,57.446808510638306,2.7777777777777777,0.0,38.853503184713375,15.303430079155673,6.666666666666667,17.142857142857142,0.5882352941176471,0.058823529411764705,28.57142857142857,14.285714285714285,20.0,40.0,0.09090909090909091,28.57142857142857
270,2026,14,1955911,2026-05-03,Flamengo 2 x 2 Vasco da Gama,1226,Vasco da Gama,53.27,46.73,Fora,42.85206896551725,13.725490196078432,12.10344827586207,75.0,109,43.73529411764706,1.4705882352941175,0.14516129032258066,2,0,12.421052631578947,66.66666666666666,21.428571428571427,4.3478260869565215,44.21768707482993,7.2434607645875255,66.66666666666666,15.54054054054054,0.5116279069767442,0.23255813953488372,33.33333333333333,5.555555555555555,75.0,18.75,0.12121212121212122,45.0
271,2026,14,1955911,2026-05-03,Flamengo 2 x 2 Vasco da Gama,1239,Flamengo,46.73,53.27,Casa,30.265955056179774,5.405405405405405,11.958333333333334,60.0,98,67.6,8.450704225352112,0.09090909090909091,13,1,19.6,70.27027027027027,0.0,0.0,42.567567567567565,7.415254237288135,42.857142857142854,18.26086956521739,0.23076923076923078,0.19230769230769232,21.428571428571427,7.142857142857142,71.42857142857143,28.57142857142857,0.11,36.36363636363637
272,2026,14,1955761,2026-05-04,Mirassol 2 x 1 Corinthians,6332,Mirassol,40.33,59.67,Casa,40.84753012048193,12.195121951219512,16.73913043478261,63.1578947368421,107,51.83132530120482,1.1627906976744187,0.125,3,1,18.428571428571427,60.0,7.4074074074074066,7.142857142857142,38.775510204081634,16.27906976744186,12.5,25.874125874125873,0.43478260869565216,0.391304347826087,25.0,25.0,25.0,50.0,0.05825242718446602,66.66666666666666
273,2026,14,1955761,2026-05-04,Mirassol 2 x 1 Corinthians,1237,Corinthians,59.67,40.33,Fora,36.24554347826087,10.638297872340425,12.105263157894736,53.84615384615385,112,40.27160493827161,2.380952380952381,0.07352941176470588,4,1,22.15,61.702127659574465,8.333333333333332,0.0,47.85276073619632,7.650273224043716,66.66666666666666,16.129032258064516,0.4666666666666667,0.16666666666666666,60.0,0.0,54.54545454545454,18.181818181818183,0.08527131782945736,54.54545454545454
274,2026,15,1955780,2026-05-09,Fluminense 2 x 2 Vitoria,1232,Fluminense,57.83,42.17,Casa,37.55170588235294,7.317073170731707,9.444444444444445,53.333333333333336,113,62.971014492753625,1.4285714285714286,0.140625,3,1,10.68421052631579,82.92682926829268,16.129032258064516,0.0,48.484848484848484,6.415094339622642,42.857142857142854,15.355805243445692,0.2926829268292683,0.2682926829268293,18.181818181818183,18.181818181818183,70.0,30.0,0.06779661016949153,41.66666666666667
275,2026,15,1955780,2026-05-09,Fluminense 2 x 2 Vitoria,1238,Vitoria,42.17,57.83,Fora,36.852558139534885,7.5,13.863636363636363,42.857142857142854,113,46.07692307692308,4.477611940298507,0.13253012048192772,9,0,15.916666666666666,69.23076923076923,10.714285714285714,0.0,39.436619718309856,13.910761154855644,22.22222222222222,16.83673469387755,0.25,0.2857142857142857,25.0,0.0,50.0,37.5,0.09183673469387756,44.44444444444444
276,2026,15,1955802,2026-05-09,Coritiba 2 x 2 Internacional,1236,Coritiba,33.33,66.67,Casa,26.690669291338587,2.083333333333333,15.4,45.45454545454545,127,45.214285714285715,0.0,0.24,10,3,22.42105263157895,70.83333333333334,9.523809523809524,0.0,30.18867924528302,16.828478964401295,0.0,17.46987951807229,0.4090909090909091,0.18181818181818182,30.0,50.0,66.66666666666666,33.33333333333333,0.10126582278481013,37.5
277,2026,15,1955802,2026-05-09,Coritiba 2 x 2 Internacional,1219,Internacional,66.67,33.33,Fora,40.60538461538462,12.0,10.0,70.0,117,54.07692307692308,2.857142857142857,0.19696969696969696,6,2,13.15,74.0,17.647058823529413,6.25,54.054054054054056,14.564831261101244,66.66666666666666,29.51388888888889,0.68,0.14,29.166666666666668,8.333333333333332,47.368421052631575,42.10526315789473,0.08906882591093117,27.27272727272727
278,2026,15,1955786,2026-05-10,Santos FC 2 x 0 Red Bull Bragantino,1241,Santos FC,50.92,49.08,Casa,41.042477064220186,15.09433962264151,7.774193548387097,53.84615384615385,111,39.93181818181818,7.954545454545454,0.14432989690721648,9,1,10.526315789473685,79.24528301886792,2.941176470588235,15.789473684210526,39.1812865497076,7.568807339449542,16.666666666666664,17.412935323383085,0.1724137931034483,0.27586206896551724,5.0,20.0,83.33333333333334,16.666666666666664,0.07142857142857142,11.11111111111111
279,2026,15,1955786,2026-05-10,Santos FC 2 x 0 Red Bull Bragantino,5438,Red Bull Bragantino,49.08,50.92,Fora,37.97830188679246,8.47457627118644,11.076923076923077,61.111111111111114,123,50.70454545454545,2.2222222222222223,0.17204301075268819,5,3,28.55,71.1864406779661,11.363636363636363,6.666666666666667,36.46408839779006,11.917098445595855,12.5,22.82608695652174,0.3157894736842105,0.2631578947368421,23.52941176470588,23.52941176470588,33.33333333333333,44.44444444444444,0.0873015873015873,45.45454545454545
280,2026,15,1955790,2026-05-10,Corinthians 3 x 2 Sao Paulo,1237,Corinthians,50.3,49.7,Casa,37.52375,8.108108108108109,15.764705882352942,58.333333333333336,85,108.475,0.0,0.09523809523809523,9,2,17.785714285714285,81.08108108108108,15.384615384615385,27.27272727272727,41.61490683229814,9.278350515463918,40.0,23.333333333333332,0.5714285714285714,0.25,31.25,12.5,50.0,20.0,0.11363636363636363,26.666666666666668
281,2026,15,1955790,2026-05-10,Corinthians 3 x 2 Sao Paulo,1224,Sao Paulo,49.7,50.3,Fora,38.03,15.555555555555555,8.392857142857142,46.15384615384615,110,50.36904761904762,3.5294117647058822,0.22972972972972974,10,3,11.2,75.0,22.727272727272727,9.090909090909092,38.125,10.050251256281408,44.44444444444444,16.143497757847534,0.28,0.16,0.0,0.0,50.0,33.33333333333333,0.07291666666666667,71.42857142857143
282,2026,15,1955792,2026-05-10,Mirassol 1 x 1 Chapecoense AF,6332,Mirassol,59.75,40.25,Casa,39.27379518072289,14.285714285714285,12.333333333333334,70.0,116,62.535714285714285,0.0,0.18333333333333332,4,1,21.0,61.224489795918366,15.151515151515152,12.5,45.05494505494506,11.65644171779141,25.0,21.20141342756184,0.6176470588235294,0.14705882352941177,36.36363636363637,18.181818181818183,43.75,50.0,0.16666666666666666,63.63636363636363
283,2026,15,1955792,2026-05-10,Mirassol 1 x 1 Chapecoense AF,8865,Chapecoense AF,40.25,59.75,Fora,32.19757425742574,7.6923076923076925,19.055555555555557,45.0,105,63.03703703703704,0.0,0.18518518518518517,9,2,9.823529411764707,76.92307692307693,12.903225806451612,0.0,36.84210526315789,17.51412429378531,9.090909090909092,28.125,0.4074074074074074,0.2962962962962963,33.33333333333333,22.22222222222222,42.857142857142854,28.57142857142857,0.1375,72.72727272727273
284,2026,15,1955795,2026-05-10,Atletico MG 1 x 1 Botafogo RJ,1235,Atletico MG,42.51,57.49,Casa,36.49572289156627,13.88888888888889,20.928571428571427,55.55555555555556,91,57.12328767123287,5.333333333333334,0.12658227848101267,7,2,12.846153846153847,66.66666666666666,13.043478260869565,0.0,33.77483443708609,17.57188498402556,0.0,25.34246575342466,0.4583333333333333,0.08333333333333333,36.36363636363637,9.090909090909092,18.181818181818183,63.63636363636363,0.1574074074074074,29.411764705882355
285,2026,15,1955795,2026-05-10,Atletico MG 1 x 1 Botafogo RJ,1227,Botafogo RJ,57.49,42.51,Fora,39.338793103448275,7.317073170731707,8.818181818181818,58.333333333333336,107,60.359550561797754,0.0,0.15942028985507245,7,1,13.6875,68.29268292682927,19.35483870967742,10.0,44.31137724550898,14.563106796116504,75.0,26.794258373205743,0.2857142857142857,0.2857142857142857,23.52941176470588,0.0,28.57142857142857,71.42857142857143,0.16363636363636364,44.44444444444444
286,2026,15,1955798,2026-05-10,Gremio 0 x 1 Flamengo,1244,Gremio,32.17,67.83,Casa,27.822162162162158,8.88888888888889,27.214285714285715,70.0,104,47.646341463414636,1.1904761904761905,0.14049586776859505,15,2,13.0,68.88888888888889,2.631578947368421,0.0,36.36363636363637,16.0,0.0,20.670391061452513,0.5217391304347826,0.34782608695652173,14.285714285714285,42.857142857142854,40.0,40.0,0.07228915662650602,66.66666666666666
287,2026,15,1955798,2026-05-10,Gremio 0 x 1 Flamengo,1239,Flamengo,67.83,32.17,Fora,42.16607142857143,7.142857142857142,10.91304347826087,80.0,106,48.23809523809524,4.761904761904762,0.18461538461538463,2,0,14.12,64.81481481481481,12.5,8.333333333333332,52.46913580246913,5.006765899864682,60.0,15.649867374005305,0.3191489361702128,0.2127659574468085,8.695652173913043,17.391304347826086,64.70588235294117,23.52941176470588,0.0684931506849315,30.0
288,2026,15,1955807,2026-05-10,Bahia 1 x 2 Cruzeiro,1221,Bahia,49.12,50.88,Casa,36.16090909090909,13.333333333333334,11.31578947368421,57.14285714285714,89,60.52857142857143,2.8169014084507045,0.12903225806451613,11,2,25.333333333333332,70.0,12.0,0.0,44.827586206896555,11.267605633802818,25.0,26.174496644295303,0.5172413793103449,0.2413793103448276,0.0,0.0,83.33333333333334,0.0,0.05785123966942149,42.857142857142854
289,2026,15,1955807,2026-05-10,Bahia 1 x 2 Cruzeiro,1230,Cruzeiro,50.88,49.12,Fora,36.41816037735849,14.285714285714285,10.045454545454545,31.25,103,59.86363636363637,1.4925373134328357,0.1111111111111111,4,1,12.055555555555555,73.17073170731707,17.857142857142858,14.285714285714285,43.66197183098591,9.134615384615383,0.0,20.673076923076923,0.4482758620689655,0.27586206896551724,41.17647058823529,5.88235294117647,37.5,50.0,0.13157894736842105,30.0
290,2026,15,1955810,2026-05-10,Remo 1 x 1 Palmeiras,4617,Remo,27.72,72.28,Casa,28.359187499999997,6.666666666666667,38.25,66.66666666666666,108,71.65853658536585,2.380952380952381,0.20930232558139536,13,0,5.375,83.33333333333334,18.181818181818183,0.0,31.41025641025641,22.64957264957265,0.0,37.39837398373984,0.5217391304347826,0.17391304347826086,14.285714285714285,28.57142857142857,30.0,50.0,0.16304347826086957,40.0
291,2026,15,1955810,2026-05-10,Remo 1 x 1 Palmeiras,1234,Palmeiras,72.28,27.72,Fora,33.66530487804878,4.25531914893617,14.88888888888889,66.66666666666666,111,64.84444444444445,5.555555555555555,0.25,7,0,11.481481481481481,72.3404255319149,21.62162162162162,0.0,46.82080924855491,11.974789915966387,66.66666666666666,25.11013215859031,0.38636363636363635,0.3181818181818182,32.0,16.0,55.55555555555556,11.11111111111111,0.1111111111111111,38.88888888888889
292,2026,15,1955783,2026-05-11,Vasco da Gama 1 x 0 Athletico Paranaense,1226,Vasco da Gama,51.71,48.29,Casa,34.39485981308411,6.521739130434782,12.681818181818182,50.0,118,40.46376811594203,1.4492753623188406,0.08974358974358974,5,0,11.173913043478262,52.17391304347826,11.428571428571429,27.27272727272727,47.94520547945205,11.585365853658537,0.0,18.996415770609318,0.40540540540540543,0.16216216216216217,52.63157894736842,26.31578947368421,61.53846153846154,30.76923076923077,0.1032258064516129,25.0
293,2026,15,1955783,2026-05-11,Vasco da Gama 1 x 0 Athletico Paranaense,1243,Athletico Paranaense,48.29,51.71,Fora,33.64173076923077,2.3255813953488373,22.357142857142858,55.55555555555556,96,64.4125,1.1764705882352942,0.18181818181818182,8,4,26.7,86.04651162790698,7.894736842105263,0.0,42.17687074829932,8.428246013667426,28.57142857142857,22.065727699530516,0.2619047619047619,0.3333333333333333,20.0,30.0,50.0,25.0,0.07142857142857142,55.55555555555556
294,2026,16,1955813,2026-05-16,Fluminense 2 x 1 Sao Paulo,1224,Sao Paulo,49.45,50.55,Fora,41.871185567010315,10.638297872340425,20.41176470588235,50.0,105,63.2625,4.938271604938271,0.175,5,1,13.705882352941176,55.319148936170215,13.793103448275861,5.555555555555555,40.909090909090914,9.473684210526317,14.285714285714285,14.074074074074074,0.42424242424242425,0.12121212121212122,36.36363636363637,36.36363636363637,44.44444444444444,55.55555555555556,0.10144927536231885,42.857142857142854
295,2026,16,1955813,2026-05-16,Fluminense 2 x 1 Sao Paulo,1232,Fluminense,50.55,49.45,Casa,36.9633870967742,12.5,19.533333333333335,53.84615384615385,98,62.8125,3.75,0.08823529411764706,9,1,23.31578947368421,60.0,10.0,10.0,42.58064516129032,9.243697478991598,50.0,19.557195571955717,0.24,0.28,23.076923076923077,7.6923076923076925,71.42857142857143,28.57142857142857,0.09345794392523364,20.0
296,2026,16,1955829,2026-05-16,Atletico MG 3 x 1 Mirassol,1235,Atletico MG,47.93,52.07,Casa,35.02109589041096,10.81081081081081,18.857142857142858,66.66666666666666,94,67.49382716049382,2.3529411764705883,0.1282051282051282,4,1,16.266666666666666,70.27027027027027,13.333333333333334,16.666666666666664,39.62264150943396,14.75826972010178,14.285714285714285,24.11764705882353,0.42424242424242425,0.15151515151515152,0.0,55.55555555555556,33.33333333333333,55.55555555555556,0.10317460317460317,38.46153846153847
297,2026,16,1955829,2026-05-16,Atletico MG 3 x 1 Mirassol,6332,Mirassol,52.07,47.93,Fora,37.85005813953488,16.666666666666664,14.647058823529411,35.714285714285715,96,62.53409090909091,2.272727272727273,0.18666666666666668,6,1,34.0,61.111111111111114,5.0,0.0,42.17687074829932,11.380145278450362,25.0,23.88059701492537,0.5454545454545454,0.4090909090909091,50.0,20.0,40.0,40.0,0.05303030303030303,28.57142857142857
298,2026,16,1955832,2026-05-16,Internacional 4 x 1 Vasco da Gama,1219,Internacional,37.02,62.98,Casa,35.08190721649485,11.363636363636363,14.083333333333334,52.94117647058824,118,47.36363636363637,6.0606060606060606,0.12727272727272726,4,0,18.916666666666668,77.27272727272727,25.71428571428571,33.33333333333333,45.6,15.542521994134898,0.0,26.486486486486488,0.3333333333333333,0.2222222222222222,31.25,18.75,9.090909090909092,63.63636363636363,0.10810810810810811,25.0
299,2026,16,1955832,2026-05-16,Internacional 4 x 1 Vasco da Gama,1226,Vasco da Gama,62.98,37.02,Fora,38.92939024390243,5.128205128205128,10.681818181818182,54.54545454545454,98,65.82051282051282,0.0,0.30985915492957744,9,7,17.4375,80.0,3.7037037037037033,0.0,49.34210526315789,8.171206225680933,14.285714285714285,16.109422492401215,0.4722222222222222,0.3333333333333333,60.0,10.0,50.0,50.0,0.11965811965811966,50.0
300,2026,16,1955816,2026-05-17,Botafogo RJ 3 x 1 Corinthians,1237,Corinthians,65.02,34.98,Fora,37.412586206896556,8.88888888888889,11.125,25.0,112,50.529411764705884,2.857142857142857,0.26785714285714285,8,1,11.115384615384615,57.77777777777777,14.285714285714285,11.11111111111111,43.859649122807014,8.93970893970894,83.33333333333334,20.155038759689923,0.4146341463414634,0.17073170731707318,37.5,6.25,36.36363636363637,63.63636363636363,0.1450381679389313,47.368421052631575
301,2026,16,1955816,2026-05-17,Botafogo RJ 3 x 1 Corinthians,1227,Botafogo RJ,34.98,65.02,Casa,36.182596153846156,2.4390243902439024,12.214285714285714,50.0,126,46.9746835443038,1.2345679012345678,0.14583333333333334,10,2,7.3076923076923075,75.60975609756098,18.75,0.0,30.573248407643312,26.153846153846157,0.0,25.833333333333336,0.2962962962962963,0.14814814814814814,9.090909090909092,27.27272727272727,20.0,50.0,0.16049382716049382,53.84615384615385
302,2026,16,1955820,2026-05-17,Santos FC 0 x 3 Coritiba,1241,Santos FC,60.52,39.48,Casa,42.150370370370375,13.157894736842104,8.136363636363637,53.84615384615385,93,57.08571428571429,2.857142857142857,0.2641509433962264,4,3,10.461538461538462,65.78947368421053,15.384615384615385,16.666666666666664,45.32374100719424,6.5462753950338595,100.0,20.737327188940093,0.35294117647058826,0.11764705882352941,10.0,10.0,60.0,20.0,0.09774436090225563,38.46153846153847
303,2026,16,1955820,2026-05-17,Santos FC 0 x 3 Coritiba,1236,Coritiba,39.48,60.52,Fora,35.09625,16.129032258064516,18.625,40.0,86,76.08955223880596,4.285714285714286,0.16216216216216217,8,2,14.88888888888889,64.51612903225806,17.391304347826086,14.285714285714285,36.09022556390977,17.760617760617762,22.22222222222222,26.356589147286826,0.16666666666666666,0.3333333333333333,14.285714285714285,42.857142857142854,33.33333333333333,66.66666666666666,0.11267605633802817,25.0
304,2026,16,1955823,2026-05-17,Palmeiras 1 x 1 Cruzeiro,1230,Cruzeiro,53.84,46.16,Fora,36.8470253164557,6.25,9.545454545454545,71.42857142857143,91,79.50632911392405,3.75,0.29310344827586204,8,3,13.176470588235293,71.875,16.666666666666664,0.0,46.42857142857143,10.0,7.6923076923076925,22.727272727272727,0.2903225806451613,0.3225806451612903,12.5,50.0,33.33333333333333,44.44444444444444,0.1134020618556701,45.45454545454545
305,2026,16,1955823,2026-05-17,Palmeiras 1 x 1 Cruzeiro,1234,Palmeiras,46.16,53.84,Casa,43.72336956521739,15.555555555555555,9.033333333333333,57.89473684210527,113,71.42424242424242,5.797101449275362,0.1111111111111111,7,0,14.263157894736842,77.77777777777779,10.0,20.0,43.037974683544306,6.629834254143646,33.33333333333333,24.2603550295858,0.42857142857142855,0.2857142857142857,13.333333333333334,20.0,33.33333333333333,50.0,0.13559322033898305,43.75
306,2026,16,1955826,2026-05-17,Red Bull Bragantino 2 x 0 Vitoria,1238,Vitoria,45.0,55.0,Fora,26.959308510638298,0.0,10.157894736842104,45.45454545454545,108,55.694736842105264,2.083333333333333,0.17204301075268819,12,4,6.454545454545454,66.66666666666666,10.0,0.0,41.47727272727273,15.976331360946746,0.0,34.78260869565217,0.5,0.36363636363636365,33.33333333333333,0.0,33.33333333333333,50.0,0.08139534883720931,57.14285714285714
307,2026,16,1955826,2026-05-17,Red Bull Bragantino 2 x 0 Vitoria,5438,Red Bull Bragantino,55.0,45.0,Casa,46.231592920353975,18.181818181818183,5.733333333333333,85.71428571428571,137,43.835443037974684,2.5316455696202533,0.16666666666666666,5,0,9.958333333333334,61.81818181818181,20.0,15.0,41.57303370786517,18.26086956521739,0.0,29.53020134228188,0.5121951219512195,0.2926829268292683,23.809523809523807,14.285714285714285,36.84210526315789,52.63157894736842,0.12574850299401197,47.61904761904761
308,2026,16,1955835,2026-05-17,Athletico Paranaense 1 x 1 Flamengo,1243,Athletico Paranaense,40.25,59.75,Casa,30.51833333333333,0.0,28.454545454545453,55.55555555555556,63,90.41791044776119,0.0,0.10989010989010989,5,0,29.25,80.76923076923077,8.333333333333332,0.0,40.87591240875913,19.322033898305087,8.333333333333332,25.53191489361702,0.14705882352941177,0.14705882352941177,37.5,25.0,25.0,66.66666666666666,0.2571428571428571,22.22222222222222
309,2026,16,1955835,2026-05-17,Athletico Paranaense 1 x 1 Flamengo,1239,Flamengo,59.75,40.25,Fora,35.869814814814816,7.317073170731707,13.875,50.0,84,57.61538461538461,1.4705882352941175,0.06976744186046512,2,2,15.238095238095237,65.85365853658537,6.896551724137931,0.0,47.69230769230769,10.091743119266056,75.0,18.75,0.34210526315789475,0.13157894736842105,31.57894736842105,5.263157894736842,85.71428571428571,14.285714285714285,0.07142857142857142,25.0
310,2026,16,1955837,2026-05-17,Bahia 1 x 1 Gremio,1244,Gremio,39.21,60.79,Fora,30.548518518518517,6.666666666666667,14.157894736842104,50.0,88,78.98461538461538,4.477611940298507,0.11842105263157894,8,0,60.07692307692308,83.33333333333334,8.0,20.0,36.58536585365854,13.2013201320132,14.285714285714285,13.286713286713287,0.2777777777777778,0.2777777777777778,27.27272727272727,27.27272727272727,50.0,50.0,0.058823529411764705,0.0
311,2026,16,1955837,2026-05-17,Bahia 1 x 1 Gremio,1221,Bahia,60.79,39.21,Casa,46.89057692307692,15.789473684210526,8.74074074074074,66.66666666666666,95,47.34375,3.125,0.10526315789473684,2,2,12.066666666666666,65.78947368421053,17.391304347826086,0.0,55.47445255474452,4.646017699115045,75.0,18.21428571428571,0.5714285714285714,0.23809523809523808,36.0,20.0,61.53846153846154,30.76923076923077,0.125,41.17647058823529
312,2026,16,1955840,2026-05-17,Chapecoense AF 2 x 3 Remo,4617,Remo,45.39,54.61,Fora,34.69114864864864,7.894736842105263,23.642857142857142,83.33333333333334,93,66.47252747252747,2.127659574468085,0.17204301075268819,9,4,8.8125,89.47368421052632,25.0,16.666666666666664,44.57831325301205,16.05839416058394,0.0,27.918781725888326,0.6956521739130435,0.08695652173913043,44.44444444444444,11.11111111111111,16.666666666666664,83.33333333333334,0.07432432432432433,27.27272727272727
313,2026,16,1955840,2026-05-17,Chapecoense AF 2 x 3 Remo,8865,Chapecoense AF,54.61,45.39,Casa,36.93706896551725,6.976744186046512,16.642857142857142,50.0,97,47.016666666666666,1.5625,0.21052631578947367,11,2,11.933333333333334,69.76744186046511,18.51851851851852,18.75,47.05882352941176,9.977827050997783,75.0,19.78798586572438,0.45454545454545453,0.21212121212121213,31.25,18.75,37.5,50.0,0.17475728155339806,27.77777777777778
314,2026,17,1955850,2026-05-23,Sao Paulo 1 x 1 Botafogo RJ,1227,Botafogo RJ,50.6,49.4,Fora,33.944673913043474,2.083333333333333,14.235294117647058,47.368421052631575,127,43.21052631578947,0.0,0.06578947368421052,10,2,10.714285714285714,62.5,20.0,0.0,34.41558441558442,12.052117263843648,22.22222222222222,31.03448275862069,0.2903225806451613,0.25806451612903225,33.33333333333333,11.11111111111111,33.33333333333333,33.33333333333333,0.12173913043478261,35.714285714285715
315,2026,17,1955850,2026-05-23,Sao Paulo 1 x 1 Botafogo RJ,1224,Sao Paulo,49.4,50.6,Casa,40.585588235294125,7.5,7.8,65.0,117,58.383720930232556,3.488372093023256,0.11764705882352941,13,1,12.538461538461538,62.5,21.428571428571427,8.333333333333332,31.3953488372093,13.259668508287293,16.666666666666664,16.95906432748538,0.37037037037037035,0.4074074074074074,14.285714285714285,7.142857142857142,70.0,30.0,0.13333333333333333,21.428571428571427
316,2026,17,1955856,2026-05-23,Mirassol 1 x 0 Fluminense,6332,Mirassol,33.13,66.87,Casa,41.71424050632911,22.5,19.40909090909091,75.0,96,74.1311475409836,3.225806451612903,0.16,6,1,8.2,62.5,13.043478260869565,0.0,35.714285714285715,15.530303030303031,0.0,25.663716814159294,0.28,0.4,45.45454545454545,0.0,50.0,40.0,0.1625,46.15384615384615
317,2026,17,1955856,2026-05-23,Mirassol 1 x 0 Fluminense,1232,Fluminense,66.87,33.13,Fora,36.84586956521739,10.344827586206897,11.4,71.42857142857143,91,59.98571428571429,5.333333333333334,0.18867924528301888,5,0,16.5,72.41379310344827,16.666666666666664,0.0,54.6875,8.214285714285714,22.22222222222222,20.437956204379564,0.6296296296296297,0.2962962962962963,45.45454545454545,18.181818181818183,50.0,33.33333333333333,0.09090909090909091,60.0
318,2026,17,1955863,2026-05-23,Gremio 3 x 2 Santos FC,1241,Santos FC,46.69,53.31,Fora,36.14078125,17.391304347826086,17.705882352941178,53.84615384615385,109,42.871428571428574,6.944444444444445,0.1746031746031746,9,1,14.428571428571429,73.91304347826086,3.225806451612903,21.428571428571427,35.625,6.981981981981981,42.857142857142854,16.93548387096774,0.46153846153846156,0.38461538461538464,27.77777777777778,5.555555555555555,44.44444444444444,44.44444444444444,0.1111111111111111,30.76923076923077
319,2026,17,1955863,2026-05-23,Gremio 3 x 2 Santos FC,1244,Gremio,53.31,46.69,Casa,37.542065217391304,2.272727272727273,18.0,66.66666666666666,111,57.30769230769231,2.564102564102564,0.12643678160919541,5,3,18.083333333333332,65.11627906976744,12.5,8.333333333333332,39.735099337748345,12.18961625282167,50.0,13.533834586466165,0.68,0.44,25.0,16.666666666666664,75.0,25.0,0.12121212121212122,50.0
320,2026,17,1955869,2026-05-23,Vitoria 2 x 0 Internacional,1238,Vitoria,46.69,53.31,Casa,28.023947368421055,0.0,11.9375,66.66666666666666,89,75.21518987341773,0.0,0.3170731707317073,12,2,17.636363636363637,74.19354838709677,10.714285714285714,0.0,40.42553191489361,15.841584158415841,0.0,18.29268292682927,0.38095238095238093,0.2857142857142857,36.36363636363637,9.090909090909092,50.0,33.33333333333333,0.12280701754385964,14.285714285714285
321,2026,17,1955869,2026-05-23,Vitoria 2 x 0 Internacional,1219,Internacional,53.31,46.69,Fora,46.92592592592593,24.444444444444443,9.192307692307692,72.22222222222221,107,56.08536585365854,4.819277108433735,0.06666666666666667,4,1,7.588235294117647,80.0,23.076923076923077,10.526315789473683,38.78787878787879,15.228426395939088,,38.54166666666667,0.7692307692307693,0.10256410256410256,31.25,0.0,56.25,37.5,0.10256410256410256,45.0
322,2026,17,1955843,2026-05-24,Flamengo 0 x 3 Palmeiras,1234,Palmeiras,54.51,45.49,Fora,31.64138613861386,4.878048780487805,10.863636363636363,57.89473684210527,107,56.13559322033898,5.0,0.17333333333333334,6,3,18.625,75.60975609756098,2.631578947368421,0.0,54.263565891472865,5.400372439478584,46.15384615384615,11.636363636363637,0.24,0.44,8.333333333333332,25.0,36.36363636363637,45.45454545454545,0.1643835616438356,16.666666666666664
323,2026,17,1955843,2026-05-24,Flamengo 0 x 3 Palmeiras,1239,Flamengo,45.49,54.51,Casa,43.4025,10.0,22.36842105263158,66.66666666666666,94,66.74285714285715,2.8169014084507045,0.1267605633802817,1,0,11.5,82.5,8.0,13.333333333333334,50.326797385620914,7.051282051282051,33.33333333333333,30.21276595744681,0.4444444444444444,0.28888888888888886,31.818181818181817,0.0,33.33333333333333,46.666666666666664,0.10426540284360189,45.45454545454545
324,2026,17,1955853,2026-05-24,Corinthians 1 x 0 Atletico MG,1237,Corinthians,55.84,44.16,Casa,39.7085294117647,8.333333333333332,11.0,60.0,84,101.85507246376811,4.285714285714286,0.1694915254237288,7,2,22.466666666666665,75.0,19.230769230769234,10.0,47.14285714285714,8.030592734225621,12.5,21.223021582733814,0.28205128205128205,0.15384615384615385,25.0,33.33333333333333,77.77777777777779,22.22222222222222,0.056179775280898875,70.0
325,2026,17,1955853,2026-05-24,Corinthians 1 x 0 Atletico MG,1235,Atletico MG,44.16,55.84,Fora,38.260384615384616,4.878048780487805,13.782608695652174,57.14285714285714,88,40.5,0.0,0.12162162162162163,8,1,23.533333333333335,82.92682926829268,17.857142857142858,7.6923076923076925,38.93129770992366,14.323607427055704,50.0,21.73913043478261,0.5652173913043478,0.21739130434782608,54.54545454545454,0.0,50.0,30.0,0.14285714285714285,27.27272727272727
326,2026,17,1955859,2026-05-24,Cruzeiro 2 x 1 Chapecoense AF,8865,Chapecoense AF,39.26,60.74,Fora,35.35225806451612,18.91891891891892,12.083333333333334,46.666666666666664,100,79.13636363636364,0.0,0.17,13,6,60.25,70.27027027027027,8.695652173913043,0.0,39.23076923076923,15.725806451612904,8.333333333333332,24.46808510638298,0.5,0.4,57.14285714285714,0.0,33.33333333333333,66.66666666666666,0.13333333333333333,50.0
327,2026,17,1955859,2026-05-24,Cruzeiro 2 x 1 Chapecoense AF,1230,Cruzeiro,60.74,39.26,Casa,39.87173076923077,12.5,10.294117647058824,46.15384615384615,91,55.25714285714286,1.4285714285714286,0.16666666666666666,9,0,10.166666666666666,52.5,24.137931034482758,36.36363636363637,52.348993288590606,10.105263157894736,22.22222222222222,25.64102564102564,0.6451612903225806,0.3548387096774194,20.0,8.0,33.33333333333333,58.333333333333336,0.10828025477707007,41.17647058823529
328,2026,17,1955871,2026-05-24,Remo 1 x 2 Athletico Paranaense,4617,Remo,43.0,57.0,Casa,38.60888888888889,5.88235294117647,12.8,88.88888888888889,89,81.37142857142857,1.4285714285714286,0.1864406779661017,7,1,67.5,67.64705882352942,20.833333333333336,10.0,42.42424242424242,12.979351032448378,33.33333333333333,17.733990147783253,0.44,0.16,16.666666666666664,33.33333333333333,50.0,50.0,0.037037037037037035,33.33333333333333
329,2026,17,1955871,2026-05-24,Remo 1 x 2 Athletico Paranaense,1243,Athletico Paranaense,57.0,43.0,Fora,43.74326923076923,5.128205128205128,10.041666666666666,78.57142857142857,101,63.65079365079365,6.349206349206349,0.09523809523809523,8,2,46.2,76.92307692307693,7.6923076923076925,7.6923076923076925,47.05882352941176,10.657596371882086,33.33333333333333,23.75,0.3684210526315789,0.13157894736842105,22.22222222222222,11.11111111111111,69.23076923076923,23.076923076923077,0.10810810810810811,37.5
330,2026,17,1955846,2026-05-25,Vasco da Gama 0 x 3 Red Bull Bragantino,1226,Vasco da Gama,56.07,43.93,Casa,39.2914077669903,11.904761904761903,5.758620689655173,84.61538461538461,120,40.95945945945946,1.3333333333333335,0.14285714285714285,7,2,16.529411764705884,80.95238095238095,17.857142857142858,7.142857142857142,43.82716049382716,10.96938775510204,0.0,18.8,0.36666666666666664,0.5,38.46153846153847,7.6923076923076925,50.0,50.0,0.13592233009708737,35.714285714285715
331,2026,17,1955846,2026-05-25,Vasco da Gama 0 x 3 Red Bull Bragantino,5438,Red Bull Bragantino,43.93,56.07,Fora,34.69281553398058,4.444444444444445,13.65,50.0,127,46.50617283950617,1.2345679012345678,0.2,8,2,14.6,79.54545454545455,5.555555555555555,22.22222222222222,35.11904761904761,17.17557251908397,25.0,27.906976744186046,0.43333333333333335,0.3,47.05882352941176,0.0,35.714285714285715,50.0,0.2222222222222222,30.0
332,2026,17,1955866,2026-05-26,Coritiba 3 x 2 Bahia,1221,Bahia,60.1,39.9,Fora,38.589352941176465,9.75609756097561,9.714285714285714,47.05882352941176,108,49.93333333333333,2.197802197802198,0.16216216216216217,12,5,10.88888888888889,65.85365853658537,6.666666666666667,18.181818181818183,41.81818181818181,9.44700460829493,25.0,22.772277227722775,0.35294117647058826,0.11764705882352941,22.22222222222222,22.22222222222222,40.0,40.0,0.109375,42.857142857142854
333,2026,17,1955866,2026-05-26,Coritiba 3 x 2 Bahia,1236,Coritiba,39.9,60.1,Casa,35.45951612903225,6.8181818181818175,13.380952380952381,63.63636363636363,101,51.397260273972606,3.896103896103896,0.1780821917808219,6,2,9.666666666666666,75.0,13.333333333333334,21.428571428571427,35.526315789473685,14.156626506024098,20.0,20.0,0.4444444444444444,0.4444444444444444,18.181818181818183,18.181818181818183,27.27272727272727,54.54545454545454,0.11607142857142858,53.84615384615385
334,2026,18,1955874,2026-05-30,Flamengo 3 x 0 Coritiba,1239,Flamengo,62.07,37.93,Casa,46.4848125,18.421052631578945,13.0,60.0,84,95.77586206896552,3.389830508474576,0.11428571428571428,5,1,24.25,65.78947368421053,21.428571428571427,4.166666666666666,48.0,5.015197568389058,75.0,14.130434782608695,0.4864864864864865,0.35135135135135137,17.391304347826086,13.043478260869565,60.0,40.0,0.0860655737704918,61.904761904761905
335,2026,18,1955874,2026-05-30,Flamengo 3 x 0 Coritiba,1236,Coritiba,37.93,62.07,Fora,25.41,5.405405405405405,68.0,50.0,73,83.68253968253968,4.6875,0.08108108108108109,10,2,17.166666666666668,70.27027027027027,11.76470588235294,0.0,45.23809523809524,10.526315789473683,18.181818181818183,14.906832298136646,0.5882352941176471,0.17647058823529413,44.44444444444444,11.11111111111111,37.5,50.0,0.10989010989010989,10.0
336,2026,18,1955892,2026-05-30,Gremio 1 x 3 Corinthians,1237,Corinthians,59.7,40.3,Fora,46.185562499999996,10.256410256410255,5.75,80.0,106,29.75,1.6129032258064515,0.2727272727272727,0,0,16.42105263157895,74.35897435897436,23.076923076923077,0.0,43.16546762589928,6.4593301435406705,33.33333333333333,21.551724137931032,0.18421052631578946,0.2631578947368421,29.411764705882355,23.52941176470588,68.75,25.0,0.17777777777777778,50.0
337,2026,18,1955892,2026-05-30,Gremio 1 x 3 Corinthians,1244,Gremio,40.3,59.7,Casa,36.96269230769231,6.666666666666667,9.178571428571429,52.17391304347826,101,48.067567567567565,1.3157894736842104,0.2318840579710145,12,0,26.0,60.0,0.0,0.0,39.86486486486486,17.6056338028169,9.090909090909092,18.75,0.2,0.5333333333333333,22.22222222222222,33.33333333333333,16.666666666666664,50.0,0.20833333333333334,30.0
338,2026,18,1955895,2026-05-30,Athletico Paranaense 1 x 0 Mirassol,6332,Mirassol,43.25,56.75,Fora,36.19903225806452,4.444444444444445,11.347826086956522,45.45454545454545,103,49.53409090909091,3.3707865168539324,0.16666666666666666,6,2,12.2,60.0,10.344827586206897,6.25,34.177215189873415,9.852216748768473,16.666666666666664,17.050691244239633,0.48,0.36,22.22222222222222,11.11111111111111,57.14285714285714,42.857142857142854,0.08196721311475409,60.0
339,2026,18,1955895,2026-05-30,Athletico Paranaense 1 x 0 Mirassol,1243,Athletico Paranaense,56.75,43.25,Casa,40.62692307692308,9.30232558139535,9.642857142857142,63.63636363636363,105,59.91358024691358,3.6585365853658534,0.14084507042253522,6,1,42.0,69.76744186046511,6.451612903225806,8.333333333333332,41.05960264900662,13.930348258706468,7.6923076923076925,23.404255319148938,0.38461538461538464,0.15384615384615385,35.294117647058826,17.647058823529413,50.0,50.0,0.10569105691056911,23.076923076923077
340,2026,18,1955898,2026-05-30,Bahia 2 x 1 Botafogo RJ,1221,Bahia,64.76,35.24,Casa,40.29177419354838,8.16326530612245,5.714285714285714,71.42857142857143,112,47.81318681318681,5.434782608695652,0.15,8,1,10.653846153846153,67.3469387755102,17.142857142857142,15.384615384615385,47.8021978021978,8.108108108108109,50.0,26.08695652173913,0.7169811320754716,0.2641509433962264,31.25,12.5,43.75,43.75,0.1111111111111111,16.666666666666664
341,2026,18,1955898,2026-05-30,Bahia 2 x 1 Botafogo RJ,1227,Botafogo RJ,35.24,64.76,Fora,29.227941176470587,4.545454545454546,9.708333333333334,68.75,118,58.53947368421053,1.2987012987012987,0.175,13,2,39.214285714285715,81.81818181818183,18.421052631578945,0.0,33.95061728395062,22.943722943722943,8.333333333333332,30.76923076923077,0.19047619047619047,0.09523809523809523,16.666666666666664,33.33333333333333,9.090909090909092,81.81818181818183,0.19696969696969696,53.84615384615385
342,2026,18,1955877,2026-05-31,Vasco da Gama 0 x 1 Atletico MG,1226,Vasco da Gama,59.32,40.68,Casa,43.502162162162165,10.0,6.90625,50.0,146,26.73076923076923,6.25,0.11764705882352941,3,1,13.92,65.0,5.128205128205128,14.285714285714285,40.42553191489361,6.986027944111776,0.0,17.006802721088434,0.6304347826086957,0.15217391304347827,33.33333333333333,5.555555555555555,19.047619047619047,57.14285714285714,0.14857142857142858,65.38461538461539
343,2026,18,1955877,2026-05-31,Vasco da Gama 0 x 1 Atletico MG,1235,Atletico MG,40.68,59.32,Fora,31.649390243902438,5.660377358490567,17.6875,29.411764705882355,128,44.09782608695652,1.0869565217391304,0.13740458015267176,9,3,23.923076923076923,78.84615384615384,2.4390243902439024,0.0,34.806629834254146,16.819571865443425,30.0,19.642857142857142,0.21739130434782608,0.30434782608695654,25.0,8.333333333333332,60.0,40.0,0.1282051282051282,40.0
344,2026,18,1955880,2026-05-31,Santos FC 3 x 1 Vitoria,1241,Santos FC,41.77,58.23,Casa,37.89072815533981,9.75609756097561,10.73913043478261,47.05882352941176,121,61.01136363636363,1.1235955056179776,0.15476190476190477,4,1,13.818181818181818,85.36585365853658,7.142857142857142,7.6923076923076925,40.131578947368425,12.424242424242424,9.090909090909092,23.42857142857143,0.16,0.08,20.0,20.0,50.0,50.0,0.04807692307692308,40.0
345,2026,18,1955880,2026-05-31,Santos FC 3 x 1 Vitoria,1238,Vitoria,58.23,41.77,Fora,38.693666666666665,13.725490196078432,13.4,75.0,109,65.19753086419753,4.819277108433735,0.13114754098360656,2,2,13.5,74.50980392156863,7.6923076923076925,8.333333333333332,43.452380952380956,11.990407673860911,0.0,22.380952380952383,0.42424242424242425,0.3333333333333333,31.57894736842105,5.263157894736842,57.14285714285714,28.57142857142857,0.14965986394557823,45.45454545454545
346,2026,18,1955883,2026-05-31,Palmeiras 1 x 0 Chapecoense AF,1234,Palmeiras,44.78,55.22,Casa,35.39666666666667,16.666666666666664,16.68421052631579,66.66666666666666,99,80.04285714285714,5.555555555555555,0.2318840579710145,7,0,7.375,76.19047619047619,15.384615384615385,6.25,50.37593984962406,6.425702811244979,50.0,19.67871485943775,0.20512820512820512,0.3076923076923077,12.5,31.25,61.53846153846154,30.76923076923077,0.08904109589041095,30.76923076923077
347,2026,18,1955883,2026-05-31,Palmeiras 1 x 0 Chapecoense AF,8865,Chapecoense AF,55.22,44.78,Fora,34.029767441860464,7.8431372549019605,18.0,66.66666666666666,105,51.361111111111114,5.555555555555555,0.13953488372093023,9,2,31.782608695652176,64.70588235294117,7.6923076923076925,0.0,49.64028776978417,11.02803738317757,60.0,22.302158273381295,0.5121951219512195,0.2682926829268293,50.0,0.0,64.28571428571429,14.285714285714285,0.09032258064516129,64.28571428571429
348,2026,18,1955886,2026-05-31,Red Bull Bragantino 3 x 1 Internacional,1219,Internacional,41.58,58.42,Fora,32.41,7.6923076923076925,10.454545454545455,33.33333333333333,62,40.8780487804878,0.0,0.21052631578947367,7,1,11.0,76.92307692307693,0.0,0.0,32.53012048192771,20.394736842105264,14.285714285714285,23.684210526315788,0.16666666666666666,0.3333333333333333,0.0,50.0,75.0,25.0,0.1282051282051282,40.0
349,2026,18,1955886,2026-05-31,Red Bull Bragantino 3 x 1 Internacional,5438,Red Bull Bragantino,58.42,41.58,Casa,38.20285714285714,0.0,8.916666666666666,60.0,74,34.48780487804878,2.4390243902439024,0.21739130434782608,2,0,15.846153846153847,73.33333333333333,25.0,0.0,45.45454545454545,18.137254901960784,0.0,40.0,0.4230769230769231,0.34615384615384615,58.333333333333336,8.333333333333332,37.5,62.5,0.1,55.55555555555556
350,2026,18,1955889,2026-06-01,Cruzeiro 1 x 1 Fluminense,1230,Cruzeiro,61.53,38.47,Casa,45.22259259259259,14.893617021276595,11.12,58.333333333333336,102,53.25,4.411764705882353,0.06349206349206349,3,0,7.666666666666667,72.3404255319149,24.0,18.181818181818183,50.318471337579616,4.906937394247039,62.5,25.724637681159418,0.32075471698113206,0.33962264150943394,21.428571428571427,0.0,50.0,42.857142857142854,0.07480314960629922,63.1578947368421
351,2026,18,1955889,2026-06-01,Cruzeiro 1 x 1 Fluminense,1232,Fluminense,38.47,61.53,Fora,27.128281250000004,0.0,19.533333333333335,26.666666666666668,107,52.26086956521739,1.4084507042253522,0.14432989690721648,17,5,24.391304347826086,76.08695652173914,4.545454545454546,0.0,42.142857142857146,12.466124661246612,21.428571428571427,14.102564102564102,0.13043478260869565,0.21739130434782608,14.285714285714285,21.428571428571427,40.0,20.0,0.14705882352941177,20.0
352,2026,18,1955901,2026-06-01,Remo 1 x 0 Sao Paulo,1224,Sao Paulo,62.89,37.11,Fora,31.428923076923073,6.0606060606060606,19.7,42.857142857142854,84,69.17567567567568,1.282051282051282,0.03508771929824561,8,1,14.857142857142858,69.6969696969697,17.24137931034483,25.0,54.61538461538461,8.8659793814433,28.57142857142857,22.790697674418606,0.5,0.14285714285714285,31.25,12.5,50.0,50.0,0.08490566037735849,33.33333333333333
353,2026,18,1955901,2026-06-01,Remo 1 x 0 Sao Paulo,4617,Remo,37.11,62.89,Casa,37.843369565217394,11.904761904761903,15.478260869565217,57.14285714285714,106,43.53846153846154,3.0303030303030303,0.14084507042253522,6,3,20.6875,73.80952380952381,11.11111111111111,7.142857142857142,36.029411764705884,13.114754098360656,11.11111111111111,18.53932584269663,0.41935483870967744,0.12903225806451613,42.857142857142854,0.0,25.0,62.5,0.10112359550561797,44.44444444444444
354,2026,19,1955757,2026-07-16,Vitoria 1.0 x 0.0 Vasco da Gama,1238,Vitoria,47.86,52.14,Casa,37.27594594594595,0.0,7.424242424242424,91.66666666666666,135,51.57471264367816,2.2988505747126435,0.1111111111111111,8,2,13.26923076923077,67.3469387755102,16.27906976744186,0.0,40.60606060606061,11.780104712041885,0.0,13.122171945701359,0.6296296296296297,0.18518518518518517,40.0,10.0,27.27272727272727,72.72727272727273,0.15217391304347827,42.857142857142854
355,2026,19,1955757,2026-07-16,Vitoria 1.0 x 0.0 Vasco da Gama,1226,Vasco da Gama,52.14,47.86,Fora,39.105123966942145,8.16326530612245,9.607142857142858,60.0,124,45.09756097560975,3.6585365853658534,0.09722222222222222,9,0,11.625,72.91666666666666,9.375,0.0,38.4180790960452,9.620253164556962,0.0,21.030042918454935,0.375,0.34375,23.076923076923077,7.6923076923076925,46.15384615384615,38.46153846153847,0.10236220472440945,46.15384615384615
356,2026,19,1955907,2026-07-16,Botafogo RJ 2.0 x 1.0 Santos FC,1241,Santos FC,46.19,53.81,Fora,35.38161290322581,5.660377358490567,10.72,46.15384615384615,137,57.83695652173913,2.127659574468085,0.0958904109589041,8,1,21.043478260869566,58.490566037735846,7.6923076923076925,14.285714285714285,39.473684210526315,10.311750599520384,30.0,18.90547263681592,0.2903225806451613,0.1935483870967742,14.285714285714285,14.285714285714285,40.0,53.333333333333336,0.17886178861788618,27.27272727272727
357,2026,19,1955907,2026-07-16,Botafogo RJ 2.0 x 1.0 Santos FC,1227,Botafogo RJ,53.81,46.19,Casa,41.02254545454545,16.666666666666664,9.448275862068966,40.0,133,48.98947368421052,5.263157894736842,0.14130434782608695,8,3,10.8,62.96296296296296,3.0303030303030303,5.88235294117647,38.857142857142854,14.473684210526317,11.11111111111111,18.592964824120603,0.64,0.48,27.27272727272727,18.181818181818183,18.75,75.0,0.15454545454545454,35.294117647058826
358,2026,4,1955979,2026-07-17,Bahia 2.0 x 0.0 Chapecoense AF,8865,Chapecoense AF,33.12,66.88,Fora,30.611875,6.25,14.863636363636363,35.294117647058826,102,57.2,3.6363636363636362,0.109375,6,0,34.44444444444444,68.75,4.545454545454546,0.0,33.60655737704918,11.985018726591761,16.666666666666664,22.689075630252102,0.4,0.15,62.5,25.0,50.0,33.33333333333333,0.13333333333333333,40.0
359,2026,4,1955979,2026-07-17,Bahia 2.0 x 0.0 Chapecoense AF,1221,Bahia,66.88,33.12,Casa,40.85999999999999,8.108108108108109,6.769230769230769,58.82352941176471,96,67.6470588235294,4.3478260869565215,0.08108108108108109,5,0,22.157894736842106,54.054054054054056,10.344827586206897,0.0,47.55244755244755,7.35009671179884,33.33333333333333,18.39080459770115,0.6470588235294118,0.23529411764705882,33.33333333333333,16.666666666666664,66.66666666666666,33.33333333333333,0.09615384615384616,60.0
360,2026,19,1955904,2026-07-18,Fluminense 1.0 x 1.0 Red Bull Bragantino,5438,Red Bull Bragantino,34.13,65.87,Fora,26.028625,9.30232558139535,24.153846153846153,55.55555555555556,109,72.63855421686748,3.5294117647058822,0.16521739130434782,13,0,66.1,71.42857142857143,11.76470588235294,22.22222222222222,33.33333333333333,22.866894197952217,6.666666666666667,28.030303030303028,0.21428571428571427,0.21428571428571427,12.5,37.5,0.0,75.0,0.05660377358490566,33.33333333333333
361,2026,19,1955904,2026-07-18,Fluminense 1.0 x 1.0 Red Bull Bragantino,1232,Fluminense,65.87,34.13,Casa,38.769705882352945,5.769230769230769,11.533333333333333,66.66666666666666,107,54.96808510638298,4.25531914893617,0.21428571428571427,7,3,14.565217391304348,75.0,13.88888888888889,0.0,44.80874316939891,8.710217755443885,66.66666666666666,26.3768115942029,0.5625,0.3333333333333333,13.636363636363635,4.545454545454546,27.77777777777778,55.55555555555556,0.0967741935483871,45.83333333333333
362,2026,19,1955915,2026-07-18,Mirassol 2.0 x 1.0 Gremio,1244,Gremio,59.16,40.84,Fora,30.6852,12.195121951219512,10.090909090909092,33.33333333333333,113,63.74193548387097,1.0752688172043012,0.2857142857142857,8,2,21.0,48.78048780487805,6.25,12.5,51.23456790123457,17.738359201773836,25.0,23.195876288659793,0.42105263157894735,0.5263157894736842,40.0,10.0,50.0,50.0,0.10975609756097561,44.44444444444444
363,2026,19,1955915,2026-07-18,Mirassol 2.0 x 1.0 Gremio,6332,Mirassol,40.84,59.16,Casa,39.10256756756756,9.803921568627452,11.212121212121213,78.57142857142857,135,49.04597701149425,1.0869565217391304,0.0958904109589041,2,2,12.055555555555555,78.43137254901961,18.181818181818183,0.0,34.659090909090914,13.223140495867769,0.0,29.05027932960894,0.5135135135135135,0.35135135135135137,36.84210526315789,5.263157894736842,30.0,50.0,0.1037037037037037,28.57142857142857
364,2026,19,1955749,2026-07-21,Atletico MG 1.0 x 1.0 Bahia,1235,Atletico MG,45.92,54.08,Casa,36.24021739130435,21.21212121212121,15.0625,75.0,84,76.5875,0.0,0.12727272727272726,7,2,7.75,66.66666666666666,20.833333333333336,22.22222222222222,45.57823129251701,13.23529411764706,13.333333333333334,23.076923076923077,0.6071428571428571,0.32142857142857145,50.0,12.5,36.36363636363637,54.54545454545454,0.12121212121212122,18.75
365,2026,19,1955749,2026-07-21,Atletico MG 1.0 x 1.0 Bahia,1221,Bahia,54.08,45.92,Fora,35.36103260869565,12.121212121212121,12.473684210526315,33.33333333333333,104,63.88333333333333,1.6129032258064515,0.19642857142857142,7,3,20.0,57.57575757575758,13.043478260869565,20.0,44.02985074626866,6.730769230769231,60.0,21.910112359550563,0.44,0.28,20.0,20.0,58.82352941176471,23.52941176470588,0.15217391304347827,52.38095238095239
366,2026,19,1955754,2026-07-22,Coritiba 1.0 x 3.0 Palmeiras,1236,Coritiba,54.11,45.89,Casa,39.41374999999999,11.11111111111111,11.461538461538462,60.0,109,62.833333333333336,2.3529411764705883,0.16666666666666666,8,3,17.5625,66.66666666666666,7.142857142857142,0.0,46.35761589403973,11.546840958605664,16.666666666666664,24.583333333333332,0.7567567567567568,0.24324324324324326,35.714285714285715,7.142857142857142,50.0,25.0,0.1069182389937107,64.70588235294117
367,2026,19,1955754,2026-07-22,Coritiba 1.0 x 3.0 Palmeiras,1234,Palmeiras,45.89,54.11,Fora,31.655265957446808,2.4390243902439024,15.823529411764707,56.25,108,43.77777777777778,1.36986301369863,0.16666666666666666,7,0,21.0,58.536585365853654,20.0,16.666666666666664,38.25503355704698,9.817351598173515,18.181818181818183,17.142857142857142,0.3333333333333333,0.37037037037037035,18.181818181818183,36.36363636363637,15.384615384615385,76.92307692307693,0.125,57.14285714285714
368,2026,19,1955751,2026-07-23,Internacional 1.0 x 2.0 Cruzeiro,1219,Internacional,48.05,51.95,Casa,41.29125,10.0,9.714285714285714,55.55555555555556,112,49.4320987654321,3.6585365853658534,0.21311475409836064,9,3,22.85,78.0,20.0,13.333333333333334,40.36144578313253,12.711864406779661,16.666666666666664,31.645569620253166,0.7575757575757576,0.15151515151515152,26.666666666666668,20.0,26.666666666666668,53.333333333333336,0.14788732394366197,47.61904761904761
369,2026,19,1955751,2026-07-23,Internacional 1.0 x 2.0 Cruzeiro,1230,Cruzeiro,51.95,48.05,Fora,33.99173076923077,11.11111111111111,10.5,42.857142857142854,107,60.725,4.938271604938271,0.17142857142857143,12,2,10.25,63.63636363636363,15.151515151515152,25.0,37.714285714285715,11.73469387755102,33.33333333333333,22.395833333333336,0.2962962962962963,0.2962962962962963,14.285714285714285,28.57142857142857,20.0,80.0,0.11403508771929824,30.76923076923077
370,2026,19,1955760,2026-07-23,Chapecoense AF 0.0 x 4.0 Flamengo,8865,Chapecoense AF,36.73,63.27,Casa,42.42677419354839,10.638297872340425,25.15,77.77777777777779,103,58.72289156626506,1.2048192771084338,0.08080808080808081,6,1,8.352941176470589,70.2127659574468,6.0606060606060606,15.384615384615385,39.58333333333333,10.941475826972011,0.0,12.735849056603774,0.2857142857142857,0.39285714285714285,33.33333333333333,8.333333333333332,30.0,50.0,0.12871287128712872,53.84615384615385
371,2026,19,1955760,2026-07-23,Chapecoense AF 0.0 x 4.0 Flamengo,1239,Flamengo,63.27,36.73,Fora,34.79042168674699,2.2222222222222223,17.11764705882353,62.5,94,63.08536585365854,0.0,0.10752688172043011,7,3,16.08695652173913,55.55555555555556,8.108108108108109,12.5,47.5177304964539,6.986899563318777,50.0,15.405405405405407,0.3225806451612903,0.3870967741935484,7.142857142857142,7.142857142857142,50.0,50.0,0.06666666666666667,30.0
372,2026,19,1955910,2026-07-23,Sao Paulo 1.0 x 2.0 Athletico Paranaense,1224,Sao Paulo,69.77,30.23,Casa,40.72478260869565,16.666666666666664,8.9,71.42857142857143,81,80.63013698630137,2.73972602739726,0.18181818181818182,4,3,17.59090909090909,69.44444444444444,21.428571428571427,50.0,62.96296296296296,9.21875,42.857142857142854,21.631205673758867,0.45454545454545453,0.4090909090909091,28.57142857142857,14.285714285714285,45.45454545454545,45.45454545454545,0.08256880733944955,66.66666666666666
373,2026,19,1955910,2026-07-23,Sao Paulo 1.0 x 2.0 Athletico Paranaense,1243,Athletico Paranaense,30.23,69.77,Fora,33.50908536585366,12.121212121212121,21.22222222222222,46.666666666666664,89,69.74193548387096,1.5873015873015872,0.25842696629213485,8,4,7.75,78.125,8.0,25.0,37.28813559322034,14.55223880597015,10.0,25.203252032520325,0.2916666666666667,0.375,41.66666666666667,25.0,11.11111111111111,66.66666666666666,0.12643678160919541,27.27272727272727
374,2026,19,1955913,2026-07-23,Corinthians 3.0 x 0.0 Remo,1237,Corinthians,58.47,41.53,Casa,33.16444444444444,5.263157894736842,18.4375,69.23076923076923,88,58.55,1.639344262295082,0.17647058823529413,4,1,8.764705882352942,68.42105263157895,7.142857142857142,0.0,50.69444444444444,9.073359073359073,42.857142857142854,19.230769230769234,0.4230769230769231,0.23076923076923078,25.0,16.666666666666664,58.333333333333336,33.33333333333333,0.13043478260869565,33.33333333333333
375,2026,19,1955913,2026-07-23,Corinthians 3.0 x 0.0 Remo,4617,Remo,41.53,58.47,Fora,41.25068181818182,17.857142857142858,16.863636363636363,44.44444444444444,85,83.75342465753425,0.0,0.14705882352941177,5,0,9.222222222222221,66.66666666666666,11.76470588235294,9.090909090909092,48.06201550387597,13.715710723192021,20.0,21.83406113537118,0.7222222222222222,0.16666666666666666,40.0,0.0,0.0,100.0,0.03409090909090909,33.33333333333333
376,2026,4,1955960,2026-07-23,Botafogo RJ 0.0 x 0.0 Vitoria,1238,Vitoria,48.44,51.56,Fora,30.436422413793103,0.0,7.033333333333333,64.28571428571429,140,43.48780487804878,3.6585365853658534,0.1111111111111111,14,4,26.666666666666668,74.46808510638297,9.30232558139535,0.0,36.024844720496894,16.608996539792386,9.090909090909092,22.929936305732486,0.13636363636363635,0.2727272727272727,55.55555555555556,11.11111111111111,66.66666666666666,33.33333333333333,0.08064516129032258,20.0
377,2026,4,1955960,2026-07-23,Botafogo RJ 0.0 x 0.0 Vitoria,1227,Botafogo RJ,51.56,48.44,Casa,41.270625,7.4074074074074066,7.758620689655173,62.5,137,50.42307692307692,1.2345679012345678,0.10416666666666667,5,0,16.52173913043478,62.96296296296296,13.88888888888889,16.666666666666664,43.03030303030303,12.694300518134716,28.57142857142857,19.886363636363637,0.7142857142857143,0.4,30.76923076923077,15.384615384615385,60.0,40.0,0.1292517006802721,63.1578947368421
378,2026,20,1955772,2026-07-25,Athletico Paranaense 2.0 x 0.0 Internacional,1219,Internacional,56.62,43.38,Fora,39.439726027397256,13.953488372093023,14.0,62.5,102,59.51546391752577,5.88235294117647,0.20987654320987653,8,2,8.76923076923077,65.11627906976744,3.3333333333333335,15.384615384615385,48.275862068965516,16.94510739856802,41.66666666666667,24.344569288389515,0.16666666666666666,0.3,27.27272727272727,18.181818181818183,40.0,50.0,0.13541666666666666,30.76923076923077
379,2026,20,1955772,2026-07-25,Athletico Paranaense 2.0 x 0.0 Internacional,1243,Athletico Paranaense,43.38,56.62,Casa,37.06181818181818,8.695652173913043,17.88235294117647,46.15384615384615,118,50.06024096385542,2.4096385542168677,0.10975609756097561,5,2,21.166666666666668,55.55555555555556,8.571428571428571,20.0,32.93413173652694,17.63085399449036,10.0,25.0,0.2777777777777778,0.19444444444444445,46.15384615384615,7.6923076923076925,27.27272727272727,36.36363636363637,0.1590909090909091,21.428571428571427
380,2026,20,1955787,2026-07-25,Santos FC 2.0 x 2.0 Chapecoense AF,8865,Chapecoense AF,35.86,64.14,Fora,25.82909482758621,2.4390243902439024,17.6875,15.384615384615385,111,65.84848484848484,1.4285714285714286,0.1,10,3,35.266666666666666,82.92682926829268,5.555555555555555,0.0,34.93150684931507,12.609970674486803,6.666666666666667,19.54022988505747,0.2,0.16,0.0,0.0,100.0,0.0,0.07692307692307693,60.0
381,2026,20,1955787,2026-07-25,Santos FC 2.0 x 2.0 Chapecoense AF,1241,Santos FC,64.14,35.86,Casa,42.017307692307696,12.76595744680851,11.363636363636363,36.36363636363637,102,61.140845070422536,2.666666666666667,0.020833333333333332,4,0,14.285714285714286,68.08510638297872,22.58064516129032,6.25,51.19047619047619,5.073649754500818,100.0,23.548387096774192,0.49019607843137253,0.19607843137254902,24.242424242424242,15.151515151515152,81.25,0.0,0.07751937984496124,50.0
382,2026,20,1955763,2026-07-26,Red Bull Bragantino 0.0 x 0.0 Coritiba,5438,Red Bull Bragantino,56.99,43.01,Casa,37.758,10.638297872340425,10.681818181818182,62.5,111,54.71052631578947,3.896103896103896,0.21052631578947367,5,1,10.473684210526315,76.59574468085107,10.81081081081081,0.0,47.651006711409394,18.67612293144208,0.0,25.547445255474454,0.5714285714285714,0.21428571428571427,38.46153846153847,7.6923076923076925,53.333333333333336,33.33333333333333,0.1342281879194631,50.0
383,2026,20,1955763,2026-07-26,Red Bull Bragantino 0.0 x 0.0 Coritiba,1236,Coritiba,43.01,56.99,Fora,32.02626506024096,7.6923076923076925,16.3125,66.66666666666666,94,63.07058823529412,4.395604395604396,0.10989010989010989,6,0,5.333333333333333,64.1025641025641,11.11111111111111,0.0,38.064516129032256,18.75,0.0,23.52941176470588,0.20833333333333334,0.3333333333333333,20.0,20.0,50.0,25.0,0.058823529411764705,60.0
384,2026,20,1955766,2026-07-26,Cruzeiro 0.0 x 1.0 Botafogo RJ,1230,Cruzeiro,57.21,42.79,Casa,43.502741935483876,15.09433962264151,6.428571428571429,57.14285714285714,115,45.54320987654321,4.938271604938271,0.17543859649122806,5,1,15.863636363636363,67.9245283018868,25.806451612903224,22.727272727272727,47.20496894409938,9.35412026726058,33.33333333333333,23.504273504273502,0.34210526315789475,0.3157894736842105,23.809523809523807,9.523809523809524,30.76923076923077,53.84615384615385,0.11764705882352941,25.0
385,2026,20,1955766,2026-07-26,Cruzeiro 0.0 x 1.0 Botafogo RJ,1227,Botafogo RJ,42.79,57.21,Fora,36.04714285714286,8.333333333333332,14.0,55.55555555555556,108,57.79545454545455,2.247191011235955,0.3146067415730337,14,8,15.555555555555555,77.08333333333334,5.405405405405405,9.090909090909092,29.677419354838708,15.467625899280577,0.0,29.310344827586203,0.23333333333333334,0.23333333333333334,27.27272727272727,9.090909090909092,40.0,40.0,0.09411764705882353,37.5
386,2026,20,1955769,2026-07-26,Gremio 1.0 x 1.0 Fluminense,1244,Gremio,49.76,50.24,Casa,36.14739130434783,4.878048780487805,15.736842105263158,66.66666666666666,80,61.385714285714286,1.3888888888888888,0.13580246913580246,7,1,13.68,65.0,26.47058823529412,14.285714285714285,48.87218045112782,9.297520661157025,14.285714285714285,23.863636363636363,0.6774193548387096,0.1935483870967742,38.46153846153847,0.0,66.66666666666666,22.22222222222222,0.07894736842105263,41.66666666666667
387,2026,20,1955769,2026-07-26,Gremio 1.0 x 1.0 Fluminense,1232,Fluminense,50.24,49.76,Fora,33.20013698630137,13.513513513513514,19.4375,55.55555555555556,74,72.6923076923077,3.076923076923077,0.20238095238095238,12,2,28.1,59.45945945945946,8.0,8.333333333333332,41.98473282442748,7.7894736842105265,40.0,17.741935483870968,0.18518518518518517,0.25925925925925924,0.0,0.0,50.0,50.0,0.04316546762589928,33.33333333333333
388,2026,20,1955775,2026-07-26,Bahia 1.0 x 1.0 Corinthians,1221,Bahia,62.82,37.18,Casa,45.24924657534247,9.090909090909092,7.642857142857143,82.35294117647058,96,65.66666666666667,0.0,0.203125,6,2,15.6,69.6969696969697,16.666666666666664,22.22222222222222,48.92086330935252,9.873949579831933,0.0,17.695473251028808,0.5357142857142857,0.5,33.33333333333333,6.666666666666667,66.66666666666666,33.33333333333333,0.1,30.76923076923077
389,2026,20,1955775,2026-07-26,Bahia 1.0 x 1.0 Corinthians,1237,Corinthians,37.18,62.82,Fora,31.810227272727275,8.571428571428571,12.703703703703704,61.111111111111114,103,46.25757575757576,1.4705882352941175,0.18309859154929578,7,3,17.352941176470587,71.42857142857143,14.814814814814813,25.0,44.05594405594406,10.064935064935066,8.333333333333332,19.594594594594593,0.125,0.125,14.285714285714285,14.285714285714285,50.0,50.0,0.06666666666666667,60.0
390,2026,20,1955778,2026-07-26,Remo 2.0 x 0.0 Vitoria,4617,Remo,31.47,68.53,Casa,31.11589743589743,8.0,18.68421052631579,62.5,114,55.626506024096386,2.3529411764705883,0.16666666666666666,7,0,11.11111111111111,79.59183673469387,10.0,0.0,30.67484662576687,17.708333333333336,22.22222222222222,30.76923076923077,0.4827586206896552,0.10344827586206896,33.33333333333333,33.33333333333333,50.0,41.66666666666667,0.15306122448979592,66.66666666666666
391,2026,20,1955778,2026-07-26,Remo 2.0 x 0.0 Vitoria,1238,Vitoria,68.53,31.47,Fora,38.76289772727272,9.30232558139535,7.590909090909091,37.5,110,67.8019801980198,3.9603960396039604,0.2077922077922078,7,1,15.333333333333334,62.7906976744186,18.421052631578945,0.0,47.22222222222222,12.95238095238095,33.33333333333333,21.45748987854251,0.6428571428571429,0.14285714285714285,30.0,20.0,20.0,50.0,0.08860759493670886,35.714285714285715
392,2026,20,1955781,2026-07-26,Flamengo 1.0 x 1.0 Sao Paulo,1224,Sao Paulo,43.09,56.91,Fora,41.50627659574467,16.666666666666664,10.516129032258064,63.1578947368421,118,59.85858585858586,1.9417475728155338,0.09803921568627451,5,2,29.22222222222222,69.04761904761905,12.0,5.88235294117647,38.41463414634146,9.174311926605505,11.11111111111111,23.118279569892472,0.3333333333333333,0.19047619047619047,37.5,12.5,75.0,25.0,0.03389830508474576,25.0
393,2026,20,1955781,2026-07-26,Flamengo 1.0 x 1.0 Sao Paulo,1239,Flamengo,56.91,43.09,Casa,38.766000000000005,4.761904761904762,14.571428571428571,53.333333333333336,112,50.9390243902439,3.5294117647058822,0.15,5,1,12.866666666666667,47.61904761904761,7.4074074074074066,6.666666666666667,43.452380952380956,6.944444444444445,60.0,17.472118959107807,0.35294117647058826,0.08823529411764706,38.095238095238095,4.761904761904762,84.61538461538461,15.384615384615385,0.14285714285714285,11.11111111111111
394,2026,20,1955784,2026-07-26,Vasco da Gama 1.0 x 1.0 Mirassol,6332,Mirassol,44.03,55.97,Fora,27.857586206896553,4.3478260869565215,21.615384615384617,28.57142857142857,124,52.92,1.9607843137254901,0.1565217391304348,14,5,11.0,69.56521739130434,5.263157894736842,25.0,37.30569948186528,12.534818941504177,25.0,14.52513966480447,0.5217391304347826,0.6086956521739131,33.33333333333333,33.33333333333333,57.14285714285714,42.857142857142854,0.1388888888888889,30.0
395,2026,20,1955784,2026-07-26,Vasco da Gama 1.0 x 1.0 Mirassol,1226,Vasco da Gama,55.97,44.03,Casa,37.24768292682927,3.278688524590164,9.678571428571429,58.333333333333336,154,38.84615384615385,2.1739130434782608,0.09375,3,3,5.96875,78.68852459016394,16.666666666666664,15.384615384615385,49.43181818181818,12.375249500998004,11.11111111111111,25.118483412322274,0.6666666666666666,0.30952380952380953,19.047619047619047,14.285714285714285,6.25,75.0,0.09569377990430622,20.0
396,2026,20,1955789,2026-07-26,Palmeiras 1.0 x 2.0 Atletico MG,1235,Atletico MG,31.65,68.35,Fora,24.52078125,0.0,29.2,18.181818181818183,84,67.44578313253012,0.0,0.11764705882352941,8,0,13.625,63.33333333333333,6.896551724137931,100.0,40.689655172413794,21.54340836012862,0.0,23.91304347826087,0.3888888888888889,0.2777777777777778,18.181818181818183,36.36363636363637,40.0,60.0,0.10975609756097561,33.33333333333333
397,2026,20,1955789,2026-07-26,Palmeiras 1.0 x 2.0 Atletico MG,1234,Palmeiras,68.35,31.65,Casa,36.84479166666667,6.0606060606060606,11.2,42.857142857142854,88,60.04225352112676,0.0,0.16363636363636364,3,1,11.823529411764707,69.6969696969697,31.818181818181817,0.0,48.125,5.515239477503629,28.57142857142857,20.792079207920793,0.46,0.08,26.923076923076923,0.0,60.0,33.33333333333333,0.0660377358490566,38.095238095238095
398,2026,21,1955803,2026-07-29,Mirassol 2.0 x 1.0 Remo,4617,Remo,43.28,56.72,Fora,33.429375,7.317073170731707,23.933333333333334,60.0,106,63.57471264367816,2.197802197802198,0.14666666666666667,6,0,14.8125,73.17073170731707,9.090909090909092,0.0,43.02325581395349,11.528822055137844,16.666666666666664,18.89400921658986,0.6153846153846154,0.38461538461538464,33.33333333333333,0.0,50.0,50.0,0.125,46.15384615384615
399,2026,21,1955803,2026-07-29,Mirassol 2.0 x 1.0 Remo,6332,Mirassol,56.72,43.28,Casa,36.93247572815534,6.25,10.23076923076923,73.33333333333333,122,52.25,2.2222222222222223,0.1791044776119403,5,0,12.545454545454545,54.166666666666664,7.894736842105263,0.0,46.40522875816993,9.278350515463918,30.0,24.279835390946502,0.2857142857142857,0.5714285714285714,42.857142857142854,14.285714285714285,40.0,20.0,0.06349206349206349,37.5
400,2026,21,1955808,2026-07-29,Internacional 1.0 x 1.0 Flamengo,1219,Internacional,25.13,74.87,Casa,28.754558823529415,0.0,29.071428571428573,45.45454545454545,104,75.56451612903226,1.5625,0.16279069767441862,6,1,8.88888888888889,79.41176470588235,10.0,0.0,26.53061224489796,14.785992217898833,0.0,21.008403361344538,0.3076923076923077,0.11538461538461539,27.27272727272727,0.0,50.0,37.5,0.1797752808988764,25.0
401,2026,21,1955808,2026-07-29,Internacional 1.0 x 1.0 Flamengo,1239,Flamengo,74.87,25.13,Fora,43.36787671232877,8.571428571428571,8.31578947368421,35.714285714285715,88,50.0,2.5316455696202533,0.19230769230769232,5,0,18.0625,65.71428571428571,13.636363636363635,7.6923076923076925,51.048951048951054,6.629834254143646,66.66666666666666,16.810344827586206,0.4897959183673469,0.22448979591836735,40.0,0.0,46.15384615384615,53.84615384615385,0.058333333333333334,28.57142857142857
402,2026,21,1955793,2026-07-30,Fluminense 0.0 x 0.0 Bahia,1221,Bahia,41.63,58.37,Fora,31.758548387096777,6.382978723404255,17.88888888888889,55.55555555555556,109,71.0,1.3888888888888888,0.19540229885057472,12,4,12.652173913043478,78.72340425531915,21.62162162162162,40.0,45.20547945205479,12.5,36.36363636363637,21.844660194174757,0.1935483870967742,0.12903225806451613,0.0,27.27272727272727,50.0,37.5,0.09174311926605505,60.0
403,2026,21,1955793,2026-07-30,Fluminense 0.0 x 0.0 Bahia,1232,Fluminense,58.37,41.63,Casa,37.880370370370365,11.904761904761903,14.941176470588236,42.857142857142854,97,57.81012658227848,1.2345679012345678,0.18309859154929578,12,5,13.85,71.42857142857143,24.0,17.647058823529413,43.31210191082803,8.073394495412845,40.0,18.548387096774192,0.42857142857142855,0.19047619047619047,30.76923076923077,19.230769230769234,27.77777777777778,72.22222222222221,0.13368983957219252,40.0
404,2026,21,1955801,2026-07-30,Corinthians 0.0 x 0.0 Athletico Paranaense,1243,Athletico Paranaense,56.09,43.91,Fora,42.858698630136985,12.5,11.384615384615385,62.5,81,55.53333333333333,1.3333333333333335,0.20588235294117646,6,0,48.22222222222222,62.5,18.181818181818183,11.11111111111111,45.25547445255474,9.523809523809524,0.0,21.17117117117117,0.36363636363636365,0.2727272727272727,28.57142857142857,14.285714285714285,0.0,100.0,0.05263157894736842,25.0
405,2026,21,1955801,2026-07-30,Corinthians 0.0 x 0.0 Athletico Paranaense,1237,Corinthians,43.91,56.09,Casa,37.29881443298969,5.714285714285714,11.10344827586207,81.25,96,57.91379310344828,3.389830508474576,0.125,6,3,20.125,70.58823529411765,12.0,0.0,45.11278195488722,9.219858156028367,50.0,20.175438596491226,0.21428571428571427,0.03571428571428571,50.0,25.0,16.666666666666664,50.0,0.07777777777777778,42.857142857142854
406,2026,21,1955814,2026-07-30,Vitoria 0.0 x 4.0 Palmeiras,1238,Vitoria,30.58,69.42,Casa,30.32375,10.256410256410255,14.066666666666666,50.0,99,66.14084507042253,0.0,0.21839080459770116,12,2,35.90909090909091,74.35897435897436,3.125,0.0,29.496402877697843,23.660714285714285,14.285714285714285,24.358974358974358,0.3888888888888889,0.2222222222222222,45.45454545454545,0.0,0.0,33.33333333333333,0.136986301369863,30.0
407,2026,21,1955814,2026-07-30,Vitoria 0.0 x 4.0 Palmeiras,1234,Palmeiras,69.42,30.58,Fora,43.5162,20.51282051282051,9.375,60.0,97,32.888888888888886,3.6363636363636362,0.11320754716981132,1,1,8.782608695652174,66.66666666666666,30.76923076923077,15.384615384615385,47.794117647058826,4.624277456647398,0.0,22.943722943722943,0.2682926829268293,0.2682926829268293,13.333333333333334,0.0,66.66666666666666,16.666666666666664,0.06130268199233716,56.25
408,2026,21,1955811,2026-07-31,Coritiba 0.0 x 1.0 Cruzeiro,1230,Cruzeiro,50.96,49.04,Fora,36.230357142857144,9.523809523809524,10.4,77.77777777777779,107,42.30263157894737,3.896103896103896,0.23076923076923078,8,0,17.333333333333332,64.28571428571429,10.0,16.666666666666664,44.966442953020135,14.485981308411214,40.0,30.22222222222222,0.6842105263157895,0.13157894736842105,18.75,25.0,37.5,56.25,0.14285714285714285,45.0
409,2026,21,1955811,2026-07-31,Coritiba 0.0 x 1.0 Cruzeiro,1236,Coritiba,49.04,50.96,Casa,33.78072115384616,2.4390243902439024,12.136363636363637,84.61538461538461,107,49.5921052631579,1.2987012987012987,0.14285714285714285,9,3,7.277777777777778,73.17073170731707,20.0,0.0,46.10778443113773,13.349514563106796,22.22222222222222,29.015544041450774,0.5428571428571428,0.14285714285714285,45.45454545454545,0.0,40.0,40.0,0.1310344827586207,63.1578947368421
410,2026,22,1955838,2026-08-08,Gremio 2 x 1 Sao Paulo,1244,Gremio,50.19,49.81,Casa,35.954296875,22.22222222222222,18.058823529411764,75.0,82,67.8,3.0303030303030303,0.07894736842105263,5,2,46.0,77.77777777777779,10.526315789473683,12.5,42.44604316546763,14.014251781472684,16.666666666666664,18.269230769230766,0.32142857142857145,0.2857142857142857,23.52941176470588,17.647058823529413,42.857142857142854,42.857142857142854,0.11428571428571428,33.33333333333333
411,2026,22,1955838,2026-08-08,Gremio 2 x 1 Sao Paulo,1224,Sao Paulo,49.81,50.19,Fora,38.405454545454546,15.789473684210526,14.761904761904763,68.42105263157895,100,50.67164179104478,1.4925373134328357,0.1780821917808219,2,1,16.928571428571427,68.42105263157895,11.538461538461538,16.666666666666664,38.970588235294116,7.478632478632479,20.0,12.719298245614036,0.5714285714285714,0.2857142857142857,56.25,6.25,46.15384615384615,46.15384615384615,0.1386861313868613,31.57894736842105
412,2026,22,1955847,2026-08-08,Remo 2 x 2 Atletico MG,4617,Remo,39.03,60.97,Casa,37.48500000000001,8.0,15.4,92.3076923076923,107,68.15492957746478,0.0,0.09195402298850575,5,3,15.045454545454545,73.46938775510205,14.285714285714285,0.0,43.884892086330936,11.73469387755102,33.33333333333333,22.127659574468083,0.4,0.13333333333333333,36.36363636363637,18.181818181818183,50.0,37.5,0.11214953271028037,33.33333333333333
413,2026,22,1955847,2026-08-08,Remo 2 x 2 Atletico MG,1235,Atletico MG,60.97,39.03,Fora,38.074934210526315,7.6923076923076925,15.0,46.15384615384615,92,61.97222222222222,0.0,0.15,8,0,24.15,56.41025641025641,6.451612903225806,37.5,54.67625899280576,8.9126559714795,16.666666666666664,19.817073170731707,0.48148148148148145,0.18518518518518517,28.57142857142857,21.428571428571427,62.5,12.5,0.08196721311475409,20.0
414,2026,22,1955819,2026-08-09,Flamengo 2 x 0 Vitoria,1238,Vitoria,38.14,61.86,Fora,27.532647058823528,0.0,17.210526315789473,62.5,112,61.41772151898734,2.5316455696202533,0.18,10,4,25.466666666666665,76.19047619047619,2.631578947368421,0.0,40.37267080745342,15.46134663341646,10.0,17.326732673267326,0.20833333333333334,0.041666666666666664,33.33333333333333,0.0,66.66666666666666,33.33333333333333,0.1,57.14285714285714
415,2026,22,1955819,2026-08-09,Flamengo 2 x 0 Vitoria,1239,Flamengo,61.86,38.14,Casa,45.482696629213486,12.0,10.931034482758621,69.23076923076923,111,38.927536231884055,2.8169014084507045,0.16176470588235295,2,0,13.96,54.0,21.875,11.11111111111111,55.88235294117647,5.341246290801187,100.0,17.737003058103976,0.2222222222222222,0.2,11.538461538461538,15.384615384615385,62.5,18.75,0.07633587786259542,40.0
416,2026,22,1955822,2026-08-09,Botafogo RJ 1 x 1 Fluminense,1232,Fluminense,59.2,40.8,Fora,32.376999999999995,2.631578947368421,6.777777777777778,50.0,123,46.125,2.631578947368421,0.2465753424657534,12,3,12.789473684210526,73.68421052631578,13.333333333333334,12.5,42.51497005988024,8.125,0.0,17.96875,0.5294117647058824,0.2647058823529412,42.10526315789473,10.526315789473683,44.44444444444444,44.44444444444444,0.1044776119402985,21.428571428571427
417,2026,22,1955822,2026-08-09,Botafogo RJ 1 x 1 Fluminense,1227,Botafogo RJ,40.8,59.2,Casa,39.13392857142858,16.666666666666664,14.272727272727273,62.5,115,54.84931506849315,2.73972602739726,0.2028985507246377,7,1,12.647058823529411,72.91666666666666,19.230769230769234,9.090909090909092,36.52694610778443,8.231707317073171,40.0,25.352112676056336,0.42857142857142855,0.4,25.0,15.0,33.33333333333333,55.55555555555556,0.16058394160583941,50.0
418,2026,22,1955825,2026-08-09,Santos FC 0 x 2 Athletico Paranaense,1241,Santos FC,62.87,37.13,Casa,40.751931818181816,8.51063829787234,10.954545454545455,50.0,95,62.32876712328767,3.9473684210526314,0.25,9,3,9.821428571428571,76.59574468085107,22.857142857142858,8.333333333333332,49.044585987261144,5.641025641025641,66.66666666666666,20.12012012012012,0.627906976744186,0.16279069767441862,47.05882352941176,0.0,50.0,31.25,0.11578947368421053,40.909090909090914
419,2026,22,1955825,2026-08-09,Santos FC 0 x 2 Athletico Paranaense,1243,Athletico Paranaense,37.13,62.87,Fora,33.049485981308415,12.195121951219512,18.105263157894736,45.45454545454545,92,69.44871794871794,1.282051282051282,0.22340425531914893,13,2,11.3125,73.17073170731707,22.58064516129032,10.0,40.0,18.571428571428573,15.384615384615385,28.64864864864865,0.14814814814814814,0.2962962962962963,0.0,62.5,14.285714285714285,71.42857142857143,0.08888888888888889,37.5
420,2026,22,1955828,2026-08-09,Palmeiras 0 x 0 Internacional,1234,Palmeiras,64.27,35.73,Casa,39.89889473684211,5.555555555555555,8.576923076923077,75.0,137,50.0,3.3333333333333335,0.20754716981132076,9,1,12.857142857142858,83.33333333333334,16.27906976744186,18.181818181818183,41.361256544502616,10.0,60.0,21.241830065359476,0.6976744186046512,0.09302325581395349,52.63157894736842,0.0,44.44444444444444,38.88888888888889,0.09865470852017937,40.909090909090914
421,2026,22,1955828,2026-08-09,Palmeiras 0 x 0 Internacional,1219,Internacional,35.73,64.27,Fora,32.98039603960396,2.4390243902439024,15.142857142857142,50.0,123,65.9659090909091,2.272727272727273,0.225,13,3,16.133333333333333,70.73170731707317,21.875,0.0,38.41463414634146,20.298507462686565,6.666666666666667,26.31578947368421,0.2,0.16666666666666666,33.33333333333333,16.666666666666664,37.5,12.5,0.08737864077669903,55.55555555555556
422,2026,22,1955831,2026-08-09,Red Bull Bragantino 0 x 2 Corinthians,1237,Corinthians,48.24,51.76,Fora,34.51069306930694,8.695652173913043,8.846153846153847,64.28571428571429,101,47.78409090909091,5.434782608695652,0.18292682926829268,6,1,18.833333333333332,58.69565217391305,5.263157894736842,25.0,37.278106508875744,14.50381679389313,12.5,29.82456140350877,0.5769230769230769,0.23076923076923078,45.45454545454545,9.090909090909092,50.0,50.0,0.06716417910447761,0.0
423,2026,22,1955831,2026-08-09,Red Bull Bragantino 0 x 2 Corinthians,5438,Red Bull Bragantino,51.76,48.24,Casa,40.27634831460674,17.77777777777778,10.708333333333334,75.0,95,60.59574468085106,3.1914893617021276,0.13636363636363635,3,2,9.142857142857142,57.77777777777777,20.0,0.0,43.47826086956522,18.333333333333332,33.33333333333333,35.0,0.7037037037037037,0.2962962962962963,20.0,20.0,44.44444444444444,44.44444444444444,0.07874015748031496,70.0
424,2026,22,1955834,2026-08-09,Cruzeiro 3 x 1 Mirassol,6332,Mirassol,51.22,48.78,Fora,39.97755681818182,9.30232558139535,7.875,66.66666666666666,106,56.472972972972975,0.0,0.2222222222222222,6,1,29.785714285714285,69.76744186046511,3.8461538461538463,17.647058823529413,52.4822695035461,10.29023746701847,14.285714285714285,24.0,0.3181818181818182,0.2727272727272727,20.0,0.0,54.54545454545454,45.45454545454545,0.11538461538461539,41.66666666666667
425,2026,22,1955834,2026-08-09,Cruzeiro 3 x 1 Mirassol,1230,Cruzeiro,48.78,51.22,Casa,38.50515789473685,5.128205128205128,9.571428571428571,50.0,106,56.06944444444444,1.3888888888888888,0.21212121212121213,7,3,27.5,69.23076923076923,11.538461538461538,7.6923076923076925,47.58620689655172,14.555256064690028,20.0,27.011494252873565,0.5714285714285714,0.2857142857142857,25.0,18.75,44.44444444444444,44.44444444444444,0.09243697478991597,27.27272727272727
426,2026,22,1955841,2026-08-09,Coritiba 2 x 1 Chapecoense AF,1236,Coritiba,33.53,66.47,Casa,34.039534883720926,8.823529411764707,16.75,50.0,100,90.06153846153846,3.0303030303030303,0.14084507042253522,2,1,11.277777777777779,70.58823529411765,28.000000000000004,22.22222222222222,39.23076923076923,17.5,12.5,24.8062015503876,0.625,0.125,17.647058823529413,41.17647058823529,16.666666666666664,58.333333333333336,0.16666666666666666,33.33333333333333
427,2026,22,1955841,2026-08-09,Coritiba 2 x 1 Chapecoense AF,8865,Chapecoense AF,66.47,33.53,Fora,35.93926229508197,10.714285714285714,11.375,63.63636363636363,84,72.18666666666667,1.282051282051282,0.2807017543859649,12,4,40.214285714285715,67.85714285714286,4.545454545454546,16.666666666666664,47.794117647058826,12.984496124031008,33.33333333333333,22.82608695652174,0.6071428571428571,0.21428571428571427,10.0,10.0,60.0,40.0,0.09230769230769231,66.66666666666666
428,2026,22,1955844,2026-08-09,Bahia 0 x 0 Vasco da Gama,1226,Vasco da Gama,44.25,55.75,Fora,39.19096774193548,11.627906976744185,10.6,40.0,111,53.8125,2.4390243902439024,0.13114754098360656,8,0,7.916666666666667,79.06976744186046,21.428571428571427,13.333333333333334,43.39622641509434,10.597826086956522,37.5,31.03448275862069,0.48484848484848486,0.21212121212121213,33.33333333333333,16.666666666666664,33.33333333333333,50.0,0.09395973154362416,28.57142857142857
429,2026,22,1955844,2026-08-09,Bahia 0 x 0 Vasco da Gama,1221,Bahia,55.75,44.25,Casa,35.23269230769231,19.565217391304348,12.8125,23.076923076923077,107,60.9375,3.7037037037037033,0.2222222222222222,8,3,8.5,60.86956521739131,6.896551724137931,0.0,44.516129032258064,14.358974358974358,42.857142857142854,17.687074829931973,0.4782608695652174,0.6086956521739131,33.33333333333333,16.666666666666664,75.0,12.5,0.10185185185185185,27.27272727272727
430,2026,23,1955849,2026-08-15,Fluminense 3 x 2 Palmeiras,1232,Fluminense,63.48,36.52,Casa,35.107058823529414,4.25531914893617,7.222222222222222,56.25,122,47.193548387096776,3.225806451612903,0.23636363636363636,10,5,34.421052631578945,72.3404255319149,20.0,5.88235294117647,42.58064516129032,6.365503080082135,80.0,15.810276679841898,0.40540540540540543,0.40540540540540543,17.647058823529413,17.647058823529413,64.28571428571429,21.428571428571427,0.10967741935483871,23.52941176470588
431,2026,23,1955849,2026-08-15,Fluminense 3 x 2 Palmeiras,1234,Palmeiras,36.52,63.48,Fora,36.90371134020618,16.27906976744186,13.565217391304348,47.05882352941176,119,40.529411764705884,4.225352112676056,0.1282051282051282,11,2,20.0,60.46511627906976,17.857142857142858,13.333333333333334,36.774193548387096,15.625,11.11111111111111,26.53061224489796,0.35714285714285715,0.5714285714285714,29.411764705882355,17.647058823529413,27.27272727272727,72.72727272727273,0.12096774193548387,40.0
432,2026,23,1955870,2026-08-15,Athletico Paranaense 1 x 1 Red Bull Bragantino,1243,Athletico Paranaense,49.47,50.53,Casa,33.87014563106796,6.521739130434782,16.77777777777778,71.42857142857143,110,66.25974025974025,2.4096385542168677,0.08064516129032258,5,0,11.476190476190476,76.08695652173914,18.181818181818183,0.0,40.116279069767444,12.421052631578949,0.0,25.795053003533567,0.5116279069767442,0.27906976744186046,31.818181818181817,18.181818181818183,50.0,33.33333333333333,0.1388888888888889,15.0
433,2026,23,1955870,2026-08-15,Athletico Paranaense 1 x 1 Red Bull Bragantino,5438,Red Bull Bragantino,50.53,49.47,Fora,30.004264705882353,7.317073170731707,17.61111111111111,75.0,110,69.55421686746988,1.2048192771084338,0.16279069767441862,11,2,14.933333333333334,70.0,15.151515151515152,0.0,40.74074074074074,14.925373134328357,45.45454545454545,12.355212355212355,0.42424242424242425,0.24242424242424243,38.46153846153847,23.076923076923077,66.66666666666666,33.33333333333333,0.11594202898550725,31.25
434,2026,23,1955852,2026-08-16,Vasco da Gama 0 x 3 Santos FC,1241,Santos FC,37.14,62.86,Fora,33.9401652892562,9.523809523809524,9.56,54.54545454545454,127,54.87179487179487,6.41025641025641,0.16666666666666666,8,2,19.75,71.42857142857143,16.666666666666664,8.333333333333332,34.41558441558442,13.707165109034266,0.0,16.049382716049383,0.2222222222222222,0.14814814814814814,40.0,20.0,50.0,50.0,0.11956521739130435,45.45454545454545
435,2026,23,1955852,2026-08-16,Vasco da Gama 0 x 3 Santos FC,1226,Vasco da Gama,62.86,37.14,Casa,41.22533333333333,9.615384615384617,12.647058823529411,35.714285714285715,120,43.84090909090909,3.225806451612903,0.09859154929577464,6,1,26.2,61.53846153846154,11.428571428571429,11.76470588235294,41.30434782608695,11.00702576112412,33.33333333333333,31.19266055045872,0.47368421052631576,0.23684210526315788,11.76470588235294,23.52941176470588,42.857142857142854,50.0,0.11801242236024845,21.052631578947366
436,2026,23,1955855,2026-08-16,Sao Paulo 1 x 1 Coritiba,1236,Coritiba,32.81,67.19,Fora,27.2685,5.128205128205128,25.857142857142858,40.0,110,62.5,1.1494252873563218,0.21348314606741572,8,5,11.777777777777779,74.35897435897436,8.333333333333332,33.33333333333333,32.903225806451616,15.555555555555555,0.0,17.61006289308176,0.625,0.0625,50.0,25.0,50.0,50.0,0.11940298507462686,37.5
437,2026,23,1955855,2026-08-16,Sao Paulo 1 x 1 Coritiba,1224,Sao Paulo,67.19,32.81,Casa,42.52733333333334,20.0,10.041666666666666,66.66666666666666,116,57.77319587628866,3.0927835051546393,0.11290322580645161,3,1,16.68421052631579,64.0,12.903225806451612,21.052631578947366,47.82608695652174,6.44122383252818,33.33333333333333,22.699386503067483,0.6097560975609756,0.2682926829268293,36.36363636363637,13.636363636363635,31.25,56.25,0.08520179372197309,42.10526315789473
438,2026,23,1955858,2026-08-16,Corinthians 1 x 2 Cruzeiro,1237,Corinthians,55.15,44.85,Casa,41.425650000000005,11.627906976744185,9.612903225806452,43.75,112,58.17391304347826,1.4285714285714286,0.16417910447761194,13,4,22.153846153846153,62.7906976744186,3.4482758620689653,28.57142857142857,43.47826086956522,8.11965811965812,60.0,19.91701244813278,0.5454545454545454,0.24242424242424243,38.095238095238095,19.047619047619047,81.25,18.75,0.15037593984962405,45.0
439,2026,23,1955858,2026-08-16,Corinthians 1 x 2 Cruzeiro,1230,Cruzeiro,44.85,55.15,Fora,34.56941860465116,0.0,16.105263157894736,64.28571428571429,104,57.53763440860215,2.1505376344086025,0.16666666666666666,5,4,8.157894736842104,75.55555555555556,21.62162162162162,25.0,37.42690058479532,13.691931540342297,0.0,20.388349514563107,0.2413793103448276,0.2413793103448276,21.428571428571427,7.142857142857142,54.54545454545454,45.45454545454545,0.14423076923076922,33.33333333333333
440,2026,23,1955861,2026-08-16,Mirassol 1 x 5 Flamengo,1239,Flamengo,53.76,46.24,Fora,30.688532608695656,7.894736842105263,18.5,50.0,91,74.3015873015873,0.0,0.06557377049180328,7,0,21.8125,65.78947368421053,0.0,33.33333333333333,46.15384615384615,8.239700374531834,44.44444444444444,15.918367346938775,0.3333333333333333,0.20833333333333334,15.789473684210526,21.052631578947366,60.0,40.0,0.12096774193548387,20.0
441,2026,23,1955861,2026-08-16,Mirassol 1 x 5 Flamengo,6332,Mirassol,46.24,53.76,Casa,43.65253846153846,18.75,17.818181818181817,75.0,78,63.7536231884058,4.285714285714286,0.20634920634920634,2,3,12.8,65.625,5.555555555555555,0.0,44.96124031007752,6.730769230769231,50.0,18.787878787878785,0.64,0.44,45.45454545454545,18.181818181818183,50.0,50.0,0.1111111111111111,43.75
442,2026,23,1955864,2026-08-16,Atletico MG 3 x 0 Gremio,1244,Gremio,49.4,50.6,Fora,34.141363636363636,6.25,21.142857142857142,63.63636363636363,77,81.59677419354838,4.761904761904762,0.16666666666666666,7,2,17.363636363636363,71.875,4.0,0.0,41.46341463414634,7.725321888412018,60.0,15.412186379928317,0.5,0.4444444444444444,75.0,0.0,33.33333333333333,66.66666666666666,0.125,33.33333333333333
443,2026,23,1955864,2026-08-16,Atletico MG 3 x 0 Gremio,1235,Atletico MG,50.6,49.4,Casa,36.51576923076923,2.857142857142857,19.210526315789473,50.0,87,65.0,1.4705882352941175,0.07575757575757576,4,0,9.6,65.71428571428571,19.230769230769234,11.11111111111111,43.06569343065693,10.204081632653061,0.0,17.100371747211895,0.6875,0.25,26.31578947368421,42.10526315789473,77.77777777777779,22.22222222222222,0.10638297872340426,0.0
444,2026,23,1955873,2026-08-16,Vitoria 1 x 0 Botafogo RJ,1227,Botafogo RJ,54.05,45.95,Fora,37.006475409836064,5.263157894736842,6.757575757575758,66.66666666666666,138,41.91011235955056,3.296703296703297,0.24489795918367346,14,5,17.2,70.17543859649122,14.634146341463413,6.25,41.84782608695652,11.278195488721805,22.22222222222222,25.48076923076923,0.2708333333333333,0.3333333333333333,40.0,13.333333333333334,61.53846153846154,15.384615384615385,0.12686567164179105,58.82352941176471
445,2026,23,1955873,2026-08-16,Vitoria 1 x 0 Botafogo RJ,1238,Vitoria,45.95,54.05,Casa,38.5595,13.636363636363635,10.391304347826088,47.368421052631575,143,38.98876404494382,3.296703296703297,0.17857142857142858,14,3,21.476190476190474,63.63636363636363,20.0,10.0,31.65829145728643,12.46376811594203,0.0,32.450331125827816,0.43333333333333335,0.3333333333333333,13.636363636363635,18.181818181818183,23.52941176470588,52.94117647058824,0.17355371900826447,28.57142857142857
446,2026,23,1955876,2026-08-16,Chapecoense AF 3 x 3 Bahia,8865,Chapecoense AF,28.52,71.48,Casa,31.788433734939762,8.571428571428571,14.208333333333334,68.75,106,50.203125,0.0,0.13513513513513514,11,2,10.764705882352942,77.14285714285715,12.903225806451612,50.0,43.07692307692308,19.661016949152543,15.384615384615385,27.77777777777778,0.6153846153846154,0.2692307692307692,22.22222222222222,27.77777777777778,8.333333333333332,83.33333333333334,0.1411764705882353,25.0
447,2026,23,1955876,2026-08-16,Chapecoense AF 3 x 3 Bahia,1221,Bahia,71.48,28.52,Fora,39.69709459459459,8.333333333333332,11.11111111111111,55.55555555555556,84,76.3125,1.5384615384615385,0.21212121212121213,5,3,15.8,69.44444444444444,9.090909090909092,7.142857142857142,55.88235294117647,7.678883071553229,72.72727272727273,13.750000000000002,0.4186046511627907,0.4883720930232558,38.88888888888889,5.555555555555555,69.23076923076923,23.076923076923077,0.11464968152866242,38.88888888888889
448,2026,23,1955867,2026-08-18,Internacional 1 x 1 Remo,1219,Internacional,43.77,56.23,Casa,36.85285714285714,8.51063829787234,16.08695652173913,61.53846153846154,115,53.946236559139784,2.127659574468085,0.0963855421686747,5,0,10.666666666666666,68.08510638297872,23.52941176470588,7.6923076923076925,35.08771929824561,17.75147928994083,0.0,28.05755395683453,0.3103448275862069,0.1724137931034483,13.333333333333334,26.666666666666668,22.22222222222222,55.55555555555556,0.07913669064748201,36.36363636363637
449,2026,23,1955867,2026-08-18,Internacional 1 x 1 Remo,4617,Remo,56.23,43.77,Fora,35.15859375,6.976744186046512,8.818181818181818,50.0,109,60.51136363636363,4.444444444444445,0.24358974358974358,14,4,19.1875,69.76744186046511,9.375,0.0,43.712574850299404,9.16030534351145,61.53846153846154,18.26625386996904,0.2857142857142857,0.37142857142857144,55.55555555555556,0.0,28.57142857142857,57.14285714285714,0.10084033613445378,50.0
450,2026,24,1955879,2026-08-22,Fluminense 2 x 1 Remo,1232,Fluminense,75.01,24.99,Casa,43.41988636363636,12.76595744680851,7.68,50.0,109,42.09722222222222,4.10958904109589,0.1267605633802817,6,0,13.576923076923077,57.446808510638306,13.793103448275861,5.555555555555555,47.20496894409938,2.9005524861878453,57.14285714285714,14.864864864864865,0.4444444444444444,0.37777777777777777,30.76923076923077,23.076923076923077,84.61538461538461,15.384615384615385,0.09223300970873786,42.10526315789473
451,2026,24,1955879,2026-08-22,Fluminense 2 x 1 Remo,4617,Remo,24.99,75.01,Fora,29.859827586206897,2.564102564102564,51.333333333333336,40.0,107,67.18666666666667,2.666666666666667,0.06451612903225806,10,1,11.25,82.05128205128204,12.121212121212121,0.0,36.029411764705884,10.526315789473683,0.0,20.422535211267608,0.3,0.2,12.5,25.0,25.0,25.0,0.1044776119402985,42.857142857142854
452,2026,24,1955897,2026-08-22,Internacional 0 x 0 Atletico MG,1235,Atletico MG,49.19,50.81,Fora,29.144126213592234,11.11111111111111,19.428571428571427,40.0,105,50.95402298850575,1.1363636363636365,0.1827956989247312,7,1,17.88888888888889,66.66666666666666,10.344827586206897,28.57142857142857,33.53658536585366,13.82716049382716,22.22222222222222,10.970464135021098,0.5333333333333333,0.5333333333333333,44.44444444444444,0.0,33.33333333333333,33.33333333333333,0.1527777777777778,36.36363636363637
453,2026,24,1955897,2026-08-22,Internacional 0 x 0 Atletico MG,1219,Internacional,50.81,49.19,Casa,45.222058823529416,8.88888888888889,9.84375,55.55555555555556,129,50.11904761904762,0.0,0.0967741935483871,5,3,31.941176470588236,57.77777777777777,10.714285714285714,0.0,37.28813559322034,9.333333333333334,0.0,24.642857142857146,0.375,0.1875,50.0,0.0,20.0,60.0,0.16428571428571428,39.130434782608695
454,2026,24,1955885,2026-08-23,Santos FC 1 x 1 Mirassol,1241,Santos FC,63.95,36.05,Casa,46.83674311926606,10.606060606060606,6.046511627906977,77.77777777777779,150,30.15730337078652,14.893617021276595,0.10294117647058823,5,1,10.678571428571429,65.15151515151516,21.951219512195124,4.0,47.72727272727273,6.271186440677965,33.33333333333333,15.50632911392405,0.425531914893617,0.2765957446808511,9.523809523809524,28.57142857142857,72.72727272727273,27.27272727272727,0.10096153846153846,52.38095238095239
455,2026,24,1955885,2026-08-23,Santos FC 1 x 1 Mirassol,6332,Mirassol,36.05,63.95,Fora,31.204008620689656,3.9215686274509802,18.61111111111111,38.46153846153847,119,43.76470588235294,4.854368932038835,0.096,16,4,27.714285714285715,70.58823529411765,7.317073170731707,10.0,36.52694610778443,17.46987951807229,10.0,15.527950310559005,0.14285714285714285,0.6190476190476191,33.33333333333333,50.0,33.33333333333333,0.0,0.08333333333333333,40.0
456,2026,24,1955888,2026-08-23,Palmeiras 4 x 1 Vasco da Gama,1234,Palmeiras,57.76,42.24,Casa,39.10481707317073,4.444444444444445,11.24,50.0,109,61.48780487804878,3.4090909090909087,0.13513513513513514,12,4,13.722222222222221,77.77777777777779,9.090909090909092,8.333333333333332,47.647058823529406,8.655616942909761,44.44444444444444,16.233766233766232,0.36666666666666664,0.26666666666666666,16.666666666666664,41.66666666666667,12.5,75.0,0.10434782608695652,50.0
457,2026,24,1955888,2026-08-23,Palmeiras 4 x 1 Vasco da Gama,1226,Vasco da Gama,42.24,57.76,Fora,37.227838983050844,6.25,14.0,42.857142857142854,129,50.082191780821915,4.10958904109589,0.10144927536231885,8,2,12.5,76.59574468085107,14.705882352941178,14.285714285714285,38.513513513513516,8.495145631067961,37.5,21.0,0.3,0.3,10.0,20.0,50.0,50.0,0.11009174311926606,33.33333333333333
458,2026,24,1955891,2026-08-23,Red Bull Bragantino 1 x 0 Gremio,1244,Gremio,39.96,60.04,Fora,29.47392857142857,2.7777777777777777,16.53846153846154,50.0,110,57.42253521126761,1.4084507042253522,0.11290322580645161,10,2,14.222222222222221,61.111111111111114,9.090909090909092,0.0,32.857142857142854,14.527845036319611,25.0,17.61904761904762,0.5789473684210527,0.2631578947368421,54.54545454545454,18.181818181818183,50.0,33.33333333333333,0.12612612612612611,42.857142857142854
459,2026,24,1955891,2026-08-23,Red Bull Bragantino 1 x 0 Gremio,5438,Red Bull Bragantino,60.04,39.96,Casa,40.142117647058825,10.256410256410255,17.0,55.55555555555556,93,61.082191780821915,2.666666666666667,0.14102564102564102,3,0,15.666666666666666,58.97435897435898,13.043478260869565,12.5,46.3855421686747,10.782241014799155,62.5,21.266968325791854,0.6808510638297872,0.5106382978723404,26.08695652173913,13.043478260869565,60.0,35.0,0.13043478260869565,44.44444444444444
460,2026,24,1955894,2026-08-23,Cruzeiro 2 x 1 Flamengo,1230,Cruzeiro,48.19,51.81,Casa,40.97234042553191,8.0,13.689655172413794,53.84615384615385,111,54.333333333333336,5.128205128205128,0.11363636363636363,5,2,10.571428571428571,82.0,15.151515151515152,12.5,49.34210526315789,4.835589941972921,44.44444444444444,19.767441860465116,0.425531914893617,0.2978723404255319,13.636363636363635,22.727272727272727,63.63636363636363,31.818181818181817,0.13333333333333333,50.0
461,2026,24,1955894,2026-08-23,Cruzeiro 2 x 1 Flamengo,1239,Flamengo,51.81,48.19,Fora,31.713315789473686,6.8181818181818175,19.4,57.14285714285714,98,50.43478260869565,1.4084507042253522,0.15789473684210525,14,4,20.363636363636363,56.81818181818182,11.428571428571429,22.22222222222222,45.57823129251701,9.107142857142856,35.714285714285715,19.245283018867926,0.23529411764705882,0.17647058823529413,18.75,37.5,58.333333333333336,25.0,0.09333333333333334,35.714285714285715
462,2026,24,1955900,2026-08-23,Coritiba 2 x 1 Corinthians,1236,Coritiba,34.59,65.41,Casa,33.65113043478261,16.0,16.761904761904763,50.0,110,53.26027397260274,1.3513513513513513,0.13333333333333333,4,0,28.727272727272727,73.46938775510205,10.344827586206897,4.761904761904762,33.12101910828025,16.825396825396826,9.090909090909092,21.374045801526716,0.4,0.24,16.666666666666664,16.666666666666664,28.57142857142857,42.857142857142854,0.1348314606741573,50.0
463,2026,24,1955900,2026-08-23,Coritiba 2 x 1 Corinthians,1237,Corinthians,65.41,34.59,Fora,41.26977272727273,10.81081081081081,9.434782608695652,77.77777777777779,93,64.01123595505618,5.263157894736842,0.14285714285714285,10,1,24.214285714285715,62.16216216216216,8.0,0.0,53.75,8.900523560209423,55.55555555555556,22.183098591549296,0.8461538461538461,0.358974358974359,23.52941176470588,0.0,81.81818181818183,18.181818181818183,0.0898876404494382,56.25
464,2026,24,1955903,2026-08-23,Vitoria 0 x 2 Bahia,1238,Vitoria,43.48,56.52,Casa,35.20213483146067,9.090909090909092,9.55,53.84615384615385,112,58.226190476190474,2.380952380952381,0.3050847457627119,9,1,9.894736842105264,65.9090909090909,18.181818181818183,27.27272727272727,40.939597315436245,18.446601941747574,8.333333333333332,27.06766917293233,0.4838709677419355,0.1935483870967742,47.05882352941176,11.76470588235294,10.0,50.0,0.11475409836065574,57.14285714285714
465,2026,24,1955903,2026-08-23,Vitoria 0 x 2 Bahia,1221,Bahia,56.52,43.48,Fora,34.49638888888889,6.976744186046512,10.0,70.0,106,46.0735294117647,1.4285714285714286,0.16393442622950818,10,3,14.909090909090908,78.57142857142857,20.588235294117645,0.0,41.43646408839779,14.857142857142858,16.666666666666664,32.3943661971831,0.30952380952380953,0.35714285714285715,36.36363636363637,9.090909090909092,47.368421052631575,42.10526315789473,0.21875,35.714285714285715
466,2026,24,1955906,2026-08-23,Chapecoense AF 1 x 0 Sao Paulo,8865,Chapecoense AF,23.62,76.38,Casa,32.18986842105263,7.894736842105263,19.857142857142858,58.82352941176471,120,66.68,3.896103896103896,0.09278350515463918,10,3,24.5,67.56756756756756,3.3333333333333335,0.0,28.834355828220858,25.847457627118644,7.6923076923076925,22.608695652173914,0.5625,0.375,40.0,10.0,22.22222222222222,77.77777777777779,0.21666666666666667,30.76923076923077
467,2026,24,1955906,2026-08-23,Chapecoense AF 1 x 0 Sao Paulo,1224,Sao Paulo,76.38,23.62,Fora,37.13168918918919,9.30232558139535,12.538461538461538,71.42857142857143,96,71.94505494505495,2.1505376344086025,0.20754716981132076,2,0,14.481481481481481,60.46511627906976,24.242424242424242,20.0,54.18994413407822,6.511056511056511,33.33333333333333,16.150442477876105,0.7346938775510204,0.2653061224489796,26.08695652173913,13.043478260869565,52.63157894736842,36.84210526315789,0.07260726072607261,40.909090909090914
468,2026,24,1955882,2026-08-25,Botafogo RJ 2 x 3 Athletico Paranaense,1227,Botafogo RJ,60.1,39.9,Casa,41.78620481927711,7.6923076923076925,14.85,75.0,108,60.926829268292686,2.4096385542168677,0.16071428571428573,3,0,13.181818181818182,65.38461538461539,21.875,0.0,45.348837209302324,9.411764705882353,50.0,23.32155477031802,0.627906976744186,0.16279069767441862,25.0,12.5,36.84210526315789,42.10526315789473,0.21019108280254778,48.484848484848484
469,2026,24,1955882,2026-08-25,Botafogo RJ 2 x 3 Athletico Paranaense,1243,Athletico Paranaense,39.9,60.1,Fora,29.521839622641508,6.25,19.5,33.33333333333333,95,62.891891891891895,2.5974025974025974,0.1702127659574468,15,1,16.818181818181817,65.625,8.0,0.0,38.56209150326798,15.776699029126215,21.428571428571427,16.7420814479638,0.21739130434782608,0.21739130434782608,33.33333333333333,66.66666666666666,16.666666666666664,66.66666666666666,0.08139534883720931,28.57142857142857
470,2026,25,1955918,2026-08-29,Atletico MG 2 x 1 Vitoria,1238,Vitoria,41.01,58.99,Fora,36.76768421052632,8.51063829787234,15.26923076923077,53.84615384615385,118,53.963855421686745,2.3529411764705883,0.0945945945945946,7,1,16.27777777777778,72.3404255319149,10.256410256410255,0.0,44.785276073619634,14.285714285714285,12.5,18.099547511312217,0.6296296296296297,0.2962962962962963,55.55555555555556,0.0,80.0,20.0,0.1206896551724138,50.0
471,2026,25,1955918,2026-08-29,Atletico MG 2 x 1 Vitoria,1235,Atletico MG,58.99,41.01,Casa,35.53383495145631,10.204081632653061,10.692307692307692,50.0,108,60.0,4.054054054054054,0.10294117647058823,5,0,17.761904761904763,73.46938775510205,10.526315789473683,9.090909090909092,51.67785234899329,8.137715179968701,37.5,16.49746192893401,0.3611111111111111,0.3333333333333333,6.666666666666667,26.666666666666668,53.333333333333336,33.33333333333333,0.10588235294117647,33.33333333333333
472,2026,25,1955909,2026-08-30,Flamengo 3 x 0 Botafogo RJ,1239,Flamengo,62.05,37.95,Casa,40.545,16.3265306122449,8.464285714285714,75.0,103,42.52,3.9473684210526314,0.1686746987951807,10,6,24.4,48.97959183673469,15.625,11.76470588235294,44.11764705882353,5.9880239520958085,33.33333333333333,19.390581717451525,0.3488372093023256,0.20930232558139536,17.647058823529413,5.88235294117647,26.666666666666668,46.666666666666664,0.09574468085106383,38.88888888888889
473,2026,25,1955909,2026-08-30,Flamengo 3 x 0 Botafogo RJ,1227,Botafogo RJ,37.95,62.05,Fora,33.83739130434783,14.893617021276595,39.0,55.55555555555556,94,76.54411764705883,2.898550724637681,0.18181818181818182,9,3,16.6,68.08510638297872,7.142857142857142,26.31578947368421,40.27777777777778,13.089005235602095,20.0,35.75757575757576,0.5333333333333333,0.36666666666666664,29.411764705882355,23.52941176470588,38.46153846153847,53.84615384615385,0.10606060606060606,35.714285714285715
474,2026,25,1955912,2026-08-30,Vasco da Gama 3 x 1 Cruzeiro,1230,Cruzeiro,58.28,41.72,Fora,31.533715596330275,4.444444444444445,11.65,41.66666666666667,118,55.65217391304348,3.225806451612903,0.14444444444444443,13,4,19.5,66.66666666666666,5.555555555555555,0.0,43.11377245508982,10.16260162601626,60.0,13.553113553113553,0.5,0.1875,41.66666666666667,0.0,77.77777777777779,22.22222222222222,0.09090909090909091,63.63636363636363
475,2026,25,1955912,2026-08-30,Vasco da Gama 3 x 1 Cruzeiro,1226,Vasco da Gama,41.72,58.28,Casa,41.86875,9.615384615384617,12.517241379310345,73.33333333333333,120,64.20930232558139,2.3255813953488373,0.12121212121212122,4,1,12.444444444444445,72.54901960784314,18.181818181818183,15.789473684210526,37.30569948186528,11.779448621553884,0.0,28.735632183908045,0.37209302325581395,0.2558139534883721,26.666666666666668,26.666666666666668,50.0,28.57142857142857,0.1375,18.181818181818183
476,2026,25,1955914,2026-08-30,Sao Paulo 2 x 1 Red Bull Bragantino,1224,Sao Paulo,32.71,67.29,Casa,37.03378378378379,18.0,13.28,63.63636363636363,122,48.3936170212766,3.125,0.17647058823529413,7,1,11.1875,72.0,20.0,13.333333333333334,27.86885245901639,21.50537634408602,14.285714285714285,36.11111111111111,0.2413793103448276,0.3103448275862069,44.44444444444444,22.22222222222222,36.36363636363637,54.54545454545454,0.14678899082568808,43.75
477,2026,25,1955914,2026-08-30,Sao Paulo 2 x 1 Red Bull Bragantino,5438,Red Bull Bragantino,67.29,32.71,Fora,35.050714285714285,8.88888888888889,7.217391304347826,57.14285714285714,114,46.911764705882355,3.571428571428571,0.2597402597402597,9,4,11.058823529411764,77.77777777777779,12.121212121212121,0.0,46.96132596685083,14.61864406779661,12.5,23.754789272030653,0.4411764705882353,0.29411764705882354,20.0,20.0,60.0,40.0,0.061068702290076333,75.0
478,2026,25,1955916,2026-08-30,Corinthians 0 x 1 Santos FC,1241,Santos FC,35.28,64.72,Fora,31.383113207547172,2.4390243902439024,13.434782608695652,56.25,109,44.333333333333336,1.3888888888888888,0.06060606060606061,6,4,14.705882352941176,79.48717948717949,8.108108108108109,0.0,38.297872340425535,12.064343163538874,12.5,19.78021978021978,0.1875,0.5,0.0,0.0,33.33333333333333,33.33333333333333,0.12903225806451613,62.5
479,2026,25,1955916,2026-08-30,Corinthians 0 x 1 Santos FC,1237,Corinthians,64.72,35.28,Casa,44.454375000000006,14.285714285714285,15.88888888888889,55.55555555555556,95,56.67058823529412,4.705882352941177,0.15517241379310345,4,1,15.277777777777779,76.19047619047619,14.285714285714285,21.428571428571427,50.56179775280899,9.735973597359736,50.0,23.0,0.6046511627906976,0.20930232558139536,27.586206896551722,10.344827586206897,69.23076923076923,23.076923076923077,0.07058823529411765,50.0
480,2026,25,1955917,2026-08-30,Mirassol 1 x 1 Palmeiras,6332,Mirassol,50.49,49.51,Casa,38.25397058823529,8.695652173913043,13.458333333333334,46.666666666666664,113,59.3125,2.4691358024691357,0.07575757575757576,8,1,29.294117647058822,65.21739130434783,13.793103448275861,5.88235294117647,43.90243902439025,10.70615034168565,28.57142857142857,25.10460251046025,0.5555555555555556,0.16666666666666666,29.411764705882355,23.52941176470588,40.0,60.0,0.07746478873239436,36.36363636363637
481,2026,25,1955917,2026-08-30,Mirassol 1 x 1 Palmeiras,1234,Palmeiras,49.51,50.49,Fora,33.4936,0.0,18.266666666666666,54.54545454545454,95,77.91954022988506,1.1235955056179776,0.16666666666666666,11,2,31.466666666666665,67.64705882352942,17.857142857142858,0.0,38.75,13.052631578947368,18.181818181818183,24.789915966386555,0.43243243243243246,0.16216216216216217,29.411764705882355,5.88235294117647,42.857142857142854,57.14285714285714,0.09929078014184398,21.428571428571427
482,2026,25,1955919,2026-08-30,Gremio 3 x 1 Chapecoense AF,8865,Chapecoense AF,46.24,53.76,Fora,42.40366666666666,14.893617021276595,15.72,70.0,114,43.13636363636363,7.462686567164178,0.15789473684210525,6,0,14.045454545454545,70.2127659574468,20.689655172413794,5.555555555555555,43.125,8.488612836438923,75.0,20.24793388429752,0.5476190476190477,0.21428571428571427,57.89473684210527,5.263157894736842,40.0,40.0,0.17297297297297298,46.875
483,2026,25,1955919,2026-08-30,Gremio 3 x 1 Chapecoense AF,1244,Gremio,53.76,46.24,Casa,31.450517241379313,11.11111111111111,15.88888888888889,63.63636363636363,104,56.406976744186046,4.651162790697675,0.26744186046511625,11,1,12.875,81.81818181818183,10.81081081081081,0.0,45.39473684210527,10.92896174863388,31.25,17.573221757322173,0.36666666666666664,0.4,33.33333333333333,0.0,50.0,50.0,0.1016949152542373,50.0
484,2026,25,1955920,2026-08-30,Athletico Paranaense 3 x 3 Fluminense,1243,Athletico Paranaense,49.32,50.68,Casa,48.5153164556962,9.523809523809524,11.8125,73.33333333333333,97,54.027027027027025,3.9473684210526314,0.08641975308641975,4,0,8.071428571428571,57.14285714285714,16.0,11.76470588235294,44.13793103448276,9.691629955947137,16.666666666666664,18.65671641791045,0.42857142857142855,0.19047619047619047,17.391304347826086,13.043478260869565,33.33333333333333,58.333333333333336,0.1095890410958904,25.0
485,2026,25,1955920,2026-08-30,Athletico Paranaense 3 x 3 Fluminense,1232,Fluminense,50.68,49.32,Fora,30.866460674157306,0.0,15.0,66.66666666666666,102,59.986301369863014,6.578947368421052,0.1927710843373494,12,3,19.692307692307693,69.04761904761905,8.333333333333332,0.0,40.666666666666664,6.601941747572816,16.666666666666664,17.857142857142858,0.25,0.03571428571428571,30.76923076923077,7.6923076923076925,62.5,37.5,0.13953488372093023,41.66666666666667
486,2026,25,1955921,2026-08-30,Bahia 3 x 2 Internacional,1219,Internacional,41.07,58.93,Fora,36.33859090909091,12.76595744680851,12.833333333333334,52.94117647058824,121,40.0125,2.4390243902439024,0.18421052631578946,8,5,23.210526315789473,78.72340425531915,16.129032258064516,12.5,42.675159235668794,13.942307692307693,33.33333333333333,21.311475409836063,0.35294117647058826,0.20588235294117646,26.666666666666668,20.0,33.33333333333333,44.44444444444444,0.0967741935483871,25.0
487,2026,25,1955921,2026-08-30,Bahia 3 x 2 Internacional,1221,Bahia,58.93,41.07,Casa,31.33014705882353,4.3478260869565215,14.421052631578947,70.0,107,52.85897435897436,2.4390243902439024,0.15,9,4,20.16,73.91304347826086,7.6923076923076925,57.14285714285714,48.80952380952381,11.460258780036968,30.0,20.29520295202952,0.4166666666666667,0.2777777777777778,23.52941176470588,11.76470588235294,50.0,50.0,0.09774436090225563,30.76923076923077
488,2026,25,1955922,2026-09-01,Remo 2 x 3 Coritiba,1236,Coritiba,44.07,55.93,Fora,27.809819277108428,6.25,14.9375,40.0,77,69.10909090909091,0.0,0.27941176470588236,12,1,19.6,75.0,11.538461538461538,16.666666666666664,45.38461538461539,19.217081850533805,0.0,22.033898305084744,0.2222222222222222,0.3888888888888889,22.22222222222222,11.11111111111111,44.44444444444444,44.44444444444444,0.16417910447761194,36.36363636363637
489,2026,25,1955922,2026-09-01,Remo 2 x 3 Coritiba,4617,Remo,55.93,44.07,Casa,42.687985074626866,15.789473684210526,10.2,81.81818181818183,80,60.33846153846154,4.3478260869565215,0.225,5,1,11.533333333333333,76.31578947368422,21.73913043478261,7.142857142857142,44.44444444444444,12.610619469026549,100.0,26.61290322580645,0.8055555555555556,0.16666666666666666,31.818181818181817,9.090909090909092,37.5,54.166666666666664,0.16489361702127658,38.70967741935484
490,2026,4,1955957,2026-09-02,Flamengo 2 x 0 Mirassol,6332,Mirassol,43.83,56.17,Fora,39.11073033707865,11.627906976744185,20.304347826086957,63.63636363636363,100,65.21951219512195,3.6585365853658534,0.16129032258064516,10,2,19.68421052631579,57.49999999999999,16.129032258064516,0.0,46.85314685314685,9.31174089068826,33.33333333333333,17.52988047808765,0.2777777777777778,0.25,43.75,6.25,33.33333333333333,33.33333333333333,0.06557377049180328,37.5
491,2026,4,1955957,2026-09-02,Flamengo 2 x 0 Mirassol,1239,Flamengo,56.17,43.83,Casa,32.70262886597938,4.166666666666666,12.37037037037037,37.5,112,48.773809523809526,2.3255813953488373,0.0989010989010989,8,0,28.136363636363637,64.58333333333334,10.81081081081081,9.090909090909092,49.68944099378882,7.974481658692185,75.0,16.231884057971012,0.28125,0.1875,25.0,18.75,45.45454545454545,45.45454545454545,0.1044776119402985,14.285714285714285
492,2026,26,1955932,2026-09-05,Sao Paulo 2 x 0 Atletico MG,1224,Sao Paulo,55.97,44.03,Casa,50.720412371134024,18.96551724137931,9.853658536585366,57.89473684210527,131,50.92134831460674,3.296703296703297,0.08035714285714286,3,3,11.533333333333333,72.41379310344827,21.428571428571427,20.0,39.226519337016576,10.634328358208956,50.0,19.54397394136808,0.6774193548387096,0.1935483870967742,47.368421052631575,5.263157894736842,22.22222222222222,66.66666666666666,0.14838709677419354,30.434782608695656
493,2026,26,1955932,2026-09-05,Sao Paulo 2 x 0 Atletico MG,1235,Atletico MG,44.03,55.97,Fora,30.768461538461537,2.3255813953488373,18.055555555555557,58.333333333333336,104,58.395833333333336,0.0,0.18095238095238095,15,7,8.923076923076923,60.46511627906976,5.0,33.33333333333333,44.785276073619634,10.912698412698413,15.384615384615385,13.28125,0.5,0.08333333333333333,20.0,40.0,25.0,75.0,0.06451612903225806,50.0
494,2026,26,1955939,2026-09-05,Red Bull Bragantino 2 x 3 Bahia,5438,Red Bull Bragantino,51.3,48.7,Casa,38.75163157894736,6.25,12.08,72.72727272727273,127,61.85057471264368,5.681818181818182,0.20754716981132076,6,0,8.80952380952381,72.3404255319149,34.48275862068966,5.263157894736842,44.06779661016949,12.219451371571072,28.57142857142857,22.093023255813954,0.4583333333333333,0.2708333333333333,27.27272727272727,31.818181818181817,44.44444444444444,33.33333333333333,0.12060301507537688,50.0
495,2026,26,1955939,2026-09-05,Red Bull Bragantino 2 x 3 Bahia,1221,Bahia,48.7,51.3,Fora,28.91478947368421,3.125,11.0,47.05882352941176,111,60.616279069767444,2.272727272727273,0.1780821917808219,20,3,15.25,71.875,15.384615384615385,0.0,39.375,14.285714285714285,9.090909090909092,28.74251497005988,0.6956521739130435,0.30434782608695654,46.666666666666664,13.333333333333334,33.33333333333333,33.33333333333333,0.0970873786407767,10.0
496,2026,26,1955923,2026-09-06,Fluminense 1 x 0 Vasco da Gama,1226,Vasco da Gama,53.47,46.53,Fora,50.26875,19.148936170212767,8.461538461538462,75.0,116,53.73033707865169,1.0869565217391304,0.140625,5,3,22.75,74.46808510638297,26.31578947368421,14.285714285714285,48.8235294117647,7.476635514018691,33.33333333333333,20.171673819742487,0.6086956521739131,0.3695652173913043,25.0,8.333333333333332,30.76923076923077,61.53846153846154,0.05185185185185185,50.0
497,2026,26,1955923,2026-09-06,Fluminense 1 x 0 Vasco da Gama,1232,Fluminense,46.53,53.47,Casa,27.204788135593223,2.2222222222222223,17.076923076923077,54.54545454545454,115,55.5125,0.0,0.16964285714285715,19,5,16.866666666666667,63.63636363636363,10.256410256410255,0.0,44.72049689440994,9.004739336492891,0.0,16.847826086956523,0.3888888888888889,0.2222222222222222,33.33333333333333,22.22222222222222,42.857142857142854,57.14285714285714,0.11764705882352941,12.5
498,2026,26,1955924,2026-09-06,Botafogo RJ 0 x 0 Palmeiras,1227,Botafogo RJ,33.65,66.35,Casa,37.82855263157895,14.000000000000002,17.52173913043478,73.33333333333333,129,46.705263157894734,2.0618556701030926,0.16,6,2,14.357142857142858,75.0,16.666666666666664,0.0,33.33333333333333,18.305084745762713,8.333333333333332,36.6412213740458,0.20588235294117646,0.23529411764705882,23.076923076923077,7.6923076923076925,20.0,50.0,0.12931034482758622,53.333333333333336
499,2026,26,1955924,2026-09-06,Botafogo RJ 0 x 0 Palmeiras,1234,Palmeiras,66.35,33.65,Fora,37.87603448275861,7.4074074074074066,7.478260869565218,41.66666666666667,137,44.27956989247312,2.1505376344086025,0.1780821917808219,10,1,16.5,64.81481481481481,7.5,14.285714285714285,49.72375690607735,9.838709677419356,75.0,28.86297376093295,0.5,0.13157894736842105,29.411764705882355,29.411764705882355,45.45454545454545,45.45454545454545,0.08673469387755102,35.294117647058826
500,2026,26,1955935,2026-09-06,Corinthians 1 x 2 Chapecoense AF,1237,Corinthians,62.7,37.3,Casa,44.43541666666666,7.2727272727272725,21.0,88.88888888888889,90,50.5945945945946,1.2987012987012987,0.13043478260869565,3,0,11.964285714285714,69.0909090909091,18.91891891891892,16.666666666666664,55.69620253164557,6.552706552706552,33.33333333333333,18.09290953545232,0.5740740740740741,0.07407407407407407,30.434782608695656,13.043478260869565,92.3076923076923,7.6923076923076925,0.06896551724137931,18.75
501,2026,26,1955935,2026-09-06,Corinthians 1 x 2 Chapecoense AF,8865,Chapecoense AF,37.3,62.7,Fora,34.499062499999994,2.564102564102564,20.136363636363637,42.857142857142854,100,58.98780487804878,3.6585365853658534,0.07692307692307693,13,3,14.88888888888889,53.84615384615385,6.25,0.0,39.436619718309856,14.918414918414918,15.789473684210526,23.316062176165804,0.3684210526315789,0.10526315789473684,0.0,40.0,33.33333333333333,50.0,0.10294117647058823,28.57142857142857
502,2026,26,1955942,2026-09-06,Cruzeiro 3 x 1 Athletico Paranaense,1243,Athletico Paranaense,40.15,59.85,Fora,33.21829411764706,9.090909090909092,21.0,57.14285714285714,95,59.957142857142856,1.4285714285714286,0.2549019607843137,13,3,8.5,77.27272727272727,8.823529411764707,20.0,38.095238095238095,12.010443864229766,15.384615384615385,16.06217616580311,0.28,0.08,16.666666666666664,8.333333333333332,25.0,37.5,0.1827956989247312,52.94117647058824
503,2026,26,1955942,2026-09-06,Cruzeiro 3 x 1 Athletico Paranaense,1230,Cruzeiro,59.85,40.15,Casa,45.52462962962963,15.384615384615385,10.153846153846153,88.88888888888889,98,50.5,3.614457831325301,0.24324324324324326,8,5,17.714285714285715,65.38461538461539,21.875,15.0,43.03030303030303,9.491525423728813,54.54545454545454,20.474777448071215,0.35135135135135137,0.2702702702702703,37.5,12.5,38.46153846153847,46.15384615384615,0.10404624277456648,33.33333333333333
504,2026,26,1955946,2026-09-06,Internacional 2 x 3 Santos FC,1241,Santos FC,58.02,41.98,Fora,32.10421052631579,8.0,15.8125,26.666666666666668,131,35.89156626506024,6.024096385542169,0.19047619047619047,11,3,30.0,60.0,5.555555555555555,14.285714285714285,44.0251572327044,8.723747980613894,25.0,11.436950146627565,0.1,0.2,12.5,37.5,33.33333333333333,66.66666666666666,0.045454545454545456,0.0
505,2026,26,1955946,2026-09-06,Internacional 2 x 3 Santos FC,1219,Internacional,41.98,58.02,Casa,46.868620689655174,24.0,13.305555555555555,38.88888888888889,128,56.46666666666667,3.260869565217391,0.08333333333333333,5,3,17.75,62.0,30.76923076923077,12.5,41.11111111111111,11.11111111111111,0.0,22.267206477732792,0.42424242424242425,0.3333333333333333,37.5,6.25,20.0,60.0,0.1,50.0
506,2026,26,1955949,2026-09-06,Coritiba 1 x 2 Mirassol,6332,Mirassol,51.35,48.65,Fora,36.996521739130436,2.3255813953488373,14.1,50.0,105,59.91139240506329,5.0,0.20588235294117646,8,3,26.454545454545453,60.46511627906976,3.4482758620689653,0.0,43.20987654320987,11.273486430062631,16.666666666666664,25.102880658436217,0.5333333333333333,0.36666666666666664,23.076923076923077,15.384615384615385,37.5,56.25,0.1484375,36.84210526315789
507,2026,26,1955949,2026-09-06,Coritiba 1 x 2 Mirassol,1236,Coritiba,48.65,51.35,Casa,36.06425925925926,11.428571428571429,15.173913043478262,78.57142857142857,106,59.74390243902439,2.4096385542168677,0.15584415584415584,8,0,8.727272727272727,77.14285714285715,23.076923076923077,33.33333333333333,39.0728476821192,13.882352941176471,37.5,26.53061224489796,0.5,0.125,30.0,15.0,71.42857142857143,28.57142857142857,0.12408759124087591,35.294117647058826
508,2026,26,1955958,2026-09-06,Remo 0 x 1 Flamengo,1239,Flamengo,65.61,34.39,Fora,37.26490384615384,10.0,11.95,69.23076923076923,109,45.617283950617285,2.4691358024691357,0.17647058823529413,10,1,14.26923076923077,84.0,17.647058823529413,0.0,49.079754601226995,4.585798816568047,66.66666666666666,28.08988764044944,0.3958333333333333,0.14583333333333334,29.166666666666668,12.5,82.35294117647058,17.647058823529413,0.07835820895522388,33.33333333333333
509,2026,26,1955958,2026-09-06,Remo 0 x 1 Flamengo,4617,Remo,34.39,65.61,Casa,25.95640776699029,4.444444444444445,38.44444444444444,33.33333333333333,106,56.32222222222222,6.185567010309279,0.16,13,0,11.736842105263158,82.22222222222221,15.384615384615385,0.0,42.35294117647059,14.171122994652407,20.0,28.57142857142857,0.7931034482758621,0.06896551724137931,33.33333333333333,16.666666666666664,57.14285714285714,28.57142857142857,0.056,42.857142857142854
510,2026,26,1955954,2026-09-08,Vitoria 1 x 0 Gremio,1244,Gremio,54.62,45.38,Fora,37.05757575757576,6.976744186046512,12.15,63.1578947368421,113,48.6551724137931,2.272727272727273,0.14634146341463414,8,3,16.473684210526315,69.76744186046511,18.181818181818183,0.0,47.59036144578313,13.333333333333334,23.52941176470588,18.217054263565892,0.2631578947368421,0.21052631578947367,16.666666666666664,25.0,60.0,10.0,0.102803738317757,63.63636363636363
511,2026,26,1955954,2026-09-08,Vitoria 1 x 0 Gremio,1238,Vitoria,45.38,54.62,Casa,43.08791666666666,5.555555555555555,11.566666666666666,84.61538461538461,126,43.22727272727273,1.1363636363636365,0.14130434782608695,11,1,11.65,72.22222222222221,11.76470588235294,5.0,36.666666666666664,16.290726817042607,0.0,15.833333333333332,0.5789473684210527,0.21052631578947367,30.434782608695656,4.3478260869565215,35.714285714285715,57.14285714285714,0.14084507042253522,50.0
512,2026,27,1955964,2026-09-12,Botafogo RJ 1 x 1 Red Bull Bragantino,5438,Red Bull Bragantino,37.34,62.66,Fora,33.997,8.571428571428571,13.31578947368421,55.55555555555556,110,54.848101265822784,2.5,0.21333333333333335,13,4,14.538461538461538,80.0,20.0,0.0,33.92857142857143,19.014084507042252,8.333333333333332,30.252100840336134,0.3684210526315789,0.13157894736842105,30.76923076923077,23.076923076923077,33.33333333333333,58.333333333333336,0.13861386138613863,50.0
513,2026,27,1955964,2026-09-12,Botafogo RJ 1 x 1 Red Bull Bragantino,1227,Botafogo RJ,62.66,37.34,Casa,38.349950495049505,11.11111111111111,6.791666666666667,63.63636363636363,117,47.20987654320987,1.1764705882352942,0.3,8,2,10.722222222222221,77.77777777777779,21.875,15.384615384615385,46.10778443113773,10.615711252653929,45.45454545454545,30.038022813688215,0.5348837209302325,0.27906976744186046,38.095238095238095,0.0,50.0,38.88888888888889,0.12921348314606743,47.82608695652174
514,2026,27,1955970,2026-09-12,Palmeiras 2 x 0 Sao Paulo,1234,Palmeiras,58.77,41.23,Casa,46.37076923076923,25.0,8.794117647058824,71.42857142857143,122,49.82051282051282,3.79746835443038,0.1388888888888889,6,1,26.466666666666665,68.75,13.333333333333334,16.666666666666664,46.10778443113773,7.604562737642586,33.33333333333333,18.681318681318682,0.3870967741935484,0.2903225806451613,28.57142857142857,21.428571428571427,35.714285714285715,57.14285714285714,0.13380281690140844,36.84210526315789
515,2026,27,1955970,2026-09-12,Palmeiras 2 x 0 Sao Paulo,1224,Sao Paulo,41.23,58.77,Fora,33.243,2.0408163265306123,14.291666666666666,75.0,118,65.72,0.0,0.15789473684210525,8,3,19.066666666666666,51.02040816326531,15.0,0.0,40.0,12.564102564102564,0.0,18.404907975460123,0.16666666666666666,0.125,11.11111111111111,33.33333333333333,50.0,50.0,0.10256410256410256,50.0
516,2026,27,1955974,2026-09-12,Atletico MG 3 x 1 Fluminense,1235,Atletico MG,45.96,54.04,Casa,41.90765060240964,6.122448979591836,20.333333333333332,50.0,97,48.68292682926829,1.2195121951219512,0.06422018348623854,3,2,12.952380952380953,67.3469387755102,9.67741935483871,17.647058823529413,43.125,7.326732673267326,25.0,16.535433070866144,0.2647058823529412,0.14705882352941177,7.6923076923076925,23.076923076923077,45.45454545454545,36.36363636363637,0.10416666666666667,60.0
517,2026,27,1955974,2026-09-12,Atletico MG 3 x 1 Fluminense,1232,Fluminense,54.04,45.96,Fora,36.9096875,11.363636363636363,14.695652173913043,45.45454545454545,98,55.602409638554214,3.3707865168539324,0.15384615384615385,11,3,36.63157894736842,46.51162790697674,10.0,7.142857142857142,46.45161290322581,8.421052631578947,9.090909090909092,9.152542372881356,0.3684210526315789,0.3157894736842105,0.0,20.0,33.33333333333333,55.55555555555556,0.1111111111111111,50.0
518,2026,27,1955976,2026-09-12,Gremio 1 x 2 Vasco da Gama,1226,Vasco da Gama,47.33,52.67,Fora,36.86630769230769,11.76470588235294,10.290322580645162,78.57142857142857,138,42.97938144329897,1.0204081632653061,0.20588235294117646,10,0,17.24,76.47058823529412,10.526315789473683,7.6923076923076925,35.978835978835974,8.80503144654088,70.0,15.81196581196581,0.5277777777777778,0.2777777777777778,21.052631578947366,21.052631578947366,33.33333333333333,46.666666666666664,0.1,29.411764705882355
519,2026,27,1955976,2026-09-12,Gremio 1 x 2 Vasco da Gama,1244,Gremio,52.67,47.33,Casa,35.07207920792079,12.76595744680851,12.0,30.0,115,62.18627450980392,4.807692307692308,0.19318181818181818,7,4,17.5,82.97872340425532,19.35483870967742,0.0,46.408839779005525,11.29032258064516,25.0,22.22222222222222,0.41025641025641024,0.1794871794871795,53.84615384615385,0.0,50.0,50.0,0.09090909090909091,50.0
520,2026,27,1955978,2026-09-12,Coritiba 3 x 3 Athletico Paranaense,1236,Coritiba,53.07,46.93,Casa,29.990270270270273,7.142857142857142,7.333333333333333,60.0,116,62.71551724137931,1.7241379310344827,0.3953488372093023,7,1,11.0,82.92682926829268,13.88888888888889,0.0,27.860696517412936,30.65134099616858,0.0,38.23529411764706,0.6086956521739131,0.391304347826087,50.0,0.0,0.0,100.0,0.1885245901639344,34.78260869565217
521,2026,27,1955978,2026-09-12,Coritiba 3 x 3 Athletico Paranaense,1243,Athletico Paranaense,46.93,53.07,Fora,31.840473372781066,2.0408163265306123,5.814814814814815,60.86956521739131,142,51.20792079207921,3.9215686274509802,0.29545454545454547,6,0,1.5,87.75510204081633,7.6923076923076925,10.0,22.943722943722943,44.642857142857146,0.0,62.65060240963856,0.34615384615384615,0.23076923076923078,21.428571428571427,7.142857142857142,0.0,87.5,0.14285714285714285,46.15384615384615
522,2026,27,1955982,2026-09-12,Chapecoense AF 1 x 2 Internacional,1219,Internacional,32.71,67.29,Fora,31.131219512195116,6.25,29.307692307692307,45.45454545454545,114,78.93506493506493,2.564102564102564,0.21739130434782608,5,2,13.333333333333334,83.87096774193549,13.043478260869565,0.0,35.57046979865772,19.52861952861953,0.0,37.278106508875744,0.25,0.375,0.0,20.0,50.0,50.0,0.04040404040404041,25.0
523,2026,27,1955982,2026-09-12,Chapecoense AF 1 x 2 Internacional,8865,Chapecoense AF,67.29,32.71,Casa,38.077021276595744,7.317073170731707,9.526315789473685,42.10526315789473,131,37.5,2.4691358024691357,0.16666666666666666,8,0,12.25,75.60975609756098,8.571428571428571,33.33333333333333,48.026315789473685,12.382739212007504,40.0,33.223684210526315,0.47368421052631576,0.23684210526315788,47.368421052631575,0.0,33.33333333333333,66.66666666666666,0.08441558441558442,15.384615384615385
524,2026,27,1955961,2026-09-13,Flamengo 2 x 1 Corinthians,1237,Corinthians,35.85,64.15,Fora,23.583552631578947,0.0,25.636363636363637,66.66666666666666,104,61.30952380952381,3.571428571428571,0.20952380952380953,11,4,31.75,61.53846153846154,5.714285714285714,0.0,35.099337748344375,16.623376623376622,31.25,22.22222222222222,0.3,0.1,42.857142857142854,0.0,33.33333333333333,0.0,0.039473684210526314,66.66666666666666
525,2026,27,1955961,2026-09-13,Flamengo 2 x 1 Corinthians,1239,Flamengo,64.15,35.85,Casa,50.94060810810811,26.666666666666668,9.09375,78.57142857142857,101,61.23170731707317,2.272727272727273,0.05555555555555555,4,0,12.222222222222221,64.44444444444444,17.391304347826086,19.047619047619047,50.57471264367817,5.596465390279824,33.33333333333333,24.6875,0.5,0.25,19.35483870967742,12.903225806451612,52.38095238095239,42.857142857142854,0.09538461538461539,32.25806451612903
526,2026,27,1955967,2026-09-13,Santos FC 2 x 1 Cruzeiro,1241,Santos FC,53.08,46.92,Casa,37.44428571428571,9.803921568627452,11.461538461538462,57.89473684210527,126,38.77777777777778,5.263157894736842,0.1388888888888889,4,1,17.652173913043477,66.66666666666666,4.878048780487805,10.0,43.18181818181818,8.771929824561402,14.285714285714285,18.81188118811881,0.35135135135135137,0.40540540540540543,15.384615384615385,30.76923076923077,44.827586206896555,44.827586206896555,0.14953271028037382,56.25
527,2026,27,1955967,2026-09-13,Santos FC 2 x 1 Cruzeiro,1230,Cruzeiro,46.92,53.08,Fora,37.26145161290323,5.128205128205128,13.55,50.0,106,50.666666666666664,2.5316455696202533,0.058823529411764705,6,2,13.75,58.97435897435898,6.666666666666667,11.11111111111111,44.099378881987576,10.412147505422993,38.46153846153847,22.317596566523605,0.43333333333333335,0.43333333333333335,53.333333333333336,20.0,42.857142857142854,28.57142857142857,0.07692307692307693,11.11111111111111
528,2026,27,1955973,2026-09-13,Mirassol 2 x 2 Vitoria,1238,Vitoria,23.05,76.95,Fora,30.279,12.5,10.291666666666666,64.70588235294117,113,68.3108108108108,1.3513513513513513,0.15789473684210525,14,1,11.666666666666666,74.19354838709677,11.538461538461538,0.0,26.38888888888889,30.36649214659686,0.0,31.818181818181817,0.23809523809523808,0.19047619047619047,50.0,16.666666666666664,50.0,50.0,0.11267605633802817,62.5
529,2026,27,1955973,2026-09-13,Mirassol 2 x 2 Vitoria,6332,Mirassol,76.95,23.05,Casa,40.28301136363636,13.953488372093023,4.615384615384615,50.0,109,56.23863636363637,0.0,0.24444444444444444,4,1,10.458333333333334,69.76744186046511,30.0,7.6923076923076925,44.32432432432433,4.785478547854786,33.33333333333333,20.51282051282051,0.4807692307692308,0.34615384615384615,47.368421052631575,5.263157894736842,65.0,20.0,0.0979020979020979,64.28571428571429
530,2026,27,1955980,2026-09-15,Bahia 2 x 1 Remo,4617,Remo,34.66,65.34,Fora,34.21178571428572,8.108108108108109,13.625,33.33333333333333,117,60.52054794520548,1.3513513513513513,0.13043478260869565,7,4,16.53846153846154,67.56756756756756,15.384615384615385,9.090909090909092,29.559748427672954,10.64516129032258,11.11111111111111,18.181818181818183,0.5,0.15384615384615385,41.66666666666667,16.666666666666664,25.0,75.0,0.16049382716049382,61.53846153846154
531,2026,27,1955980,2026-09-15,Bahia 2 x 1 Remo,1221,Bahia,65.34,34.66,Casa,38.01244186046512,11.76470588235294,8.826086956521738,55.55555555555556,103,45.38961038961039,1.2658227848101267,0.17391304347826086,8,2,16.63157894736842,70.58823529411765,22.22222222222222,16.666666666666664,42.0,7.550644567219153,57.14285714285714,14.035087719298245,0.5135135135135135,0.40540540540540543,12.5,37.5,30.76923076923077,53.84615384615385,0.10126582278481013,12.5
532,2026,21,1955796,2026-09-16,Botafogo RJ 3 x 2 Gremio,1227,Botafogo RJ,34.08,65.92,Casa,32.809471153846154,6.666666666666667,21.80952380952381,76.92307692307693,125,52.75903614457831,1.1904761904761905,0.1368421052631579,7,3,19.61111111111111,68.88888888888889,14.705882352941178,27.27272727272727,39.1025641025641,14.130434782608695,8.333333333333332,26.16279069767442,0.35,0.15,28.57142857142857,7.142857142857142,37.5,37.5,0.09259259259259259,40.0
533,2026,21,1955796,2026-09-16,Botafogo RJ 3 x 2 Gremio,1244,Gremio,65.92,34.08,Fora,37.72865384615385,7.142857142857142,12.6,81.81818181818183,113,54.51648351648352,0.0,0.15555555555555556,7,4,20.727272727272727,71.42857142857143,14.285714285714285,14.285714285714285,46.95121951219512,10.256410256410255,60.0,19.220055710306408,0.575,0.2,35.714285714285715,0.0,77.77777777777779,22.22222222222222,0.07784431137724551,38.46153846153847
534,2026,28,1955992,2026-09-19,Mirassol 2 x 0 Botafogo RJ,6332,Mirassol,49.6,50.4,Casa,33.18693396226415,10.869565217391305,23.235294117647058,50.0,97,72.57333333333334,4.0,0.19811320754716982,13,4,12.352941176470589,76.08695652173914,8.823529411764707,0.0,39.1025641025641,12.224108658743633,75.0,21.694915254237287,0.2903225806451613,0.1935483870967742,16.666666666666664,33.33333333333333,36.36363636363637,45.45454545454545,0.0851063829787234,41.66666666666667
535,2026,28,1955992,2026-09-19,Mirassol 2 x 0 Botafogo RJ,1227,Botafogo RJ,50.4,49.6,Fora,37.87159090909091,8.108108108108109,31.307692307692307,85.71428571428571,77,96.32467532467533,0.0,0.3157894736842105,8,0,14.533333333333333,81.08108108108108,25.0,23.076923076923077,56.71641791044776,9.417808219178083,50.0,18.954248366013072,0.5952380952380952,0.19047619047619047,37.5,25.0,36.36363636363637,9.090909090909092,0.07692307692307693,8.333333333333332
536,2026,28,1955994,2026-09-19,Atletico MG 1 x 1 Chapecoense AF,8865,Chapecoense AF,31.4,68.6,Fora,27.008429752066117,2.0,23.214285714285715,45.45454545454545,132,45.80952380952381,4.705882352941177,0.18095238095238095,14,5,13.588235294117647,72.0,6.666666666666667,0.0,36.423841059602644,15.588235294117647,13.333333333333334,31.292517006802722,0.2916666666666667,0.375,33.33333333333333,16.666666666666664,85.71428571428571,0.0,0.1076923076923077,14.285714285714285
537,2026,28,1955994,2026-09-19,Atletico MG 1 x 1 Chapecoense AF,1235,Atletico MG,68.6,31.4,Casa,43.31982558139535,13.725490196078432,10.72,90.9090909090909,107,55.22222222222222,3.0,0.10714285714285714,3,2,8.826086956521738,74.50980392156863,24.242424242424242,11.11111111111111,53.76344086021505,6.082036775106082,80.0,25.227963525835868,0.47619047619047616,0.25396825396825395,10.81081081081081,21.62162162162162,59.09090909090909,31.818181818181817,0.08074534161490683,26.923076923076923
538,2026,28,1956003,2026-09-19,Remo 1 x 2 Santos FC,1241,Santos FC,51.27,48.73,Fora,32.770714285714284,6.976744186046512,20.444444444444443,50.0,97,61.803030303030305,0.0,0.20408163265306123,8,1,19.35,72.09302325581395,11.428571428571429,12.5,44.61538461538462,9.375,22.22222222222222,16.776315789473685,0.2903225806451613,0.22580645161290322,33.33333333333333,0.0,87.5,12.5,0.07407407407407407,60.0
539,2026,28,1956003,2026-09-19,Remo 1 x 2 Santos FC,4617,Remo,48.73,51.27,Casa,38.78673076923077,11.363636363636363,24.176470588235293,66.66666666666666,95,60.226190476190474,4.395604395604396,0.11428571428571428,7,1,14.25,61.36363636363637,15.625,0.0,50.0,13.018867924528301,0.0,23.511904761904763,0.45454545454545453,0.12121212121212122,50.0,0.0,71.42857142857143,28.57142857142857,0.0948905109489051,46.15384615384615
540,2026,28,1955984,2026-09-20,Flamengo 2 x 1 Red Bull Bragantino,1239,Flamengo,65.12,34.88,Casa,38.29441747572815,11.538461538461538,11.68421052631579,55.55555555555556,115,45.94318181818182,4.545454545454546,0.22388059701492538,8,0,10.764705882352942,65.38461538461539,8.333333333333332,25.0,45.08670520231214,10.227272727272728,0.0,16.80911680911681,0.1951219512195122,0.21951219512195122,16.666666666666664,33.33333333333333,44.44444444444444,55.55555555555556,0.061452513966480445,18.181818181818183
541,2026,28,1955984,2026-09-20,Flamengo 2 x 1 Red Bull Bragantino,5438,Red Bull Bragantino,34.88,65.12,Fora,37.257303370786516,9.523809523809524,19.3,46.666666666666664,105,52.57954545454545,0.0,0.12,6,6,8.133333333333333,78.04878048780488,12.903225806451612,0.0,33.125,14.886731391585762,25.0,26.845637583892618,0.32142857142857145,0.32142857142857145,50.0,0.0,0.0,70.0,0.18518518518518517,60.0
542,2026,28,1955986,2026-09-20,Vasco da Gama 5 x 0 Coritiba,1236,Coritiba,33.79,66.21,Fora,30.311489361702126,5.263157894736842,21.823529411764707,37.5,112,59.1875,3.0927835051546393,0.2235294117647059,9,5,8.857142857142858,81.08108108108108,7.6923076923076925,0.0,41.17647058823529,15.178571428571427,18.181818181818183,18.072289156626507,0.375,0.1875,40.0,0.0,100.0,0.0,0.07272727272727272,25.0
543,2026,28,1955986,2026-09-20,Vasco da Gama 5 x 0 Coritiba,1226,Vasco da Gama,66.21,33.79,Casa,48.90015789473684,15.686274509803921,8.151515151515152,57.14285714285714,120,46.31395348837209,4.597701149425287,0.125,4,1,21.36842105263158,58.82352941176471,12.5,22.22222222222222,43.888888888888886,6.98051948051948,50.0,22.58064516129032,0.4523809523809524,0.21428571428571427,13.793103448275861,13.793103448275861,34.78260869565217,47.82608695652174,0.14903846153846154,35.483870967741936
544,2026,28,1955988,2026-09-20,Sao Paulo 1 x 0 Internacional,1219,Internacional,56.17,43.83,Fora,39.7153448275862,6.666666666666667,15.31578947368421,46.15384615384615,96,48.70422535211268,0.0,0.0963855421686747,7,1,14.285714285714286,57.77777777777777,15.625,7.6923076923076925,46.103896103896105,10.139165009940358,28.57142857142857,25.547445255474454,0.3695652173913043,0.2391304347826087,36.36363636363637,9.090909090909092,50.0,50.0,0.07344632768361582,61.53846153846154
545,2026,28,1955988,2026-09-20,Sao Paulo 1 x 0 Internacional,1224,Sao Paulo,43.83,56.17,Casa,36.49,2.083333333333333,14.666666666666666,46.666666666666664,117,44.02325581395349,3.296703296703297,0.22784810126582278,12,1,12.0,66.66666666666666,9.090909090909092,6.666666666666667,37.8698224852071,12.531328320802004,10.0,17.25663716814159,0.3103448275862069,0.1724137931034483,12.5,25.0,25.0,50.0,0.05555555555555555,40.0
546,2026,28,1955990,2026-09-20,Corinthians 1 x 3 Fluminense,1237,Corinthians,58.54,41.46,Casa,50.37871621621622,17.02127659574468,11.0,62.5,107,52.90588235294118,2.197802197802198,0.1044776119402985,4,2,10.31578947368421,57.446808510638306,30.434782608695656,12.5,49.142857142857146,11.02661596958175,50.0,33.07086614173229,0.4375,0.14583333333333334,29.166666666666668,12.5,66.66666666666666,16.666666666666664,0.08658008658008658,45.0
547,2026,28,1955990,2026-09-20,Corinthians 1 x 3 Fluminense,1232,Fluminense,41.46,58.54,Fora,29.349310344827586,0.0,13.5,23.809523809523807,113,47.2125,3.6585365853658534,0.25925925925925924,17,3,19.0,83.33333333333334,5.405405405405405,20.0,36.875,8.6848635235732,21.428571428571427,10.309278350515463,0.1111111111111111,0.2222222222222222,0.0,44.44444444444444,30.0,60.0,0.2,20.0
548,2026,28,1955997,2026-09-20,Gremio 0 x 0 Palmeiras,1244,Gremio,27.08,72.92,Casa,28.645733944954127,0.0,22.133333333333333,47.368421052631575,124,55.5,1.1904761904761905,0.2,10,2,11.052631578947368,82.05128205128204,16.666666666666664,0.0,29.13907284768212,14.83050847457627,8.333333333333332,26.27118644067797,0.47368421052631576,0.15789473684210525,12.5,25.0,14.285714285714285,57.14285714285714,0.1044776119402985,28.57142857142857
549,2026,28,1955997,2026-09-20,Gremio 0 x 0 Palmeiras,1234,Palmeiras,72.92,27.08,Fora,37.73423076923077,4.166666666666666,7.090909090909091,42.857142857142854,121,58.5,3.75,0.32608695652173914,6,2,18.586206896551722,79.16666666666666,17.94871794871795,11.11111111111111,44.44444444444444,7.556270096463022,75.0,21.75226586102719,0.40816326530612246,0.22448979591836735,32.25806451612903,12.903225806451612,47.61904761904761,47.61904761904761,0.13247863247863248,38.70967741935484
550,2026,28,1956001,2026-09-20,Vitoria 1 x 3 Cruzeiro,1238,Vitoria,44.01,55.99,Casa,36.17515151515152,12.903225806451612,17.470588235294116,60.0,119,48.285714285714285,2.1739130434782608,0.16326530612244897,14,4,12.521739130434783,68.85245901639344,19.565217391304348,0.0,39.69072164948454,16.624685138539043,40.0,25.125628140703515,0.46875,0.1875,58.333333333333336,8.333333333333332,33.33333333333333,53.333333333333336,0.16666666666666666,61.904761904761905
551,2026,28,1956001,2026-09-20,Vitoria 1 x 3 Cruzeiro,1230,Cruzeiro,55.99,44.01,Fora,35.82923076923077,12.76595744680851,11.0,57.89473684210527,121,58.265060240963855,3.571428571428571,0.20238095238095238,11,2,7.117647058823529,72.3404255319149,22.58064516129032,20.0,44.57831325301205,10.338345864661653,40.0,16.727272727272727,0.5263157894736842,0.10526315789473684,7.142857142857142,14.285714285714285,46.15384615384615,30.76923076923077,0.07065217391304347,38.46153846153847
552,2026,28,1955999,2026-09-21,Athletico Paranaense 2 x 1 Bahia,1221,Bahia,51.19,48.81,Fora,31.702180851063826,4.3478260869565215,16.3,69.23076923076923,105,82.51388888888889,0.0,0.23529411764705882,9,2,19.6,73.91304347826086,10.81081081081081,0.0,44.44444444444444,8.061420345489443,50.0,14.634146341463413,0.21875,0.15625,36.36363636363637,18.181818181818183,33.33333333333333,50.0,0.09375,22.22222222222222
553,2026,28,1955999,2026-09-21,Athletico Paranaense 2 x 1 Bahia,1243,Athletico Paranaense,48.81,51.19,Casa,38.78782894736842,7.142857142857142,21.555555555555557,62.5,86,68.02352941176471,0.0,0.12121212121212122,7,0,8.473684210526315,69.04761904761905,16.666666666666664,8.333333333333332,46.835443037974684,13.043478260869565,12.5,29.31726907630522,0.5555555555555556,0.2222222222222222,33.33333333333333,6.666666666666667,28.57142857142857,57.14285714285714,0.06626506024096386,27.27272727272727
554,2026,21,1955799,2026-10-03,Sao Paulo 1.0 x 2.0 Santos FC,1224,Sao Paulo,61.89,38.11,Casa,43.01703488372093,5.660377358490567,10.866666666666667,76.92307692307693,113,64.04545454545455,4.545454545454546,0.2222222222222222,5,2,11.0,62.264150943396224,8.108108108108109,12.5,48.04469273743017,10.0,66.66666666666666,23.202614379084967,0.6666666666666666,0.23809523809523808,32.25806451612903,3.225806451612903,45.45454545454545,45.45454545454545,0.09743589743589744,36.84210526315789
555,2026,21,1955799,2026-10-03,Sao Paulo 1.0 x 2.0 Santos FC,1241,Santos FC,38.11,61.89,Fora,34.788108108108105,10.0,15.434782608695652,30.0,118,40.82954545454545,3.3707865168539324,0.13186813186813187,10,3,31.72222222222222,62.0,5.555555555555555,7.6923076923076925,33.72781065088758,15.92039800995025,12.5,15.42056074766355,0.30434782608695654,0.2608695652173913,40.0,0.0,44.44444444444444,33.33333333333333,0.11842105263157894,55.55555555555556
556,2026,21,1955805,2026-10-03,Atletico MG 1.0 x 0.0 Red Bull Bragantino,5438,Red Bull Bragantino,65.02,34.98,Fora,37.350326086956514,6.25,9.875,88.88888888888889,99,62.02020202020202,5.05050505050505,0.1891891891891892,9,1,17.647058823529413,62.5,9.67741935483871,6.25,49.21465968586388,13.114754098360656,33.33333333333333,24.50592885375494,0.5869565217391305,0.2826086956521739,42.10526315789473,10.526315789473683,40.0,30.0,0.13218390804597702,43.47826086956522
557,2026,21,1955805,2026-10-03,Atletico MG 1.0 x 0.0 Red Bull Bragantino,1235,Atletico MG,34.98,65.02,Casa,32.3925,1.9607843137254901,13.181818181818182,43.75,121,52.48314606741573,4.49438202247191,0.1625,8,1,8.0,72.0,13.157894736842104,7.6923076923076925,36.36363636363637,19.584569732937684,9.090909090909092,17.51824817518248,0.5833333333333334,0.4166666666666667,27.27272727272727,27.27272727272727,40.0,40.0,0.0851063829787234,50.0
558,2026,29,1956013,2026-10-07,Red Bull Bragantino 1.0 x 1.0 Mirassol,5438,Red Bull Bragantino,72.77,27.23,Casa,45.29421686746988,19.230769230769234,7.038461538461538,88.88888888888889,108,47.43478260869565,1.0752688172043012,0.13333333333333333,6,2,20.28,76.92307692307693,26.666666666666668,19.047619047619047,52.17391304347826,10.675039246467819,40.0,26.81992337164751,1.0,0.3584905660377358,31.25,12.5,68.0,24.0,0.09880239520958084,48.484848484848484
559,2026,29,1956013,2026-10-07,Red Bull Bragantino 1.0 x 1.0 Mirassol,6332,Mirassol,27.23,72.77,Fora,22.054861111111112,0.0,22.363636363636363,66.66666666666666,95,65.46052631578948,6.493506493506493,0.21839080459770116,15,5,10.875,82.05128205128204,9.090909090909092,16.666666666666664,33.33333333333333,16.796875,0.0,28.915662650602407,0.35,0.25,10.0,30.0,66.66666666666666,16.666666666666664,0.13114754098360656,37.5
560,2026,29,1956017,2026-10-07,Internacional 2.0 x 1.0 Corinthians,1219,Internacional,26.74,73.26,Casa,38.115913043478265,11.904761904761903,13.428571428571429,50.0,127,44.955882352941174,1.4705882352941175,0.12658227848101267,7,2,10.923076923076923,78.57142857142857,14.814814814814813,14.285714285714285,33.33333333333333,18.565400843881857,7.142857142857142,25.203252032520325,0.2727272727272727,0.09090909090909091,18.181818181818183,27.27272727272727,15.384615384615385,46.15384615384615,0.20987654320987653,29.411764705882355
561,2026,29,1956017,2026-10-07,Internacional 2.0 x 1.0 Corinthians,1237,Corinthians,73.26,26.74,Fora,40.26971830985915,7.317073170731707,6.714285714285714,83.33333333333334,88,67.33333333333333,2.2222222222222223,0.3157894736842105,7,3,13.6,70.0,16.129032258064516,10.0,51.955307262569825,6.885245901639345,66.66666666666666,26.409495548961427,0.44680851063829785,0.3404255319148936,31.57894736842105,15.789473684210526,50.0,31.25,0.125,31.818181818181817
562,2026,29,1956023,2026-10-07,Remo 1.0 x 1.0 Gremio,4617,Remo,59.73,40.27,Casa,40.93059782608696,9.090909090909092,10.192307692307692,63.63636363636363,136,45.69767441860465,5.681818181818182,0.1875,4,1,10.363636363636363,69.0909090909091,17.073170731707318,0.0,40.78212290502793,8.080808080808081,50.0,23.564954682779458,0.375,0.10416666666666667,27.27272727272727,13.636363636363635,50.0,31.25,0.12105263157894737,34.78260869565217
563,2026,29,1956023,2026-10-07,Remo 1.0 x 1.0 Gremio,1244,Gremio,40.27,59.73,Fora,30.938571428571425,4.878048780487805,26.357142857142858,43.75,125,47.68354430379747,1.25,0.1504424778761062,11,0,21.5,63.41463414634146,8.571428571428571,0.0,38.46153846153847,14.560439560439562,33.33333333333333,18.579234972677597,0.48148148148148145,0.37037037037037035,29.411764705882355,11.76470588235294,50.0,33.33333333333333,0.17525773195876287,17.647058823529413
564,2026,29,1956007,2026-10-08,Botafogo RJ 1.0 x 2.0 Vasco da Gama,1226,Vasco da Gama,47.02,52.98,Fora,34.62,5.0,16.5625,66.66666666666666,102,57.04,2.564102564102564,0.07462686567164178,3,1,8.421052631578947,76.92307692307693,15.151515151515152,28.57142857142857,36.74698795180723,7.9908675799086755,0.0,17.96116504854369,0.6428571428571429,0.32142857142857145,33.33333333333333,5.555555555555555,41.66666666666667,50.0,0.11643835616438356,52.94117647058824
565,2026,29,1956007,2026-10-08,Botafogo RJ 1.0 x 2.0 Vasco da Gama,1227,Botafogo RJ,52.98,47.02,Casa,32.35563829787234,5.0,16.0625,50.0,102,59.01315789473684,3.896103896103896,0.1643835616438356,7,3,37.0,67.5,6.666666666666667,0.0,49.645390070921984,13.368983957219251,20.0,22.82608695652174,0.4482758620689655,0.1724137931034483,28.57142857142857,7.142857142857142,25.0,50.0,0.09821428571428571,45.45454545454545
566,2026,29,1956009,2026-10-08,Santos FC 2.0 x 2.0 Flamengo,1241,Santos FC,44.12,55.88,Casa,41.14674757281554,10.344827586206897,9.441176470588236,68.75,119,66.87654320987654,2.4096385542168677,0.11956521739130435,7,4,12.107142857142858,77.58620689655173,9.523809523809524,0.0,38.88888888888889,7.575757575757576,28.57142857142857,22.75132275132275,0.3235294117647059,0.17647058823529413,6.25,18.75,58.333333333333336,33.33333333333333,0.10606060606060606,35.714285714285715
567,2026,29,1956009,2026-10-08,Santos FC 2.0 x 2.0 Flamengo,1239,Flamengo,55.88,44.12,Fora,36.3678488372093,2.272727272727273,11.318181818181818,33.33333333333333,102,53.31707317073171,1.1764705882352942,0.1839080459770115,9,1,18.11764705882353,54.54545454545454,12.121212121212121,18.181818181818183,44.516129032258064,9.147609147609149,38.46153846153847,11.41732283464567,0.32142857142857145,0.2857142857142857,20.0,26.666666666666668,63.63636363636363,36.36363636363637,0.09375,25.0
568,2026,29,1956015,2026-10-08,Cruzeiro 2.0 x 0.0 Sao Paulo,1224,Sao Paulo,45.05,54.95,Fora,37.66433628318584,14.000000000000002,7.833333333333333,55.00000000000001,124,50.449438202247194,3.3333333333333335,0.17894736842105263,9,4,8.5,64.0,15.625,11.11111111111111,35.26315789473684,14.035087719298245,25.0,31.693989071038253,0.5,0.43333333333333335,35.714285714285715,14.285714285714285,30.76923076923077,69.23076923076923,0.1417910447761194,42.10526315789473
569,2026,29,1956015,2026-10-08,Cruzeiro 2.0 x 0.0 Sao Paulo,1230,Cruzeiro,54.95,45.05,Casa,34.53692307692308,5.88235294117647,12.238095238095237,75.0,110,47.88095238095238,6.976744186046512,0.20930232558139536,12,2,22.51851851851852,70.58823529411765,11.904761904761903,22.22222222222222,43.75,11.304347826086957,0.0,18.143459915611814,0.2857142857142857,0.08571428571428572,16.666666666666664,16.666666666666664,35.0,55.00000000000001,0.152317880794702,34.78260869565217
570,2026,29,1956021,2026-10-08,Vitoria 4.0 x 0.0 Chapecoense AF,8865,Chapecoense AF,47.86,52.14,Fora,38.92575949367088,10.638297872340425,13.586206896551724,70.58823529411765,107,72.63218390804597,2.2988505747126435,0.19801980198019803,12,5,11.0,61.702127659574465,13.157894736842104,0.0,46.93877551020408,13.441955193482688,33.33333333333333,20.673076923076923,0.6176470588235294,0.23529411764705882,35.714285714285715,0.0,71.42857142857143,28.57142857142857,0.05670103092783505,72.72727272727273
571,2026,29,1956021,2026-10-08,Vitoria 4.0 x 0.0 Chapecoense AF,1238,Vitoria,52.14,47.86,Casa,32.04163366336634,9.090909090909092,13.947368421052632,37.5,111,43.85507246376812,2.857142857142857,0.07865168539325842,7,1,12.76923076923077,70.9090909090909,18.6046511627907,16.666666666666664,40.76433121019109,9.05511811023622,100.0,21.484375,0.4666666666666667,0.16666666666666666,10.526315789473683,36.84210526315789,44.44444444444444,38.88888888888889,0.17543859649122806,30.0
572,2026,29,1956005,2026-10-09,Fluminense 4.0 x 0.0 Coritiba,1232,Fluminense,70.87,29.13,Casa,41.76485915492958,8.695652173913043,28.09090909090909,33.33333333333333,82,59.77358490566038,3.571428571428571,0.039473684210526314,4,1,13.846153846153847,63.04347826086957,9.090909090909092,8.333333333333332,50.36496350364964,4.925544100801833,0.0,13.968957871396896,0.35,0.2,11.76470588235294,29.411764705882355,64.70588235294117,29.411764705882355,0.10185185185185185,40.909090909090914
573,2026,29,1956005,2026-10-09,Fluminense 4.0 x 0.0 Coritiba,1236,Coritiba,29.13,70.87,Fora,34.51566176470588,7.4074074074074066,57.2,62.5,61,97.3,0.0,0.1079136690647482,9,1,17.333333333333332,74.07407407407408,6.25,0.0,43.103448275862064,9.203980099502488,18.181818181818183,12.663755458515283,0.35294117647058826,0.29411764705882354,50.0,0.0,50.0,50.0,0.11594202898550725,25.0
574,2026,29,1956011,2026-10-09,Palmeiras 1.0 x 0.0 Bahia,1234,Palmeiras,33.91,66.09,Casa,39.46366666666667,11.363636363636363,16.47826086956522,55.55555555555556,110,60.13333333333333,1.639344262295082,0.07575757575757576,4,1,9.947368421052632,72.72727272727273,13.333333333333334,7.6923076923076925,38.57142857142858,9.408602150537634,25.0,14.973262032085561,0.6451612903225806,0.16129032258064516,35.0,5.0,35.294117647058826,58.82352941176471,0.1736111111111111,40.0
575,2026,29,1956011,2026-10-09,Palmeiras 1.0 x 0.0 Bahia,1221,Bahia,66.09,33.91,Fora,31.2913125,13.513513513513514,16.916666666666668,16.666666666666664,95,56.932432432432435,4.054054054054054,0.25,7,1,18.923076923076923,70.27027027027027,3.8461538461538463,0.0,51.724137931034484,7.2727272727272725,80.0,12.662337662337661,0.42857142857142855,0.07142857142857142,57.14285714285714,14.285714285714285,37.5,50.0,0.09174311926605505,70.0
576,2026,29,1956019,2026-10-09,Athletico Paranaense 2.0 x 2.0 Atletico MG,1243,Athletico Paranaense,52.38,47.62,Casa,42.17926829268293,8.695652173913043,13.32,76.92307692307693,93,61.794117647058826,1.4705882352941175,0.17721518987341772,11,2,10.681818181818182,63.04347826086957,25.0,0.0,44.07894736842105,9.12621359223301,33.33333333333333,18.421052631578945,0.37777777777777777,0.17777777777777778,34.61538461538461,7.6923076923076925,60.86956521739131,30.434782608695656,0.1781609195402299,45.16129032258064
577,2026,29,1956019,2026-10-09,Athletico Paranaense 2.0 x 2.0 Atletico MG,1235,Atletico MG,47.62,52.38,Fora,32.74846153846154,11.363636363636363,19.6,54.54545454545454,90,58.18571428571428,4.054054054054054,0.18072289156626506,14,1,15.608695652173912,79.06976744186046,21.21212121212121,9.090909090909092,48.40764331210191,7.520325203252034,23.076923076923077,14.49814126394052,0.17647058823529413,0.11764705882352941,20.0,20.0,46.15384615384615,53.84615384615385,0.11627906976744186,53.333333333333336
